ticker,name,market,close_adjusted,return1,RS1,return5,RS5,return20,RS20,return60,RS60,RS_Score,turnover_20d_avg,turnover_today,passes
411080,샌즈랩,KOSDAQ,8970,30.00000000,100.00000000,38.00000000,99.63570128,118.51400731,99.92714026,125.66037736,99.56284153,99.77413479,16016327181.95000076,58172029355.00000000,True
360350,코셈,KOSDAQ,12850,16.81818182,99.21675774,49.59254948,99.81785064,143.37121212,99.96357013,76.51098901,97.30418944,99.31329690,629870467.25000000,1728205650.00000000,False
069540,빛과전자,KOSDAQ,5140,16.81818182,99.21675774,28.66082603,98.54280510,93.23308271,99.52641166,183.50799779,99.85428051,99.26593807,97272153499.44999695,165597666530.00000000,True
200350,아티스트스튜디오,KOSDAQ,4290,28.82882883,99.85428051,49.47735192,99.78142077,78.37837838,98.76138434,106.74698795,99.19854281,99.26411658,613382304.45000005,2496118633.00000000,False
354320,알멕,KOSDAQ,50800,15.98173516,98.94353370,29.59183673,98.72495446,88.84758364,99.30783242,84.05797101,98.14207650,98.86338798,7976481292.50000000,28213772525.00000000,True
327260,RF머트리얼즈,KOSDAQ,58800,10.52631579,97.68670310,29.23076923,98.65209472,73.96449704,98.43351548,151.88485264,99.74499089,98.68670310,53001001685.00000000,59058291800.00000000,True
042510,라온시큐어,KOSDAQ,14870,25.80372250,99.74499089,26.55319149,98.06921676,74.53051643,98.50637523,106.24133148,99.12568306,98.62295082,20917703017.00000000,80801221420.00000000,True
321820,아티스트컴퍼니,KOSDAQ,4200,16.34349030,99.05282332,31.66144201,99.23497268,75.00000000,98.57923497,73.55371901,96.79417122,98.46630237,1155031410.54999995,2073786515.00000000,False
136150,원일티엔아이,KOSDAQ,13760,7.08171206,95.22768670,65.38461538,99.96357013,87.46594005,99.16211293,62.45572609,95.66484517,98.30965392,3234584953.50000000,25702657710.00000000,False
217590,티엠씨,KOSPI,19390,5.15184382,91.76684882,40.20245842,99.67213115,92.55213505,99.38069217,74.37050360,96.90346084,98.21129326,36500842115.50000000,185054208800.00000000,True
036930,주성엔지니어링,KOSDAQ,283000,18.16283925,99.48998179,36.05769231,99.59927140,68.45238095,97.99635701,61.16173121,95.40983607,98.10928962,332313344542.50000000,952105354000.00000000,True
158430,아톤,KOSDAQ,7150,25.65905097,99.70856102,26.32508834,98.03278689,59.59821429,97.48633880,79.19799499,97.59562842,97.89435337,18368926532.70000076,131679498020.00000000,True
263860,지니언스,KOSDAQ,24500,15.29411765,98.76138434,28.07109252,98.39708561,54.08805031,96.75774135,97.10378117,98.87067395,97.87249545,11047443880.25000000,55782211825.00000000,True
314130,지놈앤컴퍼니,KOSDAQ,5990,7.92792793,96.06557377,30.21739130,98.94353370,78.80597015,98.83424408,59.09694555,95.15482696,97.85428051,2571106852.40000010,4368762150.00000000,False
340450,지씨지놈,KOSDAQ,10220,14.31767338,98.65209472,18.01385681,94.53551913,88.56088561,99.27140255,114.03141361,99.48998179,97.83242259,4225823881.00000000,21030100015.00000000,False
950250,테라뷰,KOSDAQ,4315,5.24390244,91.98542805,29.77443609,98.79781421,92.63392857,99.41712204,67.24806202,96.06557377,97.81785064,8548572008.69999981,8988666796.00000000,False
043260,성호전자,KOSDAQ,32550,3.66242038,86.88524590,31.78137652,99.27140255,108.65384615,99.81785064,67.78350515,96.21129326,97.63934426,120945606196.00000000,125309848825.00000000,True
079190,케스피온,KOSDAQ,1709,16.89466484,99.27140255,34.14442700,99.38069217,59.71962617,97.52276867,55.08166969,94.42622951,97.63570128,228827978.15000001,799517372.00000000,False
295310,에이치브이엠,KOSDAQ,75900,8.89526542,96.64845173,30.63683305,99.01639344,80.49940547,99.01639344,47.66536965,92.93260474,97.56284153,10943179735.00000000,21053542250.00000000,True
488280,에스투더블유,KOSDAQ,17860,9.36925903,97.01275046,18.67109635,95.08196721,92.87257019,99.45355191,73.73540856,96.83060109,97.37340619,17367429931.25000000,117961057810.00000000,True
067630,HLB생명과학,KOSDAQ,4470,25.03496503,99.67213115,31.27753304,99.12568306,69.96197719,98.10564663,42.13036566,91.51183971,97.24954463,4320289751.00000000,27648613820.00000000,False
232140,와이씨,KOSDAQ,18130,7.08800945,95.26411658,32.23924143,99.30783242,54.29787234,96.79417122,64.81818182,95.95628415,97.22768670,38936730636.00000000,63057864465.00000000,True
452190,한빛레이저,KOSDAQ,6550,6.33116883,94.09836066,20.62615101,96.24772313,73.97078353,98.46994536,77.98913043,97.41347905,97.15482696,23605569347.95000076,21650896500.00000000,True
160190,하이젠알앤엠,KOSDAQ,33950,16.66666667,99.14389800,15.47619048,92.34972678,102.44484198,99.67213115,84.71164309,98.17850638,97.12386157,11686084834.25000000,32046523250.00000000,True
104540,코렌텍,KOSDAQ,6030,15.51724138,98.83424408,50.56179775,99.85428051,50.93867334,96.21129326,50.75000000,93.69763206,97.06375228,992570993.70000005,3078343770.00000000,False
072950,빛샘전자,KOSDAQ,17580,1.91304348,75.51912568,28.50877193,98.50637523,114.91442543,99.85428051,139.50953678,99.67213115,96.97996357,65397449520.50000000,35822938905.00000000,True
033170,시그네틱스,KOSDAQ,3430,10.82390953,97.85063752,20.98765432,96.35701275,93.02194710,99.48998179,45.64755839,92.45901639,96.97996357,1328876233.75000000,1725421153.00000000,False
053800,안랩,KOSDAQ,90200,15.05102041,98.72495446,21.07382550,96.46630237,58.52372583,97.26775956,67.34693878,96.10200364,96.93989071,8773930280.00000000,64778492750.00000000,True
263600,덕우전자,KOSDAQ,5400,3.84615385,87.79599271,59.52732644,99.92714026,54.94978479,96.90346084,61.19402985,95.44626594,96.60837887,2966471467.19999981,20563737577.00000000,False
161580,필옵틱스,KOSDAQ,43850,6.82095006,94.97267760,29.16053019,98.61566485,74.70119522,98.54280510,37.67660911,90.16393443,96.53187614,19584653961.25000000,20631348375.00000000,True
446540,메가터치,KOSDAQ,11650,6.97887971,95.19125683,15.92039801,92.75045537,72.08271787,98.28779599,104.02802102,99.01639344,96.46265938,10071120188.50000000,11360894620.00000000,True
020150,롯데에너지머티리얼즈,KOSPI,54400,6.45792564,94.35336976,28.90995261,98.57923497,52.59467041,96.46630237,51.95530726,94.02550091,96.40072860,14506926736.25000000,28691576000.00000000,True
052710,아모텍,KOSDAQ,22700,8.09523810,96.17486339,19.47368421,95.73770492,117.64141898,99.89071038,38.16189897,90.34608379,96.36429872,20390615693.00000000,20052992150.00000000,True
054920,한컴위드,KOSDAQ,5590,11.57684631,98.06921676,17.80821918,94.35336976,52.94117647,96.53916211,79.74276527,97.63205829,96.25500911,15958613001.85000038,80589996305.00000000,True
192650,드림텍,KOSPI,9700,3.19148936,84.17122040,21.70639900,96.72131148,58.49673203,97.23132969,115.79532814,99.52641166,96.23132969,10998023169.00000000,10265045425.00000000,True
232830,아이티센피엔에스,KOSDAQ,3300,10.18363940,97.55919854,13.40206186,90.01821494,78.86178862,98.87067395,108.20189274,99.27140255,96.16393443,3800129416.59999990,1818256675.00000000,False
425040,티이엠씨,KOSDAQ,15460,4.67163169,90.30965392,17.56653992,94.13479053,88.53658537,99.23497268,61.37787056,95.51912568,96.06921676,14158775862.25000000,12469819450.00000000,True
123010,MSDI,KOSDAQ,4325,3.84153661,87.75956284,27.39322533,98.28779599,84.04255319,99.12568306,39.06752412,90.56466302,96.02550091,1258969375.50000000,1702717252.00000000,False
323280,태성,KOSDAQ,63000,4.30463576,89.36247723,31.52400835,99.19854281,44.99424626,95.26411658,64.27640156,95.88342441,95.97814208,19853483397.50000000,23759012000.00000000,True
253590,네오셈,KOSDAQ,16380,5.13478819,91.62112933,24.65753425,97.70491803,47.03770197,95.51912568,66.46341463,96.02914390,95.88706740,12277306455.50000000,28183704935.00000000,True
092870,엑시콘,KOSDAQ,54300,2.45283019,80.43715847,17.78741866,94.31693989,79.20792079,98.90710383,225.14970060,99.89071038,95.87978142,15287518905.00000000,16269298800.00000000,True
007810,코리아써키트,KOSPI,89300,7.72014475,95.91985428,28.30459770,98.46994536,73.73540856,98.39708561,29.60812772,86.26593807,95.74499089,39416976253.75000000,56779128450.00000000,True
105740,디케이락,KOSDAQ,12000,2.73972603,82.22222222,27.93176972,98.36065574,50.56461731,95.99271403,79.10447761,97.55919854,95.63934426,4046037884.50000000,23666224485.00000000,False
078350,한양디지텍,KOSDAQ,36350,0.97222222,64.29872495,34.62962963,99.45355191,97.76931447,99.59927140,79.06403941,97.52276867,95.61020036,13309973871.75000000,8909285150.00000000,False
353200,대덕전자,KOSPI,158100,5.96514745,93.40619308,29.90961380,98.83424408,55.61023622,96.97632058,35.47557841,89.07103825,95.59562842,128027067200.00000000,173924816450.00000000,True
100590,머큐리,KOSDAQ,6320,1.12000000,66.46630237,29.64102564,98.76138434,88.37555887,99.19854281,82.65895954,97.88706740,95.53187614,10734258298.95000076,23475885330.00000000,True
452450,피아이이,KOSDAQ,5880,9.09090909,96.83060109,13.95348837,90.63752277,68.00000000,97.92349727,75.26080477,97.15846995,95.47540984,3962381455.19999981,4358938245.00000000,False
403870,HPSP,KOSDAQ,69600,5.13595166,91.65755920,25.63176895,97.92349727,38.64541833,93.95264117,67.71084337,96.17486339,95.35883424,142149515778.75000000,184036614500.00000000,True
005160,동국산업,KOSDAQ,4105,3.53089533,86.04735883,17.45350501,93.98907104,62.89682540,97.77777778,74.68085106,97.01275046,95.31511840,11859651493.89999962,24060755811.00000000,True
033640,네패스,KOSDAQ,32800,3.14465409,83.93442623,22.84644195,97.23132969,52.20417633,96.35701275,58.83777240,95.11839709,95.12932605,6744881765.00000000,11833980725.00000000,True
138080,오이솔루션,KOSDAQ,33400,2.29709035,78.83424408,22.56880734,97.15846995,63.72549020,97.81420765,56.80751174,94.79052823,95.11475410,13477959286.25000000,20939116750.00000000,True
030530,원익홀딩스,KOSDAQ,30900,5.28109029,92.02185792,13.39449541,89.98178506,78.40646651,98.79781421,72.81879195,96.75774135,95.06739526,74036548611.25000000,60454448775.00000000,False
000250,삼천당제약,KOSDAQ,246500,17.38095238,99.34426230,51.87923598,99.89071038,58.62290862,97.30418944,22.63681592,81.20218579,95.06375228,21996375305.00000000,80602028500.00000000,True
321370,센서뷰,KOSDAQ,2115,13.95474138,98.57923497,16.20879121,92.85974499,98.03370787,99.63570128,30.55555556,86.81238616,94.93260474,16838991418.00000000,27212148864.00000000,True
046970,우리로,KOSDAQ,8630,3.47721823,85.53734062,13.55263158,90.23679417,82.83898305,99.08925319,85.19313305,98.21493625,94.90346084,52177238741.19999695,63056365355.00000000,True
115500,케이씨에스,KOSDAQ,12760,17.17171717,99.30783242,15.47511312,92.31329690,51.54394299,96.28415301,50.11764706,93.55191257,94.84881603,7524361006.00000000,51481521975.00000000,True
172670,에이엘티,KOSDAQ,15350,3.64618501,86.70309654,15.41353383,92.13114754,60.39707419,97.59562842,69.23925028,96.42987250,94.63387978,1007407751.50000000,1580953285.00000000,False
062970,한국첨단소재,KOSDAQ,3360,10.52631579,97.68670310,12.37458194,88.85245902,81.62162162,99.05282332,47.11033275,92.71402550,94.58834244,18355779347.34999847,14229846655.00000000,False
032580,피델릭스,KOSDAQ,7920,4.90066225,90.78324226,12.98145506,89.58105647,76.00000000,98.68852459,61.96319018,95.59198543,94.54644809,5112739990.50000000,6539760345.00000000,False
042000,카페24,KOSDAQ,22850,11.46341463,98.03278689,22.52010724,97.08561020,44.52877925,95.19125683,32.84883721,87.65027322,94.53551913,5434567774.00000000,21180940175.00000000,True
083310,엘오티베큠,KOSDAQ,13300,3.42146190,85.24590164,24.06716418,97.52276867,45.03816794,95.30054645,47.94215795,93.07832423,94.51730419,1058075318.25000000,3274473410.00000000,False
002710,TCC스틸,KOSPI,15100,11.11111111,97.88706740,31.07638889,99.05282332,29.05982906,89.72677596,59.11485774,95.19125683,94.43351548,8432251011.50000000,37816716715.00000000,False
405100,큐알티,KOSDAQ,17380,5.07859734,91.32969035,21.70868347,96.75774135,36.52788688,93.18761384,58.00000000,94.97267760,94.42987250,875143896.50000000,1699649735.00000000,False
432720,퀄리타스반도체,KOSDAQ,12580,3.36894002,84.99089253,19.80952381,95.88342441,50.83932854,96.13843352,47.30679157,92.82331512,94.28415301,2830282050.00000000,3870202525.00000000,False
347700,스피어,KOSDAQ,27050,9.51417004,97.19489982,21.30044843,96.53916211,45.58665231,95.37340619,31.95121951,87.21311475,94.27322404,31011075295.75000000,97073136675.00000000,True
047920,HLB제약,KOSDAQ,13010,29.58167331,99.92714026,35.23908524,99.48998179,70.28795812,98.17850638,16.01569467,75.51912568,94.21493625,10746922752.50000000,53259939140.00000000,True
204270,제이앤티씨,KOSDAQ,26350,20.87155963,99.59927140,13.33333333,89.90892532,43.20652174,94.89981785,68.69398207,96.35701275,94.16393443,29015319412.50000000,77449728725.00000000,False
125490,한라캐스트,KOSDAQ,13790,4.54890068,90.12750455,18.26758148,94.82695811,37.48753739,93.55191257,68.17073171,96.24772313,94.13114754,25725021738.00000000,34343310925.00000000,True
356680,엑스게이트,KOSDAQ,20500,6.43821391,94.24408015,10.03757381,85.50091075,90.52044610,99.34426230,71.26148705,96.57559199,94.12750455,101450866322.00000000,155613300365.00000000,False
031980,피에스케이홀딩스,KOSDAQ,198100,2.32438017,79.27140255,18.69382864,95.11839709,52.97297297,96.61202186,55.25078370,94.53551913,94.01457195,31801761407.50000000,41322351300.00000000,True
382800,지앤비에스에코,KOSDAQ,6660,2.77777778,82.45901639,27.09923664,98.25136612,40.50632911,94.35336976,46.69603524,92.67759563,93.99817851,5547349109.25000000,8966931470.00000000,False
291650,츌립앤사이언스,KOSDAQ,2670,1.32827324,69.52641166,41.71974522,99.70856102,58.64527629,97.34061931,39.79057592,90.78324226,93.95810565,89748159.59999999,221369157.00000000,False
131970,두산테스나,KOSDAQ,120500,10.55045872,97.74134791,34.48660714,99.41712204,60.88117490,97.63205829,16.76356589,76.32058288,93.91621129,33724828080.00000000,60796813350.00000000,True
222800,심텍,KOSDAQ,173900,2.17391304,77.92349727,19.84838043,95.91985428,48.00000000,95.70127505,60.42435424,95.30054645,93.90892532,103475970987.50000000,171394744300.00000000,True
088800,에이스테크,KOSDAQ,2510,5.02092050,91.18397086,18.11764706,94.60837887,45.33873770,95.33697632,39.67723984,90.67395264,93.77049180,1583574673.90000010,2274231986.00000000,False
456010,아이씨티케이,KOSDAQ,28500,11.76470588,98.10564663,8.15939279,81.96721311,94.53924915,99.56284153,80.26565465,97.66848816,93.75956284,26155153780.00000000,54105242375.00000000,False
417500,제이아이테크,KOSDAQ,4680,8.20809249,96.28415301,18.18181818,94.64480874,35.26011561,92.49544627,49.04458599,93.29690346,93.67941712,1390822136.79999995,4527003262.00000000,False
141000,비아트론,KOSDAQ,11760,5.28200537,92.05828780,24.97343252,97.81420765,34.70790378,92.13114754,41.34615385,91.18397086,93.63934426,549745911.75000000,1770049770.00000000,False
355150,코스텍시스,KOSDAQ,25350,7.18816068,95.37340619,23.96088020,97.48633880,41.06844741,94.49908925,28.28947368,85.24590164,93.63205829,2593077976.25000000,5369788250.00000000,False
144960,뉴파워프라즈마,KOSDAQ,13800,4.30839002,89.39890710,11.56022635,87.90528233,61.40350877,97.70491803,63.89548694,95.77413479,93.54826958,11650261941.50000000,21500649250.00000000,False
085910,네오티스,KOSDAQ,20000,16.55011655,99.08925319,22.62415696,97.19489982,35.13513514,92.34972678,32.53810471,87.43169399,93.49362477,3657830124.50000000,11475163525.00000000,False
417840,저스템,KOSDAQ,19640,5.30831099,92.20400729,17.81643671,94.42622951,31.19572478,90.60109290,89.39247830,98.39708561,93.46812386,17056750411.00000000,20594495270.00000000,True
430690,한싹,KOSDAQ,3400,6.25000000,93.93442623,15.25423729,91.98542805,40.20618557,94.24408015,49.77973568,93.47905282,93.38251366,1503337873.04999995,4234649221.00000000,False
377030,비트맥스,KOSDAQ,2330,8.12064965,96.22950820,16.50000000,93.26047359,34.37139562,91.98542805,56.37583893,94.75409836,93.34608379,78707325.50000000,191513914.00000000,False
281820,케이씨텍,KOSPI,106300,15.41802389,98.79781421,27.91817088,98.32422587,70.35256410,98.21493625,14.42411195,73.11475410,93.28597450,16515192950.00000000,38278615100.00000000,True
098460,고영,KOSDAQ,36600,6.24092888,93.87978142,26.86308492,98.17850638,32.84936479,91.51183971,35.05535055,88.92531876,93.23132969,40436425665.00000000,79598466750.00000000,True
077360,덕산하이메탈,KOSDAQ,14500,2.76399717,82.40437158,14.17322835,91.00182149,49.48453608,95.84699454,70.58823529,96.53916211,93.18761384,11298280154.75000000,12926322540.00000000,True
278650,HLB바이오스텝,KOSDAQ,3735,29.46273830,99.89071038,14.92307692,91.62112933,54.33884298,96.83060109,27.25724020,84.62659381,93.13296903,1251944411.54999995,3369612322.00000000,False
445680,큐리옥스바이오시스템즈,KOSDAQ,62100,9.91150442,97.34061931,23.21428571,97.34061931,28.30578512,89.25318761,44.41860465,92.24043716,93.08561020,3579920991.25000000,6366506550.00000000,False
002360,SH에너지화학,KOSPI,3350,0.75187970,61.27504554,14.13969336,90.92896175,107.04573548,99.78142077,91.21004566,98.61566485,93.04189435,663748772.04999995,193469360.00000000,False
214430,아이쓰리시스템,KOSDAQ,80700,3.59435173,86.52094718,22.27272727,96.97632058,42.32804233,94.82695811,30.16129032,86.55737705,92.98724954,1961119990.00000000,4122773300.00000000,False
356860,티엘비,KOSDAQ,51000,4.72279261,90.38251366,17.37629459,93.91621129,35.45816733,92.60473588,49.59082510,93.44262295,92.94353370,27244901371.25000000,27911481025.00000000,True
140430,카티스,KOSDAQ,2765,11.26760563,97.92349727,10.60000000,86.15664845,59.54991344,97.44990893,41.94045175,91.32969035,92.88524590,2715084483.00000000,1850348383.00000000,False
267320,나인테크,KOSDAQ,2905,2.65017668,81.63934426,31.44796380,99.16211293,32.64840183,91.32969035,43.81188119,92.09471767,92.86338798,7233229308.10000038,5858141455.00000000,False
079370,제우스,KOSDAQ,14560,1.39275766,70.16393443,18.27782291,94.89981785,50.88082902,96.17486339,55.22388060,94.49908925,92.85610200,6469324922.00000000,8846081010.00000000,False
121600,나노신소재,KOSDAQ,64200,8.08080808,96.13843352,16.51542650,93.29690346,36.74121406,93.22404372,36.16118770,89.39890710,92.77231330,4114525462.50000000,12039857700.00000000,False
078600,대주전자재료,KOSDAQ,112200,3.21987121,84.33515483,22.48908297,97.04918033,35.83535109,92.82331512,37.66871166,90.12750455,92.70309654,13611064502.50000000,34606515150.00000000,True
126730,코칩,KOSDAQ,25500,6.25000000,93.93442623,15.64625850,92.64116576,29.04858300,89.69034608,73.94270123,96.86703097,92.43533698,16376088347.25000000,15646498075.00000000,False
357580,아모센스,KOSDAQ,8270,2.09876543,77.15846995,15.02086231,91.76684882,75.95744681,98.65209472,34.25324675,88.34244080,92.37522769,2879036859.25000000,2826810415.00000000,False
071280,로체시스템즈,KOSDAQ,9070,5.09849363,91.40255009,15.39440204,92.05828780,38.05175038,93.77049180,37.84194529,90.23679417,92.31329690,1279168428.00000000,2547164215.00000000,False
036540,SFA반도체,KOSDAQ,11590,1.13438045,66.59380692,10.38095238,85.93806922,106.22775801,99.74499089,127.25490196,99.59927140,92.25865209,78683432438.50000000,120717765045.00000000,False
417200,LS머트리얼즈,KOSDAQ,15860,3.66013072,86.84881603,22.37654321,97.01275046,50.33175355,95.95628415,21.25382263,80.29143898,92.22950820,19031188319.50000000,35602786565.00000000,True
469750,아이비젼웍스,KOSDAQ,6020,5.79964851,93.07832423,21.49344097,96.64845173,22.98263534,86.01092896,75.76642336,97.23132969,92.15300546,375773770.89999998,1774586955.00000000,False
003160,디아이,KOSPI,42800,0.70588235,60.36429872,19.38633194,95.62841530,40.55829228,94.38979964,86.08695652,98.28779599,92.13843352,25411144376.25000000,34786297875.00000000,True
081180,쎄크,KOSDAQ,7200,6.66666667,94.69945355,14.28571429,91.12932605,50.62761506,96.02914390,26.98412698,84.48087432,92.11657559,829594884.00000000,1864667565.00000000,False
490470,세미파이브,KOSDAQ,21900,5.54216867,92.67759563,36.02484472,99.56284153,54.77031802,96.86703097,13.17829457,71.03825137,92.09107468,32912366830.50000000,42514686075.00000000,True
036710,심텍홀딩스,KOSDAQ,5220,4.19161677,88.85245902,13.60174102,90.38251366,35.93750000,92.96903461,54.20974889,94.35336976,92.05828780,1635147396.25000000,3343769755.00000000,False
192250,케이사인,KOSDAQ,9530,13.45238095,98.43351548,18.38509317,94.93624772,32.36111111,91.14754098,29.65986395,86.33879781,92.05100182,1497212163.50000000,15196604430.00000000,False
067310,하나마이크론,KOSDAQ,52900,1.34099617,69.65391621,17.55555556,94.09836066,52.44956772,96.39344262,42.01342282,91.43897996,92.04007286,85795430872.50000000,124191072450.00000000,True
488900,비츠로넥스텍,KOSDAQ,12150,5.74412533,92.98724954,12.81337047,89.43533698,35.00000000,92.20400729,57.17981889,94.89981785,91.99089253,1699565662.25000000,5896291620.00000000,False
434480,모니터랩,KOSDAQ,3255,9.96621622,97.37704918,16.45796064,93.18761384,30.98591549,90.52823315,37.34177215,89.98178506,91.90163934,1397700424.20000005,7822940792.00000000,False
089010,켐트로닉스,KOSDAQ,29400,3.88692580,88.03278689,17.13147410,93.69763206,39.33649289,94.09836066,30.37694013,86.73952641,91.89981785,3896834038.75000000,5330691425.00000000,False
004105,태양금속우,KOSPI,4650,2.53583241,80.98360656,12.18335344,88.52459016,49.27768860,95.81056466,51.46579805,93.95264117,91.77049180,227627821.55000001,564374672.00000000,False
457190,이수스페셜티케미컬,KOSPI,84000,2.56410256,81.16575592,30.43478261,98.97996357,33.75796178,91.83970856,29.23076923,85.97449909,91.74134791,15209958765.00000000,23624591950.00000000,True
452280,한선엔지니어링,KOSDAQ,15070,4.94428969,90.92896175,16.73121611,93.44262295,55.52115583,96.93989071,19.31908155,78.97996357,91.69763206,16222625964.50000000,18514892645.00000000,True
010170,대한광통신,KOSDAQ,18780,5.15117581,91.73041894,8.80648899,83.35154827,46.14785992,95.44626594,71.35036496,96.61202186,91.67941712,249295258675.50000000,263382201700.00000000,False
150900,파수AI,KOSDAQ,4550,13.60799001,98.46994536,13.75000000,90.52823315,31.88405797,90.89253188,41.96567863,91.40255009,91.64298725,1517757262.04999995,7731787090.00000000,False
104040,디에스엠,KOSDAQ,3105,4.19463087,88.92531876,17.83681214,94.46265938,24.20000000,86.84881603,83.83658970,98.10564663,91.59198543,110702003.55000000,131816080.00000000,False
002680,한탑,KOSDAQ,3495,2.49266862,80.67395264,18.27411168,94.86338798,27.32240437,88.45173042,86.89839572,98.36065574,91.57923497,290164410.05000001,386441570.00000000,False
086390,유니테스트,KOSDAQ,15500,1.90664037,75.44626594,20.06196747,95.99271403,34.19913420,91.94899818,44.32029795,92.20400729,91.56284153,2678007528.50000000,4983497880.00000000,False
064290,인텍플러스,KOSDAQ,60400,2.19966159,78.17850638,13.32082552,89.87249545,75.58139535,98.61566485,30.31283711,86.66666667,91.55919854,21179306308.75000000,12624971100.00000000,False
036810,에프에스티,KOSDAQ,35950,0.70028011,60.18214936,19.23714760,95.44626594,40.70450098,94.42622951,61.57303371,95.55555556,91.53369763,4019867133.75000000,6278372175.00000000,False
091580,상신이디피,KOSDAQ,25000,11.35857461,97.95992714,17.37089202,93.87978142,21.95121951,85.53734062,71.82130584,96.64845173,91.50455373,6468906807.50000000,15148723875.00000000,False
001820,삼화콘덴서,KOSPI,160600,1.77439797,74.09836066,12.70175439,89.32604736,52.95238095,96.57559199,48.97959184,93.26047359,91.48998179,154436149375.00000000,126773867650.00000000,False
012030,DB,KOSPI,2060,1.98019802,75.88342441,17.78158948,94.28051002,41.87327824,94.75409836,34.28943937,88.41530055,91.45719490,1859401652.40000010,1620356101.00000000,False
005320,온타이드,KOSPI,1495,5.50458716,92.64116576,12.49059443,88.96174863,29.10189983,89.76320583,82.98653611,97.95992714,91.44990893,264220619.50000000,622423692.00000000,False
203650,드림시큐리티,KOSDAQ,3090,6.36833046,94.17122040,8.23117338,82.14936248,56.69371197,97.12204007,46.09929078,92.56830601,91.42440801,27274448636.54999924,57480363184.00000000,False
443670,에스피소프트,KOSDAQ,5430,13.83647799,98.54280510,9.58627649,84.80874317,31.79611650,90.81967213,91.53439153,98.68852459,91.36247723,13864513026.60000038,38946153920.00000000,False
008970,KBI동양철관,KOSPI,1465,7.64144012,95.84699454,24.89343564,97.74134791,28.50877193,89.36247723,24.78705281,83.13296903,91.27868852,5796367466.25000000,21701085588.00000000,False
017900,광전자,KOSPI,10330,5.19348269,91.83970856,7.60416667,80.54644809,50.14534884,95.88342441,81.54657293,97.77777778,91.25683060,84445321400.50000000,23933840070.00000000,False
078150,HB테크놀러지,KOSDAQ,2460,6.26349892,94.02550091,18.55421687,94.97267760,35.16483516,92.38615665,23.12312312,81.71220401,91.19125683,3991444654.15000010,6193911260.00000000,False
006140,피제이전자,KOSDAQ,5900,3.69068541,86.99453552,34.09090909,99.34426230,26.88172043,88.05100182,30.24282561,86.59380692,91.04189435,1338210006.04999995,15802855825.00000000,False
032500,케이엠더블유,KOSDAQ,21400,1.90476190,75.40983607,14.37733832,91.22040073,51.02328864,96.24772313,33.75000000,88.08743169,91.02367942,5148746656.75000000,4678404475.00000000,False
112290,와이씨켐,KOSDAQ,12710,1.84294872,74.75409836,21.04761905,96.42987250,38.15217391,93.80692168,28.25428860,85.17304189,90.96174863,2299982306.00000000,4029192905.00000000,False
056360,코위버,KOSDAQ,6990,5.42986425,92.49544627,12.01923077,88.30601093,35.99221790,93.04189435,37.32809430,89.94535519,90.94717668,1280178931.00000000,2434928125.00000000,False
338220,뷰노,KOSDAQ,8790,4.76758045,90.49180328,21.40883978,96.57559199,68.39080460,97.95992714,11.54822335,68.45173042,90.89617486,3137120037.30000019,3433054940.00000000,False
042700,한미반도체,KOSPI,279000,2.57352941,81.20218579,19.74248927,95.84699454,32.54156770,91.25683060,32.54156770,87.46812386,90.87067395,165949400100.00000000,135236382500.00000000,True
115610,이미지스,KOSDAQ,1939,17.51515152,99.41712204,19.98762376,95.95628415,21.11180512,85.13661202,38.50000000,90.41894353,90.86703097,207692774.09999999,2813780267.00000000,False
388790,라이콤,KOSDAQ,5800,1.22164049,68.16029144,13.94891945,90.60109290,47.20812183,95.55555556,45.00000000,92.27686703,90.67395264,5538923001.10000038,4782038240.00000000,False
007660,이수페타시스,KOSPI,132200,8.36065574,96.42987250,18.03571429,94.57194900,24.71698113,87.10382514,34.89795918,88.81602914,90.61930783,82114267017.50000000,191199463650.00000000,False
083450,GST,KOSDAQ,56300,4.45269017,89.72677596,14.89795918,91.58469945,36.81652491,93.33333333,26.65916760,84.15300546,90.61202186,6900193831.75000000,10971576650.00000000,True
256940,킵스파마,KOSDAQ,7350,3.23033708,84.40801457,19.12479741,95.40983607,34.61538462,92.05828780,24.78777589,83.16939891,90.52094718,318057838.00000000,822893585.00000000,False
097800,윈팩,KOSDAQ,3940,-2.11180124,8.12386157,68.73661670,100.00000000,104.35684647,99.70856102,105.31526837,99.08925319,90.51366120,4399807413.25000000,8009532989.00000000,False
033560,블루콤,KOSDAQ,5680,6.16822430,93.73406193,17.47673216,94.02550091,21.10874200,85.10018215,54.55782313,94.38979964,90.49908925,90311227.20000000,171993615.00000000,False
058470,리노공업,KOSDAQ,87300,2.58519389,81.27504554,22.95774648,97.26775956,35.76982893,92.78688525,21.41863700,80.32786885,90.48816029,68569347252.50000000,122487317950.00000000,True
174900,앱클론,KOSDAQ,28900,2.30088496,78.97996357,48.89232354,99.74499089,41.66666667,94.60837887,14.68253968,73.73406193,90.41165756,3684896750.50000000,7027133675.00000000,False
089030,테크윙,KOSDAQ,57800,3.77019749,87.28597450,18.56410256,95.00910747,25.24377031,87.35883424,40.63260341,91.03825137,90.38251366,35289358550.00000000,43678881450.00000000,False
039030,이오테크닉스,KOSDAQ,547000,1.86219739,75.11839709,17.00534759,93.62477231,30.86124402,90.41894353,47.83783784,93.00546448,90.36794171,57013275450.00000000,40066636000.00000000,True
229640,LS에코에너지,KOSPI,68300,2.09267564,77.03096539,9.63081862,84.88160291,56.47193585,97.04918033,42.73772205,91.76684882,90.34061931,14919640355.00000000,10712211300.00000000,False
011790,SKC,KOSPI,112400,5.24344569,91.94899818,24.61197339,97.63205829,33.96901073,91.91256831,15.87628866,75.15482696,90.28051002,20682298187.50000000,46722701850.00000000,True
347860,알체라,KOSDAQ,1720,5.97658657,93.47905282,14.89645959,91.54826958,39.27125506,94.06193078,19.44444444,79.12568306,90.26229508,227568480.75000000,376869405.00000000,False
226340,본느,KOSDAQ,6420,10.12006861,97.48633880,28.14371257,98.43351548,12.63157895,77.41347905,242.40000000,99.92714026,90.22950820,4068491940.65000010,3740340010.00000000,False
101170,우림피티에스,KOSDAQ,9630,9.43181818,97.15846995,13.56132075,90.27322404,29.26174497,89.87249545,31.02040816,86.92167577,90.13114754,543345834.75000000,2572979475.00000000,False
067920,이글루,KOSDAQ,6630,12.56366723,98.32422587,15.10416667,91.87613843,26.76864245,87.97814208,32.60000000,87.54098361,90.09471767,1034677255.75000000,11196932180.00000000,False
166090,하나머티리얼즈,KOSDAQ,65600,3.63349131,86.59380692,16.51865009,93.33333333,32.39152371,91.18397086,26.88588008,84.37158470,90.00728597,8964758108.75000000,10084137750.00000000,True
217820,원익피앤이,KOSDAQ,2585,7.48440748,95.73770492,8.84210526,83.38797814,35.34031414,92.56830601,42.42424242,91.65755920,89.94899818,2937284967.90000010,1222345132.00000000,False
184230,SGA솔루션즈,KOSDAQ,2370,12.05673759,98.21493625,11.79245283,88.01457195,30.21978022,90.23679417,33.67174281,88.01457195,89.92349727,637923982.85000002,2084554984.00000000,False
054780,키이스트,KOSDAQ,2215,-0.44943820,29.28961749,24.57817773,97.59562842,57.42714996,97.15846995,52.96961326,94.17122040,89.90528233,306936104.44999999,803923281.00000000,False
115450,HLB테라퓨틱스,KOSDAQ,2860,14.62925852,98.68852459,10.85271318,86.44808743,36.51551313,93.15118397,26.54867257,84.08014572,89.87978142,1657637065.50000000,12256066979.00000000,False
069920,엑시온그룹,KOSDAQ,1400,3.78057821,87.35883424,16.18257261,92.82331512,19.14893617,83.82513661,94.44444444,98.76138434,89.86520947,439172075.89999998,2347691176.00000000,False
457370,한켐,KOSDAQ,11500,4.64058235,90.20036430,6.77808728,78.97996357,53.12916112,96.64845173,45.38558786,92.38615665,89.85063752,24549714208.25000000,8016713085.00000000,False
439580,블루엠텍,KOSDAQ,3025,2.02360877,76.32058288,7.84313725,81.16575592,51.55310621,96.32058288,68.33611575,96.32058288,89.77413479,4797585622.94999981,1415972274.00000000,False
35320K,대덕전자1우,KOSPI,29100,5.05415162,91.22040073,16.40000000,93.11475410,35.66433566,92.75045537,18.05273834,77.52276867,89.66120219,186772402.50000000,358381600.00000000,False
258790,소프트캠프,KOSDAQ,7570,2.57452575,81.23861566,7.22379603,79.92714026,40.44526902,94.31693989,103.22147651,98.97996357,89.62477231,349920881.50000000,1147925120.00000000,False
240810,원익IPS,KOSDAQ,142700,2.36728838,79.67213115,15.35974131,92.02185792,35.90476190,92.93260474,26.61934339,84.11657559,89.57012750,147045269597.50000000,173657993550.00000000,True
336370,솔루스첨단소재,KOSPI,9390,7.56013746,95.77413479,21.00515464,96.39344262,27.23577236,88.30601093,18.86075949,78.54280510,89.52641166,2132951642.50000000,5461565310.00000000,False
109670,씨싸이트,KOSDAQ,16170,-6.80115274,0.91074681,25.64102564,97.95992714,291.52542373,100.00000000,272.58064516,99.96357013,89.47176685,2893556597.84999990,4063003265.00000000,False
101490,에스앤에스텍,KOSDAQ,54300,1.49532710,71.62112933,26.72112019,98.14207650,38.16793893,93.84335155,16.89989236,76.42987250,89.42805100,12347973072.50000000,19621905650.00000000,True
129920,대성하이텍,KOSDAQ,7210,0.41782730,54.31693989,13.72239748,90.49180328,41.65029470,94.57194900,53.89541089,94.28051002,89.26411658,1000317022.60000002,1237263155.00000000,False
290550,디케이티,KOSDAQ,24500,2.51046025,80.83788707,10.85972851,86.48451730,70.13888889,98.14207650,20.39312039,79.78142077,89.24225865,7832709098.00000000,8436440825.00000000,False
007815,코리아써우,KOSPI,22350,5.17647059,91.80327869,18.25396825,94.79052823,20.35541195,84.44444444,34.71971067,88.70673953,89.13661202,21328503.50000000,41498500.00000000,False
217190,제너셈,KOSDAQ,8340,0.84643289,62.47723133,10.61007958,86.19307832,40.40404040,94.28051002,67.46987952,96.13843352,89.04553734,1810282772.75000000,1103740460.00000000,False
073570,리튬포어스,KOSDAQ,2950,-2.31788079,7.46812386,24.47257384,97.55919854,70.91541136,98.25136612,86.82710576,98.32422587,88.97996357,211367921.65000001,387464255.00000000,False
086960,MDS테크,KOSDAQ,2470,4.21940928,89.07103825,15.42056075,92.16757741,29.25170068,89.83606557,23.99598394,82.40437158,88.97267760,3079446524.19999981,2290264067.00000000,False
042370,비츠로테크,KOSDAQ,11870,4.48943662,89.87249545,6.93693694,79.19854281,50.82592122,96.10200364,35.03981797,88.88888889,88.96539162,16305649958.75000000,19492656865.00000000,False
480370,씨케이솔루션,KOSPI,2225,-1.11111111,17.03096539,24.92981471,97.77777778,56.69014085,97.08561020,59.15593705,95.22768670,88.91621129,1550579685.20000005,4690369968.00000000,False
200470,에이팩트,KOSDAQ,10100,-2.13178295,7.97814208,31.16883117,99.08925319,58.30721003,97.19489982,76.57342657,97.34061931,88.87067395,8508275257.50000000,8318965515.00000000,False
102120,어보브반도체,KOSDAQ,9010,2.38636364,79.74499089,18.24146982,94.71766849,32.30543319,91.07468124,20.77747989,79.89071038,88.79781421,1655380267.25000000,2296709115.00000000,False
322000,HD현대에너지솔루션,KOSPI,151400,8.76436782,96.61202186,20.34976153,96.21129326,16.91119691,82.04007286,31.53779322,87.10382514,88.76138434,36689549592.50000000,47616332300.00000000,False
293780,압타바이오,KOSDAQ,8000,1.26582278,68.52459016,17.64705882,94.17122040,20.84592145,84.88160291,81.81818182,97.81420765,88.61930783,347110182.75000000,848227090.00000000,False
272110,케이엔제이,KOSDAQ,32850,1.54559505,71.98542805,14.06250000,90.74681239,37.73584906,93.66120219,25.62141491,83.53369763,88.59380692,2291558983.75000000,3368093775.00000000,False
051160,지어소프트,KOSDAQ,13770,8.51063830,96.57559199,4.55580866,71.62112933,39.65517241,94.17122040,92.05020921,98.72495446,88.55737705,4891625223.00000000,2503650990.00000000,False
126340,비나텍,KOSDAQ,95900,1.05374078,65.31876138,15.40312876,92.09471767,69.13580247,98.06921676,16.38349515,75.81056466,88.55009107,12502209672.50000000,12922335750.00000000,True
000500,가온전선,KOSPI,331000,1.06870229,65.64663024,10.88777219,86.55737705,58.75299760,97.37704918,28.29457364,85.28233151,88.53916211,88468419162.50000000,48002202750.00000000,False
058610,에스피지,KOSDAQ,107000,3.48162476,85.57377049,10.53719008,86.04735883,27.68496420,88.70673953,49.44134078,93.36976321,88.52823315,39496627442.50000000,49364416550.00000000,False
056190,SFA,KOSDAQ,31500,1.28617363,68.87067395,12.90322581,89.48998179,31.79916318,90.85610200,43.50797267,92.02185792,88.48087432,4135239843.75000000,6176587125.00000000,False
080580,오킨스전자,KOSDAQ,28950,-0.68610635,24.33515483,15.56886228,92.53187614,50.23352361,95.91985428,113.65313653,99.45355191,88.45173042,10573144598.00000000,12248913000.00000000,True
084370,유진테크,KOSDAQ,180900,0.83612040,62.33151184,17.39130435,93.95264117,38.30275229,93.87978142,23.81930185,82.29508197,88.42987250,26397842297.50000000,26409352400.00000000,True
195870,해성디에스,KOSPI,67200,2.59541985,81.31147541,12.75167785,89.36247723,35.48387097,92.64116576,23.30275229,82.00364299,88.39708561,9720528530.00000000,8616481650.00000000,False
080220,제주반도체,KOSDAQ,94100,1.40086207,70.23679417,26.99055331,98.21493625,36.77325581,93.26047359,14.33778858,72.96903461,88.38615665,109909221500.00000000,198988930250.00000000,True
049080,기가레인,KOSDAQ,10210,5.36635707,92.42258652,5.58428128,75.30054645,33.11603651,91.65755920,108.36734694,99.34426230,88.36429872,7703158660.25000000,3093108900.00000000,False
382900,범한퓨얼셀,KOSDAQ,25600,2.19560878,78.10564663,7.56302521,80.51001821,55.71776156,97.01275046,32.98701299,87.75956284,88.32058288,6473821724.50000000,2325702550.00000000,False
274090,켄코아에어로스페이스,KOSDAQ,13700,2.85285285,82.80510018,8.12943962,81.93078324,47.47039828,95.66484517,29.12346843,85.75591985,88.27686703,15984006159.00000000,19848142505.00000000,False
062040,산일전기,KOSPI,235500,3.74449339,87.17668488,17.80890445,94.38979964,26.27345845,87.79599271,21.76835574,80.61930783,88.27686703,58505627442.50000000,79433759500.00000000,False
234030,싸이닉솔루션,KOSDAQ,3915,2.21932115,78.36065574,17.74436090,94.24408015,32.71186441,91.43897996,18.09954751,77.66848816,88.21857923,1864050687.90000010,1973683171.00000000,False
036830,솔브레인홀딩스,KOSDAQ,49650,1.43003064,70.49180328,23.35403727,97.41347905,19.63855422,83.89799636,42.46771879,91.69398907,88.17122040,2874970895.00000000,6299518075.00000000,False
053610,프로텍,KOSDAQ,85400,0.00000000,42.80510018,16.98630137,93.58834244,46.98795181,95.48269581,33.43750000,87.94171220,88.13843352,2559562497.50000000,4033781350.00000000,False
033790,피노,KOSDAQ,10250,1.58572844,72.49544627,20.73027091,96.32058288,16.08154020,81.42076503,75.21367521,97.12204007,88.13843352,20789776440.00000000,24220151795.00000000,False
101330,모베이스,KOSDAQ,4130,10.13333333,97.52276867,16.33802817,93.07832423,20.40816327,84.55373406,24.39759036,82.76867031,88.05100182,293211549.50000000,2405791102.00000000,False
456160,지투지바이오,KOSDAQ,44450,1.36830103,69.90892532,30.16105417,98.90710383,23.81615599,86.63023679,25.21126761,83.31511840,87.97814208,7608994688.75000000,11521709350.00000000,False
036200,유니셈,KOSDAQ,11070,1.55963303,72.05828780,19.03225806,95.33697632,25.93856655,87.57741348,27.97687861,84.99089253,87.83606557,2708967645.00000000,2436594450.00000000,False
299030,하나기술,KOSDAQ,16470,5.37428023,92.45901639,20.21897810,96.06557377,17.22419929,82.29508197,26.78983834,84.26229508,87.83606557,529864580.50000000,780896330.00000000,False
108490,로보티즈,KOSDAQ,317000,1.60256410,72.64116576,11.81657848,88.05100182,27.56539235,88.63387978,49.52830189,93.40619308,87.81420765,130885326071.25000000,78038445000.00000000,False
131290,티에스이,KOSDAQ,311000,6.32478632,94.06193078,6.14334471,77.23132969,38.83928571,93.98907104,33.19057816,87.86885246,87.74499089,38641904325.00000000,30937300250.00000000,False
317770,엑스페릭스,KOSDAQ,3035,1.84563758,74.82695811,17.18146718,93.73406193,28.60169492,89.47176685,22.62626263,81.16575592,87.62477231,406248101.30000001,375225870.00000000,False
065530,와이어블,KOSDAQ,1520,0.13175231,47.90528233,20.63492063,96.28415301,28.27004219,89.21675774,41.39534884,91.22040073,87.60655738,974092042.60000002,1846853109.00000000,False
112610,씨에스윈드,KOSPI,57800,4.52079566,89.98178506,9.46969697,84.55373406,25.92592593,87.50455373,40.80389769,91.07468124,87.58105647,19427686598.75000000,33329982000.00000000,False
001250,GS글로벌,KOSPI,3155,6.05042017,93.55191257,19.05660377,95.37340619,19.73434535,84.08014572,19.50757576,79.19854281,87.43897996,1496916061.40000010,4684664899.00000000,False
011690,와이투솔루션,KOSPI,3850,3.63391655,86.63023679,15.61561562,92.60473588,22.22222222,85.64663024,24.19354839,82.69581056,87.24225865,561514018.64999998,882164423.00000000,False
431190,케이쓰리아이,KOSDAQ,4580,0.00000000,42.80510018,9.04761905,83.64298725,45.85987261,95.40983607,90.04149378,98.46994536,87.23132969,790195806.45000005,301295895.00000000,False
348030,모비릭스,KOSDAQ,3380,21.80180180,99.63570128,20.07104796,96.02914390,14.18918919,79.45355191,24.72324723,83.02367942,87.15846995,94117749.75000000,1101076564.00000000,False
462510,라메디텍,KOSDAQ,3580,0.56179775,57.63205829,14.92776886,91.69398907,37.16475096,93.40619308,24.09012132,82.55009107,87.14389800,499196576.94999999,218591768.00000000,False
219130,타이거일렉,KOSDAQ,92200,-0.10834236,38.06921676,11.21833534,87.21311475,53.15614618,96.68488160,45.19685039,92.34972678,87.11475410,3202453547.50000000,2497555300.00000000,False
066310,큐에스아이,KOSDAQ,9080,3.53477765,86.08378871,10.06060606,85.57377049,31.59420290,90.78324226,23.87448840,82.36794171,87.06739526,813616478.50000000,2056300850.00000000,False
025560,미래산업,KOSPI,8750,4.79041916,90.52823315,22.20670391,96.90346084,41.81523501,94.71766849,4.79041916,55.22768670,87.05646630,3327267872.00000000,5124603060.00000000,False
149950,아바텍,KOSDAQ,12720,0.79239303,61.89435337,9.56072351,84.77231330,36.04278075,93.07832423,40.55248619,90.96539162,87.04553734,2190579255.25000000,1426081780.00000000,False
033160,엠케이전자,KOSDAQ,19760,-1.20000000,16.12021858,23.26887087,97.37704918,47.24292101,95.59198543,36.84210526,89.72677596,87.00728597,15179396205.75000000,30346547415.00000000,True
104830,원익머트리얼즈,KOSDAQ,41950,0.72028812,60.76502732,19.51566952,95.77413479,35.10466989,92.27686703,16.52777778,76.02914390,86.92531876,2658186260.00000000,3828479775.00000000,False
052260,현대바이오랜드,KOSDAQ,5050,1.00000000,64.59016393,11.35611907,87.61384335,27.68647282,88.74316940,45.11494253,92.31329690,86.70309654,10044573242.04999924,4253534301.00000000,False
478340,나라스페이스테크놀로지,KOSDAQ,16670,-2.45757753,6.95810565,18.81682110,95.26411658,72.56728778,98.36065574,37.88254756,90.27322404,86.67395264,25105915572.25000000,10187992660.00000000,True
142210,유니트론텍,KOSDAQ,7060,5.68862275,92.89617486,12.42038217,88.92531876,20.27257240,84.33515483,27.66726944,84.80874317,86.66302368,1029193299.50000000,4283630000.00000000,False
168360,펨트론,KOSDAQ,16820,4.86284289,90.71038251,23.67647059,97.44990893,35.97413096,93.00546448,5.05933791,55.77413479,86.66302368,1957713609.00000000,5309958735.00000000,False
155650,와이엠씨,KOSDAQ,3810,2.14477212,77.63205829,14.07185629,90.78324226,22.90322581,85.97449909,29.59183673,86.19307832,86.62659381,225220679.25000000,326031870.00000000,False
107640,한중엔시에스,KOSDAQ,45650,7.91962175,96.02914390,12.30012300,88.63387978,14.98740554,80.51001821,40.89506173,91.11111111,86.61930783,3871531872.50000000,8907978350.00000000,False
209640,와이제이링크,KOSDAQ,4220,2.55164034,81.02003643,10.18276762,85.75591985,44.52054795,95.15482696,14.51831750,73.44262295,86.57923497,5793125131.30000019,8976198795.00000000,False
089890,코세스,KOSDAQ,35850,-1.64609053,11.32969035,18.70860927,95.15482696,69.10377358,98.03278689,34.26966292,88.37887067,86.56830601,5983691856.25000000,9044453225.00000000,False
304360,에스바이오메딕스,KOSDAQ,23200,8.92018779,96.68488160,14.28571429,91.12932605,24.19700214,86.81238616,14.56790123,73.51548270,86.43533698,546441380.00000000,1091996750.00000000,False
059090,미코,KOSDAQ,23950,0.00000000,42.80510018,10.87962963,86.52094718,36.85714286,93.36976321,53.13299233,94.20765027,86.42622951,8455476549.75000000,6321224950.00000000,False
156100,엘앤케이바이오,KOSDAQ,6380,1.10935024,66.26593807,5.98006645,76.64845173,65.28497409,97.85063752,34.17455310,88.30601093,86.42258652,1377416859.15000010,994163200.00000000,False
159010,아스플로,KOSDAQ,32150,0.15576324,48.45173042,11.63194444,87.94171220,28.85771543,89.61748634,72.38605898,96.72131148,86.41894353,4846079176.25000000,4378836375.00000000,False
173130,오파스넷,KOSDAQ,8060,4.40414508,89.54462659,5.22193211,73.98907104,43.92857143,95.08196721,29.58199357,86.15664845,86.41530055,818406584.00000000,1961893250.00000000,False
004710,한솔테크닉스,KOSPI,12040,-0.24855012,33.69763206,13.69216242,90.45537341,41.81389870,94.68123862,37.28620296,89.87249545,86.35336976,10430803134.25000000,9606562630.00000000,False
176750,듀켐바이오,KOSDAQ,7490,3.02613480,83.27868852,16.84867395,93.51548270,21.00161551,84.99089253,20.22471910,79.63570128,86.30601093,476391719.50000000,405497300.00000000,False
251370,와이엠티,KOSDAQ,9740,4.05982906,88.45173042,22.20828105,96.93989071,44.72511144,95.22768670,3.06878307,51.25683060,86.26958106,961861844.75000000,2084703615.00000000,False
357780,솔브레인,KOSDAQ,425500,-0.23446659,34.29872495,16.73525377,93.47905282,33.17683881,91.69398907,38.82544861,90.52823315,86.25683060,12105914225.00000000,12495070250.00000000,True
252990,샘씨엔에스,KOSDAQ,19880,-0.20080321,35.20947177,8.27886710,82.25865209,52.45398773,96.42987250,74.53906936,96.93989071,86.15846995,13767105628.00000000,13977636185.00000000,False
003670,포스코퓨처엠,KOSPI,209000,11.88436831,98.17850638,14.45783133,91.29326047,13.71055495,78.57923497,32.11125158,87.32240437,86.10200364,55885539175.00000000,125852881450.00000000,False
000990,DB하이텍,KOSPI,141100,-0.14154282,36.90346084,12.34076433,88.70673953,60.15891033,97.55919854,26.20751342,83.86156648,86.09836066,90745856298.64999390,74350189450.00000000,False
277880,티에스아이,KOSDAQ,4100,9.18774967,96.93989071,16.47727273,93.22404372,14.68531469,80.03642987,23.49397590,82.11293260,86.09836066,134964602.30000001,1224968429.00000000,False
092070,디엔에프,KOSDAQ,15100,2.65125765,81.67577413,14.22087746,91.03825137,29.72508591,90.01821494,14.30734292,72.82331512,86.05100182,480787819.50000000,1136624075.00000000,False
330860,네패스아크,KOSDAQ,33950,3.66412214,86.92167577,22.56317690,97.12204007,43.55179704,94.97267760,3.03490137,51.14754098,86.04735883,6255410875.00000000,15177026225.00000000,True
247540,에코프로비엠,KOSDAQ,130600,12.97577855,98.39708561,18.19004525,94.68123862,22.62910798,85.86520947,10.39076301,66.92167577,85.97449909,40755039082.50000000,106722037000.00000000,False
045970,코아시아,KOSDAQ,3900,1.56250000,72.13114754,12.06896552,88.37887067,23.41772152,86.48451730,34.02061856,88.19672131,85.95992714,203149867.84999999,386011981.00000000,False
360070,탑머티리얼,KOSDAQ,10580,3.52250489,85.93806922,12.31422505,88.67030965,27.77777778,88.88888889,16.00877193,75.44626594,85.83970856,122606342.75000000,199695020.00000000,False
039610,화성밸브,KOSDAQ,6760,5.62500000,92.85974499,12.10613599,88.41530055,19.64601770,83.93442623,23.80952381,82.25865209,85.83606557,2146162302.00000000,4020879360.00000000,False
102710,이엔에프테크놀로지,KOSDAQ,50300,3.49794239,85.68306011,10.67106711,86.26593807,22.53349574,85.79234973,28.15286624,85.10018215,85.78506375,3187571821.25000000,3864764850.00000000,False
098120,마이크로컨텍솔,KOSDAQ,60800,0.33003300,53.07832423,5.19031142,73.77049180,48.83720930,95.77413479,175.73696145,99.81785064,85.71220401,9123161866.25000000,8235033200.00000000,False
065440,이루온,KOSDAQ,1664,2.77949351,82.51366120,15.55555556,92.45901639,24.73763118,87.14025501,14.91712707,73.95264117,85.63570128,1031104283.29999995,1890394514.00000000,False
113810,디젠스,KOSDAQ,3285,5.96774194,93.44262295,11.54499151,87.83242259,14.06250000,79.21675774,41.29032258,91.14754098,85.61020036,68096573.45000000,226843115.00000000,False
036170,에이치엠넥스,KOSDAQ,3135,3.80794702,87.54098361,15.46961326,92.27686703,34.83870968,92.16757741,7.73195876,61.38433515,85.58105647,766979986.79999995,815022682.00000000,False
225190,LK삼양,KOSDAQ,4965,0.70993915,60.40072860,18.92215569,95.30054645,20.95006090,84.95446266,26.81992337,84.33515483,85.47905282,2506861429.00000000,5364377634.00000000,False
378340,필에너지,KOSDAQ,13540,5.20590521,91.91256831,12.64559068,89.21675774,21.21754700,85.20947177,17.33102253,76.79417122,85.39890710,547440574.00000000,1107544665.00000000,False
222080,SFA넥셀,KOSDAQ,8920,6.69856459,94.79052823,17.21419185,93.77049180,18.30238727,83.13296903,14.06649616,72.67759563,85.39890710,3430795798.25000000,9901920005.00000000,False
254490,미래반도체,KOSDAQ,19080,1.05932203,65.53734062,15.56632344,92.49544627,28.91891892,89.65391621,16.55467318,76.10200364,85.38433515,1507835798.25000000,2215450350.00000000,False
005690,파미셀,KOSPI,13280,7.09677419,95.30054645,9.30041152,84.29872495,27.93834297,89.03460838,15.47826087,74.71766849,85.37704918,19943694475.75000000,37314381000.00000000,False
146320,비씨엔씨,KOSDAQ,12030,6.17828773,93.77049180,15.67307692,92.67759563,28.52564103,89.39890710,7.98922801,62.14936248,85.36976321,264803736.00000000,894049280.00000000,False
008930,한미사이언스,KOSPI,57700,4.90909091,90.81967213,10.96153846,86.70309654,12.03883495,76.72131148,82.30647709,97.85063752,85.35154827,13400109283.75000000,10734526100.00000000,False
332570,PS일렉트로닉스,KOSDAQ,9330,0.53879310,57.30418944,8.36236934,82.40437158,26.93877551,88.08743169,85.48707753,98.25136612,85.33697632,21682677810.75000000,14482929590.00000000,False
005420,코스모화학,KOSPI,12000,6.85663402,95.04553734,15.49566891,92.38615665,14.94252874,80.41894353,20.12012012,79.59927140,85.30783242,1027307393.25000000,2768564360.00000000,False
086520,에코프로,KOSDAQ,95900,7.63187430,95.81056466,17.95817958,94.49908925,17.38066095,82.47723133,13.62559242,71.91256831,85.30418944,51104677860.00000000,131417218200.00000000,False
036010,아비코전자,KOSDAQ,8420,1.08043217,65.86520947,15.18467852,91.91256831,22.74052478,85.90163934,25.85949178,83.75227687,85.27140255,727131741.25000000,799069175.00000000,False
096530,씨젠,KOSDAQ,37850,2.99319728,83.13296903,10.99706745,86.73952641,19.96830428,84.18943534,29.18088737,85.82877960,85.17668488,9093175253.54999924,7566732025.00000000,False
445090,에이직랜드,KOSDAQ,23650,4.18502203,88.74316940,11.03286385,86.81238616,19.86822098,84.15300546,24.14698163,82.65938069,85.11111111,490054198.75000000,1226387575.00000000,False
372170,윤성에프앤씨,KOSDAQ,23100,4.52488688,90.01821494,14.92537313,91.65755920,11.59420290,76.06557377,40.00000000,90.83788707,85.09289617,238686808.00000000,456741325.00000000,False
000520,삼일제약,KOSPI,8700,0.69444444,60.09107468,6.35696822,77.70491803,43.09210526,94.86338798,35.30326594,89.03460838,85.07285974,783117064.25000000,802032670.00000000,False
389500,에스비비테크,KOSDAQ,45500,1.90369541,75.37340619,8.72162485,83.20582878,31.50289017,90.74681239,22.80701754,81.34790528,85.06739526,4861152507.50000000,4585064325.00000000,False
078160,메디포스트,KOSDAQ,10400,7.32714138,95.62841530,13.28976035,89.83606557,19.67779056,84.04371585,15.42730300,74.60837887,85.05282332,402777849.75000000,1669968760.00000000,False
475460,미트박스,KOSDAQ,2960,3.85964912,87.86885246,13.40996169,90.05464481,11.78247734,76.28415301,50.71283096,93.66120219,85.04918033,422255741.19999999,449418060.00000000,False
089790,제이티,KOSDAQ,6770,-0.58737151,26.63023679,12.27197347,88.59744991,32.74509804,91.47540984,64.12121212,95.84699454,85.00182149,838682917.70000005,841996900.00000000,False
103590,일진전기,KOSPI,88000,2.32558140,79.32604736,7.05596107,79.38069217,30.17751479,90.16393443,29.22173275,85.90163934,84.99271403,30452156775.00000000,33415213600.00000000,False
038880,아이에이,KOSDAQ,3500,3.09278351,83.75227687,8.69565217,83.13296903,19.65811966,83.98907104,37.79527559,90.20036430,84.95081967,60545509.95000000,83771555.00000000,False
232680,라온로보틱스,KOSDAQ,11270,2.64116576,81.60291439,9.84405458,85.13661202,23.03493450,86.08378871,26.48709315,84.04371585,84.94353370,1070346161.25000000,1168724385.00000000,False
011930,신성이엔지,KOSPI,20200,1.30391174,69.18032787,14.12429379,90.89253188,27.20403023,88.26958106,17.85297550,77.23132969,84.93989071,3624927278.00000000,7183351160.00000000,False
243840,신흥에스이씨,KOSDAQ,6290,7.89022298,95.99271403,14.15607985,90.96539162,11.52482270,75.95628415,33.12169312,87.79599271,84.83060109,843795323.00000000,2652227500.00000000,False
218410,RFHIC,KOSDAQ,62900,1.12540193,66.52094718,11.52482270,87.79599271,35.56034483,92.67759563,14.57194900,73.58834244,84.77959927,33097708211.25000000,24586886550.00000000,False
348210,넥스틴,KOSDAQ,41200,5.10204082,91.43897996,22.98507463,97.30418944,38.02345059,93.73406193,0.85679315,44.59016393,84.74681239,3170423470.00000000,5243396675.00000000,False
039560,다산네트웍스,KOSDAQ,3005,0.00000000,42.80510018,19.24603175,95.48269581,27.33050847,88.48816029,22.90388548,81.49362477,84.61930783,986735715.70000005,3059387220.00000000,False
093370,후성,KOSPI,16250,-0.91463415,19.96357013,16.23748212,92.93260474,32.65306122,91.36612022,40.20707506,90.92896175,84.60837887,66327110005.75000000,68974504485.00000000,True
140860,파크시스템스,KOSDAQ,307500,2.84280936,82.69581056,16.69829222,93.40619308,21.06299213,85.02732240,13.46863469,71.51183971,84.60473588,7899629112.50000000,14016067750.00000000,False
351320,넥사다이내믹스,KOSDAQ,4410,-8.22060354,0.40072860,13.51351351,90.20036430,37.81250000,93.69763206,341.00000000,100.00000000,84.57923497,3039840658.50000000,1711143480.00000000,False
012860,모베이스전자,KOSDAQ,2630,5.62248996,92.82331512,12.15351812,88.45173042,26.13908873,87.72313297,11.44067797,68.34244080,84.57559199,1124137594.00000000,6111397920.00000000,False
100120,뷰웍스,KOSDAQ,29800,3.83275261,87.72313297,13.95793499,90.67395264,13.74045802,78.65209472,28.44827586,85.42805100,84.52094718,418142902.50000000,1090614750.00000000,False
110990,디아이티,KOSDAQ,19500,1.50963040,71.73041894,16.27906977,93.04189435,25.16046213,87.32240437,13.76896149,72.20400729,84.45537341,1285121286.75000000,1800932985.00000000,False
356890,싸이버원,KOSDAQ,2800,4.86891386,90.74681239,7.89980732,81.31147541,19.65811966,83.98907104,29.93039443,86.48451730,84.36065574,433492701.80000001,1233670082.00000000,False
388210,씨엠티엑스,KOSDAQ,94300,0.00000000,42.80510018,11.33412043,87.50455373,37.46355685,93.51548270,22.94654498,81.53005464,84.24408015,5225366862.50000000,5845524100.00000000,False
005290,동진쎄미켐,KOSDAQ,52600,0.19047619,49.50819672,17.54189944,94.06193078,32.32704403,91.11111111,13.97616468,72.56830601,84.12750455,19556292255.00000000,27209287750.00000000,True
440110,파두,KOSDAQ,87000,0.11507480,47.61384335,8.75000000,83.27868852,41.46341463,94.53551913,24.28571429,82.73224044,84.10564663,45651442445.00000000,43559124600.00000000,False
115180,큐리언트,KOSDAQ,24950,1.01214575,64.80874317,10.64301552,86.22950820,26.97201018,88.12386157,23.82133995,82.33151184,84.06557377,3241234176.00000000,2878408050.00000000,False
115440,우리넷,KOSDAQ,12410,0.08064516,47.17668488,3.67585631,67.79599271,79.59479016,98.94353370,74.78873239,97.08561020,84.05100182,30123087822.00000000,14300355515.00000000,False
302430,이노메트리,KOSDAQ,8210,4.18781726,88.77959927,11.09607578,86.95810565,13.86962552,78.90710383,32.41935484,87.35883424,84.00000000,4582068037.25000000,1055661755.00000000,False
424980,마이크로투나노,KOSDAQ,10300,-4.27509294,2.33151184,21.17647059,96.50273224,29.23462986,89.79963570,54.19161677,94.31693989,83.96721311,351508591.75000000,527925900.00000000,False
090460,비에이치,KOSPI,22600,8.39328537,96.50273224,12.15880893,88.48816029,14.54637608,79.92714026,19.13547707,78.83424408,83.93442623,21653885282.25000000,26324633750.00000000,False
009830,한화솔루션,KOSPI,37250,3.18559557,84.08014572,8.75912409,83.31511840,24.58193980,87.06739526,18.63057325,78.36065574,83.90163934,100963255751.25000000,154275032000.00000000,False
045300,성우테크론,KOSDAQ,3065,4.96575342,91.03825137,11.05072464,86.84881603,15.44256121,80.91074681,23.09236948,81.67577413,83.85792350,57438505.45000000,240351191.00000000,False
091120,이엠텍,KOSDAQ,5800,4.31654676,89.47176685,5.45454545,74.77231330,20.58212058,84.62659381,47.58269720,92.89617486,83.80874317,185780061.94999999,112613120.00000000,False
012210,삼미금속,KOSDAQ,12380,3.42522974,85.31876138,1.80921053,57.88706740,48.44124700,95.73770492,80.72992701,97.70491803,83.73406193,68579800239.00000000,25503974600.00000000,False
448900,한국피아이엠,KOSDAQ,58200,1.39372822,70.20036430,11.06870229,86.92167577,27.77167947,88.85245902,15.93625498,75.30054645,83.69763206,3498672625.00000000,2164664700.00000000,False
059120,아진엑스텍,KOSDAQ,8070,1.63727960,73.11475410,8.03212851,81.71220401,16.78726483,81.89435337,60.43737575,95.33697632,83.65027322,4524189779.25000000,4605377785.00000000,False
066570,LG전자,KOSPI,233000,8.12064965,96.22950820,8.62470862,82.98724954,16.67501252,81.82149362,23.21523004,81.89435337,83.62659381,146936573375.00000000,291258502000.00000000,False
248070,솔루엠,KOSPI,16780,0.41891083,54.38979964,29.47530864,98.68852459,31.29890454,90.63752277,7.77135517,61.60291439,83.62112933,2860937986.00000000,4890555370.00000000,False
416180,신성에스티,KOSDAQ,27600,4.15094340,88.67030965,9.09090909,83.75227687,13.81443299,78.83424408,37.65586035,90.09107468,83.54462659,893504528.75000000,1105621675.00000000,False
029460,케이씨,KOSPI,45400,2.94784580,82.95081967,4.72895040,72.34972678,23.36956522,86.37522769,57.63888889,94.93624772,83.53734062,1486091922.50000000,1476714050.00000000,False
0015S0,페스카로,KOSDAQ,8550,3.63636364,86.66666667,7.27728984,80.10928962,28.18590705,89.14389800,16.32653061,75.70127505,83.49726776,2266244329.50000000,1623151100.00000000,False
053300,한국정보인증,KOSDAQ,5630,6.83111954,95.00910747,9.10852713,83.78870674,13.50806452,78.28779599,32.62661955,87.57741348,83.46812386,3234811308.00000000,7459637330.00000000,False
396470,워트,KOSDAQ,7400,2.35131397,79.45355191,8.02919708,81.65755920,17.83439490,82.84153005,36.27992634,89.43533698,83.46630237,750315698.75000000,1176531725.00000000,False
016100,리더스코스메틱,KOSDAQ,1336,6.70926518,94.82695811,7.91599354,81.34790528,15.27178602,80.72859745,29.70873786,86.41165756,83.46083789,45066831.85000000,9892758.00000000,False
011500,한농화성,KOSPI,15180,2.08473436,76.93989071,14.04958678,90.71038251,16.94915254,82.07650273,18.59375000,78.32422587,83.40255009,942208343.75000000,1990703820.00000000,False
032960,동일기연,KOSDAQ,2690,-0.18552876,35.68306011,12.55230126,88.99817851,33.49875931,91.80327869,23.39449541,82.04007286,83.39708561,102499674.15000001,129439410.00000000,False
127710,아시아경제,KOSDAQ,1423,0.07032349,47.10382514,5.09601182,73.44262295,41.73306773,94.64480874,51.06157113,93.84335155,83.36976321,104112060.90000001,92506761.00000000,False
348370,엔켐,KOSDAQ,24550,7.20524017,95.40983607,19.46472019,95.70127505,21.83622829,85.42805100,4.46808511,54.49908925,83.32240437,3928209397.25000000,8151089800.00000000,False
013990,아가방컴퍼니,KOSDAQ,5290,3.32031250,84.69945355,8.51282051,82.69581056,13.03418803,77.92349727,51.14285714,93.87978142,83.22404372,366262235.60000002,892932015.00000000,False
005070,코스모신소재,KOSPI,47850,1.59235669,72.58652095,8.62656073,83.06010929,24.12451362,86.77595628,22.84980745,81.38433515,83.16393443,5919722742.50000000,15849391600.00000000,False
491000,리브스메드,KOSDAQ,38600,6.62983425,94.57194900,29.96632997,98.87067395,15.91591592,81.31147541,5.89849108,57.59562842,83.16211293,6897087125.00000000,10069341175.00000000,False
061970,LB세미콘,KOSDAQ,4885,0.72164948,60.83788707,10.89670829,86.59380692,27.54569191,88.59744991,18.56796117,78.23315118,83.14754098,1523425331.90000010,1998758558.00000000,False
023790,동일스틸럭스,KOSDAQ,1626,0.80595164,62.00364299,15.23742027,91.94899818,12.06064783,76.75774135,47.68392371,92.96903461,83.08196721,2242235654.55000019,1804625731.00000000,False
455900,엔젤로보틱스,KOSDAQ,22600,3.43249428,85.35519126,8.39328537,82.44080146,15.71940604,81.12932605,30.25936599,86.63023679,83.04553734,1035130689.25000000,1502691750.00000000,False
183300,코미코,KOSDAQ,34250,-0.58055152,26.77595628,13.59867330,90.30965392,40.94650206,94.46265938,17.88799780,77.37704918,83.03096539,17060105802.50000000,15013489875.00000000,True
464080,에스오에스랩,KOSDAQ,11020,4.25733207,89.18032787,9.10891089,83.82513661,17.60939168,82.62295082,20.04357298,79.56284153,83.02732240,1027858387.00000000,1424022745.00000000,False
261780,아리바이오랩,KOSDAQ,3735,9.37042460,97.04918033,1.21951220,53.67941712,43.93063584,95.11839709,56.27615063,94.68123862,82.79234973,4750348309.89999962,3460363917.00000000,False
317330,덕산테코피아,KOSDAQ,14020,7.26855394,95.55555556,6.94126621,79.23497268,14.72995090,80.10928962,31.39643861,87.06739526,82.78324226,1625750162.00000000,1609863555.00000000,False
236200,슈프리마,KOSDAQ,60200,8.27338129,96.32058288,8.07899461,81.85792350,13.58490566,78.36065574,29.60172228,86.22950820,82.77959927,1390027617.50000000,4026935600.00000000,False
412350,레이저쎌,KOSDAQ,6900,-7.13324361,0.72859745,14.80865225,91.47540984,30.18867925,90.20036430,62.73584906,95.73770492,82.74316940,2474807482.59999990,5477633245.00000000,False
085670,뉴프렉스,KOSDAQ,3785,1.06809079,65.57377049,10.02906977,85.46448087,28.74149660,89.58105647,14.35045317,73.04189435,82.63752277,1124965145.34999990,2492693036.00000000,False
220260,켐트로스,KOSDAQ,4845,0.10330579,47.46812386,8.02675585,81.60291439,27.83641161,88.92531876,35.52447552,89.10746812,82.61930783,671721469.70000005,975668646.00000000,False
437730,삼현,KOSDAQ,52100,0.00000000,42.80510018,3.37301587,66.26593807,76.61016949,98.72495446,56.92771084,94.82695811,82.61566485,28210922401.25000000,26491528350.00000000,False
459510,나우로보틱스,KOSDAQ,16450,3.65469439,86.81238616,6.47249191,78.21493625,20.68965517,84.73588342,24.43267776,82.80510018,82.60109290,1890922067.00000000,1308081395.00000000,False
425420,티에프이,KOSDAQ,69100,-4.82093664,1.96721311,9.85691574,85.20947177,36.29191321,93.11475410,82.80423280,97.92349727,82.59016393,9016441280.00000000,11966469350.00000000,False
273640,와이엠텍,KOSDAQ,6020,3.08219178,83.67941712,14.23149905,91.07468124,18.97233202,83.67941712,10.45871560,66.99453552,82.56102004,92057536.00000000,199807990.00000000,False
482630,삼양엔씨켐,KOSDAQ,15700,0.12755102,47.86885246,15.10263930,91.83970856,28.68852459,89.54462659,13.60347323,71.87613843,82.53187614,2506167496.50000000,4433612385.00000000,False
145170,노브랜드,KOSDAQ,3370,2.12121212,77.37704918,18.24561404,94.75409836,22.99270073,86.04735883,6.64556962,59.19854281,82.42258652,2676774826.84999990,1919619667.00000000,False
469610,이노테크,KOSDAQ,16610,4.99367889,91.11111111,9.20447074,84.04371585,14.86860304,80.21857923,20.36231884,79.74499089,82.36065574,1419007840.75000000,1715488700.00000000,False
131030,옵투스제약,KOSDAQ,6640,5.56438792,92.71402550,13.89365352,90.56466302,14.68048359,80.00000000,12.35194585,69.58105647,82.35701275,197961789.25000000,961633430.00000000,False
109080,옵티시스,KOSDAQ,10100,2.02020202,76.22950820,8.25294748,82.22222222,24.53760789,87.03096539,16.49365629,75.91985428,82.28597450,345324833.50000000,296833530.00000000,False
091340,SK폴리텍,KOSDAQ,2765,2.78810409,82.55009107,6.55105973,78.54280510,18.92473118,83.60655738,28.00925926,85.02732240,82.26593807,145415046.19999999,207207725.00000000,False
039440,에스티아이,KOSDAQ,26200,0.96339114,64.18943534,26.26506024,97.99635701,37.17277487,93.44262295,0.96339114,44.95446266,82.18579235,2281294601.50000000,3204104450.00000000,False
226590,엠디바이스,KOSDAQ,15110,0.33200531,53.11475410,8.86167147,83.46083789,31.96506550,90.92896175,17.86271451,77.26775956,82.17486339,1061166550.25000000,694296385.00000000,False
074600,원익QnC,KOSDAQ,32900,0.76569678,61.67577413,16.25441696,92.96903461,30.29702970,90.30965392,6.99186992,59.92714026,82.16757741,5400378792.50000000,6396187850.00000000,False
264850,이랜시스,KOSDAQ,6040,1.68350168,73.33333333,8.05008945,81.74863388,13.74764595,78.68852459,52.71807838,94.13479053,82.16029144,3259416317.75000000,3213002995.00000000,False
398120,에스지헬스케어,KOSDAQ,2305,3.36322870,84.95446266,6.22119816,77.41347905,33.00634737,91.58469945,11.89320388,68.81602914,82.11657559,155993498.80000001,191670635.00000000,False
014680,한솔케미칼,KOSPI,276500,-0.36036036,31.62112933,15.44885177,92.24043716,43.63636364,95.00910747,10.15936255,66.37522769,82.11293260,12835926020.00000000,16019014500.00000000,True
475960,토모큐브,KOSDAQ,35700,3.17919075,84.04371585,15.53398058,92.42258652,31.00917431,90.56466302,2.14592275,48.67030965,82.09107468,1266458397.50000000,1492840500.00000000,False
189300,인텔리안테크,KOSDAQ,75200,2.17391304,77.92349727,11.90476190,88.19672131,23.88797364,86.66666667,9.78102190,65.68306011,82.05464481,4214838930.00000000,12854529300.00000000,False
388050,지투파워,KOSDAQ,10690,4.59882583,90.16393443,8.30800405,82.33151184,10.89211618,75.08196721,41.96547145,91.36612022,82.02185792,18241200357.00000000,5819511890.00000000,False
445180,퓨릿,KOSDAQ,10090,-0.39486673,30.58287796,11.86252772,88.16029144,26.12500000,87.65027322,31.89542484,87.17668488,82.00182149,611749257.25000000,975709100.00000000,False
192820,코스맥스,KOSPI,300000,10.70110701,97.77777778,11.31725417,87.46812386,6.38297872,67.03096539,63.93442623,95.81056466,81.99271403,27963096887.50000000,54645150500.00000000,False
014130,한익스프레스,KOSPI,2810,3.49907919,85.71948998,8.07692308,81.82149362,14.92842536,80.36429872,25.72706935,83.62477231,81.98907104,44115359.05000000,141033032.00000000,False
066575,LG전자우,KOSPI,82300,9.73333333,97.30418944,13.36088154,89.94535519,11.36671177,75.70127505,15.58988764,74.86338798,81.96721311,5182141295.00000000,18286300100.00000000,False
095610,테스,KOSDAQ,178000,-0.22421525,34.66302368,9.94441013,85.31876138,32.93502614,91.54826958,22.75862069,81.31147541,81.94353370,58719867327.50000000,49117334600.00000000,False
122640,예스티,KOSDAQ,34000,0.44313146,54.89981785,8.62619808,83.02367942,26.62942272,87.86885246,23.18840580,81.80327869,81.90528233,11492062957.50000000,12436195075.00000000,False
035460,기산텔레콤,KOSDAQ,2670,0.94517958,63.86156648,9.87654321,85.24590164,17.62114537,82.65938069,25.64705882,83.57012750,81.73770492,473777177.00000000,336875176.00000000,False
474610,RF시스템즈,KOSDAQ,8610,0.11627907,47.68670310,8.57503153,82.84153005,24.24242424,86.88524590,30.45454545,86.77595628,81.73041894,701907211.25000000,828466345.00000000,False
163730,핑거,KOSDAQ,14830,-0.46979866,28.96174863,4.07017544,69.36247723,62.60964912,97.74134791,56.10526316,94.60837887,81.72313297,1915906260.75000000,2706339250.00000000,False
355690,에이텀,KOSDAQ,5500,1.85185185,74.99089253,6.38297872,77.81420765,17.77301927,82.73224044,34.63892289,88.67030965,81.67030965,471425864.14999998,322412510.00000000,False
073490,LIG아큐버,KOSDAQ,35050,-0.42613636,29.83606557,10.04709576,85.53734062,22.76707531,85.93806922,46.04166667,92.49544627,81.51912568,1637590288.75000000,2285673500.00000000,False
264660,씨앤지하이테크,KOSDAQ,15220,0.46204620,55.44626594,11.50183150,87.75956284,18.90625000,83.57012750,21.85748599,80.69216758,81.43897996,422512729.00000000,646119250.00000000,False
413630,씨피시스템,KOSDAQ,4415,5.87529976,93.18761384,5.87529976,75.99271403,9.68944099,73.58834244,108.25471698,99.30783242,81.41347905,15340244382.75000000,16209560832.00000000,False
100790,미래에셋벤처투자,KOSDAQ,18400,1.93905817,75.55555556,7.16365754,79.67213115,32.66041817,91.40255009,10.31175060,66.81238616,81.38069217,9784625421.50000000,17801224315.00000000,False
041960,코미팜,KOSDAQ,10490,6.06673407,93.58834244,6.49746193,78.32422587,11.83368870,76.35701275,37.12418301,89.79963570,81.35883424,2418015419.25000000,4795350640.00000000,False
281740,레이크머티리얼즈,KOSDAQ,13200,4.51306413,89.94535519,19.67361741,95.81056466,20.00000000,84.22586521,2.32558140,49.30783242,81.28961749,4651726284.00000000,10755631120.00000000,False
060370,LS마린솔루션,KOSDAQ,34800,2.65486726,81.78506375,5.77507599,75.84699454,17.17171717,82.25865209,32.06831120,87.24954463,81.28597450,4532263853.75000000,7491203025.00000000,False
211270,AP위성,KOSDAQ,9760,2.19895288,78.14207650,6.31808279,77.59562842,25.93548387,87.54098361,15.91448931,75.22768670,81.15482696,917225265.00000000,2179149360.00000000,False
105330,케이엔더블유,KOSDAQ,8780,-1.34831461,14.22586521,9.33997509,84.37158470,32.22891566,91.00182149,37.18750000,89.83606557,81.10200364,299031396.00000000,418888910.00000000,False
259630,엠플러스,KOSDAQ,10680,5.32544379,92.31329690,15.58441558,92.56830601,15.33477322,80.76502732,6.26865672,58.43351548,80.99453552,817086105.00000000,2958168865.00000000,False
009150,삼성전기,KOSPI,1684000,6.78503488,94.89981785,12.94433266,89.54462659,24.92581602,87.17668488,2.18446602,48.77959927,80.97996357,848147513143.75000000,1304906516569.00000000,False
004100,태양금속,KOSPI,3265,0.30721966,52.56830601,4.64743590,72.02185792,29.30693069,89.90892532,38.64118896,90.49180328,80.92531876,1224811971.15000010,1805758326.00000000,False
048770,TPC로보틱스,KOSDAQ,4225,1.56250000,72.13114754,2.42424242,61.42076503,38.52459016,93.91621129,34.34022258,88.45173042,80.89617486,7423995752.64999962,1650454822.00000000,False
418550,제이오,KOSDAQ,5340,1.32827324,69.52641166,7.98786653,81.49362477,18.53496115,83.35154827,21.50170648,80.36429872,80.81420765,286045659.10000002,413979055.00000000,False
131100,티엔엔터테인먼트,KOSDAQ,3510,10.03134796,97.44990893,21.45328720,96.61202186,61.00917431,97.66848816,-11.91969887,15.08196721,80.81238616,400167054.30000001,309673531.00000000,False
024840,KBI메탈,KOSDAQ,6420,-0.46511628,28.99817851,8.08080808,81.89435337,26.12966601,87.68670310,41.87845304,91.29326047,80.80145719,16240522856.75000000,8965035125.00000000,False
065350,신성델타테크,KOSDAQ,33800,3.04878049,83.42440801,8.85668277,83.42440801,15.55555556,80.98360656,15.75342466,75.11839709,80.78688525,2798592055.00000000,3853807400.00000000,False
001360,삼성제약,KOSPI,1500,3.51966874,85.90163934,12.35955056,88.81602914,12.78195489,77.66848816,13.80880121,72.38615665,80.77959927,581423100.75000000,830770238.00000000,False
125210,아모그린텍,KOSDAQ,6790,3.19148936,84.17122040,9.69305331,85.06375228,25.27675277,87.39526412,6.59340659,59.12568306,80.71948998,1548826824.00000000,1326071370.00000000,False
090360,로보스타,KOSDAQ,82400,3.64779874,86.73952641,7.85340314,81.20218579,17.54636234,82.55009107,14.44444444,73.26047359,80.70673953,9202967962.50000000,9585556650.00000000,False
322180,LS티라유텍,KOSDAQ,4660,0.64794816,59.19854281,12.69649335,89.28961749,20.10309278,84.26229508,13.38199513,71.32969035,80.67759563,276225598.35000002,554946579.00000000,False
117730,티로보틱스,KOSDAQ,15240,0.99403579,64.55373406,7.24841661,79.96357013,20.66508314,84.66302368,22.70531401,81.23861566,80.55737705,1935955090.75000000,2458487165.00000000,False
001430,세아베스틸지주,KOSPI,47300,0.85287846,62.58652095,5.69832402,75.66484517,17.07920792,82.18579235,47.35202492,92.85974499,80.40437158,6137000648.75000000,6350619175.00000000,False
073540,에프알텍,KOSDAQ,2760,1.28440367,68.81602914,5.54493308,75.08196721,26.02739726,87.61384335,20.26143791,79.67213115,80.38615665,85274719.34999999,89906705.00000000,False
006660,삼성공조,KOSPI,13510,2.50379363,80.80145719,7.13719270,79.56284153,11.28500824,75.66484517,40.00000000,90.83788707,80.38251366,4041433647.75000000,3642892295.00000000,False
028300,HLB,KOSDAQ,47150,15.99015990,98.97996357,18.76574307,95.22768670,43.75000000,95.04553734,-8.80077369,19.45355191,80.37522769,51218318591.25000000,268536125400.00000000,True
322510,제이엘케이,KOSDAQ,5380,4.26356589,89.21675774,4.87329435,72.89617486,14.95726496,80.47358834,30.90024331,86.84881603,80.34972678,816319796.50000000,456674075.00000000,False
000150,두산,KOSPI,1472000,10.01494768,97.41347905,4.02826855,69.21675774,30.84444444,90.38251366,11.51515152,68.37887067,80.33515483,128236046321.85000610,194803407000.00000000,False
169330,엠브레인,KOSDAQ,1837,-1.44849785,13.04189435,9.34523810,84.40801457,37.70614693,93.62477231,22.71209085,81.27504554,80.33151184,61658836.85000000,25222751.00000000,False
348340,뉴로메카,KOSDAQ,22700,0.44247788,54.82695811,12.37623762,88.88888889,41.87500000,94.79052823,3.02727727,51.11111111,80.28779599,7314319527.50000000,13405696300.00000000,False
067080,대화제약,KOSDAQ,12110,4.21686747,89.03460838,4.93934142,73.04189435,14.24528302,79.52641166,33.81215470,88.12386157,80.25136612,669751560.50000000,948871775.00000000,False
039200,오스코텍,KOSDAQ,39100,6.68485675,94.75409836,11.23755334,87.28597450,8.91364903,72.56830601,17.94871795,77.41347905,80.17122040,3865194168.75000000,6908678725.00000000,False
089980,상아프론테크,KOSDAQ,17000,3.03030303,83.31511840,7.05289673,79.34426230,16.67810570,81.85792350,16.59807956,76.21129326,80.12021858,755322858.25000000,989774955.00000000,False
018880,한온시스템,KOSPI,3945,2.73437500,82.11293260,20.27439024,96.13843352,12.87553648,77.74134791,6.76589986,59.52641166,80.05464481,21661448179.65000153,57713088097.00000000,False
351870,차이커뮤니케이션,KOSDAQ,2560,15.57562077,98.87067395,11.54684096,87.86885246,5.78512397,65.50091075,32.09494324,87.28597450,79.90528233,41451370.40000000,187485068.00000000,False
010280,아이티센엔텍,KOSDAQ,5810,1.57342657,72.24043716,13.03501946,89.65391621,8.39552239,71.58469945,28.96781354,85.68306011,79.89071038,380349801.25000000,879043500.00000000,False
037030,파워넷,KOSDAQ,4150,0.00000000,42.80510018,12.61872456,89.07103825,35.84288052,92.85974499,6.27400768,58.46994536,79.83970856,1503169591.45000005,3027938839.00000000,False
084010,대한제강,KOSPI,9280,4.74040632,90.41894353,16.14518148,92.78688525,7.28323699,69.07103825,16.58291457,76.17486339,79.74134791,1829170736.00000000,2780687685.00000000,False
255440,야스,KOSDAQ,8540,-0.23364486,34.37158470,11.34289439,87.54098361,23.05475504,86.12021858,18.28254848,77.85063752,79.71766849,553916265.50000000,599968225.00000000,False
077500,유니퀘스트,KOSPI,10150,-2.87081340,5.20947177,5.18134715,73.69763206,39.42307692,94.13479053,74.69879518,97.04918033,79.69398907,2911539619.25000000,2907389015.00000000,False
052460,아이크래프트,KOSDAQ,6250,-3.99385561,2.76867031,5.21885522,73.95264117,37.36263736,93.47905282,99.36204147,98.90710383,79.63570128,1276357608.65000010,1024651320.00000000,False
128940,한미약품,KOSPI,529000,4.96031746,91.00182149,5.16898608,73.58834244,14.87513572,80.25500911,23.02325581,81.60291439,79.59927140,51905701150.00000000,48106014500.00000000,False
006400,삼성SDI,KOSPI,577000,9.07372401,96.75774135,9.28030303,84.26229508,7.05009276,68.41530055,29.66292135,86.37522769,79.59562842,184844889875.00000000,362624819500.00000000,False
189860,서전기전,KOSDAQ,5160,0.58479532,58.14207650,5.19877676,73.87978142,24.03846154,86.73952641,27.09359606,84.55373406,79.58469945,3785752028.55000019,632615700.00000000,False
047560,이스트소프트,KOSDAQ,8420,7.26114650,95.48269581,10.35386632,85.90163934,17.76223776,82.69581056,4.98753117,55.70127505,79.53734062,300921876.25000000,1184533100.00000000,False
064760,티씨케이,KOSDAQ,297500,-0.16778523,36.32058288,7.20720721,79.89071038,23.70062370,86.55737705,29.06724512,85.71948998,79.36612022,19286348575.00000000,14838638500.00000000,False
0011A0,액스비스,KOSDAQ,12130,1.16763970,67.28597450,1.93277311,58.54280510,52.77078086,96.50273224,23.64933741,82.18579235,79.32969035,17537104966.50000000,7202974250.00000000,False
368770,파이버프로,KOSDAQ,14620,-0.67934783,24.51730419,12.98299845,89.61748634,26.25215889,87.75956284,15.11811024,74.35336976,79.31147541,2614333339.00000000,7412729985.00000000,False
469480,IBKS제24호스팩,KOSDAQ,3660,8.92857143,96.72131148,10.90909091,86.63023679,10.90909091,75.20947177,10.90909091,67.50455373,79.24590164,337840855.00000000,1117664885.00000000,False
148780,비큐AI,KOSDAQ,4075,2.25846926,78.54280510,6.11979167,77.15846995,8.81174900,72.34972678,70.14613779,96.46630237,79.23497268,279398400.80000001,204276695.00000000,False
126700,하이비젼시스템,KOSDAQ,12280,4.15606446,88.70673953,12.35132662,88.77959927,6.59722222,67.35883424,25.30612245,83.42440801,79.13296903,412267619.50000000,1105629670.00000000,False
272210,한화시스템,KOSPI,81800,-0.24390244,33.97085610,12.67217631,89.25318761,20.29411765,84.37158470,16.19318182,75.66484517,79.05464481,50787217752.50000000,103673401500.00000000,False
322310,오로스테크놀로지,KOSDAQ,16950,3.73317013,87.10382514,22.03023758,96.86703097,39.85148515,94.20765027,-9.84042553,17.95992714,79.04553734,1364735776.75000000,3206285435.00000000,False
460470,아이빔테크놀로지,KOSDAQ,3150,3.61842105,86.55737705,10.33274956,85.82877960,15.38461538,80.87431694,7.50853242,61.05646630,78.96539162,68316351.90000001,129684255.00000000,False
052860,아이앤씨,KOSDAQ,7680,0.65530799,59.34426230,2.53671562,62.18579235,24.47325770,86.99453552,79.02097902,97.48633880,78.88524590,638777554.25000000,286127020.00000000,False
297090,씨에스베어링,KOSDAQ,5000,-0.19960080,35.30054645,6.04453871,76.86703097,27.38853503,88.52459016,26.90355330,84.40801457,78.88160291,528663174.60000002,503745210.00000000,False
226950,올릭스,KOSDAQ,123600,5.82191781,93.11475410,19.42028986,95.66484517,34.64052288,92.09471767,-8.24053452,20.14571949,78.87795993,25089495605.00000000,33891756700.00000000,True
315640,딥노이드,KOSDAQ,2225,0.90702948,63.46083789,2.29885057,60.72859745,28.24207493,89.18032787,48.23451033,93.18761384,78.87431694,511908371.35000002,297121590.00000000,False
050890,쏠리드,KOSDAQ,10690,0.00000000,42.80510018,12.64488936,89.18032787,27.87081340,88.96174863,7.65357503,61.27504554,78.87431694,15563951718.00000000,18626582500.00000000,False
0017J0,세미티에스,KOSDAQ,3430,6.35658915,94.13479053,35.30571992,99.52641166,35.03937008,92.24043716,-13.60201511,13.29690346,78.82695811,2088676728.45000005,8357294536.00000000,False
306620,지아이에스,KOSDAQ,2220,1.13895216,66.72131148,10.17369727,85.71948998,23.33333333,86.30236794,6.73076923,59.41712204,78.79234973,736860612.25000000,681681725.00000000,False
068790,DMS,KOSDAQ,8210,1.73482032,73.77049180,2.88220551,64.00728597,23.27327327,86.19307832,34.59016393,88.59744991,78.77595628,382651339.00000000,1291734920.00000000,False
009780,엠에스씨,KOSDAQ,7650,2.27272727,78.72495446,11.84210526,88.10564663,7.89844852,70.20036430,23.18840580,81.80327869,78.74499089,86376230.75000000,358073565.00000000,False
009470,삼화전기,KOSPI,27850,0.90579710,63.42440801,7.94573643,81.45719490,26.87927107,88.01457195,8.78906250,63.53369763,78.69216758,1812016573.75000000,1560886625.00000000,False
114190,강원에너지,KOSDAQ,9550,6.46599777,94.38979964,14.50839329,91.32969035,11.43523921,75.84699454,5.87583149,57.48633880,78.67395264,877379732.75000000,3503678660.00000000,False
171090,선익시스템,KOSDAQ,76300,-0.26143791,33.36976321,7.16292135,79.63570128,17.92890263,82.87795993,41.82156134,91.25683060,78.63023679,3039438572.50000000,3481294900.00000000,False
041520,이엘씨,KOSDAQ,13050,0.23041475,50.74681239,4.40000000,70.63752277,18.31368994,83.16939891,59.34065934,95.26411658,78.58652095,202346861.25000000,393538650.00000000,False
051370,인터플렉스,KOSDAQ,7610,5.84144645,93.15118397,4.82093664,72.56830601,21.76000000,85.35519126,10.28985507,66.73952641,78.57559199,1792273732.75000000,2872585955.00000000,False
025900,동화기업,KOSDAQ,7630,2.41610738,80.03642987,11.22448980,87.24954463,6.86274510,67.86885246,29.54159593,86.12021858,78.55009107,452401017.75000000,750913035.00000000,False
208710,포톤,KOSDAQ,2885,2.85204991,82.73224044,3.40501792,66.48451730,13.80670611,78.76138434,52.56478054,94.09836066,78.54280510,342458500.30000001,526510235.00000000,False
015590,DKME,KOSPI,2310,-2.94117647,5.02732240,9.47867299,84.59016393,72.25950783,98.32422587,10.26252983,66.66666667,78.54280510,315172690.35000002,291975985.00000000,False
323350,다원넥스뷰,KOSDAQ,10150,0.29644269,52.31329690,3.67722165,67.83242259,50.81723626,96.06557377,14.04494382,72.60473588,78.52823315,747652395.00000000,1335823550.00000000,False
009520,포스코엠텍,KOSDAQ,13630,2.63554217,81.53005464,9.65406275,84.91803279,9.04000000,72.67759563,19.35201401,79.01639344,78.50273224,1794851003.50000000,2661651595.00000000,False
006110,삼아알미늄,KOSPI,69700,10.81081081,97.81420765,19.34931507,95.59198543,0.72254335,50.81967213,90.95890411,98.57923497,78.50273224,9955617425.00000000,26688909650.00000000,False
382840,원준,KOSDAQ,5540,3.35820896,84.91803279,11.13340020,86.99453552,12.37322515,77.26775956,9.27021696,65.02732240,78.50273224,337186033.00000000,628101245.00000000,False
089140,넥스턴앤롤코리아,KOSDAQ,2345,8.31408776,96.39344262,11.13744076,87.04918033,10.35294118,74.49908925,9.06976744,64.62659381,78.47905282,97235693.05000000,713762547.00000000,False
178320,서진시스템,KOSDAQ,43300,3.46475508,85.42805100,19.28374656,95.51912568,30.42168675,90.34608379,-5.35519126,25.20947177,78.37887067,41267384001.25000000,46142298600.00000000,True
052690,한전기술,KOSPI,129300,2.05209155,76.64845173,3.44000000,66.66666667,20.39106145,84.48087432,27.13864307,84.59016393,78.37522769,100771144002.50000000,34737587850.00000000,False
383310,에코프로에이치엔,KOSDAQ,26800,7.84708249,95.95628415,18.58407080,95.04553734,20.17937220,84.29872495,-2.18978102,32.27686703,78.28415301,3352038772.50000000,9069264450.00000000,False
317120,라닉스,KOSDAQ,1559,9.40350877,97.12204007,8.48990953,82.65938069,8.33912439,71.32969035,16.43017177,75.88342441,78.21857923,86583734.70000000,603032397.00000000,False
402490,그린리소스,KOSDAQ,8090,0.24783147,51.58469945,13.46423562,90.12750455,31.33116883,90.67395264,2.14646465,48.70673953,78.20765027,1318313638.00000000,1417045120.00000000,False
092300,현우산업,KOSDAQ,2805,6.45161290,94.31693989,11.97604790,88.26958106,10.21611002,74.20765027,8.51063830,62.98724954,78.19307832,210140983.05000001,567060560.00000000,False
061090,세나테크놀로지,KOSDAQ,41850,1.08695652,65.90163934,15.44827586,92.20400729,9.41176471,73.07832423,14.50068399,73.40619308,78.16393443,601647496.25000000,779751400.00000000,False
317830,에스피시스템스,KOSDAQ,5130,3.21931590,84.29872495,11.27982646,87.39526412,14.63687151,79.96357013,5.88235294,57.54098361,78.14207650,236228722.59999999,326860150.00000000,False
108860,셀바스AI,KOSDAQ,9520,5.89543938,93.29690346,6.84624018,79.12568306,7.08661417,68.57923497,33.52033661,87.97814208,78.09471767,1871311059.75000000,6885526800.00000000,False
038870,에코심플렉스,KOSDAQ,2165,1.88235294,75.26411658,3.09523810,65.20947177,18.11238407,82.98724954,34.72308650,88.74316940,78.03278689,115348269.30000000,14367422.00000000,False
049480,오픈베이스,KOSDAQ,2065,4.08266129,88.52459016,7.72039645,80.76502732,12.22826087,76.97632058,12.90322581,70.61930783,77.99635701,459575264.35000002,1481002504.00000000,False
170920,엘티씨,KOSDAQ,44250,1.37457045,69.94535519,12.59541985,89.03460838,35.11450382,92.31329690,-0.78475336,36.72131148,77.97449909,7431082401.25000000,5602127800.00000000,False
251630,브이원텍,KOSDAQ,3865,3.34224599,84.77231330,8.41514727,82.51366120,13.34310850,78.14207650,10.74498567,67.32240437,77.95264117,46967118.40000000,60690640.00000000,False
310870,디와이씨,KOSDAQ,1573,5.14705882,91.69398907,2.47557003,61.78506375,16.95167286,82.11293260,31.19266055,86.99453552,77.94899818,217608236.05000001,284422988.00000000,False
187870,디바이스,KOSDAQ,13220,2.16383308,77.81420765,17.72039181,94.20765027,28.34951456,89.28961749,-2.79411765,30.71038251,77.90163934,1053686109.25000000,2222207910.00000000,False
008060,대덕,KOSPI,16480,2.42386576,80.14571949,9.50166113,84.66302368,11.57752200,76.02914390,12.72229822,70.38251366,77.90163934,1226112457.75000000,2028347715.00000000,False
095270,웨이브일렉트로,KOSDAQ,4705,-0.63357973,25.39162113,8.28538550,82.29508197,19.11392405,83.78870674,28.90410959,85.64663024,77.87249545,157550748.84999999,129626787.00000000,False
450080,에코프로머티,KOSPI,40150,5.10471204,91.47540984,13.09859155,89.72677596,14.06250000,79.21675774,2.81690141,50.60109290,77.87249545,10137492481.25000000,22837531350.00000000,False
277070,린드먼아시아,KOSDAQ,3550,3.34788937,84.84517304,7.25075529,80.00000000,12.34177215,77.19489982,13.96468700,72.49544627,77.86156648,25851657.75000000,12625950.00000000,False
100130,동국SC,KOSDAQ,1641,4.19047619,88.81602914,7.74786605,80.87431694,22.46268657,85.71948998,3.40264650,51.98542805,77.82877960,2296582484.50000000,1390280736.00000000,False
046890,서울반도체,KOSDAQ,11000,0.54844607,57.48633880,9.67098704,84.95446266,14.94252874,80.41894353,13.75387797,72.09471767,77.82149362,2745689779.50000000,2575464250.00000000,False
291230,컴투스엔,KOSDAQ,2735,4.99040307,91.07468124,5.59845560,75.37340619,7.88954635,70.16393443,37.09273183,89.76320583,77.73770492,78944287.70000000,177077569.00000000,False
900070,글로벌에스엠,KOSDAQ,1125,2.73972603,82.22222222,14.09736308,90.81967213,12.72545090,77.63205829,5.14018692,55.91985428,77.70491803,702345250.04999995,1081690135.00000000,False
049070,인탑스,KOSDAQ,19400,3.19148936,84.17122040,7.12313639,79.52641166,12.13872832,76.83060109,14.45427729,73.29690346,77.66666667,1676771596.50000000,2215651645.00000000,False
282880,코윈로보틱스,KOSDAQ,11460,1.68589175,73.36976321,6.80335508,79.08925319,15.17587940,80.61930783,13.57779980,71.69398907,77.65027322,478611047.50000000,380867685.00000000,False
290520,신도기연,KOSDAQ,1690,3.80835381,87.57741348,8.47240051,82.62295082,12.66666667,77.44990893,9.59792477,65.46448087,77.61748634,34301716.75000000,8896790.00000000,False
161000,애경케미칼,KOSPI,11270,2.08333333,76.90346084,11.14398422,87.10382514,8.15738964,70.89253188,17.76384535,77.15846995,77.61020036,1567152607.75000000,4164683460.00000000,False
045510,정원엔시스,KOSDAQ,1189,-0.99916736,18.83424408,10.70763501,86.33879781,11.85324553,76.46630237,64.68144044,95.91985428,77.55555556,84854334.80000000,111793139.00000000,False
083500,에프엔에스테크,KOSDAQ,14630,-0.34059946,31.91256831,10.58201058,86.08378871,31.44654088,90.71038251,7.49448935,60.98360656,77.49726776,825754610.00000000,790536595.00000000,False
303360,프로티아,KOSDAQ,5930,-2.46710526,6.88524590,13.60153257,90.34608379,13.16793893,77.99635701,43.93203883,92.13114754,77.41712204,353893120.25000000,312468075.00000000,False
0088M0,메쥬,KOSDAQ,15210,5.69840167,92.93260474,7.64331210,80.69216758,22.16867470,85.57377049,2.01207243,48.37887067,77.40619308,1577778819.50000000,2286143765.00000000,False
060720,KH바텍,KOSDAQ,11730,1.29533679,69.07103825,7.31930467,80.18214936,12.68011527,77.48633880,17.77108434,77.19489982,77.39526412,1038438271.25000000,838271240.00000000,False
032300,한국파마,KOSDAQ,8640,0.23201856,50.81967213,19.33701657,95.55555556,12.20779221,76.93989071,8.95334174,64.18943534,77.36247723,1056120812.25000000,1981827485.00000000,False
086890,이수앱지스,KOSDAQ,3985,0.75853350,61.45719490,5.98404255,76.68488160,17.55162242,82.58652095,16.18075802,75.62841530,77.31147541,319298353.35000002,490487980.00000000,False
260970,에스앤디,KOSDAQ,61400,0.32679739,52.96903461,7.53064799,80.47358834,13.91465677,78.97996357,21.82539683,80.65573770,77.16211293,709748070.00000000,641247300.00000000,False
271940,일진하이솔루스,KOSPI,11870,1.02127660,64.99089253,7.81108084,81.05646630,12.29895932,77.12204007,17.87487587,77.30418944,77.12568306,654090208.25000000,302986280.00000000,False
290720,푸드나무,KOSDAQ,3240,4.68497577,90.34608379,8.00000000,81.53005464,16.54676259,81.71220401,4.51612903,54.64480874,77.10746812,187204205.59999999,890826387.00000000,False
0009K0,에임드바이오,KOSDAQ,25900,3.39321357,85.02732240,16.40449438,93.15118397,15.62500000,81.07468124,0.00000000,40.80145719,77.03825137,2397263008.75000000,4060191675.00000000,False
089970,브이엠,KOSDAQ,71000,5.34124629,92.34972678,18.72909699,95.19125683,36.80154143,93.29690346,-18.57798165,9.58105647,77.02732240,39163833807.50000000,52203841500.00000000,True
406820,뷰티스킨,KOSDAQ,2435,0.61983471,58.68852459,1.88284519,58.28779599,27.75445960,88.81602914,38.43092666,90.38251366,76.95810565,4493084820.64999962,575555476.00000000,False
101360,에코앤드림,KOSDAQ,8930,1.13250283,66.55737705,14.78149100,91.43897996,7.72014475,69.79963570,15.37467700,74.53551913,76.91438980,502488335.25000000,824963645.00000000,False
094820,일진파워,KOSDAQ,12700,3.92798691,88.19672131,7.26351351,80.03642987,13.59570662,78.43351548,8.73287671,63.42440801,76.88888889,1247096835.75000000,1512380660.00000000,False
290090,트윔,KOSDAQ,4840,4.31034483,89.43533698,6.49064906,78.28779599,14.82799526,80.18214936,7.79510022,61.71220401,76.84517304,12656598.95000000,7260525.00000000,False
084990,헬릭스미스,KOSDAQ,3765,1.75675676,74.02550091,17.28971963,93.80692168,27.41116751,88.56102004,-3.46153846,29.21675774,76.81238616,772679615.20000005,602340629.00000000,False
096870,엘디티,KOSDAQ,2485,2.89855072,82.87795993,10.44444444,85.97449909,9.47136564,73.18761384,10.19955654,66.52094718,76.65938069,103152569.84999999,63747790.00000000,False
203450,유니온바이오메트릭스,KOSDAQ,2940,2.79720280,82.58652095,5.56552962,75.11839709,17.36526946,82.44080146,8.88888889,64.04371585,76.57923497,205787611.90000001,3293149829.00000000,False
036800,나이스정보통신,KOSDAQ,8340,-1.65094340,11.18397086,8.87728460,83.49726776,15.83333333,81.16575592,36.72131148,89.61748634,76.55737705,1101234816.25000000,1260614985.00000000,False
417010,나노팀,KOSDAQ,6840,1.48367953,71.22040073,6.37636081,77.77777778,7.71653543,69.76320583,39.73442288,90.74681239,76.51001821,1725112575.75000000,1693321570.00000000,False
147760,피엠티,KOSDAQ,4145,4.93670886,90.89253188,1.34474328,54.57194900,34.57792208,92.02185792,12.94277929,70.74681239,76.41894353,600939905.64999998,1110470874.00000000,False
250060,모비스,KOSDAQ,3230,1.57232704,72.20400729,4.87012987,72.85974499,14.74245115,80.14571949,16.81735986,76.35701275,76.40801457,600992299.35000002,766188429.00000000,False
053080,케이엔솔,KOSDAQ,9730,0.93360996,63.75227687,10.06787330,85.61020036,14.06799531,79.27140255,8.59375000,63.13296903,76.39344262,362843533.25000000,667740105.00000000,False
228760,지노믹트리,KOSDAQ,12250,0.57471264,57.99635701,8.21554770,82.11293260,16.55566127,81.74863388,10.06289308,66.19307832,76.37158470,1165569660.00000000,813676900.00000000,False
088280,쏘닉스,KOSDAQ,3270,0.00000000,42.80510018,2.50783699,61.93078324,37.68421053,93.58834244,21.11111111,80.14571949,76.32422587,422308001.25000000,298618715.00000000,False
033100,제룡전기,KOSDAQ,50600,1.81086519,74.42622951,7.08994709,79.48998179,15.26195900,80.65573770,8.81720430,63.75227687,76.30236794,3251257351.25000000,5923399150.00000000,False
018670,SK가스,KOSPI,256000,6.88935282,95.11839709,6.00414079,76.75774135,9.40170940,73.00546448,14.28571429,72.76867031,76.29508197,2507463000.00000000,8688408000.00000000,False
460940,피앤에스로보틱스,KOSDAQ,5400,1.88679245,75.30054645,5.46875000,74.86338798,11.11111111,75.51912568,21.62162162,80.47358834,76.29143898,409744562.35000002,178957885.00000000,False
420770,기가비스,KOSDAQ,135500,4.79505027,90.56466302,7.62509929,80.58287796,35.63563564,92.71402550,-3.21428571,29.78142077,76.27322404,16538160470.00000000,10465022100.00000000,False
160980,싸이맥스,KOSDAQ,29250,2.99295775,83.09653916,13.15280464,89.76320583,28.57142857,89.43533698,-4.87804878,26.30236794,76.27322404,3151851978.75000000,4534113650.00000000,False
137400,피엔티,KOSDAQ,33500,2.60336907,81.38433515,14.52991453,91.40255009,14.72602740,80.07285974,0.29940120,43.31511840,76.25136612,3495099160.00000000,6007405275.00000000,False
039860,나노엔텍,KOSDAQ,4650,2.31023102,79.08925319,5.08474576,73.40619308,9.79929162,73.80692168,26.35869565,83.93442623,76.24043716,1328566351.15000010,860579363.00000000,False
003580,HLB글로벌,KOSPI,2070,15.57788945,98.90710383,0.72992701,49.58105647,22.41277351,85.68306011,28.65133623,85.53734062,76.14571949,1406659858.29999995,7886813390.00000000,False
009900,명신산업,KOSPI,8730,2.10526316,77.26775956,5.05415162,73.36976321,12.35521236,77.23132969,17.97297297,77.44990893,76.12021858,2585349282.25000000,2129249320.00000000,False
498390,한화플러스제5호스팩,KOSDAQ,2800,-0.17825312,36.04735883,12.90322581,89.48998179,12.90322581,77.81420765,13.77488826,72.24043716,76.02550091,322339930.44999999,662041235.00000000,False
101160,월덱스,KOSDAQ,32950,-0.45317221,29.18032787,9.46843854,84.51730419,13.81692573,78.87067395,21.13970588,80.18214936,75.85792350,1377298313.75000000,1253688800.00000000,False
364950,에이아이코리아,KOSDAQ,3870,1.57480315,72.31329690,16.21621622,92.89617486,13.65638767,78.50637523,1.44167759,46.73952641,75.85063752,65100028.20000000,156128765.00000000,False
099750,이지케어텍,KOSDAQ,7460,2.47252747,80.58287796,2.89655172,64.15300546,17.29559748,82.36794171,18.22503962,77.81420765,75.81420765,1375279596.75000000,268144205.00000000,False
092790,넥스틸,KOSPI,14260,1.71184023,73.62477231,4.85294118,72.71402550,9.77675135,73.77049180,28.58431019,85.50091075,75.78506375,19145826758.25000000,10003542865.00000000,False
071090,하이스틸,KOSPI,3530,2.02312139,76.28415301,4.43786982,71.00182149,14.23948220,79.48998179,15.92775041,75.26411658,75.77777778,6381455531.14999962,3835325820.00000000,False
010060,OCI홀딩스,KOSPI,245000,3.81355932,87.65027322,5.60344828,75.40983607,7.69230769,69.67213115,23.79989894,82.22222222,75.70127505,58207831115.00000000,53408664500.00000000,False
200710,에이디테크놀로지,KOSDAQ,30000,1.01010101,64.75409836,13.42155009,90.09107468,33.33333333,91.73041894,-4.45859873,27.43169399,75.68123862,2423041817.50000000,3921623450.00000000,False
094360,칩스앤미디어,KOSDAQ,12990,0.85403727,62.65938069,5.35279805,74.42622951,26.73170732,87.94171220,6.65024631,59.23497268,75.61748634,1597568670.25000000,1237803055.00000000,False
261520,이지스,KOSDAQ,5520,-0.89766607,20.40072860,6.76982592,78.94353370,14.28571429,79.58105647,37.31343284,89.90892532,75.53734062,351932070.64999998,236424975.00000000,False
373220,LG에너지솔루션,KOSPI,388500,5.28455285,92.09471767,7.76699029,80.94717668,6.29274966,66.70309654,17.01807229,76.53916211,75.48269581,101659985275.00000000,170757252250.00000000,False
475400,씨메스로보틱스,KOSDAQ,19340,0.83420229,62.29508197,5.74084199,75.70127505,14.16765053,79.38069217,14.84560570,73.84335155,75.46083789,1999033297.25000000,892256955.00000000,False
065130,탑엔지니어링,KOSDAQ,3170,5.31561462,92.27686703,15.06352087,91.80327869,11.81657848,76.32058288,0.00000000,40.80145719,75.45719490,85999952.00000000,255566755.00000000,False
228850,레이언스,KOSDAQ,8340,-2.68378063,5.86520947,6.64961637,78.68852459,17.79661017,82.76867031,39.69849246,90.71038251,75.44262295,591860688.50000000,569354205.00000000,False
331740,아우토크립트,KOSDAQ,7270,7.38552437,95.70127505,17.06924316,93.66120219,14.12872841,79.34426230,-3.19573901,29.87249545,75.38069217,386344226.50000000,473375760.00000000,False
032820,우리기술,KOSDAQ,12950,1.17187500,67.39526412,2.37154150,61.16575592,23.33333333,86.30236794,19.13523459,78.79781421,75.36976321,91205271040.25000000,27599825840.00000000,False
010120,LSELECTRIC,KOSPI,217500,4.06698565,88.48816029,7.14285714,79.59927140,13.22228006,78.10564663,5.58252427,56.79417122,75.32969035,78132435152.50000000,105538172000.00000000,False
365340,성일하이텍,KOSDAQ,39500,3.81077530,87.61384335,12.05673759,88.34244080,7.04607046,68.37887067,8.66574966,63.24225865,75.26411658,1203260445.00000000,2280583750.00000000,False
041190,우리기술투자,KOSDAQ,6340,-1.09204368,17.46812386,9.49913644,84.62659381,11.03327496,75.37340619,36.78532902,89.69034608,75.22222222,23300221811.00000000,17374847055.00000000,False
251970,펌텍코리아,KOSDAQ,63600,4.43349754,89.69034608,2.41545894,61.31147541,10.60869565,74.79052823,36.77419355,89.65391621,75.20947177,5807910877.50000000,9619879700.00000000,False
494120,큐리오시스,KOSDAQ,10490,6.71414039,94.86338798,21.69373550,96.68488160,27.30582524,88.41530055,-24.55951097,6.26593807,75.11111111,923710760.50000000,978643705.00000000,False
092190,서울바이오시스,KOSDAQ,8500,-5.86932447,1.23861566,11.84210526,88.10564663,11.84210526,76.42987250,36.65594855,89.54462659,75.03642987,1517213036.25000000,1317412130.00000000,False
222420,쎄노텍,KOSDAQ,984,0.51072523,56.93989071,7.18954248,79.74499089,16.17473436,81.53005464,8.84955752,63.95264117,75.02003643,240084867.44999999,124742620.00000000,False
005430,한국공항,KOSPI,95900,-1.84237462,9.76320583,9.85108820,85.17304189,23.90180879,86.70309654,11.90198366,68.88888889,74.98724954,519985745.00000000,610146050.00000000,False
190510,나무가,KOSDAQ,16020,0.18761726,49.39890710,2.69230769,62.91438980,21.36363636,85.24590164,27.95527157,84.95446266,74.90346084,3609002462.75000000,859351250.00000000,False
264450,유비쿼스,KOSDAQ,11810,0.51063830,56.90346084,3.96126761,68.99817851,14.88326848,80.29143898,23.14911366,81.74863388,74.85610200,808018575.25000000,519385500.00000000,False
037350,성도이엔지,KOSDAQ,8540,0.82644628,62.18579235,14.32396252,91.18397086,22.17453505,85.61020036,-1.27167630,35.15482696,74.84881603,968058786.75000000,1436337275.00000000,False
178920,PI첨단소재,KOSPI,20500,1.73697270,73.80692168,9.27505330,84.18943534,8.63804981,71.98542805,10.51212938,67.06739526,74.84517304,646834097.50000000,1103622750.00000000,False
060280,큐렉소,KOSDAQ,9020,2.73348519,82.07650273,9.06892382,83.67941712,10.67484663,74.86338798,6.11764706,57.92349727,74.84153005,1638338174.00000000,3503884985.00000000,False
441270,파인엠텍,KOSDAQ,9510,1.17021277,67.35883424,9.68858131,85.02732240,3.14533623,59.30783242,53.88349515,94.24408015,74.81602914,11904007226.50000000,4240094160.00000000,False
066970,엘앤에프,KOSPI,124500,9.11481157,96.86703097,8.73362445,83.24225865,2.97766749,58.65209472,25.12562814,83.24225865,74.76867031,61638299782.50000000,83971849550.00000000,False
056080,유진로봇,KOSDAQ,13060,2.99684543,83.16939891,9.84020185,85.10018215,18.29710145,83.09653916,-0.38138825,37.85063752,74.65573770,5606232753.50000000,20540316185.00000000,False
009140,케이아이이,KOSPI,23950,20.35175879,99.56284153,10.11494253,85.64663024,7.15883669,68.85245902,5.73951435,57.19489982,74.63023679,129871212.75000000,1268001005.00000000,False
093640,케이알엠,KOSDAQ,4775,2.35798499,79.59927140,2.02991453,59.01639344,11.95779601,76.61202186,42.11309524,91.47540984,74.60473588,141771252.44999999,156375552.00000000,False
114810,한솔아이원스,KOSDAQ,15430,-0.32299742,32.24043716,4.25675676,70.01821494,18.05661821,82.95081967,29.22948074,85.93806922,74.59744991,3048714833.25000000,1379114140.00000000,False
226320,잇츠한불,KOSPI,11210,4.66853408,90.27322404,6.76190476,78.90710383,6.45773979,67.10382514,15.68627451,74.93624772,74.52823315,227959786.50000000,552461545.00000000,False
199480,뱅크웨어글로벌,KOSDAQ,4205,4.08415842,88.56102004,2.43605359,61.53005464,8.37628866,71.47540984,47.28546410,92.78688525,74.46265938,76065059.50000000,136442070.00000000,False
140070,서플러스글로벌,KOSDAQ,2320,-2.31578947,7.50455373,5.69476082,75.62841530,16.11611612,81.45719490,43.20987654,91.91256831,74.40437158,143108295.40000001,97139040.00000000,False
044990,에이치엔에스하이텍,KOSDAQ,12200,4.27350427,89.32604736,9.02591600,83.60655738,10.90909091,75.20947177,3.12764159,51.40255009,74.37887067,125023859.75000000,174715475.00000000,False
092220,KEC,KOSPI,3290,2.01550388,76.13843352,5.28000000,74.06193078,29.52755906,89.94535519,0.15220700,42.73224044,74.35701275,2134644139.25000000,1316792829.00000000,False
001440,대한전선,KOSPI,31850,1.11111111,66.30236794,6.70016750,78.76138434,18.18181818,83.06010929,4.25531915,54.09836066,74.30236794,83262288116.25000000,83617160600.00000000,False
048910,대원미디어,KOSDAQ,7240,0.00000000,42.80510018,2.25988701,60.58287796,17.34197731,82.40437158,52.26077813,94.06193078,74.22950820,369531356.00000000,1437795315.00000000,False
027360,아주IB투자,KOSDAQ,4050,2.53164557,80.94717668,5.74412533,75.73770492,33.88429752,91.87613843,-2.05562273,32.78688525,74.12386157,14406408411.60000038,25031709063.00000000,False
393890,더블유씨피,KOSDAQ,10890,0.46125461,55.40983607,7.92864222,81.38433515,7.82178218,70.01821494,21.94848824,80.72859745,74.10928962,2432616991.00000000,4439189185.00000000,False
092200,디아이씨,KOSPI,5900,2.25303293,78.45173042,5.92459605,76.28415301,4.98220641,63.75227687,35.94470046,89.36247723,74.10382514,1208994521.50000000,1489776850.00000000,False
388720,유일로보틱스,KOSDAQ,72400,2.40452617,79.89071038,6.78466077,79.01639344,15.84000000,81.20218579,2.40452617,49.58105647,74.09107468,2318737112.50000000,2957789400.00000000,False
489790,한화비전,KOSPI,52000,1.16731518,67.24954463,12.79826464,89.39890710,6.77618070,67.75956284,10.63829787,67.21311475,74.09107468,8367635518.75000000,11469393050.00000000,False
361670,삼영에스앤씨,KOSDAQ,3890,0.51679587,57.10382514,7.75623269,80.91074681,6.86813187,67.90528233,27.33224223,84.69945355,74.08561020,24143546.05000000,61855415.00000000,False
006910,보성파워텍,KOSDAQ,7600,2.01342282,76.10200364,4.82758621,72.67759563,13.09523810,77.95992714,10.30478955,66.77595628,73.95264117,8538916598.75000000,5300439795.00000000,False
474650,링크솔루션,KOSDAQ,28800,-2.70270270,5.71948998,8.06754221,81.78506375,29.72972973,90.05464481,8.88468809,64.00728597,73.93078324,1036149681.25000000,813611100.00000000,False
071670,에이테크솔루션,KOSDAQ,5480,3.00751880,83.24225865,9.16334661,83.93442623,9.60000000,73.51548270,4.58015267,54.75409836,73.86156648,78637401.05000000,200708420.00000000,False
027580,상보,KOSDAQ,1936,-1.22448980,15.55555556,3.80697051,68.34244080,18.77300613,83.49726776,43.30125833,91.98542805,73.85428051,109783564.70000000,32295841.00000000,False
376180,피코그램,KOSDAQ,1543,3.00400534,83.20582878,11.40794224,87.65027322,6.70816044,67.61384335,7.30180807,60.69216758,73.79963570,45886174.60000000,36183200.00000000,False
293490,카카오게임즈,KOSDAQ,10070,-1.08055010,17.77777778,6.11169652,77.12204007,14.04303511,79.16211293,29.43444730,86.04735883,73.78870674,3102757437.25000000,4767479635.00000000,False
474170,루미르,KOSDAQ,7500,0.00000000,42.80510018,6.08203678,76.97632058,20.77294686,84.80874317,7.91366906,61.93078324,73.68306011,443361566.75000000,1138712115.00000000,False
052900,KX하이텍,KOSDAQ,1231,0.08130081,47.21311475,9.13120567,83.89799636,29.57894737,89.98178506,-0.24311183,38.54280510,73.59198543,806438340.70000005,1020409383.00000000,False
215100,로보로보,KOSDAQ,4305,2.25653207,78.50637523,6.03448276,76.79417122,9.26395939,72.85974499,11.09677419,67.79599271,73.59198543,298938889.05000001,307230300.00000000,False
265520,AP시스템,KOSDAQ,20900,1.21065375,67.94171220,9.53878407,84.73588342,13.21776815,78.06921676,2.70270270,50.38251366,73.51912568,815830455.75000000,687778400.00000000,False
336680,탑런토탈솔루션,KOSDAQ,3065,2.85234899,82.76867031,3.54729730,67.28597450,12.06581353,76.79417122,13.51851852,71.58469945,73.49726776,60262117.75000000,295542679.00000000,False
006120,SK디스커버리,KOSPI,66500,-1.62721893,11.51183971,3.74414977,68.16029144,23.37662338,86.41165756,29.88281250,86.44808743,73.45355191,1737301785.45000005,1472576250.00000000,False
093520,매커스,KOSDAQ,29400,-1.17647059,16.46630237,4.25531915,69.98178506,13.51351351,78.32422587,77.10843373,97.37704918,73.44626594,472311742.50000000,430228950.00000000,False
042520,한스바이오메드,KOSDAQ,22450,3.45622120,85.39162113,25.13935340,97.85063752,16.14071392,81.49362477,-12.13307241,14.64480874,73.42076503,2240374843.50000000,1734197225.00000000,False
078130,국일제지,KOSDAQ,3850,4.05405405,88.37887067,11.27167630,87.35883424,8.75706215,72.24043716,1.58311346,47.17668488,73.37704918,281620016.44999999,579375097.00000000,False
027040,서울전자통신,KOSDAQ,2030,16.66666667,99.14389800,7.80669145,81.02003643,8.78885316,72.31329690,2.99340436,51.00182149,73.34608379,1009900006.79999995,2051690979.00000000,False
012610,경인양행,KOSPI,3455,1.02339181,65.06375228,7.80031201,80.98360656,9.33544304,72.96903461,10.20733652,66.55737705,73.30054645,356642708.50000000,447127496.00000000,False
199430,케이엔알시스템,KOSDAQ,18320,2.06128134,76.75774135,2.69058296,62.84153005,7.13450292,68.70673953,68.84792627,96.39344262,73.28961749,3418193328.50000000,1524616650.00000000,False
317870,엔바이오니아,KOSDAQ,5390,3.05927342,83.53369763,4.86381323,72.78688525,5.47945205,64.93624772,28.33333333,85.31876138,73.22768670,54622001.50000000,71380390.00000000,False
486990,노타,KOSDAQ,20950,2.19512195,78.06921676,2.94840295,64.37158470,21.73155142,85.31876138,6.77879715,59.63570128,73.17304189,8127474382.50000000,4374641750.00000000,False
217500,러셀,KOSDAQ,1639,1.17283951,67.43169399,8.61497681,82.95081967,6.15284974,66.26593807,15.91230552,75.19125683,73.17304189,84503221.84999999,250528705.00000000,False
358570,지아이이노베이션,KOSDAQ,9100,1.44927536,70.69216758,5.32407407,74.28051002,19.42257218,83.86156648,3.05775764,51.22040073,73.14207650,2991485774.00000000,2311189455.00000000,False
00781K,코리아써키트2우B,KOSPI,16190,5.19818064,91.87613843,11.73222912,87.97814208,15.89119542,81.23861566,-5.32163743,25.31876138,73.14025501,17678453.00000000,38328200.00000000,False
0120G0,삼양바이오팜,KOSPI,50900,5.05675955,91.25683060,7.83898305,81.12932605,5.71131880,65.35519126,11.01417666,67.65027322,73.13661202,1673769597.50000000,2261430550.00000000,False
009290,광동제약,KOSPI,6870,4.40729483,89.61748634,5.69230769,75.59198543,8.35962145,71.40255009,9.04761905,64.51730419,73.10382514,794806238.25000000,1941773005.00000000,False
003720,삼영,KOSPI,6640,2.62751159,81.49362477,4.56692913,71.65755920,11.59663866,76.10200364,9.21052632,64.91803279,73.07103825,876444111.50000000,1522315040.00000000,False
432470,케이엔에스,KOSDAQ,10600,1.62991371,73.04189435,4.02355250,69.18032787,6.21242485,66.48451730,43.24324324,91.94899818,73.04189435,3215391264.75000000,405465570.00000000,False
044490,태웅,KOSDAQ,38150,0.26281209,51.83970856,3.52781547,67.17668488,10.57971014,74.75409836,34.80565371,88.77959927,72.99453552,10012932722.50000000,3786015700.00000000,False
321550,티움바이오,KOSDAQ,4720,3.05676856,83.49726776,4.42477876,70.85610200,8.38117107,71.51183971,14.84184915,73.80692168,72.97267760,705653631.00000000,517659590.00000000,False
047310,파워로직스,KOSDAQ,3315,1.37614679,69.98178506,5.91054313,76.13843352,12.18274112,76.86703097,7.80487805,61.78506375,72.94353370,297356749.05000001,557996012.00000000,False
309930,조이웍스앤코,KOSDAQ,945,5.11679644,91.58469945,12.63408820,89.10746812,2.05183585,56.06557377,14.40677966,73.07832423,72.93260474,86863175.80000000,99900273.00000000,False
032940,원익,KOSDAQ,9300,-0.32154341,32.34972678,4.96613995,73.11475410,8.39160839,71.54826958,62.58741259,95.70127505,72.92896175,23451459095.75000000,1966127470.00000000,False
394280,오픈엣지테크놀로지,KOSDAQ,10640,0.47214353,55.70127505,9.46502058,84.48087432,28.50241546,89.32604736,-2.56410256,31.18397086,72.88160291,1025542532.00000000,1187938605.00000000,False
391710,코닉오토메이션,KOSDAQ,1295,2.45253165,80.40072860,2.53365004,62.14936248,14.50044209,79.85428051,13.10043668,71.00182149,72.82695811,1118039770.45000005,181988999.00000000,False
476830,알지노믹스,KOSDAQ,30200,6.90265487,95.15482696,20.31872510,96.17486339,14.39393939,79.70856102,-13.96011396,12.85974499,72.82331512,7595835758.75000000,13029432050.00000000,False
489500,엘케이켐,KOSDAQ,24150,-1.22699387,15.48269581,3.87096774,68.74316940,22.52663623,85.75591985,22.34042553,80.94717668,72.66302368,360303918.00000000,676567500.00000000,False
253840,수젠텍,KOSDAQ,4690,2.73822563,82.14936248,2.73822563,63.31511840,8.69061414,72.05828780,24.56839309,82.95081967,72.62295082,820692305.70000005,750260120.00000000,False
024900,디와이덕양,KOSPI,2225,-1.54867257,12.20400729,2.29885057,60.72859745,31.96915777,90.96539162,25.91963780,83.82513661,72.59016393,551565232.14999998,279171895.00000000,False
328380,솔트웨어,KOSDAQ,4010,2.95250321,82.98724954,5.94451783,76.50273224,2.03562341,55.99271403,56.33528265,94.71766849,72.59016393,64191837.10000000,41175897.00000000,False
166480,코아스템켐온,KOSDAQ,2340,0.42918455,54.60837887,7.33944954,80.29143898,7.09382151,68.63387978,17.88413098,77.34061931,72.46994536,262256108.44999999,436776338.00000000,False
319660,피에스케이,KOSDAQ,154000,1.31578947,69.38069217,9.21985816,84.11657559,25.81699346,87.46812386,-4.82076638,26.41165756,72.44262295,48282566037.50000000,49378608800.00000000,False
223250,드림씨아이에스,KOSDAQ,3695,0.27137042,52.02185792,5.57142857,75.15482696,11.96969697,76.64845173,12.65243902,70.16393443,72.44080146,2057328246.09999990,560982114.00000000,False
045100,한양이엔지,KOSDAQ,34250,-1.72166428,10.71038251,9.07643312,83.71584699,17.29452055,82.33151184,10.12861736,66.30236794,72.37887067,2626218022.50000000,2635512650.00000000,False
493280,아이엠바이오로직스,KOSDAQ,18960,9.15371330,96.90346084,6.45704660,78.06921676,32.40223464,91.22040073,-12.82758621,13.80692168,72.36065574,2944198559.00000000,7673629960.00000000,False
086670,비엠티,KOSDAQ,19620,3.86447856,87.94171220,0.35805627,45.42805100,15.61579258,81.02003643,32.65720081,87.61384335,72.35336976,930795241.00000000,1259524140.00000000,False
298830,슈어소프트테크,KOSDAQ,4475,1.24434389,68.30601093,9.27960928,84.22586521,7.31414868,69.10746812,8.48484848,62.95081967,72.33151184,707225574.95000005,1230739544.00000000,False
336260,두산퓨얼셀,KOSPI,47800,4.02611534,88.34244080,3.35135135,66.13843352,22.56410256,85.82877960,1.37857900,46.48451730,72.30418944,52761559697.50000000,23005930550.00000000,False
049950,미래컴퍼니,KOSDAQ,11470,-0.60658579,26.15664845,8.00376648,81.56648452,14.35692921,79.67213115,10.28846154,66.70309654,72.29508197,189685631.25000000,298967095.00000000,False
381620,제닉스로보틱스,KOSDAQ,6310,1.61030596,72.71402550,4.47019868,71.07468124,11.09154930,75.48269581,10.89630931,67.46812386,72.28051002,271149662.00000000,252092835.00000000,False
147830,제룡산업,KOSDAQ,7470,1.63265306,73.07832423,5.65770863,75.48269581,10.33973412,74.46265938,8.26086957,62.55009107,72.24772313,745703808.25000000,910590145.00000000,False
140670,알에스오토메이션,KOSDAQ,10840,1.11940299,66.41165756,5.03875969,73.33333333,8.50850851,71.87613843,15.07430998,74.18943534,72.22950820,691131421.50000000,613731680.00000000,False
104200,NHN벅스,KOSDAQ,2705,13.65546218,98.50637523,25.52204176,97.88706740,6.91699605,68.01457195,-3.56506239,28.96174863,72.21493625,138043803.50000000,545873790.00000000,False
199820,제일일렉트릭,KOSDAQ,8020,1.26262626,68.48816029,5.52631579,75.00910747,13.59773371,78.46994536,5.80474934,57.34061931,72.20765027,979378787.75000000,1025624805.00000000,False
041020,폴라리스오피스,KOSDAQ,3260,2.03442879,76.53916211,3.49206349,66.92167577,13.58885017,78.39708561,9.57983193,65.42805100,72.17486339,446238694.05000001,684789450.00000000,False
095340,ISC,KOSDAQ,208000,-0.95238095,19.41712204,2.21130221,60.18214936,21.14152592,85.17304189,38.57428381,90.45537341,72.15664845,32636907475.00000000,37913469000.00000000,False
119610,인터로조,KOSDAQ,16440,-3.69068541,3.42440801,11.45762712,87.72313297,21.50776053,85.28233151,5.45221296,56.61202186,72.09471767,529534039.75000000,620472690.00000000,False
037370,EG,KOSDAQ,4300,-0.11614402,37.88706740,1.17647059,53.26047359,20.78651685,84.84517304,42.62023217,91.73041894,72.05100182,81911482.84999999,40864655.00000000,False
011070,LG이노텍,KOSPI,655000,14.11149826,98.61566485,14.11149826,90.85610200,17.80575540,82.80510018,-19.53316953,8.77959927,71.99635701,113148304286.00000000,287140650500.00000000,False
079950,인베니아,KOSDAQ,1443,-2.50000000,6.83060109,5.02183406,73.26047359,11.42857143,75.81056466,58.57142857,95.04553734,71.99453552,214097282.19999999,68056052.00000000,False
099320,쎄트렉아이,KOSDAQ,83400,1.09090909,65.93806922,3.86052304,68.63387978,23.73887240,86.59380692,2.83600493,50.67395264,71.95628415,4115017045.00000000,11546422900.00000000,False
163280,에어레인,KOSDAQ,3915,1.82054616,74.60837887,5.66801619,75.51912568,10.28169014,74.38979964,7.11354309,60.36429872,71.94535519,543087925.35000002,128430877.00000000,False
054210,이랜텍,KOSDAQ,7250,6.61764706,94.53551913,7.72659733,80.80145719,8.04769001,70.63752277,2.54596888,49.87249545,71.92349727,698194136.50000000,1775205980.00000000,False
294570,쿠콘,KOSDAQ,27700,1.09489051,66.04735883,5.52380952,74.97267760,3.55140187,60.47358834,48.04917157,93.11475410,71.90892532,5484355480.00000000,2466429350.00000000,False
234340,헥토파이낸셜,KOSDAQ,23800,-0.62630480,25.70127505,7.93650794,81.42076503,6.96629213,68.19672131,33.70786517,88.05100182,71.88524590,14543775821.25000000,7137210175.00000000,False
251120,바이오에프디엔씨,KOSDAQ,9920,0.71065990,60.47358834,4.64135021,71.94899818,11.83765502,76.39344262,11.21076233,68.01457195,71.79234973,147634130.00000000,281678340.00000000,False
187660,페니트리움바이오,KOSDAQ,6900,-1.98863636,8.59744991,0.87719298,50.96539162,35.29411765,92.53187614,46.34146341,92.60473588,71.68306011,19014569570.04999924,5791779150.00000000,False
035510,신세계IC,KOSPI,15730,1.81229773,74.46265938,0.38289726,45.68306011,21.09314858,85.06375228,24.05362776,82.51366120,71.67941712,3600678394.00000000,1416818290.00000000,False
289930,웨이비스,KOSDAQ,8440,-0.82256169,21.89435337,3.94088670,68.96174863,32.28840125,91.03825137,7.79054917,61.67577413,71.62841530,784707319.50000000,518703260.00000000,False
462980,아이지넷,KOSDAQ,1699,1.49342891,71.54826958,3.28267477,65.79234973,11.70282709,76.17486339,13.26666667,71.22040073,71.60655738,52177800.90000000,24919057.00000000,False
083930,아바코,KOSDAQ,12740,0.31496063,52.67759563,3.15789474,65.42805100,12.44483672,77.34061931,18.95424837,78.65209472,71.56284153,370189876.50000000,409897650.00000000,False
022100,포스코DX,KOSPI,22100,5.48926014,92.60473588,9.67741935,84.99089253,3.27102804,59.59927140,9.13580247,64.80874317,71.55919854,6348952853.50000000,8116985675.00000000,False
450950,아스테라시스,KOSDAQ,6380,0.47244094,55.75591985,11.14982578,87.14025501,25.09803922,87.24954463,-5.62130178,24.62659381,71.54280510,317495653.60000002,380058090.00000000,False
389260,대명에너지,KOSDAQ,13920,4.26966292,89.28961749,4.26966292,70.05464481,9.86582478,73.87978142,7.07692308,60.10928962,71.51912568,1153293187.00000000,2217173445.00000000,False
003380,하림지주,KOSDAQ,11620,2.74093722,82.29508197,4.40251572,70.67395264,6.70339761,67.57741348,15.73705179,75.08196721,71.47905282,4056430872.50000000,4790212230.00000000,False
012790,신일제약,KOSDAQ,6490,0.15432099,48.37887067,5.18638574,73.73406193,7.80730897,69.98178506,24.09177820,82.58652095,71.46812386,97078136.00000000,127417670.00000000,False
307180,아이엘,KOSDAQ,5900,2.25303293,78.45173042,2.25303293,60.51001821,7.27272727,69.03460838,35.63218391,89.21675774,71.45537341,1413574237.50000000,1139690620.00000000,False
098660,에스티오,KOSDAQ,1704,1.97486535,75.84699454,8.53503185,82.76867031,6.43347908,67.06739526,7.50788644,61.02003643,71.44626594,18372194.25000000,15697821.00000000,False
078070,유비쿼스홀딩스,KOSDAQ,9240,0.10834236,47.57741348,5.35917902,74.46265938,10.00000000,74.00728597,14.64019851,73.66120219,71.43169399,173843446.00000000,226973995.00000000,False
145720,덴티움,KOSPI,40400,4.52781371,90.05464481,8.89487871,83.53369763,8.45637584,71.80327869,0.24813896,43.22404372,71.43169399,477070298.75000000,1773045250.00000000,False
900340,윙입푸드,KOSDAQ,1436,12.89308176,98.36065574,16.27530364,93.00546448,0.70126227,50.71038251,10.37663336,66.88524590,71.39890710,341201918.64999998,660454346.00000000,False
0004V0,엔비알모션,KOSDAQ,6400,3.05958132,83.57012750,5.96026490,76.53916211,28.00000000,89.07103825,-6.97674419,22.11293260,71.36976321,1355104981.50000000,837082665.00000000,False
053260,금강철강,KOSDAQ,7170,-1.10344828,17.19489982,3.46320346,66.79417122,12.20657277,76.90346084,51.26582278,93.91621129,71.30236794,29872415675.50000000,6672152820.00000000,False
373200,엑스플러스,KOSDAQ,1950,3.50318471,85.75591985,21.87500000,96.83060109,16.00237954,81.34790528,-25.85551331,5.64663024,71.29326047,167373266.15000001,269713988.00000000,False
271830,팸텍,KOSDAQ,1128,1.62162162,72.87795993,4.15512465,69.61748634,12.23880597,77.01275046,7.73638968,61.42076503,71.26229508,302230374.05000001,111079892.00000000,False
168330,내츄럴엔도텍,KOSDAQ,2405,-0.20746888,35.00910747,2.34042553,61.02003643,15.62500000,81.07468124,27.85752259,84.88160291,71.21311475,24759735.05000000,52339267.00000000,False
126600,BGF에코머티리얼즈,KOSDAQ,3225,0.78125000,61.76684882,6.78807947,79.05282332,8.76897133,72.27686703,7.85953177,61.89435337,71.18214936,170650475.34999999,108079789.00000000,False
171010,램테크놀러지,KOSDAQ,2785,5.29300567,92.13114754,9.21568627,84.08014572,5.69259962,65.31876138,3.72439479,52.75045537,71.11475410,66464918.60000000,187528605.00000000,False
451760,컨텍,KOSDAQ,8780,0.57273769,57.95992714,3.41578327,66.55737705,29.88165680,90.09107468,1.38568129,46.57559199,71.11475410,1232760072.75000000,2356440975.00000000,False
023150,MH에탄올,KOSPI,4535,0.00000000,42.80510018,14.52020202,91.36612022,10.07281553,74.06193078,2.13963964,48.63387978,71.04189435,52932701.20000000,85728845.00000000,False
125020,티씨머티리얼즈,KOSDAQ,6260,0.16000000,48.63387978,4.33333333,70.30965392,7.93103448,70.34608379,27.62487258,84.73588342,71.04189435,4927233311.00000000,2608773315.00000000,False
454910,두산로보틱스,KOSPI,75700,3.55677155,86.30236794,8.60832138,82.91438980,14.35045317,79.63570128,-3.93401015,28.34244080,71.02732240,20852481737.50000000,39875014500.00000000,False
282720,금양그린파워,KOSDAQ,7900,1.41206675,70.38251366,4.91367862,73.00546448,8.81542700,72.38615665,9.72222222,65.57377049,71.00910747,130060608.75000000,118766610.00000000,False
041920,메디아나,KOSDAQ,10240,0.98619329,64.51730419,6.33437175,77.66848816,25.03052503,87.21311475,-2.38322212,31.65755920,70.96903461,635382050.75000000,1022748235.00000000,False
009835,한화솔루션우,KOSPI,19090,2.03099947,76.50273224,4.48823207,71.18397086,11.37689615,75.73770492,6.23260991,58.25136612,70.95081967,157749933.50000000,191629260.00000000,False
277810,레인보우로보틱스,KOSDAQ,466000,3.90189521,88.12386157,10.29585799,85.79234973,6.75830470,67.65027322,1.41458107,46.66666667,70.94353370,30205998875.00000000,39601213000.00000000,False
179900,유티아이,KOSDAQ,2590,11.87904968,98.14207650,10.92077088,86.66666667,23.33333333,86.30236794,-36.82926829,2.98724954,70.93260474,682912405.60000002,1527243859.00000000,False
0010F0,보원케미칼,KOSDAQ,2935,-3.45394737,3.82513661,1.55709343,56.02914390,33.10657596,91.62112933,28.44638950,85.39162113,70.91803279,5579324269.05000019,1107774540.00000000,False
002320,한진,KOSPI,16300,4.75578406,90.45537341,10.50847458,86.01092896,9.61667787,73.55191257,-1.92539110,33.18761384,70.90710383,483928231.25000000,470909890.00000000,False
396270,넥스트칩,KOSDAQ,2445,-1.41129032,13.44262295,4.48717949,71.14754098,28.68421053,89.50819672,7.94701987,62.00364299,70.89253188,1360575327.54999995,595907894.00000000,False
246960,SCL사이언스,KOSDAQ,2870,9.33333333,96.97632058,-1.88034188,22.04007286,27.27272727,88.34244080,60.87443946,95.37340619,70.72131148,371257193.85000002,485414775.00000000,False
468530,프로티나,KOSDAQ,51500,1.57790927,72.38615665,-3.01318267,14.97267760,67.47967480,97.88706740,106.41282565,99.16211293,70.71766849,5862574163.75000000,6395658750.00000000,False
100660,서암기계공업,KOSDAQ,3335,1.21396055,68.01457195,7.06260032,79.41712204,8.27922078,71.11111111,6.21019108,58.17850638,70.70673953,118982458.65000001,318094635.00000000,False
115160,휴맥스,KOSDAQ,5910,6.87160940,95.08196721,3.86643234,68.67030965,9.85130112,73.84335155,4.78723404,55.19125683,70.68488160,45608798.75000000,158077220.00000000,False
310200,애니플러스,KOSDAQ,2235,2.28832952,78.79781421,15.86314152,92.71402550,11.19402985,75.59198543,-6.28930818,23.64298725,70.65938069,388027046.25000000,465051160.00000000,False
000155,두산우,KOSPI,481000,6.65188470,94.60837887,0.62761506,48.48816029,20.40050063,84.51730419,8.82352941,63.80692168,70.57559199,4637900876.94999981,5516587250.00000000,False
058970,엠로,KOSDAQ,17220,1.95381883,75.66484517,4.17422868,69.76320583,12.54901961,77.37704918,4.93601463,55.55555556,70.55737705,339599410.00000000,404770730.00000000,False
006405,삼성SDI우,KOSPI,224500,6.14657210,93.69763206,4.41860465,70.74681239,4.90654206,63.60655738,13.78611252,72.27686703,70.49180328,887806500.00000000,2163336500.00000000,False
023810,인팩,KOSPI,5420,2.26415094,78.61566485,8.18363273,82.00364299,3.83141762,61.42076503,10.72522983,67.28597450,70.48816029,62331592.75000000,85943700.00000000,False
451220,아이엠티,KOSDAQ,9380,0.64377682,59.05282332,11.13744076,87.04918033,16.37717122,81.60291439,-3.79487179,28.63387978,70.38797814,266055749.25000000,243207425.00000000,False
270660,에브리봇,KOSDAQ,13980,2.49266862,80.67395264,3.94052045,68.92531876,3.94052045,61.82149362,27.09090909,84.51730419,70.37704918,370003772.75000000,453851650.00000000,False
017510,세명전기,KOSDAQ,8010,1.00882724,64.69945355,2.82413350,63.71584699,14.42857143,79.78142077,8.97959184,64.26229508,70.34972678,1405948455.50000000,1075104370.00000000,False
377480,마음AI,KOSDAQ,10470,3.25443787,84.51730419,2.14634146,59.67213115,9.51882845,73.33333333,14.42622951,73.15118397,70.31693989,487537065.75000000,415268735.00000000,False
0015G0,그린광학,KOSDAQ,16250,-1.87198068,9.43533698,7.18997361,79.78142077,20.72808321,84.77231330,5.79427083,57.30418944,70.24772313,909280180.75000000,2243965840.00000000,False
241790,티이엠씨씨엔에스,KOSDAQ,6540,0.00000000,42.80510018,4.64000000,71.91256831,6.16883117,66.33879781,35.68464730,89.25318761,70.24043716,545449330.00000000,183060230.00000000,False
019990,에너토크,KOSDAQ,5370,2.67686424,81.89435337,4.06976744,69.32604736,10.95041322,75.33697632,4.88281250,55.44626594,70.21129326,723134569.70000005,174342560.00000000,False
272290,이녹스첨단소재,KOSDAQ,22800,0.21978022,50.54644809,8.31353919,82.36794171,12.31527094,77.15846995,1.78571429,47.75956284,70.18032787,1758128697.25000000,1958974150.00000000,False
084730,팅크웨어,KOSDAQ,6950,-0.28694405,33.04189435,6.10687023,77.06739526,10.49284579,74.68123862,12.09677419,69.36247723,70.16939891,133219917.25000000,44855145.00000000,False
008250,이건산업,KOSPI,3215,3.04487179,83.35154827,5.40983607,74.71766849,5.75657895,65.46448087,9.91452991,65.90163934,70.11657559,108870227.90000001,155053863.00000000,False
285490,노바텍,KOSDAQ,12780,0.62992126,58.87067395,4.07166124,69.39890710,10.45808124,74.60837887,11.13043478,67.83242259,70.11657559,242221734.00000000,336152890.00000000,False
025550,한국선재,KOSDAQ,2390,2.13675214,77.43169399,3.68763557,67.94171220,11.94379391,76.53916211,5.51876380,56.72131148,70.08561020,139572807.84999999,192115900.00000000,False
000020,동화약품,KOSPI,5440,6.66666667,94.69945355,6.66666667,78.72495446,4.61538462,62.98724954,6.25000000,58.30601093,69.94353370,1941249971.20000005,33788036490.00000000,False
396300,HT로보틱스,KOSDAQ,6100,-1.13452188,16.86703097,3.56536503,67.39526412,7.96460177,70.41894353,94.88817891,98.79781421,69.83242259,20675906476.50000000,7859728530.00000000,False
0007C0,아크릴,KOSDAQ,19330,3.86888769,87.97814208,-0.82093381,29.36247723,32.57887517,91.29326047,18.66175568,78.39708561,69.80327869,6273328973.00000000,1883785525.00000000,False
018470,조일알미늄,KOSPI,5340,1.90839695,75.48269581,1.71428571,57.30418944,9.76361768,73.73406193,18.14159292,77.77777778,69.78870674,442032584.55000001,584508040.00000000,False
299170,더블유에스아이,KOSDAQ,1508,2.02976996,76.46630237,0.39946738,45.82877960,23.60655738,86.52094718,11.86943620,68.77959927,69.75956284,3961299989.34999990,2814283831.00000000,False
294140,레몬,KOSDAQ,2810,-4.42176871,2.22222222,2.55474453,62.25865209,27.14932127,88.19672131,18.31578947,77.88706740,69.75591985,62487910.25000000,55190960.00000000,False
138610,나이벡,KOSDAQ,16610,3.55361596,86.26593807,8.56209150,82.80510018,10.00000000,74.00728597,-1.83215130,33.40619308,69.75227687,569206848.00000000,779009515.00000000,False
306200,세아제강,KOSPI,154300,0.39037085,53.95264117,5.54035568,75.04553734,4.61016949,62.95081967,24.53591606,82.87795993,69.66484517,2005053077.50000000,1731952550.00000000,False
033230,인성정보,KOSDAQ,1152,2.30905861,79.05282332,3.59712230,67.50455373,7.56302521,69.47176685,11.30434783,68.19672131,69.58469945,215427013.65000001,449944579.00000000,False
399720,가온칩스,KOSDAQ,48500,0.00000000,42.80510018,7.65815760,80.72859745,20.34739454,84.40801457,-0.91930541,36.28415301,69.51912568,5691962041.25000000,5140570650.00000000,False
088390,이녹스,KOSDAQ,8450,2.79805353,82.62295082,4.06403941,69.25318761,4.96894410,63.71584699,15.59507524,74.89981785,69.50455373,40956903.00000000,50606850.00000000,False
049630,재영솔루텍,KOSDAQ,7410,1.36798906,69.87249545,3.78151261,68.26958106,9.45347120,73.11475410,8.81057269,63.71584699,69.45719490,1438781940.50000000,1302742555.00000000,False
0013V0,삼진식품,KOSDAQ,5490,-0.36297641,31.47540984,10.02004008,85.42805100,9.58083832,73.47905282,5.37428023,56.39344262,69.44626594,315646377.55000001,346743170.00000000,False
108230,톱텍,KOSDAQ,3305,1.53609831,71.91256831,4.42338073,70.78324226,5.59105431,65.10018215,14.75694444,73.77049180,69.22040073,1350828934.95000005,399550233.00000000,False
038680,에스넷,KOSDAQ,3960,3.66492147,86.95810565,6.59488560,78.61566485,0.50761421,49.76320583,27.33118971,84.66302368,69.11839709,261017226.94999999,426606800.00000000,False
170790,파이오링크,KOSDAQ,8770,4.40476190,89.58105647,3.78698225,68.30601093,5.15587530,64.15300546,12.43589744,69.67213115,69.04553734,200559524.00000000,1459283515.00000000,False
465480,인스피언,KOSDAQ,4015,1.38888889,70.12750455,1.00628931,52.09471767,15.37356322,80.83788707,12.46498599,69.76320583,68.92896175,48011981.70000000,139975280.00000000,False
071200,인피니트헬스케어,KOSDAQ,11920,1.70648464,73.58834244,-1.81219110,22.65938069,26.67375133,87.90528233,75.29411765,97.19489982,68.75774135,2415746788.75000000,295371280.00000000,False
078890,가온그룹,KOSDAQ,4675,-0.74309979,23.16939891,6.37087600,77.74134791,16.00496278,81.38433515,3.65853659,52.45901639,68.68488160,266269205.80000001,399732380.00000000,False
016670,디모아,KOSDAQ,2720,-1.98198198,8.67030965,4.81695568,72.53187614,14.28571429,79.58105647,13.09771310,70.96539162,68.65209472,24138642.90000000,29931930.00000000,False
054540,삼영엠텍,KOSDAQ,7150,-0.41782730,30.01821494,6.71641791,78.79781421,11.71875000,76.21129326,5.92592593,57.63205829,68.65209472,515748051.25000000,581905870.00000000,False
088130,동아엘텍,KOSDAQ,5770,-1.02915952,18.32422587,4.52898551,71.51183971,10.11450382,74.13479053,18.84654995,78.46994536,68.63387978,390452367.25000000,426545680.00000000,False
096770,SK이노베이션,KOSPI,156700,3.56906808,86.37522769,-1.38451857,25.28233151,19.80122324,84.11657559,50.96339114,93.77049180,68.62295082,147085864777.50000000,134509880150.00000000,False
066700,테라젠이텍스,KOSDAQ,2305,0.87527352,62.91438980,3.13199105,65.35519126,8.72641509,72.09471767,12.16545012,69.43533698,68.62295082,117465338.50000000,63825040.00000000,False
101000,KS인더스트리,KOSDAQ,1518,0.00000000,42.80510018,-2.06451613,20.72859745,80.28503563,98.97996357,46.38379942,92.64116576,68.61930783,928884315.25000000,65344321.00000000,False
304100,솔트룩스,KOSDAQ,15620,1.16580311,67.21311475,3.85638298,68.56102004,3.58090186,60.65573770,28.03278689,85.06375228,68.56466302,1107535230.50000000,1115025940.00000000,False
073110,엘엠에스,KOSDAQ,5400,3.05343511,83.46083789,3.64683301,67.68670310,8.54271357,71.94899818,4.85436893,55.40983607,68.51366120,12315594.00000000,11756540.00000000,False
290270,휴네시온,KOSDAQ,2930,3.35097002,84.88160291,4.45632799,71.03825137,5.20646320,64.33515483,9.12476723,64.73588342,68.48087432,87494583.65000001,620778737.00000000,False
307930,컴퍼니케이,KOSDAQ,6570,1.86046512,75.08196721,2.17729393,59.89071038,10.23489933,74.31693989,10.05025126,66.12021858,68.42622951,333878976.00000000,971902480.00000000,False
201490,미투온,KOSDAQ,3535,3.51390922,85.79234973,-3.94021739,11.25683060,35.18164436,92.42258652,78.35519677,97.44990893,68.41530055,33569543981.75000000,4614789979.00000000,False
130580,나이스디앤비,KOSDAQ,6930,-0.28776978,33.00546448,0.58055152,47.79599271,23.30960854,86.22950820,22.87234043,81.42076503,68.41530055,189222698.50000000,141581100.00000000,False
452300,캡스톤파트너스,KOSDAQ,2545,-0.39138943,30.67395264,3.87755102,68.77959927,11.86813187,76.50273224,12.86031042,70.56466302,68.41530055,112351903.05000000,104231617.00000000,False
030520,한컴,KOSDAQ,18370,6.80232558,94.93624772,5.57471264,75.22768670,6.55452436,67.17668488,1.60398230,47.21311475,68.37522769,2378730709.25000000,9176330235.00000000,False
417970,모델솔루션,KOSDAQ,11260,0.17793594,49.12568306,7.44274809,80.36429872,9.53307393,73.36976321,2.55009107,49.94535519,68.35883424,104013984.25000000,164453230.00000000,False
048410,현대바이오,KOSDAQ,7170,1.27118644,68.56102004,5.28634361,74.09836066,18.51239669,83.31511840,-3.23886640,29.69034608,68.34972678,10882814026.00000000,7154865530.00000000,False
220100,퓨쳐켐,KOSDAQ,7300,2.09790210,77.12204007,6.41399417,77.92349727,11.45038168,75.88342441,-1.51106314,34.49908925,68.34244080,828909337.25000000,430272220.00000000,False
019170,신풍제약,KOSPI,10090,8.37808808,96.46630237,9.19913420,83.97085610,-0.09900990,42.73224044,23.19902320,81.85792350,68.30236794,2730902663.50000000,4286792330.00000000,False
419080,엔젯,KOSDAQ,5160,1.57480315,72.31329690,3.20000000,65.61020036,5.30612245,64.55373406,18.07780320,77.59562842,68.25500911,133804464.84999999,90630305.00000000,False
017890,한국알콜,KOSDAQ,15810,0.12666244,47.83242259,1.08695652,52.67759563,12.28693182,77.08561020,25.87579618,83.78870674,68.17850638,1069406049.75000000,1324023105.00000000,False
0010V0,제이피아이헬스케어,KOSDAQ,9020,1.00783875,64.66302368,4.39814815,70.60109290,3.32187858,59.74499089,24.75795297,83.09653916,68.16393443,31743616.25000000,49593950.00000000,False
234690,녹십자웰빙,KOSDAQ,10850,-0.82266910,21.85792350,14.93644068,91.73041894,0.93023256,51.76684882,33.95061728,88.16029144,68.04371585,4210292484.25000000,2535097425.00000000,False
127980,화인써키트,KOSDAQ,2940,3.88692580,88.03278689,12.64367816,89.14389800,8.28729282,71.14754098,-8.26833073,20.10928962,68.02732240,24629188.30000000,73511775.00000000,False
215360,우리산업,KOSDAQ,6660,3.41614907,85.10018215,8.46905537,82.58652095,3.57698289,60.61930783,3.41614907,52.02185792,67.93806922,54060327.50000000,95916980.00000000,False
311320,지오엘리먼트,KOSDAQ,9110,3.28798186,84.66302368,10.15719468,85.68306011,8.06642942,70.74681239,-4.60732984,27.01275046,67.87249545,324786119.50000000,651212350.00000000,False
025620,차AI헬스케어,KOSPI,5500,5.76923077,93.04189435,7.63209393,80.65573770,16.89691817,82.00364299,-22.09631728,7.44990893,67.79234973,49780417.05000000,125795520.00000000,False
321260,프로이천,KOSDAQ,1787,-0.16759777,36.35701275,7.19856029,79.85428051,10.37677579,74.53551913,3.29479769,51.83970856,67.77413479,235643335.15000001,274522706.00000000,False
060230,제이케이시냅스,KOSDAQ,1312,-4.85859318,1.89435337,6.75345810,78.87067395,10.25210084,74.35336976,13.00602929,70.85610200,67.76320583,245936821.44999999,226198806.00000000,False
015860,일진홀딩스,KOSPI,7260,-1.89189189,9.39890710,2.83286119,63.75227687,13.97174254,79.08925319,21.20200334,80.25500911,67.75227687,576071276.75000000,757420490.00000000,False
342870,오아,KOSDAQ,3850,7.69230769,95.88342441,8.91089109,83.57012750,8.29817159,71.22040073,-6.55339806,22.98724954,67.74499089,16107837.60000000,12866560.00000000,False
021050,서원,KOSPI,1141,1.42222222,70.45537341,6.04089219,76.83060109,3.07136405,58.97996357,12.63573544,70.12750455,67.71220401,156630358.50000000,268857566.00000000,False
086820,바이오솔루션,KOSDAQ,6760,0.59523810,58.21493625,1.19760479,53.40619308,11.18421053,75.55555556,18.38879159,77.95992714,67.65755920,369557867.25000000,755131455.00000000,False
214330,금호에이치티,KOSPI,7060,-0.84269663,21.42076503,5.21609538,73.91621129,20.68376068,84.69945355,1.58273381,47.14025501,67.62477231,829839877.75000000,180347440.00000000,False
094860,네오리진,KOSDAQ,1598,1.65394402,73.15118397,1.20329322,53.44262295,10.89521166,75.11839709,13.09271054,70.92896175,67.58105647,171192086.84999999,207224809.00000000,False
018290,브이티,KOSDAQ,12750,1.19047619,67.68670310,9.53608247,84.69945355,3.65853659,60.98360656,4.67980296,55.00910747,67.57377049,1967322523.75000000,1903892885.00000000,False
001120,LX인터내셔널,KOSPI,43450,-0.91220068,20.05464481,6.10500611,77.01275046,7.41656366,69.25318761,14.64379947,73.69763206,67.55009107,4348765333.75000000,3432834850.00000000,False
060310,3S,KOSDAQ,1183,1.02476516,65.10018215,6.96202532,79.30783242,5.62500000,65.20947177,5.06216696,55.81056466,67.54826958,113809163.59999999,201808774.00000000,False
294630,서남,KOSDAQ,3140,0.31948882,52.76867031,1.94805195,58.57923497,15.01831502,80.54644809,8.08950086,62.33151184,67.53551913,1068284856.14999998,407918997.00000000,False
33637K,솔루스첨단소재1우,KOSPI,1602,4.43285528,89.65391621,6.16302187,77.26775956,10.94182825,75.30054645,-4.86935867,26.33879781,67.53369763,17655296.30000000,35021440.00000000,False
005720,넥센,KOSPI,6430,-0.92449923,19.74499089,17.33576642,93.84335155,6.28099174,66.59380692,4.04530744,53.55191257,67.47540984,291006203.00000000,567533985.00000000,False
000157,두산2우B,KOSPI,386500,6.18131868,93.80692168,0.91383812,51.22040073,18.37672282,83.20582878,1.57687254,47.10382514,67.44990893,129680450.00000000,148204250.00000000,False
413390,엠오티,KOSDAQ,6840,2.39520958,79.85428051,6.87500000,79.16211293,0.58823529,50.12750455,18.54419411,78.17850638,67.42076503,118998360.50000000,143620520.00000000,False
121890,에스디시스템,KOSDAQ,2870,-0.34722222,31.78506375,1.23456790,53.77049180,9.12547529,72.75045537,56.06307776,94.57194900,67.32422587,172798357.84999999,153755395.00000000,False
493330,지에프아이,KOSDAQ,13200,5.60000000,92.78688525,10.83123426,86.41165756,-1.04947526,37.81420765,27.90697674,84.91803279,67.31147541,896570278.00000000,467230785.00000000,False
310210,보로노이,KOSDAQ,156900,8.28157350,96.35701275,14.44201313,91.25683060,6.58967391,67.32240437,-10.75085324,16.68488160,67.27868852,11488370192.50000000,11980814900.00000000,False
084695,대상홀딩스우,KOSPI,14090,0.28469751,52.16757741,0.14214641,43.06010929,18.00670017,82.91438980,20.53036784,79.81785064,67.26411658,45172812.50000000,83725300.00000000,False
331380,포커스에이아이,KOSDAQ,2100,-1.40845070,13.51548270,1.69491525,57.19489982,11.52416357,75.91985428,42.37288136,91.62112933,67.20218579,66860096.95000000,43539045.00000000,False
002720,국제약품,KOSPI,3480,5.29500756,92.16757741,7.40740741,80.32786885,2.80649926,58.17850638,3.72578241,52.78688525,67.14389800,97296932.45000000,343948105.00000000,False
131090,시큐브,KOSDAQ,4410,1.84757506,74.86338798,1.84757506,58.10564663,5.62874251,65.24590164,20.82191781,79.96357013,67.00910747,64708083.15000000,172725015.00000000,False
089850,유비벨록스,KOSDAQ,4380,1.15473441,66.92167577,4.65949821,72.13114754,5.92503023,65.82877960,7.74907749,61.51183971,66.96539162,27096891.25000000,24562255.00000000,False
446840,지슨,KOSDAQ,3670,5.30846485,92.24043716,16.87898089,93.55191257,8.74074074,72.16757741,-30.75471698,3.82513661,66.92167577,77868158.05000000,238991765.00000000,False
289080,SV인베스트먼트,KOSDAQ,2755,-0.89928058,20.36429872,0.00000000,39.78142077,21.90265487,85.46448087,50.54644809,93.62477231,66.88160291,5948190232.94999981,1820278455.00000000,False
393210,토마토시스템,KOSDAQ,3540,3.20699708,84.26229508,-11.38923655,2.55009107,53.57917570,96.72131148,56.98447894,94.86338798,66.85245902,9110721208.54999924,1637422983.00000000,False
010950,S-Oil,KOSPI,165000,0.06064281,47.06739526,0.60975610,48.26958106,11.56186613,75.99271403,29.51334380,86.08378871,66.80145719,65973428967.50000000,64640699150.00000000,False
136540,윈스테크넷,KOSDAQ,11300,5.11627907,91.54826958,3.38517841,66.37522769,4.62962963,63.04189435,8.23754789,62.47723133,66.77959927,158195922.25000000,913880890.00000000,False
240550,동방메디컬,KOSDAQ,6440,1.09890110,66.08378871,1.89873418,58.45173042,10.08547009,74.09836066,9.15254237,64.88160291,66.75956284,3109996460.50000000,896168550.00000000,False
383930,디티앤씨알오,KOSDAQ,1956,-2.92803970,5.06375228,2.46202200,61.67577413,27.17815345,88.23315118,8.06629834,62.25865209,66.75409836,144503760.59999999,162610745.00000000,False
214270,FSN,KOSDAQ,1410,0.93056550,63.71584699,3.52422907,67.14025501,8.88030888,72.49544627,5.14541387,55.95628415,66.70309654,48074701.10000000,72117696.00000000,False
108380,대양전기공업,KOSDAQ,18900,0.69259457,60.03642987,2.49457701,61.85792350,8.30945559,71.25683060,11.17647059,67.94171220,66.65209472,556925598.75000000,174269170.00000000,False
011320,유니크,KOSDAQ,3995,1.13924051,66.77595628,4.85564304,72.75045537,6.96117805,68.16029144,4.44444444,54.38979964,66.64480874,71985958.34999999,115132430.00000000,False
006340,대원전선,KOSPI,13430,0.00000000,42.80510018,2.36280488,61.12932605,7.95819936,70.38251366,19.37777778,79.05282332,66.58287796,33522195607.50000000,19713724810.00000000,False
028100,동아지질,KOSPI,19820,-0.20140987,35.11839709,1.38107417,54.71766849,14.10477835,79.30783242,15.43389633,74.64480874,66.57923497,2500639468.50000000,394244675.00000000,False
049800,우진플라임,KOSPI,1994,-0.54862843,27.32240437,5.11333685,73.47905282,7.60928225,69.50819672,12.52821670,69.94535519,66.56830601,48774440.15000000,76106294.00000000,False
090355,노루페인트우,KOSPI,12320,0.24410090,51.43897996,4.49533503,71.25683060,3.52941176,60.40072860,19.61165049,79.23497268,66.52823315,2294953.50000000,4180620.00000000,False
142280,녹십자엠에스,KOSDAQ,3345,0.00000000,42.80510018,3.72093023,68.05100182,6.69856459,67.54098361,14.94845361,73.98907104,66.51001821,2605262261.44999981,854558548.00000000,False
040300,YTN,KOSDAQ,2285,0.21929825,50.49180328,1.10619469,52.82331512,14.53634085,79.89071038,11.19221411,67.97814208,66.44808743,1700723317.59999990,165435000.00000000,False
208370,셀바스헬스케어,KOSDAQ,2780,3.73134328,87.06739526,2.58302583,62.33151184,14.16837782,79.41712204,-0.89126560,36.35701275,66.44444444,1848218094.20000005,1098396350.00000000,False
417860,오브젠,KOSDAQ,7330,-0.27210884,33.18761384,5.77200577,75.81056466,7.16374269,68.88888889,8.91530461,64.11657559,66.44080146,381586399.00000000,109427370.00000000,False
005010,휴스틸,KOSPI,4075,1.62094763,72.82331512,3.42639594,66.63023679,7.51978892,69.39890710,5.43337646,56.46630237,66.32422587,3088593496.55000019,2052073183.00000000,False
096775,SK이노베이션우,KOSPI,73800,2.35783634,79.56284153,0.27173913,44.62659381,8.05270864,70.67395264,25.51020408,83.49726776,66.31329690,369033102.50000000,314299350.00000000,False
230240,에치에프알,KOSDAQ,14500,-0.13774105,37.08561020,8.20895522,82.07650273,24.46351931,86.95810565,-11.42333537,15.91985428,66.29872495,2549342879.00000000,2218936390.00000000,False
003535,한화투자증권우,KOSPI,6700,2.44648318,80.29143898,4.52418097,71.43897996,1.97869102,55.59198543,14.33447099,72.93260474,66.28415301,101513843.50000000,106491500.00000000,False
053450,세코닉스,KOSDAQ,3365,1.66163142,73.22404372,7.33652313,80.25500911,8.37359098,71.43897996,-2.46376812,31.51183971,66.27686703,96047582.95000000,79015585.00000000,False
002870,신풍,KOSPI,1136,-8.01619433,0.43715847,4.50781969,71.36612022,9.12584054,72.78688525,18.45672576,78.06921676,66.18214936,308059652.94999999,403135499.00000000,False
126880,제이엔케이글로벌,KOSDAQ,2800,0.00000000,42.80510018,9.58904110,84.84517304,13.36032389,78.17850638,-5.08474576,25.84699454,66.17486339,112606147.90000001,153792456.00000000,False
239890,피엔에이치테크,KOSDAQ,3745,2.60273973,81.34790528,5.19662921,73.84335155,10.30927835,74.42622951,-2.97927461,30.20036430,66.09836066,72716893.55000000,83881403.00000000,False
352700,씨앤투스,KOSDAQ,1498,2.32240437,79.23497268,2.88461538,64.04371585,3.52453352,60.32786885,15.05376344,74.09836066,66.08743169,23601498.45000000,16446440.00000000,False
215480,토박스코리아,KOSDAQ,2095,-2.55813953,6.44808743,7.87847580,81.23861566,5.96863935,65.93806922,14.48087432,73.36976321,66.06557377,23955758.15000000,23464860.00000000,False
049430,코메론,KOSDAQ,22850,2.46636771,80.54644809,0.66079295,48.77959927,8.29383886,71.18397086,15.11335013,74.31693989,66.02550091,795195268.75000000,795162175.00000000,False
011700,한신기계,KOSPI,2565,0.00000000,42.80510018,3.84615385,68.46994536,12.00873362,76.68488160,3.63636364,52.40437158,65.97632058,754116613.70000005,374088118.00000000,False
090710,휴림로봇,KOSDAQ,6630,2.15716487,77.70491803,7.62987013,80.61930783,9.40594059,73.04189435,-6.35593220,23.42440801,65.85792350,8004845290.75000000,12745784500.00000000,False
389140,포바이포,KOSDAQ,5710,0.88339223,63.02367942,0.00000000,39.78142077,16.53061224,81.63934426,15.35353535,74.49908925,65.79234973,237518436.59999999,185064525.00000000,False
065690,파커스,KOSDAQ,1917,1.69761273,73.55191257,2.51336898,61.96721311,0.89473684,51.36612022,70.55160142,96.50273224,65.79234973,64369398.05000000,28146331.00000000,False
278280,천보,KOSDAQ,39750,4.19397117,88.88888889,11.34453782,87.57741348,-0.25094103,41.82149362,12.12976023,69.39890710,65.77049180,1022595631.25000000,1129866375.00000000,False
170030,현대공업,KOSDAQ,5000,1.21457490,68.05100182,4.82180294,72.60473588,5.59662091,65.13661202,4.93179433,55.51912568,65.74499089,58534203.70000000,103544561.00000000,False
119830,아이텍,KOSDAQ,6470,-2.99850075,4.91803279,4.35483871,70.41894353,7.83333333,70.05464481,21.61654135,80.43715847,65.72677596,848761583.25000000,835614025.00000000,False
038620,위즈코프,KOSDAQ,2100,-2.55220418,6.59380692,4.21836228,69.90892532,8.63942059,72.02185792,16.53718091,76.06557377,65.65391621,63029892.65000000,23407540.00000000,False
108320,LX세미콘,KOSPI,38450,2.26063830,78.57923497,6.06896552,76.90346084,8.00561798,70.52823315,-2.16284987,32.45901639,65.63205829,3663366142.50000000,2295445250.00000000,False
078340,컴투스,KOSDAQ,37350,-0.66489362,24.84517304,0.13404826,43.02367942,14.39509954,79.74499089,42.28571429,91.58469945,65.60655738,3747842773.75000000,2548914475.00000000,False
033320,제이씨현시스템,KOSDAQ,3215,1.10062893,66.12021858,4.21393841,69.87249545,3.04487179,58.90710383,13.80530973,72.34972678,65.60655738,455489957.30000001,231287820.00000000,False
041910,폴라리스AI파마,KOSDAQ,5700,3.26086957,84.55373406,1.42348754,55.04553734,6.94183865,68.12386157,10.25145068,66.63023679,65.54462659,143958763.00000000,200998545.00000000,False
048470,대동스틸,KOSDAQ,2920,4.47227191,89.83606557,2.45614035,61.63934426,3.36283186,59.92714026,12.74131274,70.45537341,65.53734062,117587081.59999999,205073475.00000000,False
402340,SK스퀘어,KOSPI,1164000,0.69204152,60.00000000,6.59340659,78.57923497,18.65443425,83.42440801,-14.15929204,12.71402550,65.48633880,568414388210.55004883,744984831818.00000000,False
003120,일성아이에스,KOSPI,22250,0.45146727,55.11839709,2.29885057,60.72859745,7.74818402,69.83606557,11.92152918,68.96174863,65.45719490,105200733.75000000,259422800.00000000,False
212560,네오오토,KOSDAQ,11030,-2.38938053,7.17668488,4.64895636,72.05828780,20.94298246,84.91803279,1.09990834,45.39162113,65.38069217,4199294519.25000000,1554269850.00000000,False
262840,아이퀘스트,KOSDAQ,2890,2.12014134,77.34061931,6.44567219,78.03278689,6.25000000,66.52094718,-0.34482759,37.99635701,65.35154827,56689155.35000000,54681935.00000000,False
094480,갤럭시아머니트리,KOSDAQ,5910,-1.00502513,18.76138434,3.68421053,67.90528233,7.06521739,68.45173042,18.91348089,78.57923497,65.34426230,3027210992.00000000,1139032885.00000000,False
429270,시지트로닉스,KOSDAQ,3570,0.84745763,62.51366120,10.69767442,86.30236794,5.00000000,63.80692168,-0.27932961,38.32422587,65.32969035,764679974.50000000,566050390.00000000,False
378800,샤페론,KOSDAQ,2685,1.89753321,75.33697632,5.29411765,74.20765027,5.29411765,64.51730419,2.09125475,48.48816029,65.30054645,70945831.40000001,94787277.00000000,False
217270,넵튠,KOSDAQ,2500,4.82180294,90.63752277,3.51966874,67.06739526,3.73443983,61.16575592,6.15711253,57.99635701,65.24954463,117378331.90000001,163002782.00000000,False
054450,텔레칩스,KOSDAQ,10510,-0.18993352,35.59198543,3.54679803,67.24954463,13.49892009,78.25136612,2.73704790,50.45537341,65.12568306,532899568.75000000,590302775.00000000,False
361610,SK아이이테크놀로지,KOSPI,18170,2.30855856,79.01639344,-0.60175055,31.73041894,15.07283091,80.58287796,17.75761504,77.12204007,65.07832423,9775752874.75000000,9333995440.00000000,False
484590,삼양컴텍,KOSDAQ,7360,-2.38726790,7.21311475,2.64993026,62.62295082,12.88343558,77.77777778,13.75579598,72.16757741,65.05282332,1481583190.50000000,2010460205.00000000,False
050960,수산아이앤티,KOSDAQ,9050,5.47785548,92.53187614,2.95790671,64.44444444,1.68539326,54.75409836,14.12358134,72.71402550,65.03096539,25748451.25000000,145312950.00000000,False
032680,소프트센,KOSDAQ,1003,-0.29821074,32.85974499,1.31313131,54.28051002,10.82872928,75.04553734,17.72300469,77.08561020,65.00546448,87628457.55000000,50795015.00000000,False
372910,한컴라이프케어,KOSPI,2150,0.46728972,55.59198543,-0.46296296,33.06010929,16.53116531,81.67577413,26.76886792,84.22586521,64.99271403,2692063941.80000019,578497890.00000000,False
012750,에스원,KOSPI,84700,0.71343639,60.54644809,2.17129071,59.81785064,5.47945205,64.93624772,15.55252387,74.79052823,64.93260474,5331200616.55000019,4556141800.00000000,False
082210,옵트론텍,KOSDAQ,1805,-0.27624309,33.15118397,3.31997710,65.93806922,8.73493976,72.13114754,9.12938331,64.77231330,64.90346084,98721807.90000001,95620117.00000000,False
215380,콜마바이오텍,KOSDAQ,2390,2.13675214,77.43169399,3.46320346,66.79417122,13.80952381,78.79781421,-4.20841683,27.90528233,64.88160291,57481488.60000000,96993900.00000000,False
263800,데이타솔루션,KOSDAQ,4790,1.80658874,74.31693989,4.69945355,72.24043716,3.90455531,61.63934426,4.81400438,55.26411658,64.81238616,643345724.35000002,640448735.00000000,False
448710,코츠테크놀로지,KOSDAQ,11630,0.00000000,42.80510018,6.21004566,77.37704918,4.49236298,62.76867031,7.28782288,60.61930783,64.72495446,200673679.25000000,559633150.00000000,False
095500,미래나노텍,KOSDAQ,7220,1.54711674,72.02185792,11.24807396,87.32240437,6.17647059,66.41165756,-6.23376623,23.71584699,64.70673953,448667235.75000000,920166020.00000000,False
453450,그리드위즈,KOSDAQ,13480,0.82273747,62.07650273,6.39305446,77.85063752,5.72549020,65.39162113,0.59701493,43.93442623,64.50637523,225773934.00000000,245545880.00000000,False
005950,이수화학,KOSPI,11870,2.68166090,81.93078324,9.19963201,84.00728597,6.36200717,66.95810565,-7.26562500,21.53005464,64.48451730,3598838639.75000000,4251791550.00000000,False
460870,에스엠씨지,KOSDAQ,3065,1.15511551,66.95810565,0.82236842,50.56466302,4.96575342,63.67941712,28.51153040,85.46448087,64.42987250,158070427.05000001,113224835.00000000,False
082270,젬백스,KOSDAQ,11210,-0.26690391,33.29690346,9.90196078,85.28233151,8.10028930,70.78324226,-1.05913504,35.88342441,64.40437158,1135843305.25000000,1067189600.00000000,False
262260,에이프로,KOSDAQ,4535,1.34078212,69.61748634,-5.81516096,6.84881603,33.38235294,91.76684882,48.20261438,93.15118397,64.35336976,218546714.80000001,113183805.00000000,False
241770,메카로,KOSDAQ,40800,0.36900369,53.66120219,0.99009901,51.85792350,7.79392338,69.94535519,17.57925072,76.93989071,64.28961749,786421010.00000000,555325350.00000000,False
0096D0,미래에셋비전스팩9호,KOSDAQ,2050,5.02049180,91.14754098,4.16666667,69.69034608,3.43087790,60.21857923,2.86001004,50.74681239,64.25865209,18815858.95000000,14306493.00000000,False
464580,닷밀,KOSDAQ,1634,-0.24420024,33.91621129,8.71590153,83.16939891,1.11386139,52.67759563,15.07042254,74.13479053,64.24043716,30176856.15000000,8026033.00000000,False
004835,덕성우,KOSPI,4645,2.65193370,81.74863388,5.32879819,74.31693989,9.29411765,72.93260474,-6.72690763,22.58652095,64.16029144,37612943.35000000,148912850.00000000,False
365330,에스와이스틸텍,KOSDAQ,1680,2.31425091,79.16211293,6.46387833,78.10564663,12.37458194,77.30418944,-18.84057971,9.36247723,64.14207650,774655601.14999998,594763304.00000000,False
405920,나라셀라,KOSDAQ,1949,0.56759546,57.77777778,4.33618844,70.34608379,3.23093220,59.45355191,10.86461889,67.39526412,64.14207650,8751308.35000000,8523059.00000000,False
067170,오텍,KOSDAQ,2850,-0.52356021,27.66848816,13.09523810,89.69034608,7.34463277,69.18032787,-1.72413793,33.80692168,64.10746812,1170972538.79999995,2105017894.00000000,False
031330,에스에이엠티,KOSDAQ,8920,1.01925255,64.95446266,5.93824228,76.46630237,15.54404145,80.94717668,-16.08654751,11.18397086,64.05100182,3155941414.75000000,3339722465.00000000,False
466100,클로봇,KOSDAQ,24350,2.31092437,79.12568306,7.74336283,80.83788707,7.50551876,69.32604736,-7.76515152,20.76502732,64.04735883,6068966636.25000000,7221145300.00000000,False
478560,블랙야크아이앤씨,KOSDAQ,3340,-1.62002946,11.54826958,2.92758089,64.33515483,6.36942675,66.99453552,26.27599244,83.89799636,64.03278689,155207387.84999999,333819674.00000000,False
333050,이노테나,KOSDAQ,5800,-0.85470085,21.07468124,0.86956522,50.92896175,16.23246493,81.56648452,12.62135922,70.09107468,64.03096539,78937985.75000000,97841410.00000000,False
104480,티케이케미칼,KOSDAQ,1860,2.42290749,80.07285974,0.54054054,47.35883424,5.86226522,65.68306011,18.09523810,77.63205829,64.01457195,315881906.94999999,417528976.00000000,False
119850,지엔씨에너지,KOSDAQ,53200,-0.37453184,31.07468124,-2.20588235,19.74499089,27.12066906,88.16029144,90.68100358,98.54280510,64.00364299,34046317727.50000000,26823140850.00000000,False
333430,일승,KOSDAQ,3895,-0.51085568,28.01457195,4.00534045,69.07103825,3.59042553,60.76502732,22.10031348,80.80145719,63.98907104,834511980.75000000,460544503.00000000,False
033240,자화전자,KOSPI,28400,0.35335689,53.47905282,8.39694656,82.47723133,1.61001789,54.42622951,7.16981132,60.40072860,63.94171220,2227793551.25000000,1734160800.00000000,False
099430,바이오플러스,KOSDAQ,3760,-1.18265440,16.24772313,12.23880597,88.56102004,13.93939394,79.05282332,-8.06845966,20.32786885,63.87978142,560939841.14999998,888679428.00000000,False
020000,한섬,KOSPI,21450,-2.72108844,5.68306011,5.92592593,76.32058288,39.01490603,94.02550091,-13.33333333,13.51548270,63.77777778,3088023209.00000000,2756623150.00000000,False
050120,ES큐브,KOSDAQ,3335,2.30061350,78.94353370,4.38184664,70.49180328,0.30075188,48.45173042,17.22319859,76.64845173,63.75227687,19179208.00000000,5121135.00000000,False
090350,노루페인트,KOSPI,8210,1.35802469,69.72677596,3.92405063,68.85245902,2.49687890,57.44990893,9.75935829,65.61020036,63.73041894,217092696.75000000,464087640.00000000,False
347770,핌스,KOSDAQ,913,9.08004779,96.79417122,5.91647332,76.17486339,7.66509434,69.61748634,-10.83984375,16.61202186,63.70127505,49580127.20000000,125348933.00000000,False
094840,슈프리마에이치큐,KOSDAQ,13290,-0.07518797,38.54280510,2.38828968,61.23861566,6.32000000,66.84881603,14.56896552,73.55191257,63.67577413,252766320.75000000,403815950.00000000,False
054950,제이브이엠,KOSDAQ,24350,0.00000000,42.80510018,4.50643777,71.31147541,3.39702760,60.03642987,12.47113164,69.79963570,63.64845173,348028008.39999998,430127150.00000000,False
290670,대보마그네틱,KOSDAQ,5790,3.57781753,86.41165756,8.42696629,82.55009107,-0.85616438,38.76138434,14.42687747,73.18761384,63.54826958,59937889.25000000,75077575.00000000,False
33637L,솔루스첨단소재2우B,KOSPI,2355,2.39130435,79.78142077,3.97350993,69.03460838,1.94805195,55.55555556,8.52534562,63.06010929,63.52276867,3681003.25000000,1854770.00000000,False
009155,삼성전기우,KOSPI,541000,3.04761905,83.38797814,4.64216634,71.98542805,9.51417004,73.26047359,-7.67918089,20.94717668,63.42805100,15120214850.00000000,10758774000.00000000,False
484870,엠앤씨솔루션,KOSPI,19300,4.21166307,88.96174863,6.51214128,78.43351548,11.68981481,76.13843352,-40.34003091,2.58652095,63.39890710,2244946452.50000000,3364352090.00000000,False
069080,웹젠,KOSDAQ,11980,2.39316239,79.81785064,3.27586207,65.75591985,5.36499560,64.73588342,2.21843003,48.88888889,63.38069217,890174069.75000000,1268480565.00000000,False
328130,루닛,KOSDAQ,11150,5.48722800,92.56830601,-0.71237756,30.45537341,30.25700935,90.27322404,0.72267389,44.26229508,63.35519126,9132380075.75000000,7226222380.00000000,False
017860,DS단석,KOSPI,13010,-0.23006135,34.46265938,0.85271318,50.78324226,12.93402778,77.85063752,10.91219096,67.54098361,63.32969035,1038160786.00000000,1436669335.00000000,False
038460,바이오스마트,KOSDAQ,2880,-0.51813472,27.81420765,1.76678445,57.74134791,8.88468809,72.53187614,12.94117647,70.71038251,63.25865209,289289305.64999998,318628225.00000000,False
065370,위세아이텍,KOSDAQ,3075,1.48514851,71.29326047,2.67111853,62.73224044,6.03448276,66.12021858,4.23728814,54.06193078,63.20947177,16885818.20000000,50786430.00000000,False
143540,영우디에스피,KOSDAQ,1043,0.00000000,42.80510018,4.82412060,72.64116576,4.30000000,62.47723133,7.30452675,60.72859745,63.20947177,74809457.55000000,58974842.00000000,False
131220,대한과학,KOSDAQ,3750,3.59116022,86.48451730,5.48523207,74.89981785,1.48849797,53.80692168,3.73443983,52.82331512,63.20582878,19830758.70000000,13791720.00000000,False
187790,나노,KOSDAQ,3230,-0.61538462,25.95628415,8.20770519,82.04007286,12.93706294,77.88706740,-5.83090379,24.18943534,63.20036430,738456852.20000005,551050003.00000000,False
0126Z0,삼성에피스홀딩스,KOSPI,373000,1.49659864,71.65755920,12.34939759,88.74316940,4.92264416,63.64298725,-8.69033048,19.56284153,63.15846995,12100716475.00000000,10833037500.00000000,False
263810,상신전자,KOSDAQ,2610,1.16279070,67.12204007,3.16205534,65.46448087,2.95857988,58.57923497,10.12658228,66.26593807,63.03642987,59621953.20000000,85755297.00000000,False
267980,매일유업,KOSDAQ,35000,3.24483776,84.46265938,4.47761194,71.11111111,2.18978102,56.50273224,3.70370370,52.56830601,62.89435337,136517398.75000000,1002610025.00000000,False
424760,벨로크,KOSDAQ,2335,12.53012048,98.28779599,13.62530414,90.41894353,-3.90946502,24.29872495,22.31534835,80.91074681,62.85610200,113790410.20000000,426598731.00000000,False
307750,국전,KOSDAQ,2405,1.47679325,71.00182149,2.99785867,64.69945355,5.48245614,64.99089253,3.21888412,51.65755920,62.83788707,295363498.75000000,362603940.00000000,False
032620,GC메디아이,KOSDAQ,3250,1.56250000,72.13114754,1.40405616,54.86338798,4.66988728,63.24225865,12.06896552,69.28961749,62.82695811,118141853.34999999,192906068.00000000,False
054620,APS,KOSDAQ,3960,1.14942529,66.86703097,5.17928287,73.64298725,6.88259109,67.97814208,-1.61490683,34.09836066,62.79052823,296607110.85000002,130729220.00000000,False
123840,뉴온,KOSDAQ,1829,1.61111111,72.75045537,10.71428571,86.37522769,7.96930342,70.45537341,-23.15126050,7.03096539,62.77595628,44392151.85000000,9965658.00000000,False
066980,한성크린텍,KOSDAQ,1630,7.23684211,95.44626594,8.23373174,82.18579235,5.98179454,65.97449909,-16.53865847,10.85610200,62.76138434,433630714.55000001,3152349825.00000000,False
214180,헥토이노베이션,KOSDAQ,14510,3.34757835,84.80874317,3.64285714,67.65027322,1.89606742,55.37340619,6.45634629,58.87067395,62.69945355,684369193.75000000,1510818920.00000000,False
005725,넥센우,KOSPI,4490,0.67264574,59.78142077,5.39906103,74.68123862,3.33716916,59.81785064,3.33716916,51.91256831,62.69216758,4401351.50000000,16597280.00000000,False
025000,KPX케미칼,KOSPI,57600,2.67379679,81.83970856,0.52356021,47.12204007,5.88235294,65.75591985,12.72015656,70.34608379,62.69216758,256696060.00000000,219383600.00000000,False
046120,오르비텍,KOSDAQ,5440,0.18416206,49.28961749,-0.18348624,36.10200364,27.69953052,88.77959927,5.63106796,56.93989071,62.65938069,8826356533.60000038,2129864355.00000000,False
036090,위지트,KOSDAQ,1426,-1.51933702,12.42258652,2.66378690,62.65938069,13.71610845,78.61566485,5.08474576,55.84699454,62.65573770,1268790580.84999990,337000931.00000000,False
137310,에스디바이오센서,KOSPI,6480,2.20820189,78.25136612,5.88235294,76.04735883,4.85436893,63.57012750,-2.11480363,32.67759563,62.60291439,629406102.75000000,871158785.00000000,False
376980,원티드랩,KOSDAQ,3205,-4.47093890,2.14936248,2.23285486,60.29143898,5.60131796,65.17304189,40.57017544,91.00182149,62.57194900,17372340.15000000,23100832.00000000,False
403550,쏘카,KOSPI,11350,0.62056738,58.72495446,5.28756957,74.13479053,2.16021602,56.39344262,6.57276995,59.01639344,62.47358834,153832403.00000000,365943220.00000000,False
452260,한화갤러리아,KOSPI,2625,1.35135135,69.69034608,-3.49264706,13.18761384,21.80974478,85.39162113,30.92269327,86.88524590,62.45901639,5641865923.05000019,2130608030.00000000,False
348080,큐라티스,KOSDAQ,3840,-0.13003901,37.30418944,-5.06798517,8.05100182,43.28358209,94.93624772,42.22222222,91.54826958,62.42987250,1342853911.15000010,186947945.00000000,False
067000,조이시티,KOSDAQ,1195,-1.72697368,10.63752277,7.27109515,80.07285974,2.48713551,57.41347905,13.59315589,71.83970856,62.41894353,774568523.60000002,568717123.00000000,False
002700,신일전자,KOSPI,1034,2.17391304,77.92349727,10.58823529,86.12021858,4.23387097,62.36794171,-8.97887324,19.01639344,62.37887067,490193056.35000002,742558430.00000000,False
047050,포스코인터내셔널,KOSPI,57500,1.59010601,72.53187614,1.05448155,52.45901639,3.60360360,60.83788707,15.69416499,75.00910747,62.32786885,30633797142.50000000,17312480100.00000000,False
047080,한빛소프트,KOSDAQ,1099,1.47737765,71.03825137,3.77714825,68.19672131,2.99906279,58.72495446,5.26819923,56.17486339,62.28779599,54235242.40000000,73179744.00000000,False
081580,성우전자,KOSDAQ,2445,-0.20408163,35.08196721,3.60169492,67.54098361,7.70925110,69.72677596,3.82165605,53.07832423,62.27686703,102229215.45000000,154540005.00000000,False
380550,뉴로핏,KOSDAQ,8250,2.73972603,82.22222222,2.86783042,63.97085610,14.90250696,80.32786885,-13.15789474,13.62477231,62.26958106,1499178714.75000000,942794720.00000000,False
005500,삼진제약,KOSPI,19330,1.25720272,68.45173042,3.86888769,68.70673953,2.70988310,57.88706740,6.20879121,58.14207650,62.24043716,406166526.25000000,467001755.00000000,False
0011T0,채비,KOSDAQ,5520,1.84501845,74.79052823,1.28440367,54.08014572,25.59726962,87.43169399,-9.95106036,17.74134791,62.22404372,1466921806.00000000,630580530.00000000,False
048530,인트론바이오,KOSDAQ,2890,1.58172232,72.42258652,1.04895105,52.42258652,2.84697509,58.25136612,19.66873706,79.27140255,62.12386157,160865211.19999999,248011427.00000000,False
010955,S-Oil우,KOSPI,86900,-0.91220068,20.05464481,-1.58550396,23.97085610,26.30813953,87.83242259,35.14774495,88.96174863,62.12204007,2390587315.00000000,2397818900.00000000,False
079810,APS이노베이션,KOSDAQ,3785,2.43572395,80.25500911,6.46976090,78.17850638,-1.94300518,33.44262295,29.62328767,86.30236794,62.11657559,270024017.89999998,234575747.00000000,False
365900,브이씨,KOSDAQ,2560,4.48979592,89.90892532,1.18577075,53.29690346,3.22580645,59.41712204,9.87124464,65.84699454,61.91621129,99274673.90000001,19888870.00000000,False
065060,지엔코,KOSDAQ,3390,2.10843373,77.30418944,4.95356037,73.07832423,-0.14727541,42.58652095,16.49484536,75.95628415,61.87978142,22781769.05000000,18826240.00000000,False
067280,멀티캠퍼스,KOSDAQ,26200,-0.38022814,30.89253188,0.76923077,49.94535519,11.25265393,75.62841530,10.78224101,67.35883424,61.79599271,240011758.75000000,136208975.00000000,False
001780,알루코,KOSPI,1656,1.78242163,74.17122040,5.34351145,74.38979964,2.79329609,58.10564663,0.48543689,43.75227687,61.72677596,379072596.94999999,459212105.00000000,False
363280,티와이홀딩스,KOSPI,2055,-1.43884892,13.18761384,3.05917753,64.95446266,3.99797571,61.96721311,21.59763314,80.40072860,61.67213115,44810423.10000000,15120565.00000000,False
067830,세이브존IC,KOSPI,2400,5.96026490,93.36976321,5.03282276,73.29690346,0.62893082,50.30965392,3.00429185,51.07468124,61.66484517,63247173.55000000,75271995.00000000,False
235980,메드팩토,KOSDAQ,3030,-0.49261084,28.57923497,4.30292599,70.16393443,8.40787120,71.62112933,1.16861436,45.50091075,61.65573770,307119361.60000002,329908031.00000000,False
256150,한독크린텍,KOSDAQ,5050,0.59760956,58.32422587,1.00000000,52.05828780,5.42797495,64.88160291,13.35578002,71.25683060,61.65391621,19570078.15000000,13785545.00000000,False
023770,플레이위드,KOSDAQ,2720,4.21455939,88.99817851,2.83553875,63.78870674,0.00000000,44.91803279,18.51851852,78.14207650,61.63205829,74415085.00000000,46813065.00000000,False
085660,차바이오텍,KOSDAQ,8690,1.87573271,75.22768670,5.46116505,74.82695811,9.72222222,73.66120219,-16.28131021,10.96539162,61.62841530,1503400580.00000000,1788791650.00000000,False
082920,비츠로셀,KOSDAQ,30300,2.02020202,76.22950820,6.50263620,78.36065574,7.25663717,68.99817851,-12.42774566,14.35336976,61.60109290,9208095797.50000000,8637293425.00000000,False
200670,휴메딕스,KOSDAQ,26150,1.16054159,67.04918033,6.30081301,77.52276867,3.76984127,61.23861566,-1.13421550,35.66484517,61.59016393,695356175.00000000,407531925.00000000,False
212710,아이에스티이,KOSDAQ,7590,1.20000000,67.79599271,7.81250000,81.09289617,8.42857143,71.73041894,-19.51219512,8.81602914,61.56284153,387352495.50000000,447847930.00000000,False
330590,롯데리츠,KOSPI,4115,1.47965475,71.11111111,0.36585366,45.50091075,6.60621762,67.39526412,11.97278912,69.10746812,61.54098361,596691579.20000005,704280550.00000000,False
460850,동국씨엠,KOSPI,5400,0.18552876,49.32604736,2.46679317,61.74863388,3.05343511,58.94353370,13.80400421,72.31329690,61.49726776,343045323.25000000,114366975.00000000,False
348350,위드텍,KOSDAQ,9710,-1.52129817,12.34972678,4.07288317,69.47176685,3.07855626,59.08925319,19.28746929,78.90710383,61.49362477,214719164.00000000,171731920.00000000,False
107600,새빗켐,KOSDAQ,14990,6.53873490,94.42622951,13.47464042,90.16393443,-2.78858625,29.10746812,10.05873715,66.15664845,61.36612022,246705344.00000000,943461300.00000000,False
448280,에코아이,KOSDAQ,9490,1.28068303,68.70673953,1.38888889,54.75409836,0.52966102,49.87249545,37.93604651,90.30965392,61.30783242,68970380.50000000,55611115.00000000,False
014580,태경비케이,KOSPI,3975,2.44845361,80.32786885,4.33070866,70.27322404,3.92156863,61.74863388,-0.62500000,37.30418944,61.27504554,139381601.44999999,350289208.00000000,False
015750,성우하이텍,KOSDAQ,6040,1.85497470,75.04553734,3.42465753,66.59380692,3.78006873,61.27504554,1.34228188,46.24772313,61.24225865,1024081105.50000000,1149902985.00000000,False
00806K,대덕1우,KOSPI,11110,1.73992674,73.84335155,4.81132075,72.49544627,2.39631336,57.19489982,1.27620784,46.01092896,61.21311475,35199156.50000000,43094155.00000000,False
101670,하이드로리튬,KOSDAQ,545,-1.97841727,8.74316940,11.45194274,87.68670310,18.99563319,83.71584699,-39.71238938,2.69581056,61.20582878,368302377.60000002,399943641.00000000,False
367000,플래티어,KOSDAQ,3500,-2.23463687,7.72313297,5.90015129,76.10200364,1.44927536,53.71584699,21.73913043,80.58287796,61.20582878,18067783.15000000,8137005.00000000,False
082800,비보존제약,KOSDAQ,2980,0.84602369,62.44080146,5.67375887,75.55555556,1.01694915,52.20400729,5.67375887,57.04918033,61.20218579,476639952.25000000,345864444.00000000,False
038110,에코플라스틱,KOSDAQ,2080,1.21654501,68.08743169,3.48258706,66.84881603,2.71604938,57.95992714,4.99747602,55.73770492,61.19489982,286141977.35000002,349655312.00000000,False
144510,지씨셀,KOSDAQ,14920,2.61348006,81.45719490,3.68311327,67.86885246,1.08401084,52.56830601,6.19217082,58.10564663,61.15482696,609380855.25000000,434303505.00000000,False
054220,비츠로시스,KOSDAQ,1718,0.88079859,62.98724954,1.65680473,56.79417122,2.26190476,56.83060109,16.00270088,75.40983607,61.15118397,196205530.25000000,142041806.00000000,False
046310,백금TA,KOSDAQ,2355,0.21276596,50.30965392,1.29032258,54.13479053,5.13392857,64.08014572,13.22115385,71.18397086,61.14025501,43044348.50000000,52215510.00000000,False
086060,진바이오텍,KOSDAQ,4975,-0.50000000,28.45173042,5.85106383,75.91985428,1.94672131,55.51912568,10.18826135,66.48451730,61.12568306,58694926.00000000,46040860.00000000,False
105760,포스뱅크,KOSDAQ,5190,-0.95419847,19.34426230,3.38645418,66.41165756,0.97276265,51.87613843,42.97520661,91.87613843,60.98360656,95610678.70000000,72534160.00000000,False
081000,일진다이아,KOSPI,9690,2.43128964,80.21857923,3.08510638,65.17304189,1.78571429,55.22768670,5.44069641,56.50273224,60.96539162,227760599.75000000,181846165.00000000,False
094800,맵스리얼티,KOSPI,7720,-1.90597205,9.21675774,0.25974026,44.48087432,8.42696629,71.69398907,37.61140820,90.05464481,60.95446266,1058065220.75000000,135707750.00000000,False
003030,세아제강지주,KOSPI,113200,-1.90641248,9.18032787,5.00927644,73.22404372,8.53307766,71.91256831,1.34288272,46.30236794,60.91074681,2200832237.50000000,1177677700.00000000,False
336570,원텍,KOSDAQ,5180,2.16962525,77.85063752,5.93047035,76.35701275,6.58436214,67.24954463,-10.84337349,16.57559199,60.90710383,1886234111.84999990,2964901125.00000000,False
130500,GH신소재,KOSDAQ,1923,1.21052632,67.90528233,3.88978930,68.81602914,1.90779014,55.44626594,5.36986301,56.32058288,60.87795993,18005581.05000000,14876451.00000000,False
009580,무림PP,KOSPI,1795,1.98863636,75.91985428,-0.11129661,36.72131148,10.73411474,74.93624772,7.74309724,61.45719490,60.87431694,2944905302.00000000,1620265030.00000000,False
361390,제노코,KOSDAQ,13650,-1.51515152,12.53187614,3.56600910,67.43169399,16.96658098,82.14936248,-2.15053763,32.53187614,60.84881603,375773147.25000000,1407743395.00000000,False
038010,제일테크노스,KOSDAQ,5600,1.81818182,74.55373406,6.26185958,77.48633880,4.28305400,62.40437158,-5.08474576,25.84699454,60.83242259,68626902.25000000,33543230.00000000,False
479960,위너스일렉,KOSDAQ,6380,0.47244094,55.75591985,4.76190476,72.42258652,6.33333333,66.88524590,-1.69491525,33.84335155,60.82513661,78371959.50000000,946364320.00000000,False
016610,DB증권,KOSPI,10500,0.00000000,42.80510018,2.04081633,59.12568306,6.06060606,66.15664845,7.69230769,61.34790528,60.75045537,555335054.25000000,221407630.00000000,False
004490,세방전지,KOSPI,64400,3.53697749,86.12021858,8.60033727,82.87795993,-3.15789474,27.43169399,22.90076336,81.45719490,60.73952641,4839941500.00000000,5120285400.00000000,False
154040,다산솔루에타,KOSDAQ,10230,10.35598706,97.59562842,5.57275542,75.19125683,-3.03317536,28.26958106,28.35633626,85.35519126,60.69581056,23918937.75000000,94271375.00000000,False
064400,LG씨엔에스,KOSPI,73800,2.50000000,80.74681239,5.88235294,76.04735883,1.79310345,55.26411658,-0.27027027,38.36065574,60.66666667,32124801383.20000076,44643309464.00000000,False
088290,이원컴포텍,KOSDAQ,2510,-0.39682540,30.47358834,11.06194690,86.88524590,2.44897959,57.37704918,0.19960080,42.95081967,60.65391621,16177179.75000000,11088235.00000000,False
089860,롯데렌탈,KOSPI,50900,-0.97276265,19.12568306,2.72452069,63.16939891,0.99206349,52.05828780,56.13496933,94.64480874,60.61566485,3787814131.25000000,3694244250.00000000,False
013000,세우글로벌,KOSPI,1224,1.74563591,73.93442623,4.70487596,72.27686703,2.17028381,56.42987250,0.90684254,44.77231330,60.60291439,47615593.90000000,208111736.00000000,False
044450,KSS해운,KOSPI,11990,0.33472803,53.18761384,-2.52032520,17.99635701,18.47826087,83.27868852,24.12008282,82.62295082,60.55373406,1809738254.50000000,1065850160.00000000,False
389680,유디엠텍,KOSDAQ,2900,-1.86125212,9.61748634,-9.65732087,3.02367942,59.25315761,97.41347905,90.66403682,98.50637523,60.53551913,397275417.00000000,187023470.00000000,False
060380,동양에스텍,KOSDAQ,1328,0.15082956,48.16029144,2.78637771,63.57012750,3.34630350,59.89071038,8.76330876,63.46083789,60.53551913,13916979.30000000,3779951.00000000,False
003000,부광약품,KOSPI,4165,1.09223301,65.97449909,3.60696517,67.57741348,3.09405941,59.12568306,2.58620690,50.05464481,60.53187614,1177129639.20000005,1138323428.00000000,False
005960,동부건설,KOSPI,8420,-0.11862396,37.70491803,-0.23696682,35.30054645,12.26666667,77.04918033,16.94444444,76.50273224,60.48087432,446849194.50000000,193803260.00000000,False
128820,대성산업,KOSPI,4230,1.07526882,65.79234973,3.29670330,65.86520947,3.80368098,61.31147541,1.92771084,48.01457195,60.46630237,563565178.75000000,604359095.00000000,False
306040,에스제이그룹,KOSDAQ,1812,-7.78625954,0.51001821,20.23888520,96.10200364,1.11607143,52.71402550,3.24786325,51.69398907,60.30601093,167922316.34999999,2041138893.00000000,False
333620,엔시스,KOSDAQ,5230,3.56435644,86.33879781,4.39121756,70.56466302,0.57692308,50.09107468,3.56435644,52.24043716,60.28779599,383350609.75000000,216594360.00000000,False
139990,아주스틸,KOSPI,2305,0.65502183,59.30783242,4.29864253,70.12750455,1.54185022,54.13479053,6.22119816,58.21493625,60.26593807,53670486.80000000,48099784.00000000,False
357550,석경에이티,KOSDAQ,33600,3.06748466,83.60655738,10.34482759,85.86520947,2.12765957,56.28415301,-9.67741935,18.10564663,60.25500911,74030025.00000000,84918700.00000000,False
025320,시노펙스,KOSDAQ,4025,0.75093867,61.23861566,6.48148148,78.25136612,6.48148148,67.14025501,-9.34684685,18.61566485,60.17850638,1150795389.59999990,1012068305.00000000,False
093050,LF,KOSPI,23700,-2.06611570,8.30601093,7.48299320,80.40072860,7.48299320,69.28961749,-0.62893082,37.26775956,60.12021858,532497311.25000000,1196233100.00000000,False
001060,JW중외제약,KOSPI,27450,2.42537313,80.18214936,2.42537313,61.45719490,1.10497238,52.64116576,8.28402367,62.62295082,60.03642987,1048449935.00000000,946553175.00000000,False
388870,파로스아이바이오,KOSDAQ,6050,0.49833887,56.44808743,-0.81967213,29.39890710,19.09448819,83.75227687,7.07964602,60.16393443,59.99817851,327655603.25000000,546395810.00000000,False
010820,퍼스텍,KOSPI,6280,-3.97553517,2.80510018,1.12721417,53.04189435,13.76811594,78.72495446,7.53424658,61.16575592,59.91621129,2671813031.50000000,4971234565.00000000,False
424870,이뮨온시아,KOSDAQ,3510,2.18340611,78.03278689,-3.17241379,14.31693989,25.13368984,87.28597450,9.00621118,64.37158470,59.88706740,5049869962.50000000,2784102025.00000000,False
439260,대한조선,KOSPI,48000,4.23452769,89.14389800,5.37870472,74.60837887,3.00429185,58.79781421,-5.51181102,24.91803279,59.79963570,1432654647.50000000,3072398700.00000000,False
394800,쓰리빌리언,KOSDAQ,6350,4.95867769,90.96539162,-11.68289291,2.40437158,35.25026624,92.45901639,9.10652921,64.69945355,59.74134791,5723706890.69999981,5886942545.00000000,False
246690,TS인베스트먼트,KOSDAQ,2170,-1.58730159,11.89435337,0.69605568,49.03460838,5.85365854,65.64663024,33.21055862,87.90528233,59.73952641,146778455.30000001,145150784.00000000,False
004780,대륙제관,KOSDAQ,4290,0.94117647,63.82513661,1.53846154,55.90163934,3.00120048,58.76138434,9.57854406,65.39162113,59.73588342,104470941.05000000,36905937.00000000,False
115570,스타플렉스,KOSDAQ,2725,1.86915888,75.19125683,0.92592593,51.32969035,4.00763359,62.04007286,6.86274510,59.78142077,59.69034608,37230558.40000000,8425920.00000000,False
004700,조광피혁,KOSPI,67000,0.60060060,58.39708561,2.44648318,61.56648452,3.07692308,59.05282332,6.34920635,58.72495446,59.67577413,43152947.50000000,49686000.00000000,False
018310,삼목에스폼,KOSDAQ,14960,-0.26666667,33.33333333,3.10130944,65.24590164,8.87918486,72.45901639,-0.13351135,38.90710383,59.67213115,233866888.50000000,133256230.00000000,False
290560,파라택시스이더리움,KOSDAQ,1298,0.07710100,47.14025501,1.88383046,58.32422587,3.26173429,59.56284153,11.22536418,68.05100182,59.64663024,349847821.75000000,183085184.00000000,False
099190,아이센스,KOSDAQ,16820,-0.47337278,28.92531876,5.45454545,74.77231330,2.12507590,56.24772313,6.59062104,59.08925319,59.64116576,607042413.75000000,553522400.00000000,False
028670,팬오션,KOSPI,6010,-3.84000000,3.09653916,5.62390158,75.44626594,1.17845118,52.89617486,18.07465619,77.55919854,59.61384335,16404059457.50000000,19428252770.00000000,False
036030,케이티알파,KOSDAQ,4990,-0.20000000,35.26411658,1.31979695,54.35336976,6.17021277,66.37522769,10.03307607,66.08378871,59.59927140,161285541.59999999,109115745.00000000,False
004830,덕성,KOSPI,3415,2.09267564,77.03096539,4.43425076,70.92896175,4.59418070,62.91438980,-4.60893855,26.95810565,59.53916211,105362650.70000000,220056274.00000000,False
032860,더라미,KOSDAQ,2960,0.85178876,62.55009107,8.02919708,81.65755920,5.33807829,64.66302368,-12.29629630,14.46265938,59.51001821,27064453.90000000,47946065.00000000,False
065450,빅텍,KOSDAQ,3020,-2.58064516,6.33879781,2.72108844,63.13296903,12.68656716,77.52276867,0.83472454,44.51730419,59.48633880,2913685774.25000000,2837885633.00000000,False
476080,M83,KOSDAQ,4150,-0.24038462,34.13479053,1.59118727,56.13843352,5.73248408,65.42805100,9.35441370,65.13661202,59.45355191,36456146.00000000,43293905.00000000,False
010660,화천기계,KOSPI,3090,-1.27795527,15.08196721,1.64473684,56.72131148,6.92041522,68.05100182,11.55234657,68.48816029,59.44262295,227235259.94999999,165495555.00000000,False
241520,DSC인베스트먼트,KOSDAQ,8520,-0.35087719,31.73041894,2.89855072,64.22586521,9.93548387,73.95264117,-0.69930070,37.04918033,59.43169399,871519588.25000000,851514725.00000000,False
405000,플라즈맵,KOSDAQ,3715,-0.40214477,30.27322404,6.75287356,78.83424408,5.24079320,64.44444444,-1.45888594,34.71766849,59.39890710,67649896.84999999,51510950.00000000,False
359090,씨엔알리서치,KOSDAQ,2280,0.21978022,50.54644809,-2.14592275,20.29143898,15.26794742,80.69216758,20.69878242,79.85428051,59.38979964,22230127.90000000,12088914.00000000,False
037460,삼지전자,KOSDAQ,32850,-1.20300752,16.01092896,5.28846154,74.17122040,9.50000000,73.22404372,-2.66666667,31.00182149,59.34244080,1486429723.75000000,1433129450.00000000,False
002620,제일파마홀딩스,KOSPI,7680,2.67379679,81.83970856,1.58730159,56.10200364,0.39215686,48.99817851,14.62686567,73.62477231,59.33879781,13722440.50000000,37709270.00000000,False
475580,에이럭스,KOSDAQ,7500,0.00000000,42.80510018,2.04081633,59.12568306,6.99001427,68.23315118,2.59917921,50.09107468,59.32969035,1775276476.00000000,369183710.00000000,False
115480,씨유메디칼,KOSDAQ,2310,-1.70212766,10.81967213,3.35570470,66.22950820,1.76211454,55.15482696,23.00319489,81.56648452,59.32604736,31819881.40000000,50416765.00000000,False
006125,SK디스커버리우,KOSPI,43400,0.00000000,42.80510018,1.04772992,52.38615665,4.57831325,62.84153005,13.02083333,70.89253188,59.31147541,85436445.00000000,28440050.00000000,False
001067,JW중외제약2우B,KOSPI,50700,-0.58823529,26.57559199,1.40000000,54.80874317,4.00000000,62.00364299,17.49710313,76.90346084,59.28233151,2436257.50000000,6437400.00000000,False
109860,동일금속,KOSDAQ,7690,-1.41025641,13.47905282,3.77867746,68.23315118,5.34246575,64.69945355,6.06896552,57.88706740,59.27504554,19026319.50000000,34460780.00000000,False
014950,삼익제약,KOSDAQ,8360,-1.76263220,10.38251366,-19.46050096,1.20218579,47.44268078,95.62841530,83.73626374,98.03278689,59.25683060,47175504099.50000000,2846112595.00000000,False
484120,도우인시스,KOSDAQ,22950,-0.86393089,20.83788707,-0.64935065,31.14754098,9.54653938,73.40619308,44.24890006,92.16757741,59.22404372,1553770725.75000000,855910775.00000000,False
101970,우양에이치씨,KOSDAQ,10130,3.47293156,85.50091075,6.18448637,77.34061931,2.53036437,57.55919854,-6.97887971,22.07650273,59.19125683,51063779.25000000,28297910.00000000,False
464500,아이언디바이스,KOSDAQ,1770,4.85781991,90.67395264,4.60992908,71.83970856,3.56933879,60.54644809,-7.28129911,21.49362477,59.13661202,66556177.30000000,110411152.00000000,False
055490,테이팩스,KOSPI,16740,-0.65281899,25.13661202,13.18458418,89.79963570,-2.33372229,31.29326047,29.16666667,85.79234973,59.12932605,263736633.75000000,222339985.00000000,False
256840,한국비엔씨,KOSDAQ,3195,1.10759494,66.22950820,-6.71532847,5.35519126,21.94656489,85.50091075,25.29411765,83.38797814,59.10746812,14991461246.29999924,5939849235.00000000,False
014820,동원시스템즈,KOSPI,22050,3.27868852,84.59016393,4.00943396,69.10746812,-0.67567568,39.52641166,12.73006135,70.41894353,59.08561020,518188561.25000000,304055450.00000000,False
053350,이니텍,KOSDAQ,4815,-0.51652893,27.86885246,-0.31055901,34.53551913,7.00000000,68.28779599,47.92626728,93.04189435,59.07103825,308656412.00000000,481669772.00000000,False
115310,인포바인,KOSDAQ,9570,-2.34693878,7.39526412,2.02558635,58.97996357,2.24358974,56.75774135,36.71428571,89.58105647,59.05282332,46864828.25000000,20743450.00000000,False
225220,제놀루션,KOSDAQ,1459,0.62068966,58.76138434,0.34387895,45.35519126,7.91420118,70.23679417,5.72463768,57.12204007,59.00182149,38562748.25000000,67581807.00000000,False
000590,CS홀딩스,KOSPI,70900,0.85348506,62.62295082,1.72166428,57.34061931,6.29685157,66.73952641,0.71022727,44.18943534,58.99817851,36311357.50000000,67252800.00000000,False
094970,제이엠티,KOSDAQ,2830,-1.39372822,13.73406193,5.59701493,75.33697632,3.85321101,61.56648452,3.28467153,51.76684882,58.95446266,179829509.30000001,146281992.00000000,False
060570,드림어스컴퍼니,KOSDAQ,5000,-1.96078431,8.88888889,-0.99009901,27.94171220,30.03901170,90.12750455,11.23470523,68.08743169,58.93989071,134270906.25000000,12114790.00000000,False
0007J0,인벤테라,KOSDAQ,10090,3.80658436,87.46812386,-29.83310153,0.54644809,27.88339670,88.99817851,13.75422773,72.13114754,58.93624772,5672013779.50000000,2763463640.00000000,False
36328K,티와이홀딩스우,KOSPI,2950,-0.67340067,24.60837887,0.68259386,48.99817851,7.07803993,68.52459016,13.46153846,71.45719490,58.86156648,52318976.95000000,2101995.00000000,False
290650,엘앤씨바이오,KOSDAQ,53000,-1.85185185,9.65391621,16.61166117,93.36976321,9.05349794,72.71402550,-31.59613325,3.60655738,58.78324226,10624388961.50000000,5855969500.00000000,False
263770,유에스티,KOSDAQ,1697,-1.45180023,12.96903461,2.84848485,63.86156648,4.81778876,63.49726776,8.99165061,64.29872495,58.71402550,12898801.75000000,30369876.00000000,False
063160,종근당바이오,KOSPI,13690,5.87780356,93.22404372,4.42410374,70.81967213,0.66176471,50.41894353,-0.14587892,38.87067395,58.51001821,100902419.00000000,469635065.00000000,False
365270,큐라클,KOSDAQ,10220,-0.38986355,30.74681239,5.36082474,74.49908925,5.90673575,65.79234973,-1.73076923,33.77049180,58.49544627,506404463.75000000,481120875.00000000,False
083470,이엠앤아이,KOSDAQ,932,1.74672489,73.98907104,2.41758242,61.38433515,0.21505376,47.90528233,10.95238095,67.57741348,58.49180328,64007808.85000000,80353451.00000000,False
039980,폴라리스AI,KOSDAQ,5220,2.75590551,82.33151184,4.19161677,69.83606557,-1.87969925,33.77049180,19.31428571,78.94353370,58.48087432,480637528.00000000,312241680.00000000,False
070590,인티큐브,KOSDAQ,2110,-3.65296804,3.46083789,0.23752969,44.00728597,8.26064649,71.07468124,24.04467960,82.47723133,58.47358834,53071874.70000000,23168555.00000000,False
130660,한전산업,KOSPI,12450,0.32232071,52.89617486,1.21951220,53.67941712,3.31950207,59.67213115,9.98233216,66.01092896,58.46448087,9321001757.00000000,2002233290.00000000,False
067010,이씨에스,KOSDAQ,2550,0.59171598,58.17850638,1.19047619,53.36976321,0.99009901,52.02185792,19.43793911,79.08925319,58.45537341,131430591.59999999,130996955.00000000,False
476040,오가노이드사이언스,KOSDAQ,7200,1.40845070,70.34608379,3.44827586,66.70309654,9.92366412,73.91621129,-18.91891892,9.18032787,58.44808743,167091933.50000000,141767240.00000000,False
052790,액토즈소프트,KOSDAQ,4825,2.22457627,78.39708561,-2.91750503,15.33697632,20.47440699,84.59016393,7.22222222,60.47358834,58.37158470,414975265.89999998,234236005.00000000,False
287840,인투셀,KOSDAQ,18480,2.09944751,77.19489982,7.06836616,79.45355191,5.00000000,63.80692168,-23.95061728,6.44808743,58.36794171,538189470.25000000,480686640.00000000,False
076610,해성옵틱스,KOSDAQ,1179,3.33041192,84.73588342,2.96943231,64.48087432,-1.00755668,37.92349727,17.43027888,76.86703097,58.36065574,909826383.29999995,1088042259.00000000,False
000227,유유제약2우B,KOSPI,7920,3.80078637,87.43169399,2.19354839,60.03642987,7.31707317,69.14389800,-8.65051903,19.63570128,58.33879781,9698258.50000000,3103790.00000000,False
204020,그리티,KOSDAQ,1894,0.95948827,64.15300546,6.52418448,78.46994536,0.85197018,51.32969035,-0.05277045,39.05282332,58.29872495,20415393.10000000,16527023.00000000,False
010470,오리콤,KOSDAQ,5080,0.79365079,61.93078324,0.79365079,50.23679417,5.06721820,63.93442623,5.72320499,57.08561020,58.25500911,20213305.20000000,25880610.00000000,False
000230,일동홀딩스,KOSPI,6320,1.12000000,66.46630237,6.39730640,77.88706740,0.31746032,48.74316940,0.47694754,43.67941712,58.24590164,80255818.25000000,68722790.00000000,False
351330,이삭엔지니어링,KOSDAQ,3580,3.17002882,84.00728597,5.91715976,76.21129326,2.72596844,57.99635701,-9.13705584,18.90710383,58.24408015,151893430.65000001,103270585.00000000,False
019570,GMI벤처,KOSDAQ,2895,4.13669065,88.63387978,4.51263538,71.40255009,1.04712042,52.31329690,-1.36286201,34.97267760,58.20400729,30284132.30000000,24716440.00000000,False
006730,서부TD,KOSDAQ,11480,0.70175439,60.25500911,2.13523132,59.52641166,3.33033303,59.78142077,3.33033303,51.87613843,58.17122040,3295335504.50000000,4423836280.00000000,False
059270,해성에어로보틱스,KOSDAQ,5500,0.18214936,49.25318761,5.76923077,75.77413479,5.56621881,65.02732240,-6.77966102,22.45901639,58.16029144,370120924.89999998,135753855.00000000,False
900110,딥커머스,KOSDAQ,6050,3.41880342,85.19125683,3.59589041,67.46812386,0.66555740,50.49180328,1.27217944,45.93806922,58.14389800,35712205.25000000,229484510.00000000,False
024850,HLB이노베이션,KOSDAQ,17430,5.95744681,93.33333333,-11.43292683,2.51366120,9.76070529,73.69763206,45.61403509,92.42258652,58.05100182,6910870108.00000000,21935477245.00000000,False
339770,교촌에프앤비,KOSPI,3910,0.90322581,63.38797814,2.08877285,59.30783242,2.89473684,58.43351548,3.71352785,52.64116576,58.03278689,116812732.95000000,175456227.00000000,False
067990,도이치모터스,KOSDAQ,3975,0.76045627,61.49362477,2.71317829,63.09653916,6.56836461,67.21311475,-2.93040293,30.27322404,58.01821494,187846333.55000001,225772130.00000000,False
383220,FF,KOSPI,71200,2.89017341,82.84153005,3.03907381,64.84517304,7.39064857,69.21675774,-14.00966184,12.82331512,57.98907104,3252990609.69999981,2389170450.00000000,False
037760,쎄니트,KOSDAQ,2500,0.40160643,54.06193078,2.04081633,59.12568306,5.26315789,64.48087432,1.01010101,45.10018215,57.95628415,97442753.75000000,161487795.00000000,False
009240,한샘,KOSPI,40000,1.13780025,66.66666667,-0.99009901,27.94171220,8.10810811,70.81967213,14.28571429,72.76867031,57.93078324,983553265.00000000,932758550.00000000,False
200230,텔콘RF제약,KOSDAQ,2330,0.00000000,42.80510018,5.19187359,73.80692168,4.71910112,63.35154827,-2.91666667,30.30965392,57.82513661,33441718.65000000,41841665.00000000,False
008830,대동기어,KOSDAQ,6550,2.02492212,76.39344262,5.13643660,73.51548270,5.13643660,64.11657559,-14.93506494,12.13114754,57.76684882,1780500813.50000000,1427184200.00000000,False
003570,SNT다이내믹스,KOSPI,31550,-3.95738204,2.87795993,6.94915254,79.27140255,10.89630931,75.15482696,-9.85714286,17.92349727,57.71584699,3148556415.00000000,4295990950.00000000,False
025820,이구산업,KOSPI,4350,1.28055879,68.67030965,1.28055879,54.02550091,1.75438596,55.11839709,8.47880299,62.87795993,57.69763206,750010782.04999995,401498991.00000000,False
016380,KG스틸,KOSPI,5720,0.00000000,42.80510018,2.14285714,59.63570128,2.32558140,57.04918033,8.33333333,62.69581056,57.53005464,1403016811.00000000,1321270950.00000000,False
196300,HLB펩,KOSDAQ,5010,9.38864629,97.08561020,-10.37567084,2.76867031,18.86120996,83.53369763,11.08647450,67.75956284,57.50455373,263756381.69999999,1382399678.00000000,False
006280,녹십자,KOSPI,127900,1.02685624,65.13661202,4.06834825,69.28961749,0.70866142,50.74681239,2.32000000,49.21675774,57.44262295,2808731860.00000000,2915507800.00000000,False
017180,명문제약,KOSPI,1280,0.23492561,50.96539162,3.05958132,64.99089253,2.40000000,57.23132969,2.40000000,49.54462659,57.39526412,444105309.19999999,82232307.00000000,False
052420,오성첨단소재,KOSDAQ,9770,0.61791967,58.54280510,0.82559340,50.60109290,0.92975207,51.73041894,18.56796117,78.23315118,57.37340619,234843569.50000000,123966980.00000000,False
043590,웰킵스하이텍,KOSDAQ,1649,0.24316109,51.32969035,-6.30681818,6.15664845,11.94840462,76.57559199,91.29930394,98.65209472,57.34061931,35004254.25000000,31585701.00000000,False
083550,케이엠,KOSDAQ,3345,-1.61764706,11.58469945,1.67173252,56.99453552,1.98170732,55.62841530,26.46502836,83.97085610,57.30236794,37426531.45000000,22860915.00000000,False
28513K,SK케미칼우,KOSPI,25350,-1.16959064,16.53916211,0.59523810,47.97814208,4.32098765,62.51366120,22.46376812,80.98360656,57.24954463,86172253.75000000,9472250.00000000,False
0001A0,덕양에너젠,KOSDAQ,8800,3.16529894,83.97085610,3.52941176,67.21311475,0.11376564,47.06739526,2.32558140,49.30783242,57.24954463,1273446876.25000000,579022040.00000000,False
261200,덴티스,KOSDAQ,2660,0.00000000,42.80510018,2.30769231,60.81967213,4.10958904,62.14936248,2.30769231,49.18032787,57.22222222,34458424.45000000,41621601.00000000,False
455180,케이지에이,KOSDAQ,1299,1.80250784,74.28051002,2.52565114,62.04007286,3.42356688,60.18214936,-1.21673004,35.40983607,57.19489982,50727804.65000000,82671772.00000000,False
274400,이노시뮬레이션,KOSDAQ,2220,2.77777778,82.45901639,5.96658711,76.61202186,-0.44843049,40.94717668,1.83486239,47.85063752,57.17850638,20377306.20000000,10726240.00000000,False
003350,한국화장품제조,KOSPI,14910,-3.61990950,3.49726776,-2.92968750,15.19125683,16.84952978,81.96721311,75.82547170,97.26775956,57.14754098,27760622313.25000000,13989040335.00000000,False
053700,삼보모터스,KOSDAQ,4040,-0.12360939,37.55919854,3.32480818,65.97449909,2.02020202,55.91985428,5.20833333,56.13843352,57.14389800,378353783.30000001,405271347.00000000,False
389470,인벤티지랩,KOSDAQ,27900,-1.93321617,9.03460838,14.81481481,91.51183971,7.51445087,69.36247723,-26.77165354,5.06375228,57.11475410,2533869336.25000000,2691036175.00000000,False
376300,디어유,KOSDAQ,18760,-0.15965939,36.57559199,9.96483001,85.35519126,5.33408198,64.62659381,-18.43478261,9.69034608,57.05282332,1160738210.00000000,2212302560.00000000,False
348150,고바이오랩,KOSDAQ,2980,-0.66666667,24.80874317,9.35779817,84.44444444,5.11463845,64.04371585,-9.69696970,18.06921676,57.04553734,59981684.40000000,45917401.00000000,False
215200,메가스터디교육,KOSDAQ,37900,0.26455026,51.87613843,2.71002710,63.02367942,8.75179340,72.20400729,-8.23244552,20.21857923,57.02003643,1217822928.75000000,1061965800.00000000,False
106240,파인테크닉스,KOSDAQ,1321,-2.36511456,7.28597450,2.48254461,61.82149362,17.42222222,82.51366120,-6.31205674,23.53369763,56.98724954,89459242.95000000,14559796.00000000,False
263690,디알젬,KOSDAQ,5190,0.38684720,53.87978142,2.77227723,63.49726776,1.76470588,55.19125683,3.59281437,52.31329690,56.97632058,39260278.70000000,23867900.00000000,False
002230,피에스텍,KOSDAQ,5230,-0.94696970,19.54462659,1.55339806,55.95628415,3.56435644,60.51001821,12.59418730,70.05464481,56.95628415,187450407.15000001,244449580.00000000,False
900260,로스웰,KOSDAQ,1925,-0.61951471,25.82877960,-0.77319588,29.83606557,11.07905366,75.40983607,16.66666667,76.28415301,56.95446266,72790918.65000001,108199002.00000000,False
0030R0,대신밸류리츠,KOSPI,3950,0.76530612,61.60291439,3.81077530,68.41530055,2.86458333,58.32422587,-1.61892902,34.06193078,56.82695811,56490608.40000000,52100395.00000000,False
336060,웨이버스,KOSDAQ,3115,-1.11111111,17.03096539,2.80528053,63.64298725,2.97520661,58.61566485,8.34782609,62.73224044,56.78870674,31953270.90000000,18194890.00000000,False
032540,TJ미디어,KOSDAQ,3775,-0.13227513,37.19489982,-0.52700922,32.45901639,8.16618911,70.96539162,15.09146341,74.28051002,56.69945355,37157822.30000000,28476930.00000000,False
229000,젠큐릭스,KOSDAQ,1957,0.00000000,42.80510018,0.00000000,39.78142077,5.66954644,65.28233151,13.58096344,71.76684882,56.68123862,416115533.69999999,0.00000000,False
034730,SK,KOSPI,586000,1.38408304,70.09107468,1.73611111,57.44990893,7.52293578,69.43533698,-6.38977636,23.31511840,56.68123862,70799016225.00000000,69698936500.00000000,False
008730,율촌화학,KOSPI,15930,7.27272727,95.59198543,8.51498638,82.73224044,-3.39599757,26.37522769,6.34178905,58.65209472,56.65938069,776711521.25000000,1099897590.00000000,False
025770,한국정보통신,KOSDAQ,7940,1.53452685,71.87613843,2.98313878,64.62659381,0.50632911,49.72677596,2.98313878,50.92896175,56.65209472,188531294.75000000,347006475.00000000,False
097520,엠씨넥스,KOSPI,19490,-0.20481311,35.04553734,4.22459893,69.94535519,2.79535865,58.14207650,0.82772892,44.48087432,56.64116576,514383719.50000000,623310940.00000000,False
462310,뉴키즈온,KOSDAQ,3900,0.25706941,51.76684882,1.03626943,52.31329690,2.22804718,56.64845173,9.70464135,65.53734062,56.63752277,35612502.50000000,52024365.00000000,False
015890,태경산업,KOSPI,4835,1.36268344,69.79963570,2.11193242,59.45355191,1.15062762,52.82331512,3.97849462,53.44262295,56.63387978,69002494.15000001,68736571.00000000,False
464490,쿼드메디슨,KOSDAQ,5150,-1.52963671,12.31329690,11.95652174,88.23315118,5.10204082,64.00728597,-10.89965398,16.39344262,56.58287796,258525570.75000000,392777555.00000000,False
303810,동국생명과학,KOSDAQ,2820,1.43884892,70.60109290,-14.80362538,1.63934426,23.41356674,86.44808743,13.70967742,71.98542805,56.52823315,11690616153.39999962,2617974535.00000000,False
217330,싸이토젠,KOSDAQ,3155,-1.86625194,9.54462659,2.76872964,63.46083789,4.64344942,63.13296903,5.16666667,56.04735883,56.45537341,183109712.94999999,370367968.00000000,False
461030,아이엠비디엑스,KOSDAQ,3035,3.76068376,87.24954463,4.65517241,72.09471767,2.53378378,57.59562842,-11.90130624,15.15482696,56.42258652,59252829.25000000,50905689.00000000,False
056090,시지메드텍,KOSDAQ,1190,0.00000000,42.80510018,0.00000000,39.78142077,4.47761194,62.73224044,16.09756098,75.55555556,56.41894353,302358670.85000002,0.00000000,False
120115,코오롱인더우,KOSPI,25750,1.77865613,74.13479053,0.78277886,50.05464481,1.57790927,54.28051002,7.51565762,61.09289617,56.36065574,128716003.75000000,275519950.00000000,False
227950,엔투텍,KOSDAQ,1314,-1.35135135,14.17122040,9.22693267,84.15300546,-0.30349014,41.63934426,9.13621262,64.84517304,56.28779599,128609494.45000000,241153182.00000000,False
010580,에스엠벡셀,KOSPI,2225,-0.66964286,24.69945355,-16.19585687,1.38433515,28.09441566,89.10746812,34.60375076,88.63387978,56.25500911,12910842281.85000038,777953452.00000000,False
053580,웹케시,KOSDAQ,7200,-0.68965517,24.22586521,0.98176718,51.76684882,2.71041369,57.92349727,15.94202899,75.33697632,56.18943534,77717941.75000000,63891150.00000000,False
131180,딜리,KOSDAQ,4240,-0.11778563,37.77777778,1.67865707,57.04918033,2.66343826,57.81420765,7.07070707,60.03642987,56.02550091,22152599.00000000,16356265.00000000,False
024880,케이피에프,KOSDAQ,3940,-0.75566751,22.91438980,2.73794003,63.27868852,3.41207349,60.14571949,3.95778364,53.36976321,56.00728597,157764461.80000001,345074084.00000000,False
114450,그린생명과학,KOSDAQ,2300,1.32158590,69.43533698,2.44988864,61.60291439,-1.49892934,35.40983607,23.45679012,82.07650273,56.00364299,114742815.25000000,122176601.00000000,False
457550,우진엔텍,KOSDAQ,14130,0.00000000,42.80510018,2.24312590,60.40072860,11.08490566,75.44626594,-10.51298290,17.08561020,55.99635701,1145844874.00000000,0.00000000,False
038290,마크로젠,KOSDAQ,12580,0.47923323,55.99271403,1.69765562,57.23132969,3.53909465,60.43715847,1.04417671,45.24590164,55.99271403,155965935.00000000,254247320.00000000,False
109820,진매트릭스,KOSDAQ,1618,5.89005236,93.26047359,1.82504720,57.99635701,-1.64133739,34.71766849,17.33139956,76.83060109,55.97814208,172834264.80000001,2138012631.00000000,False
003490,대한항공,KOSPI,31250,1.29659643,69.14389800,-0.63593005,31.29326047,7.20411664,68.96174863,7.20411664,60.43715847,55.97449909,81646024480.00000000,51661679750.00000000,False
026960,동서,KOSPI,26650,-3.26678766,4.26229508,4.10156250,69.50819672,3.69649805,61.09289617,3.09477756,51.29326047,55.97449909,1724082958.75000000,5196997375.00000000,False
446070,유니드비티플러스,KOSPI,3980,-1.60692213,11.73041894,2.70967742,62.98724954,0.63211125,50.34608379,18.80597015,78.43351548,55.89435337,207828738.84999999,190652507.00000000,False
198940,한주라이트메탈,KOSDAQ,1404,-1.05708245,17.97814208,3.84615385,68.46994536,8.33333333,71.29326047,-5.45454545,25.06375228,55.86885246,81567555.75000000,71596128.00000000,False
275630,에스에스알,KOSDAQ,3985,7.26783311,95.51912568,3.50649351,66.99453552,-1.96801968,33.26047359,9.02872777,64.44444444,55.84335155,90379672.40000001,24872100.00000000,False
031820,아이티센씨티에스,KOSPI,5800,0.69444444,60.09107468,0.51993068,47.03096539,1.39860140,53.47905282,13.50293542,71.54826958,55.81967213,176465030.75000000,301407820.00000000,False
460930,현대힘스,KOSDAQ,13200,0.84033613,62.40437158,1.30468150,54.20765027,0.38022814,48.92531876,11.67512690,68.63387978,55.79963570,1468998797.00000000,771602475.00000000,False
066130,하츠,KOSDAQ,3490,1.01302460,64.84517304,1.60116448,56.24772313,1.74927114,54.97267760,3.56083086,52.20400729,55.78870674,38375404.95000000,40191022.00000000,False
284740,쿠쿠홈시스,KOSPI,24400,-1.61290323,11.69398907,0.82644628,50.63752277,5.17241379,64.29872495,11.41552511,68.26958106,55.73406193,296674625.00000000,871143500.00000000,False
044960,이글벳,KOSDAQ,3155,1.28410915,68.77959927,1.61030596,56.35701275,1.28410915,53.18761384,3.95387150,53.33333333,55.72677596,50436309.25000000,80655860.00000000,False
037070,파세코,KOSDAQ,6780,0.14771049,48.08743169,3.03951368,64.88160291,8.48000000,71.83970856,-13.18822023,13.55191257,55.71948998,388136554.50000000,312370745.00000000,False
046390,삼화네트웍스,KOSDAQ,2120,1.19331742,67.72313297,2.91262136,64.29872495,-0.70257611,39.38069217,12.16931217,69.47176685,55.70856102,20448257.60000000,11393382.00000000,False
000400,롯데손해보험,KOSPI,2180,-2.24215247,7.68670310,5.31400966,74.24408015,1.63170163,54.57194900,4.30622010,54.13479053,55.69763206,701412279.35000002,749217714.00000000,False
086450,동국제약,KOSDAQ,21900,-4.36681223,2.25865209,4.78468900,72.45901639,0.45871560,49.18032787,12.71230057,70.30965392,55.69763206,9365864619.00000000,10183661950.00000000,False
009460,한창제지,KOSPI,2795,0.90252708,63.35154827,1.63636364,56.61202186,1.63636364,54.60837887,3.71057514,52.60473588,55.68306011,21924000.85000000,32084875.00000000,False
219750,한국비티비,KOSDAQ,1800,3.74639769,87.21311475,0.55865922,47.54098361,9.55569081,73.44262295,-10.89108911,16.46630237,55.65391621,24779395.50000000,10246575.00000000,False
041460,한국전자인증,KOSDAQ,3450,4.22960725,89.10746812,4.07239819,69.43533698,-0.86206897,38.72495446,3.44827586,52.09471767,55.65027322,162376162.19999999,379390100.00000000,False
117670,알파칩스,KOSDAQ,10310,-1.05566219,18.06921676,-3.64485981,12.64116576,27.28395062,88.37887067,14.55555556,73.47905282,55.64663024,1520229712.50000000,208870260.00000000,False
092600,앤씨앤,KOSDAQ,2560,1.18577075,67.61384335,-25.58139535,0.72859745,27.68079800,88.67030965,9.87124464,65.84699454,55.61748634,1043974528.10000002,231513995.00000000,False
484810,티엑스알로보틱스,KOSDAQ,12450,0.97323601,64.35336976,4.35875943,70.45537341,-3.33850932,26.63023679,31.19072708,86.95810565,55.61566485,3031551653.75000000,1071729100.00000000,False
064260,다날,KOSDAQ,4715,3.28587076,84.62659381,6.07424072,76.93989071,-3.87359837,24.48087432,13.20528211,71.14754098,55.56648452,5776884467.10000038,5161530282.00000000,False
456070,이엔셀,KOSDAQ,6150,1.48514851,71.29326047,0.49019608,46.68488160,13.88888889,78.94353370,-12.64204545,14.09836066,55.53187614,1581506796.50000000,551408640.00000000,False
458650,성우,KOSDAQ,7930,2.72020725,82.04007286,2.98701299,64.66302368,2.19072165,56.53916211,-4.80192077,26.48451730,55.51548270,51634408.25000000,90780985.00000000,False
466690,키움히어로제1호스팩,KOSDAQ,2040,1.49253731,71.47540984,1.74563591,57.55919854,1.49253731,53.87978142,1.74563591,47.65027322,55.49726776,7369790.95000000,7246492.00000000,False
317400,자이에스앤디,KOSPI,10260,2.70270270,81.96721311,5.99173554,76.72131148,-8.71886121,11.05646630,107.90273556,99.23497268,55.48269581,9876716293.50000000,7949428790.00000000,False
016250,SGCEC,KOSDAQ,12300,0.16286645,48.81602914,1.31795717,54.31693989,6.58578856,67.28597450,-0.72639225,36.90346084,55.47176685,20543999.00000000,41181545.00000000,False
012620,원일특강,KOSDAQ,7290,-0.81632653,22.00364299,1.53203343,55.84699454,3.84615385,61.53005464,6.73499268,59.45355191,55.45719490,28224460.50000000,31929680.00000000,False
075130,플랜티넷,KOSDAQ,2145,1.17924528,67.54098361,-0.46403712,32.98724954,4.37956204,62.58652095,11.89358372,68.85245902,55.45537341,59838886.45000000,66437572.00000000,False
317530,에피소드컴퍼니,KOSDAQ,3195,-0.15625000,36.68488160,-1.69230769,23.53369763,12.69841270,77.57741348,11.51832461,68.41530055,55.44262295,43350498.35000000,17692210.00000000,False
000325,노루홀딩스우,KOSPI,28650,-0.52083333,27.75956284,0.88028169,51.00182149,3.24324324,59.48998179,11.04651163,67.72313297,55.41712204,3127085.00000000,4504000.00000000,False
100090,SK오션플랜트,KOSPI,12890,7.14879468,95.33697632,9.98293515,85.39162113,-0.07751938,42.84153005,-11.77275838,15.44626594,55.37704918,7892982302.00000000,11460954815.00000000,False
042500,링네트,KOSDAQ,4355,2.95508274,83.02367942,3.69047619,67.97814208,-1.02272727,37.85063752,5.96107056,57.70491803,55.37704918,436778463.05000001,814127815.00000000,False
489460,바이오비쥬,KOSDAQ,11540,0.17361111,49.07103825,-2.61603376,17.19489982,5.38812785,64.77231330,74.58396369,96.97632058,55.36976321,747075727.50000000,432450810.00000000,False
058400,KNN,KOSDAQ,6020,-0.66006601,24.95446266,3.08219178,65.13661202,0.50083472,49.65391621,10.66176471,67.24954463,55.34790528,142308568.75000000,128857110.00000000,False
415380,스튜디오삼익,KOSDAQ,2140,1.42180095,70.41894353,-0.69605568,30.60109290,5.41871921,64.84517304,9.79989738,65.71948998,55.30418944,42827354.25000000,28379770.00000000,False
950160,코오롱티슈진,KOSDAQ,17310,6.65434381,94.64480874,5.93635251,76.42987250,2.36546422,57.12204007,-81.66313559,0.21857923,55.28597450,10508668244.75000000,18046899505.00000000,False
036420,콘텐트리중앙,KOSPI,1570,-0.88383838,20.61930783,0.51216389,46.99453552,1.74983798,55.00910747,28.68852459,85.57377049,55.27868852,57636159.25000000,26146314.00000000,False
471820,셀로맥스사이언스,KOSDAQ,4180,1.45631068,70.83788707,3.72208437,68.08743169,2.07570208,56.10200364,-4.78359909,26.63023679,55.27686703,19124306.65000000,20213882.00000000,False
001740,SK네트웍스,KOSPI,6590,1.07361963,65.75591985,7.32899023,80.21857923,3.12989045,59.19854281,-27.82037240,4.66302368,55.25318761,4395083347.75000000,5095302490.00000000,False
419050,삼기에너지솔루션즈,KOSDAQ,1820,0.00000000,42.80510018,-2.46516613,18.32422587,13.67895066,78.54280510,12.69349845,70.27322404,55.24954463,6355351806.85000038,2095752545.00000000,False
432980,엠에프씨,KOSDAQ,2660,0.18832392,49.43533698,2.90135397,64.26229508,6.61322645,67.46812386,-8.27586207,20.07285974,55.22404372,116996116.59999999,28083970.00000000,False
024940,PN풍년,KOSDAQ,2075,2.21674877,78.32422587,0.24154589,44.22586521,7.17975207,68.92531876,-2.12264151,32.64116576,55.19854281,244378250.15000001,157418865.00000000,False
007460,에이프로젠,KOSPI,2150,0.70257611,60.29143898,4.87804878,72.93260474,3.36538462,59.96357013,-10.97308489,16.32058288,55.15846995,647429323.79999995,343876126.00000000,False
365590,하이딥,KOSDAQ,1538,17.49427044,99.38069217,21.77355503,96.79417122,-1.78799489,33.95264117,-13.78923767,12.96903461,55.15118397,392645273.00000000,1933537988.00000000,False
025890,한국주강,KOSPI,2660,-2.56410256,6.41165756,0.56710775,47.65027322,3.70370370,61.12932605,19.01565996,78.72495446,55.13296903,79814212.59999999,127513935.00000000,False
109960,앱토크롬,KOSDAQ,1867,0.00000000,42.80510018,0.59267241,47.94171220,3.32042059,59.70856102,8.48343986,62.91438980,55.12932605,5911037.70000000,1863356.00000000,False
064850,에프앤가이드,KOSDAQ,20350,-3.78250591,3.27868852,0.99255583,51.91256831,30.95238095,90.49180328,-11.90476190,15.11839709,55.12204007,714309395.50000000,873483950.00000000,False
020560,아시아나항공,KOSPI,8300,0.97323601,64.35336976,-0.71770335,30.38251366,6.68380463,67.50455373,8.21382008,62.44080146,55.04007286,1203691425.00000000,551244490.00000000,False
439090,마녀공장,KOSDAQ,15780,0.19047619,49.50819672,4.43414957,70.89253188,-0.06333122,42.91438980,6.19111709,58.06921676,54.99817851,2259853195.25000000,1730356770.00000000,False
140410,메지온,KOSDAQ,70800,4.11764706,88.59744991,-10.15228426,2.91438980,8.92307692,72.60473588,22.49134948,81.02003643,54.97996357,7278603700.00000000,11034818850.00000000,False
004985,성신양회우,KOSPI,9140,1.33037694,69.58105647,1.55555556,55.99271403,8.03782506,70.56466302,-11.94605010,14.97267760,54.97632058,11065763.00000000,13934520.00000000,False
347890,엠엑스온,KOSDAQ,4450,2.18140069,77.99635701,3.72960373,68.12386157,-1.00111235,37.95992714,5.95238095,57.66848816,54.95446266,56085861.90000000,47381694.00000000,False
131370,알서포트,KOSDAQ,1518,1.40280561,70.27322404,2.01612903,58.94353370,0.13192612,47.17668488,5.56328234,56.75774135,54.93260474,79743522.05000000,100209483.00000000,False
444530,심플랫폼,KOSDAQ,4800,1.47991543,71.14754098,0.31347962,44.88160291,7.62331839,69.54462659,-2.14067278,32.60473588,54.91803279,21459791.40000000,13311945.00000000,False
007340,DN오토모티브,KOSPI,49700,-1.58415842,11.94899818,-1.38888889,25.24590164,8.04347826,70.60109290,35.79234973,89.32604736,54.87431694,5655564132.50000000,3944491450.00000000,False
080520,오디텍,KOSDAQ,2920,1.03806228,65.17304189,-0.34129693,34.24408015,6.76416819,67.72313297,4.65949821,54.86338798,54.85245902,25593469.25000000,29221760.00000000,False
101680,한국정밀기계,KOSDAQ,2935,1.20689655,67.83242259,-2.32945092,19.10746812,3.52733686,60.36429872,40.09546539,90.89253188,54.83970856,47691367.35000000,77377087.00000000,False
085620,미래에셋생명,KOSPI,20350,4.46611910,89.79963570,4.62724936,71.87613843,-3.09523810,27.90528233,9.76267530,65.64663024,54.83424408,2337411896.50000000,2460914820.00000000,False
302440,SK바이오사이언스,KOSPI,37750,3.42465753,85.28233151,4.57063712,71.73041894,0.00000000,44.91803279,-1.69270833,33.87978142,54.79052823,2235225390.00000000,2468313575.00000000,False
307870,비투엔,KOSDAQ,1271,2.91497976,82.91438980,3.24939074,65.64663024,-3.49278664,25.93806922,23.27837051,81.96721311,54.75409836,825834719.25000000,951283884.00000000,False
051390,YW,KOSDAQ,3995,0.50314465,56.75774135,0.37688442,45.57377049,2.69922879,57.85063752,7.53701211,61.20218579,54.72859745,13064422.80000000,19514834.00000000,False
002960,한국쉘석유,KOSPI,521000,0.77369439,61.71220401,0.00000000,39.78142077,4.82897384,63.53369763,5.14631685,55.99271403,54.71766849,433851625.00000000,276387000.00000000,False
050760,에스폴리텍,KOSDAQ,1224,3.46576500,85.46448087,2.85714286,63.91621129,4.17021277,62.29508197,-17.18538566,10.38251366,54.71584699,98324500.75000000,233250948.00000000,False
417790,트루엔,KOSDAQ,6970,1.30813953,69.28961749,6.25000000,77.44990893,-2.24403927,31.91256831,6.41221374,58.79781421,54.68852459,96097687.75000000,111654005.00000000,False
053950,경남제약,KOSDAQ,2040,1.74563591,73.93442623,-1.92307692,21.82149362,3.34346505,59.85428051,26.47241166,84.00728597,54.68306011,2167875855.25000000,230480197.00000000,False
120110,코오롱인더,KOSPI,58200,3.19148936,84.17122040,4.48833034,71.22040073,0.00000000,44.91803279,-1.52284264,34.38979964,54.62841530,10601013837.50000000,14131739400.00000000,False
217730,강스템바이오텍,KOSDAQ,2290,-0.65075922,25.20947177,7.51173709,80.43715847,5.04587156,63.89799636,-15.18518519,11.83970856,54.57923497,498007832.64999998,539345997.00000000,False
146060,율촌,KOSDAQ,1074,0.37383178,53.73406193,0.18656716,43.60655738,1.32075472,53.29690346,14.98929336,74.02550091,54.57923497,32806958.15000000,34364145.00000000,False
272550,삼양패키징,KOSPI,9870,0.71428571,60.58287796,0.71428571,49.30783242,0.30487805,48.63387978,13.44827586,71.36612022,54.57741348,115947965.00000000,76143835.00000000,False
051910,LG화학,KOSPI,278000,6.10687023,93.62477231,6.10687023,77.06739526,-3.13588850,27.65027322,4.70809793,55.08196721,54.55919854,51180909750.00000000,54885204500.00000000,False
407400,꿈비,KOSDAQ,2045,3.85982732,87.90528233,9.12486660,83.86156648,-2.38663484,31.11111111,0.00000000,40.80145719,54.55373406,38363438.85000000,67215647.00000000,False
213420,덕산네오룩스,KOSDAQ,30600,1.49253731,71.47540984,5.33562823,74.35336976,-1.44927536,35.66484517,4.08163265,53.73406193,54.46630237,5511435310.00000000,3043056375.00000000,False
005870,휴니드,KOSPI,4520,-1.09409190,17.41347905,2.61066969,62.47723133,3.90804598,61.67577413,1.34529148,46.37522769,54.42987250,178708234.15000001,252941170.00000000,False
042600,새로닉스,KOSDAQ,12070,10.43000915,97.63205829,0.66722269,48.88888889,-1.54975530,35.22768670,19.74206349,79.34426230,54.38979964,242625405.00000000,854526150.00000000,False
187420,HLB제넥스,KOSDAQ,2155,12.18115565,98.25136612,-7.11206897,4.84517304,11.42709411,75.77413479,8.83838384,63.86156648,54.36065574,831167240.50000000,3989708665.00000000,False
134380,미원화학,KOSPI,10330,1.97433366,75.81056466,2.88844622,64.08014572,-0.19323671,42.25865209,3.92354125,53.26047359,54.36065574,47359275.00000000,5588270.00000000,False
045520,크린앤사이언스,KOSDAQ,3240,-0.76569678,22.58652095,-7.03012912,4.95446266,35.84905660,92.89617486,10.39182283,66.95810565,54.29508197,159470471.34999999,89477670.00000000,False
010690,화신,KOSPI,7780,1.43415906,70.52823315,4.56989247,71.69398907,2.50329381,57.48633880,-13.16964286,13.58834244,54.27322404,921176448.00000000,1286985430.00000000,False
095660,네오위즈,KOSDAQ,18180,0.49751244,56.39344262,1.90582960,58.50637523,3.58974359,60.72859745,-1.67658194,33.91621129,54.26593807,673461473.75000000,905827220.00000000,False
487570,HS효성,KOSPI,50200,0.50050050,56.59380692,-0.19880716,35.81056466,4.04145078,62.07650273,9.24918390,64.95446266,54.22404372,166832132.50000000,80707750.00000000,False
004310,현대약품,KOSPI,8360,-0.47619048,28.88888889,-4.23825888,10.05464481,8.85416667,72.42258652,71.83967112,96.68488160,54.21129326,76786432849.50000000,4907911770.00000000,False
451800,한화리츠,KOSPI,5350,-0.37243948,31.11111111,0.37523452,45.53734062,4.28849903,62.44080146,8.08080808,62.29508197,54.20765027,387462149.75000000,191333010.00000000,False
014710,사조씨푸드,KOSPI,9950,3.53798127,86.15664845,6.30341880,77.55919854,-5.23809524,19.67213115,13.71428571,72.02185792,54.15664845,49355961.50000000,26200360.00000000,False
900250,크리스탈신소재,KOSDAQ,1236,-0.64308682,25.24590164,-0.16155089,36.35701275,7.85340314,70.09107468,8.70712401,63.35154827,54.13843352,96597116.50000000,105885445.00000000,False
073190,듀오백,KOSDAQ,1622,0.00000000,42.80510018,0.00000000,39.78142077,0.00000000,44.91803279,142.81437126,99.70856102,54.12386157,0.00000000,0.00000000,False
37550K,DL이앤씨우,KOSPI,26600,-0.74626866,23.06010929,-1.11524164,26.88524590,7.69230769,69.67213115,19.81981982,79.38069217,54.11657559,163765301.25000000,131446825.00000000,False
082850,우리바이오,KOSDAQ,4680,1.96078431,75.70127505,3.19735391,65.57377049,4.34782609,62.55009107,-18.89081456,9.25318761,54.11293260,591873714.00000000,125963260.00000000,False
112040,위메이드,KOSDAQ,15730,0.44699872,54.93624772,2.01037613,58.90710383,8.40799449,71.65755920,-15.74718800,11.40255009,54.10928962,3023034447.00000000,1324169040.00000000,False
004140,동방,KOSPI,1833,0.82508251,62.14936248,2.97752809,64.59016393,1.55124654,54.17122040,-1.55746509,34.20765027,54.10200364,169457294.55000001,227418890.00000000,False
039290,인포뱅크,KOSDAQ,4060,-3.21811681,4.33515483,0.12330456,42.80510018,6.28272251,66.63023679,12.93463143,70.67395264,54.06193078,26109894.15000000,16637280.00000000,False
040610,SGG,KOSDAQ,3220,0.62500000,58.83424408,1.89873418,58.45173042,2.87539936,58.36065574,-0.92307692,36.24772313,54.01275046,61756455.35000000,25077560.00000000,False
004270,남성,KOSPI,5600,0.71942446,60.71038251,0.00000000,39.78142077,13.47517730,78.21493625,-6.32318501,23.49726776,53.99089253,46236121.50000000,62826330.00000000,False
473950,에스케이증권제13호스팩,KOSDAQ,2080,0.97087379,64.26229508,1.46341463,55.30054645,1.21654501,53.00546448,2.21130221,48.83424408,53.98542805,19108032.25000000,6471315.00000000,False
092460,한라IMS,KOSDAQ,16990,0.95068330,63.93442623,2.10336538,59.38069217,-0.99067599,38.06921676,13.87399464,72.42258652,53.91985428,216663779.25000000,409765050.00000000,False
073010,케이에스피,KOSDAQ,3260,-1.80722892,9.96357013,-3.12035661,14.53551913,18.76138434,83.46083789,16.01423488,75.48269581,53.83788707,2331132385.34999990,566884325.00000000,False
143240,사람인,KOSDAQ,17440,0.22988506,50.71038251,0.11481056,42.69581056,2.58823529,57.66848816,9.00000000,64.33515483,53.81420765,178089046.75000000,83453510.00000000,False
051360,토비스,KOSDAQ,11870,-0.41946309,29.98178506,-0.08417508,36.93989071,3.39721254,60.07285974,18.58141858,78.28779599,53.76684882,147298173.75000000,110949970.00000000,False
071320,지역난방공사,KOSPI,78900,-0.75471698,22.95081967,0.12690355,42.91438980,3.13725490,59.27140255,15.18248175,74.42622951,53.76320583,963394100.00000000,799253350.00000000,False
318010,팜스빌,KOSDAQ,3630,3.41880342,85.19125683,4.31034483,70.20036430,-1.49253731,35.48269581,2.54237288,49.83606557,53.73952641,7919949.75000000,3437545.00000000,False
013520,화승코퍼레이션,KOSPI,2590,1.96850394,75.75591985,3.39321357,66.44808743,0.00000000,44.91803279,0.00000000,40.80145719,53.63752277,147733139.65000001,161571700.00000000,False
011300,우성머티리얼스,KOSPI,2810,-2.59965338,6.15664845,-3.93162393,11.29326047,17.08333333,82.22222222,25.72706935,83.62477231,53.61748634,297427502.25000000,80651280.00000000,False
084690,대상홀딩스,KOSPI,7930,1.01910828,64.91803279,1.01910828,52.16757741,1.53649168,54.06193078,2.32258065,49.25318761,53.61748634,207564052.25000000,153369810.00000000,False
153490,우리이앤엘하루틴,KOSDAQ,3100,2.14168040,77.55919854,-3.42679128,13.44262295,3.50584307,60.25500911,34.49023861,88.56102004,53.60291439,33871304.70000000,39550845.00000000,False
011560,세보엠이씨,KOSDAQ,24350,-1.21703854,15.77413479,4.50643777,71.31147541,2.09643606,56.13843352,0.00000000,40.80145719,53.58652095,1569982521.25000000,1455972800.00000000,False
388610,지에프씨생명과학,KOSDAQ,5520,0.72992701,60.98360656,-1.42857143,25.04553734,6.15384615,66.30236794,10.62124248,67.17668488,53.56830601,119238921.25000000,68307060.00000000,False
265740,엔에프씨,KOSDAQ,7350,-0.94339623,19.65391621,-2.00000000,21.23861566,7.14285714,68.74316940,34.36928702,88.48816029,53.53187614,4032056041.50000000,1461041760.00000000,False
297890,HB솔루션,KOSDAQ,1663,-0.18007203,35.95628415,5.92356688,76.24772313,0.72683222,50.85610200,-1.88790560,33.29690346,53.47176685,426567181.14999998,342055523.00000000,False
438700,버넥트,KOSDAQ,1839,1.04395604,65.20947177,-0.54083288,32.24043716,7.92253521,70.30965392,1.21078701,45.61020036,53.43897996,41906462.65000000,29747618.00000000,False
064820,케이프,KOSDAQ,7900,-0.62893082,25.64663024,3.26797386,65.70127505,6.61268556,67.43169399,-7.71028037,20.91074681,53.42987250,277038065.75000000,135719640.00000000,False
452200,민테크,KOSDAQ,1690,-0.41249263,30.12750455,0.53539560,47.24954463,6.02258469,66.08378871,2.23835451,48.99817851,53.42076503,90384527.15000001,89664928.00000000,False
124500,아이티센글로벌,KOSDAQ,30350,2.70727580,82.00364299,4.29553265,70.09107468,-7.18654434,14.49908925,42.82352941,91.80327869,53.38797814,8698730830.00000000,4051189350.00000000,False
024060,흥구석유,KOSDAQ,12100,-0.32948929,31.98542805,-9.09090909,3.40619308,13.93596987,79.01639344,32.96703297,87.72313297,53.37158470,57191670868.50000000,8165648035.00000000,False
052300,오션인더블유,KOSDAQ,1570,-1.44381670,13.11475410,-0.69576218,30.63752277,7.75566232,69.87249545,15.18708731,74.46265938,53.34426230,385885111.10000002,55590055.00000000,False
000087,하이트진로2우B,KOSPI,12390,1.72413793,73.66120219,2.05930807,59.27140255,0.40518639,49.07103825,0.08077544,42.55009107,53.28597450,7299556.75000000,2174485.00000000,False
003310,대주산업,KOSDAQ,1687,-0.76470588,22.65938069,1.99516324,58.83424408,1.62650602,54.53551913,5.83437892,57.44990893,53.22040073,363264973.60000002,397364844.00000000,False
014530,극동유화,KOSPI,3380,-0.44182622,29.65391621,0.00000000,39.78142077,4.64396285,63.16939891,9.03225806,64.48087432,53.06375228,1745467327.34999990,249479132.00000000,False
487720,키움제10호스팩,KOSDAQ,2065,0.24271845,51.29326047,1.47420147,55.37340619,1.47420147,53.77049180,2.22772277,48.94353370,53.03825137,14179481.20000000,4564110.00000000,False
066670,디티씨,KOSDAQ,3310,-1.78041543,10.27322404,-0.45112782,33.26047359,3.76175549,61.20218579,32.93172691,87.68670310,53.02367942,50490855.70000000,147031340.00000000,False
089230,THEEM,KOSDAQ,2020,9.60390667,97.26775956,-2.88461538,15.70127505,1.05052526,52.34972678,34.04114134,88.23315118,53.02367942,434623774.85000002,1258730315.00000000,False
007610,선도전기,KOSPI,4380,1.74216028,73.87978142,-0.11402509,36.68488160,13.17829457,78.03278689,-10.61224490,16.93989071,52.99453552,4128133449.75000000,917787972.00000000,False
475430,키스트론,KOSDAQ,4465,-0.99778271,18.87067395,1.59271900,56.17486339,10.38318912,74.57194900,-7.07596254,21.89435337,52.94717668,534453251.94999999,592433383.00000000,False
007820,엠엑스로보틱스,KOSDAQ,3560,1.13636364,66.63023679,3.18840580,65.51912568,-3.78378378,24.91803279,24.91228070,83.20582878,52.92714026,447449025.39999998,322735965.00000000,False
204320,HL만도,KOSPI,47800,1.05708245,65.46448087,3.35135135,66.13843352,0.31479538,48.67030965,-1.23966942,35.26411658,52.90892532,12119810571.25000000,18118440750.00000000,False
293480,하나제약,KOSPI,8470,1.19474313,67.75956284,3.29268293,65.82877960,0.59382423,50.16393443,-2.53164557,31.32969035,52.85610200,119005629.00000000,100560890.00000000,False
046210,HLB파나진,KOSDAQ,1380,11.38014528,97.99635701,-3.63128492,12.75045537,23.21428571,86.15664845,-6.18626785,23.82513661,52.85245902,626206933.70000005,4786701873.00000000,False
195940,HK이노엔,KOSDAQ,41250,2.35732010,79.52641166,5.36398467,74.57194900,-1.19760479,37.01275046,-0.24183797,38.57923497,52.84517304,3463838335.00000000,4225113475.00000000,False
215090,솔디펜스,KOSDAQ,1421,0.00000000,42.80510018,-1.52460152,24.37158470,12.86735504,77.70491803,2.59927798,50.12750455,52.69945355,136729848.94999999,81493693.00000000,False
020120,키다리스튜디오,KOSPI,7130,-13.36573512,0.10928962,-15.01787843,1.60291439,15.37216828,80.80145719,112.20238095,99.41712204,52.69581056,4502433095.25000000,8338929295.00000000,False
123040,엠에스오토텍,KOSDAQ,1690,2.05314010,76.72131148,1.86859554,58.25136612,-0.17720024,42.44080146,3.74462861,52.85974499,52.69581056,122263067.09999999,110756634.00000000,False
017250,인터엠,KOSDAQ,1060,0.47393365,55.81056466,0.00000000,39.78142077,2.31660232,57.01275046,7.83316378,61.85792350,52.69216758,22469751.80000000,27179868.00000000,False
121440,골프존홀딩스,KOSDAQ,7760,1.17340287,67.46812386,1.17340287,53.22404372,-1.27226463,36.68488160,16.86746988,76.39344262,52.66666667,408751235.25000000,268336945.00000000,False
188260,세니젠,KOSDAQ,2105,1.69082126,73.44262295,0.23809524,44.06193078,1.69082126,54.79052823,2.93398533,50.81967213,52.64298725,28797341.85000000,4244385.00000000,False
489480,키움제11호스팩,KOSDAQ,2200,0.00000000,42.80510018,0.00000000,39.78142077,3.28638498,59.63570128,8.37438424,62.80510018,52.63023679,15371176.25000000,0.00000000,False
036640,HRS,KOSDAQ,5010,1.62271805,72.96903461,-0.39761431,33.80692168,2.24489796,56.79417122,8.09061489,62.36794171,52.63023679,124513893.59999999,369911785.00000000,False
205500,넥써쓰,KOSDAQ,1782,-2.72925764,5.61020036,3.66492147,67.72313297,-0.66889632,39.59927140,20.00000000,79.52641166,52.62295082,269868594.80000001,216679951.00000000,False
309960,LB인베스트먼트,KOSDAQ,4325,0.11574074,47.65027322,2.00471698,58.87067395,1.05140187,52.38615665,1.28805621,46.08378871,52.59744991,176213424.09999999,108035310.00000000,False
377330,이지트로닉스,KOSDAQ,2760,-2.81690141,5.35519126,0.36363636,45.46448087,2.03327172,55.95628415,21.05263158,80.07285974,52.57194900,9545075.50000000,5682820.00000000,False
452430,사피엔반도체,KOSDAQ,36450,-3.69881110,3.38797814,-6.05670103,6.44808743,18.15235008,83.02367942,27.67075306,84.84517304,52.45173042,2241514157.50000000,1897098525.00000000,False
347000,센코,KOSDAQ,1898,0.47644256,55.91985428,0.58293588,47.83242259,0.79660117,51.22040073,7.05019741,60.00000000,52.42987250,105812180.84999999,403572883.00000000,False
199800,툴젠,KOSDAQ,35400,2.60869565,81.42076503,-1.80305132,22.73224044,5.98802395,66.01092896,4.82056141,55.30054645,52.42622951,1129141793.75000000,560106950.00000000,False
0041L0,하나35호스팩,KOSDAQ,2010,0.70140281,60.21857923,1.97869102,58.76138434,0.90361446,51.51183971,0.00000000,40.80145719,52.41530055,18716111.65000000,8696052.00000000,False
066360,체리부로,KOSDAQ,1488,-0.26809651,33.26047359,-0.80000000,29.61748634,8.06100218,70.71038251,6.59025788,59.05282332,52.30601093,41413295.70000000,26582822.00000000,False
069140,누리플랜,KOSDAQ,1772,1.83908046,74.68123862,3.38389732,66.33879781,-3.16939891,27.39526412,12.50793651,69.83606557,52.29508197,40563232.20000000,39934400.00000000,False
317690,퀀타매트릭스,KOSDAQ,2360,1.28755365,68.96174863,5.82959641,75.88342441,-0.63157895,39.85428051,-1.87110187,33.36976321,52.27686703,118428442.80000000,77147235.00000000,False
012800,대창,KOSPI,1197,-1.31904369,14.79052823,1.95911414,58.68852459,1.52671756,54.02550091,6.02302923,57.81420765,52.25865209,363659766.25000000,317201297.00000000,False
288180,케이피항공산업,KOSDAQ,7710,-1.28040973,15.04553734,1.84940555,58.14207650,10.61692970,74.82695811,-10.66048667,16.79417122,52.23679417,325288120.50000000,298852960.00000000,False
137080,나래나노텍,KOSDAQ,6270,1.95121951,75.62841530,0.64205457,48.59744991,-0.47619048,40.61930783,11.96428571,69.07103825,52.20400729,49771144.25000000,70562240.00000000,False
238200,비피도,KOSDAQ,2800,0.90090090,63.27868852,-0.35587189,34.08014572,1.26582278,53.07832423,13.59026369,71.80327869,52.14389800,11754729.25000000,14949965.00000000,False
058860,KTis,KOSPI,2615,1.16054159,67.04918033,0.77071291,50.01821494,1.16054159,52.85974499,1.35658915,46.44808743,52.14389800,863741436.20000005,223603921.00000000,False
083420,그린케미칼,KOSPI,4775,0.73839662,61.09289617,1.81236674,57.95992714,-0.20898642,42.11293260,6.34743875,58.68852459,52.08014572,76765371.34999999,65446805.00000000,False
096250,와이즈넛,KOSDAQ,5730,1.05820106,65.50091075,2.32142857,60.94717668,4.75319927,63.38797814,-18.95332390,9.10746812,52.01092896,113499856.75000000,184417890.00000000,False
376900,로킷헬스케어,KOSDAQ,28850,3.59066427,86.44808743,-0.34542314,34.17122040,14.03162055,79.12568306,-22.65415550,7.28597450,52.00364299,4292280756.25000000,3752137125.00000000,False
181710,NHN,KOSPI,58600,2.26876091,78.65209472,5.39568345,74.64480874,-11.07738998,7.43169399,51.03092784,93.80692168,51.99271403,12113738982.50000000,7887213450.00000000,False
009180,한솔로지스틱스,KOSPI,2815,0.17793594,49.12568306,1.07719928,52.60473588,1.07719928,52.53187614,3.11355311,51.32969035,51.97267760,56752422.00000000,92304385.00000000,False
078000,텔코웨어,KOSPI,13590,-0.36656891,31.18397086,1.41791045,54.93624772,1.49365198,53.91621129,4.21779141,54.02550091,51.97085610,25782617.25000000,16047600.00000000,False
010040,한국내화,KOSPI,1655,0.42475728,54.53551913,0.85313833,50.81967213,0.91463415,51.62112933,3.76175549,52.89617486,51.92714026,44942668.75000000,95208483.00000000,False
094940,푸른로보틱스,KOSDAQ,6280,0.31948882,52.76867031,3.45963756,66.73952641,-2.78637771,29.14389800,15.44117647,74.68123862,51.89253188,336487381.00000000,182433275.00000000,False
039240,경남스틸,KOSDAQ,1949,0.20565553,49.98178506,2.20241217,60.14571949,2.41723594,57.30418944,-3.27543424,29.61748634,51.88706740,102086154.20000000,75841835.00000000,False
005850,에스엘,KOSPI,52400,-0.19047619,35.51912568,4.17495030,69.79963570,3.14960630,59.34426230,-9.65517241,18.14207650,51.85792350,3331992495.00000000,4147019700.00000000,False
084870,TBH글로벌,KOSPI,2210,-1.11856823,16.97632058,3.51288056,67.03096539,-0.89686099,38.57923497,14.33005691,72.89617486,51.81785064,72176277.84999999,13772665.00000000,False
002840,미원상사,KOSPI,136600,0.66322771,59.56284153,-1.44300144,24.88160291,3.95738204,61.85792350,11.14727421,67.86885246,51.73770492,286848430.00000000,315692000.00000000,False
227610,아우딘퓨쳐스,KOSDAQ,1054,5.08474576,91.36612022,2.42954325,61.49362477,-3.12500000,27.74134791,9.44963655,65.28233151,51.73770492,31793933.70000000,43286035.00000000,False
011200,HMM,KOSPI,21450,0.23364486,50.92896175,0.46838407,46.37522769,0.46838407,49.21675774,9.43877551,65.20947177,51.73406193,16176153068.25000000,14790672115.00000000,False
043710,코스리거글로벌,KOSDAQ,3150,1.44927536,70.69216758,2.77324633,63.53369763,2.60586319,57.70491803,-14.51831750,12.49544627,51.71038251,41012659.55000000,10042760.00000000,False
45226K,한화갤러리아우,KOSPI,4415,-0.22598870,34.60837887,-1.88888889,21.96721311,10.51314143,74.71766849,6.38554217,58.76138434,51.69034608,24467857.50000000,14367335.00000000,False
049470,비트플래닛,KOSDAQ,2640,-2.58302583,6.28415301,-6.54867257,5.68306011,10.22964509,74.28051002,83.20610687,97.99635701,51.64480874,1018825533.79999995,174489916.00000000,False
000390,SP삼화,KOSPI,7010,-1.26760563,15.22768670,-1.82072829,22.49544627,8.17901235,71.00182149,15.48599671,74.75409836,51.62295082,497417487.00000000,322747725.00000000,False
037330,인지디스플레,KOSDAQ,725,5.99415205,93.51548270,2.83687943,63.82513661,1.82584270,55.33697632,-27.28184554,4.84517304,51.60291439,28568835.60000000,43127491.00000000,False
332290,누보,KOSDAQ,4450,0.67873303,59.89071038,1.13636364,53.11475410,-0.78037904,38.97996357,12.51580278,69.87249545,51.48998179,97321582.84999999,69193850.00000000,False
008355,남선알미우,KOSPI,7200,-1.36986301,13.98907104,2.71041369,63.06010929,0.41841004,49.14389800,5.88235294,57.54098361,51.48269581,3263486.00000000,611350.00000000,False
0071M0,삼성스팩11호,KOSDAQ,1997,0.15045135,48.12386157,1.88775510,58.36065574,0.90955028,51.58469945,0.10025063,42.62295082,51.47905282,14297202.30000000,10012570.00000000,False
307950,현대오토에버,KOSPI,390000,1.69491525,73.51548270,4.13885180,69.58105647,1.43042913,53.58834244,-19.00311526,9.03460838,51.46812386,16306596975.00000000,15322243250.00000000,False
051490,나라엠앤디,KOSDAQ,2650,3.51562500,85.82877960,4.53648915,71.58469945,-1.11940299,37.34061931,-2.21402214,32.24043716,51.44262295,48309434.60000000,51228725.00000000,False
003465,유화증권우,KOSPI,3155,-0.31595577,32.49544627,7.31292517,80.14571949,-2.17054264,32.31329690,5.16666667,56.04735883,51.42805100,1112290.00000000,6160.00000000,False
004255,NPC우,KOSPI,1927,0.89005236,63.13296903,1.68865435,57.15846995,2.22811671,56.68488160,-4.83950617,26.37522769,51.40983607,17031060.70000000,51529003.00000000,False
397810,애드포러스,KOSDAQ,6850,3.78787879,87.39526412,0.00000000,39.78142077,-2.42165242,30.89253188,42.85714286,91.83970856,51.39890710,57298140.75000000,31588840.00000000,False
008370,원풍,KOSDAQ,5300,2.51450677,80.87431694,-3.28467153,13.80692168,5.78842315,65.53734062,9.05349794,64.59016393,51.36247723,61421592.35000000,172859150.00000000,False
034020,두산에너빌리티,KOSPI,81600,0.24570025,51.47540984,0.61652281,48.37887067,3.03030303,58.83424408,0.00000000,40.80145719,51.35519126,236044079162.50000000,163555650450.00000000,False
067390,아스트,KOSDAQ,5770,1.05078809,65.26411658,-6.93548387,5.13661202,9.69581749,73.62477231,12.03883495,69.18032787,51.35336976,503891725.75000000,249972925.00000000,False
417310,코람코더원리츠,KOSPI,2390,0.20964361,50.20036430,-0.20876827,35.62841530,1.05708245,52.42258652,14.46360153,73.33333333,51.34426230,264725671.65000001,87997495.00000000,False
489730,디비금융제13호스팩,KOSDAQ,2055,1.23152709,68.26958106,0.98280098,51.80327869,0.24390244,48.25136612,1.98511166,48.30601093,51.32969035,39914631.00000000,17346260.00000000,False
019770,서연탑메탈,KOSDAQ,3295,0.15197568,48.23315118,2.32919255,60.98360656,0.00000000,44.91803279,2.96875000,50.89253188,51.26411658,25149398.25000000,26713200.00000000,False
263020,디케이앤디,KOSDAQ,3165,0.00000000,42.80510018,1.60513644,56.32058288,0.79617834,51.18397086,1.76848875,47.68670310,51.18761384,63728077.40000000,79813685.00000000,False
126560,현대퓨처넷,KOSPI,3390,-0.58651026,26.66666667,0.74294205,49.72677596,0.29585799,48.41530055,13.18864775,71.07468124,51.16575592,211796089.44999999,175529535.00000000,False
058110,멕아이씨에스,KOSDAQ,1589,4.26509186,89.25318761,5.93333333,76.39344262,-0.18844221,42.33151184,-15.02673797,11.87613843,51.15118397,109424688.00000000,97939350.00000000,False
005610,삼립,KOSPI,41100,-2.02622169,8.48816029,4.58015267,71.80327869,0.48899756,49.43533698,0.85889571,44.62659381,51.08925319,110404427.50000000,98720825.00000000,False
011330,유니켐,KOSPI,4225,1.44057623,70.63752277,3.80835381,68.37887067,-6.31929047,16.32058288,27.64350453,84.77231330,51.06010929,469003719.30000001,362710810.00000000,False
001340,PKC,KOSPI,5240,-0.75757576,22.84153005,3.14960630,65.39162113,4.80000000,63.44262295,-9.18544194,18.79781421,51.03825137,430738471.75000000,529396100.00000000,False
004560,현대비앤지스틸,KOSPI,12320,-0.32362460,32.20400729,-1.12359551,26.81238616,6.29853322,66.77595628,9.31677019,65.10018215,50.99453552,542049315.75000000,320483335.00000000,False
012170,아센디오,KOSPI,2955,-1.17056856,16.50273224,0.33955857,45.19125683,-0.67226891,39.56284153,168.14882033,99.78142077,50.98907104,67333719.55000000,23534425.00000000,False
004450,삼화왕관,KOSPI,28250,0.35523979,53.58834244,-1.05078809,27.35883424,4.62962963,63.04189435,7.41444867,60.91074681,50.96539162,38827636.25000000,3880650.00000000,False
145270,케이탑리츠,KOSPI,803,0.00000000,42.80510018,0.12468828,42.84153005,2.42346939,57.34061931,4.42132640,54.33515483,50.93624772,19626490.50000000,23683575.00000000,False
036570,NC,KOSPI,226000,-7.56646217,0.58287796,5.85480094,75.95628415,4.14746544,62.22222222,-11.37254902,15.95628415,50.92531876,24661803117.50000000,67131395000.00000000,False
005930,삼성전자,KOSPI,273000,-1.08695652,17.57741348,1.11111111,52.95081967,9.20000000,72.82331512,-7.77027027,20.69216758,50.91074681,4437279709686.20019531,3535153621870.00000000,False
030210,다올투자증권,KOSPI,3925,1.81582361,74.49908925,-0.88383838,28.99817851,0.89974293,51.47540984,12.78735632,70.49180328,50.83788707,261582256.59999999,179190735.00000000,False
007540,샘표,KOSPI,46400,-0.32223416,32.31329690,-1.38150903,25.39162113,8.15850816,70.92896175,6.17848970,58.03278689,50.82695811,4568092182.50000000,373904750.00000000,False
101730,위메이드맥스,KOSDAQ,4585,-1.18534483,16.21129326,0.21857923,43.82513661,14.48189763,79.81785064,-8.20820821,20.25500911,50.74681239,2908924613.84999990,617235350.00000000,False
069510,에스텍,KOSDAQ,13260,-1.63204748,11.43897996,-0.15060241,36.50273224,6.08000000,66.19307832,7.36842105,60.83788707,50.73952641,64332520.25000000,71695460.00000000,False
285800,진영,KOSDAQ,4360,-0.90909091,20.10928962,-3.64640884,12.60473588,18.96316508,83.64298725,5.82524272,57.39526412,50.72859745,1522065348.25000000,127571110.00000000,False
004380,삼익THK,KOSPI,7910,0.89285714,63.20582878,3.66972477,67.75956284,0.00000000,44.91803279,-2.94478528,30.23679417,50.66302368,171038281.00000000,191338410.00000000,False
340570,티앤엘,KOSDAQ,28700,3.98550725,88.30601093,2.50000000,61.89435337,-2.04778157,33.00546448,2.54761139,49.90892532,50.58287796,1753894857.50000000,2033218325.00000000,False
060150,인선이엔티,KOSDAQ,3020,1.00334448,64.62659381,5.96491228,76.57559199,0.00000000,44.91803279,-11.56661786,15.73770492,50.55009107,98479203.80000000,52011130.00000000,False
189330,씨이랩,KOSDAQ,10860,-1.27272727,15.11839709,-0.36697248,34.02550091,4.42307692,62.69581056,11.84346035,68.74316940,50.54644809,3126612119.50000000,1071293790.00000000,False
496070,신한제16호스팩,KOSDAQ,2015,0.24875622,51.63934426,1.20542441,53.55191257,0.75000000,50.96539162,0.85085085,44.55373406,50.52641166,13485162.95000000,24493894.00000000,False
389030,지니너스,KOSDAQ,2125,2.40963855,79.96357013,-9.38166311,3.16939891,24.26900585,86.92167577,-1.62037037,34.02550091,50.52094718,1058643203.75000000,628387911.00000000,False
347850,디앤디파마텍,KOSDAQ,47750,9.51834862,97.23132969,11.30536131,87.43169399,-1.54639175,35.26411658,-44.02110199,2.07650273,50.47358834,23549887320.00000000,56236300175.00000000,False
079550,LIG디펜스앤에어로스페이스,KOSPI,712000,-6.19235837,1.12932605,3.18840580,65.51912568,7.06766917,68.48816029,-10.88861076,16.50273224,50.46448087,57281562612.19999695,73511860500.00000000,False
043200,파루,KOSDAQ,1251,0.56270096,57.70491803,-0.23923445,35.15482696,2.28945217,56.97632058,5.48060708,56.68488160,50.44444444,140879068.30000001,116925013.00000000,False
003550,LG,KOSPI,114900,3.14183124,83.89799636,1.50176678,55.55555556,-2.87404903,28.56102004,12.31671554,69.50819672,50.38251366,29201306472.40000153,20738767630.00000000,False
002600,조흥,KOSPI,139000,0.00000000,42.80510018,1.68251646,57.08561020,1.38584974,53.44262295,-0.35842294,37.92349727,50.36794171,3415475.00000000,417000.00000000,False
246710,티앤알바이오팹,KOSDAQ,2275,-1.30151844,14.82695811,1.11111111,52.95081967,3.40909091,60.10928962,0.88691796,44.69945355,50.35154827,256561870.65000001,319555412.00000000,False
000670,영풍,KOSPI,41450,2.09359606,77.08561020,-2.00945626,21.09289617,3.62500000,60.87431694,6.82989691,59.67213115,50.32058288,5365816561.25000000,1115946550.00000000,False
031310,아이즈비전,KOSDAQ,1002,-0.59523810,26.41165756,3.40557276,66.52094718,-1.08588351,37.52276867,8.79478827,63.57012750,50.32058288,47176626.60000000,33312536.00000000,False
003850,보령,KOSPI,8630,1.52941176,71.80327869,4.98783455,73.15118397,-3.03370787,28.23315118,2.37247924,49.43533698,50.30601093,986254895.50000000,385323705.00000000,False
363250,진시스템,KOSDAQ,4175,1.21212121,67.97814208,-4.35280641,9.90892532,3.59801489,60.80145719,22.25475842,80.87431694,50.26593807,42046382.95000000,10516600.00000000,False
052020,에스티큐브,KOSDAQ,7960,1.53061224,71.83970856,3.37662338,66.30236794,-1.36307311,36.06557377,0.50505051,43.78870674,50.25865209,1245999238.75000000,1065291660.00000000,False
330350,위더스제약,KOSDAQ,7210,-0.13850416,37.04918033,-1.09739369,27.03096539,2.56045519,57.63205829,17.23577236,76.68488160,50.20400729,3053212336.00000000,363886895.00000000,False
0041J0,엘에스스팩1호,KOSDAQ,1994,0.40281974,54.13479053,2.73055126,63.20582878,0.00000000,44.91803279,-0.05012531,39.12568306,50.16757741,13204566.10000000,38442337.00000000,False
004440,삼일씨엔에스,KOSPI,5490,0.91911765,63.53369763,1.10497238,52.78688525,3.19548872,59.38069217,-7.73109244,20.83788707,50.10928962,540128155.54999995,149625360.00000000,False
301300,바이브컴퍼니,KOSDAQ,1680,5.59396606,92.75045537,6.32911392,77.63205829,-9.67741935,9.21675774,12.00000000,69.14389800,50.08014572,142548590.00000000,69509260.00000000,False
000910,유니온,KOSPI,2960,-0.16863406,36.28415301,0.68027211,48.92531876,0.85178876,51.29326047,5.33807829,56.24772313,50.07285974,130182133.59999999,82074322.00000000,False
219550,디와이디,KOSDAQ,1200,0.75566751,61.42076503,0.00000000,39.78142077,-0.08326395,42.80510018,15.05273250,74.06193078,50.01092896,35531049.75000000,35084956.00000000,False
066900,디에이피,KOSDAQ,1799,1.29504505,69.03460838,-0.05555556,37.08561020,3.92836511,61.78506375,-1.04510451,35.99271403,49.94171220,14434603.05000000,7584434.00000000,False
014470,부방,KOSDAQ,1069,-1.38376384,13.87978142,-0.46554935,32.93260474,5.94648167,65.86520947,7.76209677,61.56648452,49.92714026,71570511.59999999,56778841.00000000,False
120240,대정화금,KOSDAQ,14880,0.26954178,51.94899818,0.00000000,39.78142077,0.60851927,50.23679417,8.61313869,63.16939891,49.85792350,96588931.25000000,93182600.00000000,False
317850,대모,KOSDAQ,6210,-0.32102729,32.38615665,0.00000000,39.78142077,7.62564991,69.58105647,-1.58478605,34.17122040,49.83970856,1902778955.00000000,224831305.00000000,False
090150,아이윈,KOSDAQ,6010,0.00000000,42.80510018,1.34907251,54.60837887,-1.95758564,33.29690346,19.48310139,79.16211293,49.81420765,67295228.00000000,7258630.00000000,False
424960,스마트레이더시스템,KOSDAQ,3920,0.51282051,56.99453552,2.34986945,61.05646630,-0.50761421,40.36429872,1.95058518,48.12386157,49.78688525,53207194.15000000,62277930.00000000,False
009070,KCTC,KOSPI,4095,-1.08695652,17.57741348,1.61290323,56.41165756,1.99252802,55.73770492,0.61425061,44.00728597,49.77777778,408329112.44999999,329510406.00000000,False
458870,씨어스,KOSDAQ,27100,0.37037037,53.69763206,-1.81159420,22.69581056,30.91787440,90.45537341,-23.22946176,6.95810565,49.75227687,4680269773.75000000,3821303700.00000000,False
249420,일동제약,KOSPI,14860,2.27116311,78.68852459,6.59971306,78.65209472,-1.58940397,35.00910747,-7.41433022,21.31147541,49.73041894,3690421258.50000000,2141652125.00000000,False
108675,LX하우시스우,KOSPI,18590,0.48648649,56.10200364,2.03073546,59.05282332,-2.56813417,30.05464481,13.56139279,71.65755920,49.67941712,15649019.50000000,9748870.00000000,False
018120,진로발효,KOSDAQ,16820,0.47789725,55.95628415,0.11904762,42.76867031,1.57004831,54.24408015,1.69286578,47.43169399,49.61020036,11046789.75000000,8752120.00000000,False
475150,SK이터닉스,KOSPI,50500,1.40562249,70.30965392,-2.50965251,18.03278689,1.60965795,54.38979964,17.71561772,77.04918033,49.60655738,43965189035.00000000,35360907175.00000000,False
096350,대창솔루션,KOSDAQ,1898,-0.15781168,36.61202186,-0.73221757,30.27322404,1.01117616,52.13114754,20.81476766,79.92714026,49.58105647,362118395.05000001,209630615.00000000,False
311390,네오크레마,KOSDAQ,2485,-0.60000000,26.30236794,3.11203320,65.31876138,2.26337449,56.86703097,-6.57894737,22.91438980,49.55555556,63985593.20000000,76430400.00000000,False
432320,KB스타리츠,KOSPI,1628,-0.67114094,24.66302368,-3.95280236,11.18397086,10.82368958,75.00910747,11.58327622,68.52459016,49.53005464,703601624.25000000,305876917.00000000,False
148250,알엔투테크놀로지,KOSDAQ,2040,2.46107484,80.51001821,-2.15827338,20.18214936,15.90909091,81.27504554,-12.44635193,14.31693989,49.47905282,120061976.05000000,392241591.00000000,False
387570,파인메딕스,KOSDAQ,6390,-0.62208398,25.75591985,3.06451613,65.02732240,-4.34131737,22.44080146,43.59550562,92.05828780,49.47176685,35935024.00000000,104256500.00000000,False
0091W0,신영스팩11호,KOSDAQ,2055,-0.24271845,34.06193078,0.48899756,46.63023679,1.98511166,55.66484517,2.23880597,49.03460838,49.46812386,33055820.60000000,14152630.00000000,False
298040,효성중공업,KOSPI,2803000,0.46594982,55.55555556,0.68247126,48.96174863,2.86238532,58.28779599,-3.41144039,29.39890710,49.43897996,96140891750.00000000,96998863000.00000000,False
009770,삼정펄프,KOSPI,27900,1.45454545,70.78324226,0.72202166,49.43533698,-0.17889088,42.40437158,3.71747212,52.71402550,49.41347905,37719107.50000000,86743850.00000000,False
054050,NH농우바이오,KOSDAQ,7110,-1.25000000,15.33697632,0.70821530,49.14389800,2.00860832,55.82877960,4.09956076,53.77049180,49.36247723,124581608.50000000,85972725.00000000,False
123690,한국화장품,KOSPI,6440,-0.61728395,25.86520947,1.73775671,57.48633880,1.89873418,55.40983607,-0.77041602,36.75774135,49.34790528,1742963901.25000000,335137895.00000000,False
063570,NICE인프라,KOSDAQ,3330,0.60422961,58.43351548,4.38871473,70.52823315,-3.89610390,24.40801457,8.46905537,62.84153005,49.33333333,40428223.70000000,22223343.00000000,False
050110,캠시스,KOSDAQ,1079,0.00000000,42.80510018,0.00000000,39.78142077,-0.64456722,39.74499089,29.37649880,86.01092896,49.31511840,53384248.30000000,0.00000000,False
063440,SMLifeDesign,KOSDAQ,1094,-0.09132420,38.43351548,0.18315018,43.53369763,6.31681244,66.81238616,-3.95083406,28.30601093,49.28961749,77927771.90000001,72962887.00000000,False
477850,마키나락스,KOSDAQ,23100,1.09409190,66.01092896,1.98675497,58.79781421,0.65359477,50.38251366,-5.71428571,24.48087432,49.28961749,10168886848.75000000,6353216150.00000000,False
0093G0,미래에셋비전스팩8호,KOSDAQ,1987,0.35353535,53.51548270,1.32585416,54.42622951,0.20171457,47.75956284,0.05035247,42.47723133,49.27868852,15369533.95000000,15961924.00000000,False
361570,알비더블유,KOSDAQ,1600,0.50251256,56.70309654,-3.32326284,13.69763206,2.62989096,57.74134791,23.26656394,81.93078324,49.26229508,159038037.50000000,13671153.00000000,False
355390,크라우드웍스,KOSDAQ,1540,8.45070423,96.53916211,-4.82076638,8.48816029,18.46153846,83.24225865,-9.35844614,18.57923497,49.21311475,652211154.54999995,691091960.00000000,False
053030,바이넥스,KOSDAQ,6620,2.00308166,76.02914390,5.58213716,75.26411658,-1.19402985,37.06739526,-7.67085077,20.98360656,49.20582878,377532607.50000000,340423270.00000000,False
030190,NICE평가정보,KOSPI,16200,-1.63934426,11.40255009,0.24752475,44.40801457,0.49627792,49.54462659,15.38461538,74.57194900,49.19489982,1037927415.50000000,814212435.00000000,False
041650,상신브레이크,KOSPI,2195,0.45766590,55.30054645,1.85614849,58.17850638,-0.22727273,42.04007286,1.38568129,46.57559199,49.11475410,15519003.45000000,6153262.00000000,False
033050,제이엠아이,KOSDAQ,812,0.24691358,51.54826958,0.99502488,51.98542805,-1.09622412,37.48633880,10.32608696,66.84881603,49.11475410,16960608.65000000,8003179.00000000,False
000660,SK하이닉스,KOSPI,1784000,-3.14875136,4.51730419,1.30607609,54.24408015,11.77944862,76.24772313,-18.94593367,9.14389800,49.05282332,5730107906725.29980469,5039382094519.00000000,False
005680,삼영전자,KOSPI,12690,0.95465394,64.04371585,0.71428571,49.30783242,5.39867110,64.80874317,-18.65384615,9.54462659,49.02914390,266701501.00000000,193456470.00000000,False
004890,동일산업,KOSPI,35500,2.45310245,80.47358834,2.74963821,63.38797814,-2.47252747,30.52823315,2.15827338,48.74316940,49.02367942,15486555.00000000,11790400.00000000,False
058430,포스코스틸리온,KOSPI,4660,1.30434783,69.23497268,1.74672489,57.59562842,0.53937433,49.94535519,-5.85858586,24.11657559,49.00364299,1003104385.45000005,1260479950.00000000,False
036220,오상헬스케어,KOSDAQ,6490,0.30911901,52.62295082,-0.91603053,28.72495446,0.93312597,51.80327869,13.46153846,71.45719490,48.89253188,2307696909.50000000,123076650.00000000,False
488060,유진스팩11호,KOSDAQ,2050,0.49019608,56.30236794,0.49019608,46.68488160,0.49019608,49.47176685,1.48514851,46.92167577,48.80874317,28891949.00000000,32159820.00000000,False
307280,원바이오젠,KOSDAQ,6060,1.84873950,74.89981785,0.66445183,48.81602914,-1.78282010,34.09836066,9.38628159,65.17304189,48.80874317,129764375.25000000,139358100.00000000,False
171120,라이온켐텍,KOSDAQ,2035,-0.24509804,33.84335155,1.24378109,53.91621129,1.75000000,55.04553734,-0.97323601,36.10200364,48.79781421,77993199.05000000,35492205.00000000,False
033530,SJG세종,KOSPI,6830,0.29368576,52.27686703,0.58910162,47.90528233,-0.87082729,38.65209472,11.60130719,68.56102004,48.77231330,211490235.00000000,320836500.00000000,False
072990,에이치시티,KOSDAQ,3130,-0.63492063,25.35519126,0.64308682,48.63387978,3.81426202,61.34790528,-1.26182965,35.20947177,48.70673953,300319264.69999999,27730110.00000000,False
296640,이노에이엑스,KOSDAQ,6180,1.47783251,71.07468124,-0.96153846,28.23315118,-0.32258065,41.60291439,23.60000000,82.14936248,48.64845173,48433779.25000000,59800600.00000000,False
068100,케이웨더,KOSDAQ,2355,-0.42283298,29.92714026,0.00000000,39.78142077,1.07296137,52.49544627,8.77598152,63.49726776,48.62477231,17191938.45000000,8621215.00000000,False
900300,오가닉티코스메틱,KOSDAQ,3060,2.00000000,75.97449909,4.43686007,70.96539162,-20.41612484,2.95081967,47.11538462,92.75045537,48.61748634,533881864.14999998,405546420.00000000,False
479880,한국제15호스팩,KOSDAQ,2080,0.24096386,51.20218579,0.48309179,46.48451730,0.48309179,49.39890710,2.21130221,48.83424408,48.59198543,26677112.45000000,34769675.00000000,False
001065,JW중외제약우,KOSPI,22500,-0.44247788,29.56284153,1.12359551,53.00546448,-0.66225166,39.70856102,11.94029851,69.03460838,48.54826958,1596440.00000000,9743350.00000000,False
065510,휴비츠,KOSDAQ,7050,-0.70422535,23.87978142,4.91071429,72.96903461,0.00000000,44.91803279,-2.48962656,31.43897996,48.53369763,137431121.25000000,85436310.00000000,False
057030,YBM넷,KOSDAQ,2130,0.47169811,55.64663024,4.15647922,69.65391621,-0.46728972,40.71038251,-3.61990950,28.90710383,48.52641166,45098053.65000000,20687875.00000000,False
032790,엠젠솔루션,KOSDAQ,1238,-0.88070456,20.69216758,-4.47530864,9.43533698,9.46065429,73.15118397,13.57798165,71.73041894,48.50637523,436421298.85000002,152676029.00000000,False
009620,삼보산업,KOSDAQ,4740,-7.24070450,0.69216758,-12.22222222,2.22222222,8.96551724,72.64116576,50.00000000,93.51548270,48.49544627,119316810.50000000,144464625.00000000,False
017650,대림제지,KOSDAQ,10800,0.00000000,42.80510018,0.00000000,39.78142077,-0.46082949,40.76502732,20.26726058,79.70856102,48.46265938,74893886.00000000,0.00000000,False
002200,한국수출포장,KOSPI,2760,-1.25223614,15.30054645,-0.89766607,28.92531876,2.22222222,56.57559199,18.45493562,78.03278689,48.44444444,113024273.55000000,372658030.00000000,False
041930,SY동아,KOSDAQ,5020,0.00000000,42.80510018,-0.19880716,35.81056466,0.40000000,49.03460838,11.92865106,68.99817851,48.43715847,2063641681.20000005,112957320.00000000,False
000545,흥국화재우,KOSPI,5740,2.50000000,80.74681239,0.70175439,49.07103825,-1.71232877,34.40801457,6.69144981,59.30783242,48.42076503,1521302.50000000,533040.00000000,False
192390,윈하이텍,KOSDAQ,1874,-0.68892422,24.29872495,-0.31914894,34.42622951,4.16898277,62.25865209,4.05330372,53.66120219,48.39344262,51183296.85000000,25067036.00000000,False
0068Y0,비엔케이제3호스팩,KOSDAQ,1992,0.30211480,52.38615665,0.96300051,51.51183971,0.35264484,48.81602914,0.00000000,40.80145719,48.37887067,28331515.30000000,8167911.00000000,False
014280,금강공업,KOSPI,4585,0.54824561,57.44990893,-5.36635707,7.28597450,7.00116686,68.34244080,9.55794504,65.35519126,48.33879781,4524147715.35000038,838100743.00000000,False
014915,성문전자우,KOSPI,5000,-3.28820116,4.22586521,-0.99009901,27.94171220,6.26992561,66.55737705,9.05125409,64.55373406,48.33879781,4146374.75000000,10224430.00000000,False
064550,바이오니아,KOSDAQ,8880,3.49650350,85.64663024,2.89687138,64.18943534,-13.28125000,5.86520947,39.40345369,90.63752277,48.29508197,5993261538.25000000,1382729560.00000000,False
330730,스톤브릿지벤처스,KOSDAQ,4700,1.62162162,72.87795993,0.96670247,51.58469945,-0.42372881,41.12932605,1.07526882,45.35519126,48.28597450,137071076.80000001,172211660.00000000,False
418420,라온텍,KOSDAQ,4230,-1.62790698,11.47540984,-1.05263158,27.32240437,5.22388060,64.40801457,9.87012987,65.79234973,48.26593807,592267157.95000005,593503521.00000000,False
009450,경동나비엔,KOSPI,61300,0.00000000,42.80510018,1.49006623,55.44626594,1.65837479,54.71766849,-4.51713396,27.28597450,48.25865209,1711969940.00000000,1469076400.00000000,False
472230,에스케이증권제11호스팩,KOSDAQ,2110,0.23752969,51.11111111,0.47619048,46.41165756,0.47619048,49.32604736,1.68674699,47.39526412,48.24408015,108755789.00000000,67970570.00000000,False
477760,DB금융스팩12호,KOSDAQ,2085,0.48192771,56.02914390,0.00000000,39.78142077,1.21359223,52.96903461,1.70731707,47.50455373,48.22586521,26920400.00000000,13434014.00000000,False
004410,서울식품,KOSPI,1221,-0.32653061,32.13114754,0.08196721,42.47723133,-1.05348460,37.74134791,29.20634921,85.86520947,48.22586521,145069754.69999999,98778438.00000000,False
090080,평화산업,KOSPI,1005,-1.66340509,11.07468124,-1.85546875,22.22222222,3.82231405,61.38433515,19.92840095,79.45355191,48.21857923,105321628.34999999,92385672.00000000,False
068930,디지털대성,KOSDAQ,9220,-1.28479657,15.00910747,-4.45595855,9.58105647,6.34371396,66.92167577,28.23365786,85.13661202,48.17122040,889739954.00000000,298649555.00000000,False
450520,인스웨이브,KOSDAQ,1893,-0.52548607,27.61384335,-0.78616352,29.72677596,4.58563536,62.87795993,5.45961003,56.64845173,48.16029144,36413220.35000000,44375735.00000000,False
026150,특수건설,KOSDAQ,3950,0.76530612,61.60291439,0.50890585,46.95810565,3.67454068,61.02003643,-10.12514221,17.48633880,48.15300546,95443654.15000001,58712105.00000000,False
002355,넥센타이어1우B,KOSPI,3960,0.50761421,56.86703097,0.50761421,46.86703097,1.27877238,53.11475410,-1.12359551,35.70127505,48.13296903,55978719.90000000,8472695.00000000,False
950190,고스트스튜디오,KOSDAQ,9670,-0.71868583,23.60655738,0.31120332,44.80874317,1.36268344,53.40619308,4.65367965,54.82695811,48.13114754,1395764304.75000000,94628430.00000000,False
102940,코오롱생명과학,KOSDAQ,14790,0.95563140,64.08014572,3.35429769,66.19307832,1.57967033,54.31693989,-66.11683849,0.65573770,48.12386157,671078644.25000000,842710005.00000000,False
003280,흥아해운,KOSPI,1815,-2.31431647,7.54098361,-1.73253925,23.27868852,6.82754562,67.79599271,10.00000000,66.04735883,48.06557377,18017161525.59999847,4123669639.00000000,False
382480,지아이텍,KOSDAQ,1645,0.42735043,54.57194900,2.04714640,59.19854281,1.04422604,52.27686703,-8.86426593,19.34426230,47.99635701,94947132.90000001,85600232.00000000,False
006090,사조오양,KOSPI,9010,-0.22148394,34.75409836,0.55803571,47.50455373,-0.44198895,41.02003643,12.06467662,69.25318761,47.98542805,42163066.75000000,12816480.00000000,False
226400,오스테오닉,KOSDAQ,4215,0.71684588,60.65573770,4.72049689,72.31329690,-0.70671378,39.34426230,-6.95364238,22.22222222,47.94171220,421286513.89999998,430254997.00000000,False
004090,한국석유,KOSPI,11840,-1.16861436,16.57559199,-1.57938487,24.11657559,5.99820949,66.04735883,8.52428964,63.02367942,47.91621129,8748806969.50000000,1444078060.00000000,False
105630,한세실업,KOSPI,8880,1.13895216,66.72131148,3.49650350,66.95810565,-1.44284129,35.70127505,-1.55210643,34.24408015,47.88888889,392600402.50000000,296848920.00000000,False
0015N0,아로마티카,KOSDAQ,9970,-1.28712871,14.97267760,-13.22889469,2.07650273,6.28997868,66.66666667,61.32686084,95.48269581,47.88342441,12879868490.50000000,4007379855.00000000,False
450330,하스,KOSDAQ,5000,-0.59642147,26.37522769,2.66940452,62.69581056,0.20040080,47.65027322,-0.79365079,36.68488160,47.84335155,35158867.85000000,190872850.00000000,False
100220,비상교육,KOSPI,5030,0.60000000,58.36065574,0.60000000,48.08743169,1.71890799,54.89981785,-4.19047619,27.97814208,47.81785064,111902526.25000000,59453090.00000000,False
335810,프리시젼바이오,KOSDAQ,1523,2.07774799,76.83060109,0.26333114,44.55373406,-0.91086532,38.46994536,5.61719834,56.90346084,47.81785064,29066593.00000000,18597493.00000000,False
140520,대창스틸,KOSDAQ,2010,0.50000000,56.52094718,0.00000000,39.78142077,0.50000000,49.61748634,3.12981016,51.43897996,47.72131148,28140542.80000000,67071965.00000000,False
102460,이연제약,KOSPI,10050,-0.78973346,22.25865209,0.60060060,48.12386157,1.41271443,53.55191257,1.72064777,47.54098361,47.59198543,209848466.25000000,326585720.00000000,False
014990,인디에프,KOSPI,3990,-1.72413793,10.67395264,5.00000000,73.18761384,-8.38117107,11.69398907,110.11058452,99.38069217,47.57741348,2195026122.34999990,669263744.00000000,False
039010,현대에이치티,KOSDAQ,8170,-3.08422301,4.66302368,-2.85374554,15.88342441,8.35543767,71.36612022,11.91780822,68.92531876,47.56284153,273698784.25000000,77802890.00000000,False
0098T0,교보19호스팩,KOSDAQ,2000,0.00000000,42.80510018,0.85728694,50.85610200,0.30090271,48.48816029,0.20040080,42.98724954,47.53005464,8917613.90000000,11918615.00000000,False
051780,큐로홀딩스,KOSDAQ,2485,1.22199593,68.19672131,6.42398287,77.99635701,-0.99601594,38.03278689,-17.16666667,10.49180328,47.53005464,79513463.90000001,195387690.00000000,False
319400,현대무벡스,KOSDAQ,21200,1.43540670,70.56466302,2.16867470,59.78142077,0.00000000,44.91803279,-6.60792952,22.84153005,47.52641166,22184478677.15000153,17912956600.00000000,False
478110,이베스트스팩6호,KOSDAQ,2060,0.24330900,51.36612022,0.48780488,46.55737705,0.24330900,48.17850638,1.22850123,45.75591985,47.52641166,21948946.50000000,47465060.00000000,False
370090,퓨런티어,KOSDAQ,6340,2.42326333,80.10928962,5.14096186,73.55191257,-2.00927357,33.11475410,-7.71470160,20.87431694,47.49726776,124463274.75000000,71671490.00000000,False
060540,에스에이티,KOSDAQ,1338,0.45045045,55.08196721,-2.83224401,16.02914390,0.67720090,50.63752277,26.70454545,84.18943534,47.40983607,96213162.59999999,19320213.00000000,False
475230,엔알비,KOSDAQ,9840,-2.38095238,7.24954463,-0.80645161,29.52641166,0.51072523,49.79963570,35.72413793,89.28961749,47.36065574,945723587.75000000,475162025.00000000,False
035150,백산,KOSPI,10540,0.57251908,57.90528233,2.23084384,60.25500911,-1.95348837,33.40619308,2.82926829,50.63752277,47.35701275,137448457.75000000,316697845.00000000,False
004540,깨끗한나라,KOSPI,1235,-0.72347267,23.49726776,2.23509934,60.36429872,3.26086957,59.52641166,-11.78571429,15.40983607,47.35154827,34246094.75000000,13658718.00000000,False
0044K0,삼성스팩10호,KOSDAQ,1999,-0.05000000,38.83424408,0.95959596,51.47540984,0.30105369,48.52459016,0.20050125,43.02367942,47.34061931,20335028.90000000,8999777.00000000,False
000240,한국앤컴퍼니,KOSPI,25300,-0.58939096,26.48451730,0.59642147,48.05100182,3.68852459,61.05646630,-3.43511450,29.25318761,47.33697632,1559179300.40000010,615957500.00000000,False
058850,KTcs,KOSPI,2205,-0.22624434,34.57194900,0.91533181,51.25683060,1.61290323,54.46265938,-1.78173719,33.51548270,47.32240437,219289452.30000001,102605927.00000000,False
007210,벽산,KOSPI,1443,0.27797081,52.13114754,0.97970609,51.69398907,1.33426966,53.33333333,-4.94071146,26.08378871,47.27140255,76459734.75000000,62771067.00000000,False
195500,마니커에프앤지,KOSDAQ,1728,0.64065230,59.01639344,0.99357101,51.94899818,-1.48232611,35.59198543,6.01226994,57.74134791,47.27140255,62162081.70000000,59248602.00000000,False
323990,박셀바이오,KOSDAQ,4405,2.08574739,76.97632058,1.49769585,55.48269581,-1.89309577,33.69763206,1.61476355,47.24954463,47.27140255,656231899.14999998,356614945.00000000,False
001275,부국증권우,KOSPI,30350,0.16501650,48.85245902,0.83056478,50.74681239,0.49668874,49.58105647,-0.81699346,36.57559199,47.25683060,16315812.50000000,10956350.00000000,False
009160,SIMPAC,KOSPI,4985,1.11561866,66.33879781,3.85416667,68.52459016,-2.44618395,30.74681239,-0.20020020,38.68852459,47.22768670,274620386.14999998,189970260.00000000,False
139670,키네마스터,KOSDAQ,1942,1.25130344,68.41530055,0.10309278,42.62295082,-3.62282878,25.46448087,31.39377537,87.03096539,47.22040073,31229856.30000000,26198126.00000000,False
036620,감성코퍼레이션,KOSDAQ,3765,1.20967742,67.86885246,3.00957592,64.80874317,0.00000000,44.91803279,-11.92982456,15.00910747,47.19854281,783323304.60000002,756214565.00000000,False
002880,디와이에이,KOSPI,3760,-1.05263158,18.10564663,8.67052023,83.09653916,-0.13280212,42.62295082,-10.58263971,17.01275046,47.19125683,52538192.90000000,62635357.00000000,False
038540,상상인,KOSDAQ,1990,1.11788618,66.37522769,4.35238595,70.38251366,-1.24069479,36.83060109,-6.35294118,23.46083789,47.17668488,97830931.30000000,203447615.00000000,False
023160,태광,KOSDAQ,27100,-3.55871886,3.67941712,-1.98915009,21.31147541,5.03875969,63.86156648,15.07430998,74.18943534,47.14389800,6104445895.00000000,4924529725.00000000,False
179530,애드바이오텍,KOSDAQ,2180,4.80769231,90.60109290,24.64265294,97.66848816,-13.32007952,5.75591985,-2.24215247,32.13114754,47.08925319,361602814.94999999,668350560.00000000,False
267850,아시아나IDT,KOSPI,9310,0.86673889,62.76867031,0.53995680,47.32240437,0.97613883,51.94899818,-3.52331606,29.14389800,47.08196721,115201381.75000000,7615960.00000000,False
017670,SK텔레콤,KOSPI,88600,0.00000000,42.80510018,1.02622577,52.27686703,-0.44943820,40.91074681,3.99061033,53.47905282,47.02367942,63254745947.50000000,37500621050.00000000,False
104620,노랑풍선,KOSDAQ,3150,0.15898251,48.56102004,1.61290323,56.41165756,1.44927536,53.71584699,-9.61262554,18.32422587,46.93078324,977920106.60000002,89393675.00000000,False
013310,아진산업,KOSDAQ,2350,1.51187905,71.76684882,1.73160173,57.41347905,0.21321962,47.83242259,-10.64638783,16.86703097,46.90710383,176087334.30000001,225256000.00000000,False
0039P0,매드업,KOSDAQ,8140,2.51889169,80.91074681,-8.94854586,3.49726776,3.95913155,61.89435337,9.26174497,64.99089253,46.89617486,26160210878.00000000,4368838680.00000000,False
004150,한솔홀딩스,KOSPI,3555,-2.20082531,7.75956284,-0.97493036,28.12386157,2.00860832,55.82877960,17.32673267,76.75774135,46.89617486,241160667.84999999,354765834.00000000,False
400760,NH올원리츠,KOSPI,2815,0.00000000,42.80510018,1.25899281,53.95264117,1.44144144,53.62477231,-5.53691275,24.80874317,46.87795993,267857831.65000001,289635583.00000000,False
474660,신한제12호스팩,KOSDAQ,2092,0.33573141,53.22404372,0.33573141,45.13661202,0.09569378,46.88524590,1.30750605,46.15664845,46.84881603,46293587.65000000,66364491.00000000,False
402030,코난테크놀로지,KOSDAQ,13120,0.15267176,48.30601093,0.38255547,45.64663024,-1.42749812,35.81056466,12.52144082,69.90892532,46.83060109,230452933.75000000,311237680.00000000,False
075970,동국알앤에스,KOSDAQ,1672,0.05984440,47.03096539,0.00000000,39.78142077,2.51379522,57.52276867,-1.06508876,35.84699454,46.81602914,29678269.50000000,29705192.00000000,False
338840,와이바이오로직스,KOSDAQ,8560,-0.11668611,37.83242259,4.00972053,69.14389800,1.18203310,52.93260474,-26.01555748,5.53734062,46.80692168,214705762.50000000,156516490.00000000,False
064240,홈캐스트,KOSDAQ,1779,-1.00166945,18.79781421,-1.11172874,26.95810565,1.54109589,54.09836066,16.50294695,75.99271403,46.80510018,60041230.25000000,72467240.00000000,False
123420,위메이드플레이,KOSDAQ,6490,-0.76452599,22.69581056,-0.91603053,28.72495446,4.50885668,62.80510018,4.17335474,53.91621129,46.79234973,181308092.00000000,103046100.00000000,False
462350,이노스페이스,KOSDAQ,6510,0.93023256,63.67941712,-3.98230088,11.07468124,16.66666667,81.78506375,-7.13266762,21.82149362,46.76867031,1473778691.50000000,2439755090.00000000,False
015710,코콤,KOSDAQ,2920,0.34364261,53.36976321,0.17152659,43.42440801,-0.51107325,40.25500911,7.74907749,61.51183971,46.76867031,22055909.65000000,33745805.00000000,False
013810,스페코,KOSDAQ,1561,1.10103627,66.15664845,1.82648402,58.03278689,0.38585209,48.96174863,-11.55807365,15.77413479,46.76502732,37908676.35000000,46420302.00000000,False
182360,큐브엔터,KOSDAQ,6390,-0.31201248,32.56830601,-6.44216691,5.86520947,12.69841270,77.57741348,3.90243902,53.18761384,46.68488160,118365712.50000000,118068450.00000000,False
047040,대우건설,KOSPI,17790,0.56529112,57.74134791,-4.45757250,9.54462659,6.20895522,66.44808743,5.76694411,57.23132969,46.66302368,151906154162.00000000,71198065030.00000000,False
000100,유한양행,KOSPI,76400,2.96495957,83.06010929,2.68817204,62.80510018,-6.14250614,17.12204007,8.67709815,63.27868852,46.65209472,15095247540.00000000,15292590700.00000000,False
0132G0,교보20호스팩,KOSDAQ,1996,0.20080321,49.83606557,0.45294414,46.30236794,0.20080321,47.68670310,0.35193565,43.38797814,46.62659381,6467817.60000000,28424077.00000000,False
214370,케어젠,KOSDAQ,43350,2.00000000,75.97449909,6.51105651,78.39708561,-1.14025086,37.23132969,-36.43695015,3.02367942,46.61384335,2588593548.75000000,3320618000.00000000,False
279570,케이뱅크,KOSPI,5520,2.41187384,80.00000000,0.54644809,47.43169399,-0.89766607,38.54280510,0.91407678,44.80874317,46.60837887,3229543654.75000000,2837014435.00000000,False
0101C0,하나36호스팩,KOSDAQ,1979,0.30410542,52.45901639,0.76374745,49.87249545,0.15182186,47.39526412,-0.65261044,37.19489982,46.60473588,8159554.15000000,11167398.00000000,False
082740,한화엔진,KOSPI,47750,-1.74897119,10.49180328,0.42060988,45.93806922,4.71491228,63.31511840,-2.25179120,32.09471767,46.57559199,38361516122.50000000,31420896200.00000000,False
095190,신화프리텍,KOSDAQ,1870,-0.95338983,19.38069217,1.63043478,56.53916211,2.74725275,58.03278689,-6.96517413,22.16757741,46.54644809,179825977.90000001,78671737.00000000,False
452160,제이엔비,KOSDAQ,3150,1.28617363,68.87067395,3.61842105,67.61384335,-1.25391850,36.72131148,-6.38930163,23.35154827,46.53005464,27024778.60000000,47933675.00000000,False
014825,동원시스템즈우,KOSPI,13830,1.02264427,65.02732240,5.25114155,74.02550091,-4.35684647,22.36794171,0.72833212,44.29872495,46.51730419,1746364.00000000,27640.00000000,False
000700,유수홀딩스,KOSPI,6610,0.15151515,48.19672131,-1.63690476,23.93442623,0.30349014,48.59744991,15.96491228,75.37340619,46.51366120,157193079.50000000,247409970.00000000,False
068290,삼성출판사,KOSPI,6260,2.28758170,78.76138434,1.45867099,55.22768670,-1.10584518,37.44990893,-1.26182965,35.20947177,46.46630237,48365763.75000000,114478610.00000000,False
484130,하나34호스팩,KOSDAQ,2040,-0.24449878,33.87978142,0.99009901,51.85792350,0.49261084,49.50819672,-0.24449878,38.50637523,46.44990893,17139308.75000000,46998865.00000000,False
462520,조선내화,KOSPI,13050,1.16279070,67.12204007,2.11267606,59.48998179,0.61680802,50.27322404,-19.79102643,8.70673953,46.40983607,528997103.50000000,9169493680.00000000,False
288620,에스프리즘,KOSDAQ,4010,2.55754476,81.05646630,-1.83598531,22.33151184,10.16483516,74.17122040,-19.47791165,8.85245902,46.24408015,234128040.75000000,21394380.00000000,False
007390,네이처셀,KOSDAQ,24850,-0.40080160,30.32786885,-2.16535433,20.14571949,3.97489540,61.93078324,7.80911063,61.82149362,46.21311475,4323421535.00000000,4005543075.00000000,False
023410,유진기업,KOSDAQ,3270,-0.30487805,32.75045537,1.23839009,53.84335155,2.99212598,58.68852459,-10.89918256,16.42987250,46.18943534,669634661.29999995,380149544.00000000,False
115530,씨엔플러스,KOSDAQ,2885,0.87412587,62.87795993,1.76366843,57.70491803,-9.84375000,8.88888889,58.77820583,95.08196721,46.17122040,124613642.70000000,36627980.00000000,False
303530,이노뎁,KOSDAQ,3030,0.16528926,48.88888889,-0.16474465,36.32058288,-0.32894737,41.54826958,11.60220994,68.59744991,46.12386157,22700000.20000000,12997555.00000000,False
084110,휴온스글로벌,KOSDAQ,23200,1.31004367,69.32604736,6.17848970,77.30418944,-1.90274841,33.58834244,-14.07407407,12.78688525,46.11657559,709201990.00000000,452864675.00000000,False
011040,경동제약,KOSDAQ,5060,0.79681275,61.96721311,0.79681275,50.29143898,-0.78431373,38.94353370,1.30130130,46.12021858,46.08561020,134299214.25000000,109285820.00000000,False
403850,더핑크퐁컴퍼니,KOSDAQ,12410,2.13991770,77.52276867,1.05863192,52.49544627,-5.12232416,20.10928962,14.06250000,72.64116576,46.07285974,908335648.25000000,627706950.00000000,False
058650,세아홀딩스,KOSPI,128800,0.78247261,61.82149362,2.22222222,60.21857923,-4.02384501,23.71584699,7.78242678,61.63934426,46.06193078,101253277.50000000,24880050.00000000,False
187220,디티앤씨,KOSDAQ,2080,-0.23980815,34.17122040,0.72639225,49.47176685,5.15672396,64.18943534,-17.13147410,10.60109290,46.05464481,18132389.55000000,4087580.00000000,False
293940,신한알파리츠,KOSPI,5540,-0.18018018,35.88342441,-1.24777184,25.97449909,2.78293135,58.06921676,5.72519084,57.15846995,46.04007286,522881518.75000000,635831905.00000000,False
089600,KT나스미디어,KOSDAQ,12440,2.64026403,81.56648452,0.32258065,44.99089253,-5.11060259,20.14571949,23.04648863,81.63934426,46.04007286,244409930.75000000,198164410.00000000,False
477340,에이치엠씨제7호스팩,KOSDAQ,2065,0.00000000,42.80510018,0.24271845,44.29872495,0.24271845,48.10564663,1.22549020,45.70127505,45.95264117,30533826.95000000,12012140.00000000,False
000220,유유제약,KOSPI,3785,0.00000000,42.80510018,1.47453083,55.40983607,-0.52562418,40.16393443,0.93333333,44.88160291,45.94535519,926662873.00000000,152150195.00000000,False
001080,만호제강,KOSPI,3995,-0.12500000,37.44990893,4.17209909,69.72677596,0.12531328,47.14025501,-15.00000000,11.94899818,45.90892532,196452304.69999999,445312785.00000000,False
001230,동국홀딩스,KOSPI,2040,0.49261084,56.35701275,-3.31753555,13.73406193,0.74074074,50.92896175,19.22852133,78.87067395,45.90163934,1735470435.04999995,608309320.00000000,False
215600,신라젠,KOSDAQ,2355,-0.21186441,34.89981785,2.61437908,62.51366120,-2.28215768,31.69398907,4.66666667,54.89981785,45.90163934,1515894042.29999995,1172216182.00000000,False
242040,나무AX,KOSDAQ,3300,0.00000000,42.80510018,-0.45248869,33.22404372,10.92436975,75.26411658,-21.98581560,7.54098361,45.86156648,885181324.50000000,868248502.00000000,False
474490,유안타제16호스팩,KOSDAQ,2080,0.00000000,42.80510018,0.24096386,44.15300546,0.14443909,47.28597450,1.46341463,46.84881603,45.81056466,24833713.50000000,23179299.00000000,False
077970,STX엔진,KOSPI,23100,1.53846154,71.94899818,4.52488688,71.47540984,-1.49253731,35.48269581,-12.00000000,14.89981785,45.81056466,3127581095.00000000,2770743100.00000000,False
443060,HD현대마린솔루션,KOSPI,226500,-3.41151386,4.00728597,-6.59793814,5.53734062,10.21897810,74.24408015,12.68656716,70.23679417,45.80692168,25750630213.45000076,23043782091.00000000,False
372320,큐로셀,KOSDAQ,23450,1.29589633,69.10746812,9.32400932,84.33515483,-2.49480249,30.49180328,-23.36601307,6.88524590,45.78506375,525149337.50000000,613703875.00000000,False
005940,NH투자증권,KOSPI,26700,-0.55865922,27.21311475,2.89017341,64.11657559,1.52091255,53.98907104,-16.16954474,11.11111111,45.77413479,11076642271.89999962,9274022063.00000000,False
036460,한국가스공사,KOSPI,36150,0.83682008,62.36794171,1.97461213,58.72495446,-4.11140584,23.09653916,8.72180451,63.38797814,45.77049180,6197212248.75000000,3017537850.00000000,False
060590,씨티씨바이오,KOSDAQ,3065,-0.80906149,22.07650273,0.65681445,48.70673953,0.16339869,47.50455373,2.50836120,49.72677596,45.76684882,94985899.65000001,104214026.00000000,False
489210,교보17호스팩,KOSDAQ,2060,-0.48309179,28.74316940,0.48780488,46.55737705,0.24330900,48.17850638,1.98019802,48.26958106,45.76684882,36555636.20000000,17200515.00000000,False
059210,메타바이오메드,KOSDAQ,3780,2.30040595,78.90710383,2.16216216,59.74499089,-2.45161290,30.63752277,-0.26385224,38.39708561,45.74863388,259760093.09999999,324358575.00000000,False
0072Z0,KB제33호스팩,KOSDAQ,1980,0.45662100,55.22768670,0.50761421,46.86703097,0.10111223,46.92167577,-0.70210632,36.97632058,45.74681239,43177890.55000000,99116978.00000000,False
0131D0,키움히어로제2호스팩,KOSDAQ,1966,0.30612245,52.53187614,1.07969152,52.64116576,-0.20304569,42.18579235,-0.05083884,39.08925319,45.73770492,34443031.45000000,70385235.00000000,False
219420,링크제니시스,KOSDAQ,3250,-0.76335878,22.73224044,2.20125786,60.10928962,1.40405616,53.51548270,-8.45070423,19.89071038,45.69034608,55181875.85000000,90059640.00000000,False
263750,펄어비스,KOSDAQ,33150,-0.89686099,20.43715847,0.15105740,43.24225865,7.10823910,68.67030965,-11.24497992,15.99271403,45.68306011,9543762860.00000000,3486687725.00000000,False
263700,케어랩스,KOSDAQ,2210,-1.33928571,14.35336976,-3.49344978,13.15118397,16.80761099,81.93078324,-0.45045045,37.63205829,45.67941712,58196588.75000000,30470656.00000000,False
003200,일신방직,KOSPI,10910,1.01851852,64.88160291,-1.35623870,25.57377049,4.70249520,63.27868852,-2.76292335,30.78324226,45.62841530,1417079874.00000000,475518055.00000000,False
011230,삼화전자,KOSPI,2690,0.56074766,57.59562842,0.18621974,43.57012750,4.66926070,63.20582878,-21.91582003,7.57741348,45.62841530,1210970409.34999990,426837781.00000000,False
486630,KB제30호스팩,KOSDAQ,2055,0.24390244,51.40255009,0.24390244,44.33515483,0.00000000,44.91803279,1.23152709,45.81056466,45.57012750,33774338.45000000,57403275.00000000,False
177900,쓰리에이로직스,KOSDAQ,3785,0.66489362,59.65391621,3.69863014,68.01457195,-0.52562418,40.16393443,-11.66861144,15.55555556,45.54644809,64956590.90000000,42175420.00000000,False
473050,유안타제15호스팩,KOSDAQ,2105,0.00000000,42.80510018,0.23809524,44.06193078,0.14272122,47.24954463,1.20192308,45.57377049,45.51366120,261743394.30000001,44153930.00000000,False
0037T0,KB제32호스팩,KOSDAQ,1999,-0.54726368,27.35883424,0.80685830,50.45537341,0.15030060,47.32240437,0.25075226,43.27868852,45.45719490,28270162.45000000,8606583.00000000,False
194700,노바렉스,KOSDAQ,10620,1.82166826,74.64480874,3.10679612,65.28233151,-0.28169014,41.67577413,-20.15037594,8.45173042,45.40983607,492328413.75000000,614240080.00000000,False
024740,한일단조,KOSDAQ,2180,-2.67857143,5.90163934,-1.80180180,22.76867031,6.08272506,66.22950820,5.82524272,57.39526412,45.39162113,449259401.85000002,507889980.00000000,False
023000,삼원강재,KOSPI,2220,0.22573363,50.60109290,1.13895216,53.15118397,-0.22471910,42.07650273,-0.44843049,37.66848816,45.36976321,27750098.40000000,3875437.00000000,False
298690,에어부산,KOSPI,1514,0.66489362,59.65391621,-0.06600660,37.04918033,0.59800664,50.20036430,0.00000000,40.80145719,45.32058288,97112675.05000000,191475092.00000000,False
015360,INVENI,KOSPI,14600,-0.68027211,24.48087432,-0.54495913,32.20400729,3.84068279,61.49362477,0.20590254,43.06010929,45.31876138,189813704.50000000,164412220.00000000,False
110020,전진바이오팜,KOSDAQ,2025,-7.95454545,0.47358834,-2.40963855,18.57923497,4.38144330,62.62295082,14.34217956,73.00546448,45.27140255,27534352.15000000,18913570.00000000,False
482520,교보16호스팩,KOSDAQ,2065,0.00000000,42.80510018,0.00000000,39.78142077,0.24271845,48.10564663,2.22772277,48.94353370,45.24590164,23429509.60000000,0.00000000,False
006490,프리티,KOSPI,1459,-0.47748977,28.81602914,2.31416550,60.91074681,3.03672316,58.87067395,-40.30278232,2.62295082,45.22768670,543912168.00000000,99396139.00000000,False
196170,알테오젠,KOSDAQ,264000,1.73410405,73.73406193,5.17928287,73.64298725,-6.71378092,15.66484517,1.65967115,47.32240437,45.19672131,96808127925.00000000,73407482000.00000000,False
308430,셀비온,KOSDAQ,14240,-2.46575342,6.92167577,-1.17973629,26.33879781,18.56786012,83.38797814,-11.00000000,16.22950820,45.19489982,488360135.25000000,398817600.00000000,False
478390,KB제29호스팩,KOSDAQ,2075,0.00000000,42.80510018,0.24154589,44.22586521,0.00000000,44.91803279,1.96560197,48.19672131,45.15482696,30443224.45000000,2455150.00000000,False
033780,KTG,KOSPI,176300,-0.28280543,33.07832423,0.97365407,51.62112933,0.91585575,51.65755920,-3.87131952,28.45173042,45.14754098,38183342316.80000305,37781565250.00000000,False
009300,삼아제약,KOSDAQ,14020,0.42979943,54.66302368,-1.82072829,22.49544627,0.50179211,49.69034608,9.44574551,65.24590164,45.14025501,17112880.25000000,25372860.00000000,False
023960,에쓰씨엔지니어링,KOSPI,1045,-0.09560229,38.32422587,1.65369650,56.75774135,-1.41509434,35.84699454,2.45098039,49.65391621,45.12932605,30853440.60000000,6726480.00000000,False
0097F0,미래에셋비전스팩10호,KOSDAQ,1985,-0.20110608,35.15482696,0.81259523,50.52823315,0.15136226,47.35883424,-0.60090135,37.37704918,45.09289617,10912685.90000000,9436449.00000000,False
004800,효성,KOSPI,158700,0.44303797,54.86338798,0.31605563,44.91803279,-0.18867925,42.29508197,1.27632419,46.04735883,45.08925319,3272845860.00000000,1413347550.00000000,False
126720,수산인더스트리,KOSPI,21500,0.23310023,50.89253188,-0.46296296,33.06010929,1.65484634,54.68123862,0.00000000,40.80145719,45.04007286,479464993.75000000,205120200.00000000,False
050860,아세아텍,KOSDAQ,1720,-1.60183066,11.76684882,1.95613515,58.65209472,0.76157001,51.07468124,-3.53337072,29.10746812,45.02367942,18710470.40000000,36938371.00000000,False
007530,와이엠,KOSDAQ,1769,3.08857809,83.71584699,-4.37837838,9.79963570,10.70087610,74.89981785,-9.28205128,18.72495446,45.01639344,88935314.75000000,10809356.00000000,False
086280,현대글로비스,KOSPI,200500,-0.24875622,33.66120219,1.21150934,53.58834244,-0.74257426,39.16211293,2.24375319,49.10746812,44.92896175,28141551019.04999924,15049359350.00000000,False
018260,삼성에스디에스,KOSPI,220000,0.45662100,55.22768670,0.91743119,51.29326047,-2.65486726,29.61748634,7.31707317,60.76502732,44.91074681,31411459350.00000000,21435017750.00000000,False
122990,와이솔,KOSDAQ,6500,-3.56083086,3.64298725,-1.96078431,21.51183971,5.86319218,65.71948998,6.55737705,58.97996357,44.90163934,510626992.00000000,439141065.00000000,False
011090,에넥스,KOSPI,1314,-1.79372197,10.05464481,-17.92629606,1.27504554,5.96774194,65.90163934,28.82352941,85.61020036,44.87067395,455269367.50000000,85055824.00000000,False
019175,신풍제약우,KOSPI,14290,1.49147727,71.40255009,2.73184759,63.24225865,-9.78535354,9.03460838,16.17886179,75.59198543,44.84517304,56249885.75000000,22104400.00000000,False
469900,하나31호스팩,KOSDAQ,2100,0.00000000,42.80510018,0.00000000,39.78142077,0.23866348,48.05100182,1.44927536,46.81238616,44.79781421,130578456.80000000,405203200.00000000,False
459100,위츠,KOSDAQ,4065,1.24533001,68.34244080,2.52206810,62.00364299,-1.93003619,33.51548270,-3.21428571,29.78142077,44.79781421,35113346.10000000,37943685.00000000,False
33626K,두산퓨얼셀1우,KOSPI,6330,0.47619048,55.86520947,-2.76497696,16.32058288,9.51557093,73.29690346,-5.52238806,24.88160291,44.77777778,270726588.25000000,55008635.00000000,False
050090,비케이홀딩스,KOSDAQ,696,0.00000000,42.80510018,1.16279070,53.18761384,-8.30039526,11.87613843,95.50561798,98.83424408,44.75409836,230087439.09999999,0.00000000,False
0099W0,미래에셋비전스팩11호,KOSDAQ,1984,0.05042864,46.88524590,0.30333670,44.77231330,0.20202020,47.79599271,-0.50150451,37.48633880,44.73588342,11748743.05000000,7418289.00000000,False
002030,아세아,KOSPI,204500,0.73891626,61.12932605,-0.24390244,35.11839709,-0.96852300,38.14207650,8.89243876,64.08014572,44.72131148,377978400.00000000,354253750.00000000,False
129260,인터지스,KOSPI,1922,-0.87674059,20.72859745,2.23404255,60.32786885,0.10416667,46.99453552,-3.80380380,28.59744991,44.68852459,40316596.90000000,32525428.00000000,False
0088D0,메리츠제1호스팩,KOSDAQ,2080,0.00000000,42.80510018,1.21654501,53.62477231,0.00000000,44.91803279,-2.34741784,31.76684882,44.68852459,8268033.30000000,212740.00000000,False
084650,랩지노믹스,KOSDAQ,2675,0.75329567,61.34790528,-0.74211503,30.10928962,7.00000000,68.28779599,-17.05426357,10.71038251,44.62477231,177947545.15000001,122915965.00000000,False
111380,동인기연,KOSPI,13090,1.31578947,69.38069217,1.23743233,53.80692168,-3.18047337,27.28597450,3.80650278,53.04189435,44.60291439,49214930.75000000,46554420.00000000,False
027970,한국제지,KOSPI,2740,1.66975881,73.26047359,-0.18214936,36.21129326,0.55045872,50.01821494,-2.31729055,31.98542805,44.59380692,45881420.55000000,41438200.00000000,False
258610,케일럼,KOSDAQ,1203,-1.39344262,13.77049180,-1.23152709,26.19307832,1.51898734,53.95264117,11.69916435,68.67030965,44.55009107,26467668.10000000,41243848.00000000,False
460860,동국제강,KOSPI,9830,-0.80726539,22.11293260,4.57446809,71.76684882,-7.87253983,12.93260474,18.43373494,77.99635701,44.51366120,3309683165.50000000,4098633095.00000000,False
100840,SNT에너지,KOSPI,34700,-5.32060027,1.56648452,-5.32060027,7.43169399,3.58208955,60.69216758,35.54687500,89.18032787,44.49908925,10115305668.75000000,8703462325.00000000,False
004650,창해에탄올,KOSDAQ,9360,0.21413276,50.34608379,0.53705693,47.28597450,-0.42553191,41.09289617,0.64516129,44.11657559,44.48087432,92493980.00000000,194355185.00000000,False
068270,셀트리온,KOSPI,182400,-0.10952903,38.03278689,2.52951096,62.07650273,-2.51202565,30.34608379,2.35690236,49.39890710,44.44444444,69258863443.25000000,63539081850.00000000,False
030000,제일기획,KOSPI,18640,-0.69259457,24.08014572,4.66030320,72.16757741,-1.58394931,35.04553734,-2.45944532,31.54826958,44.38615665,7910572276.25000000,5791215230.00000000,False
298540,더네이쳐홀딩스,KOSDAQ,6720,-0.88495575,20.58287796,0.74962519,49.76320583,-0.44444444,40.98360656,4.67289720,54.97267760,44.37522769,84287770.50000000,165809375.00000000,False
051600,한전KPS,KOSPI,45600,1.22086570,68.12386157,-0.86956522,29.14389800,0.66225166,50.45537341,0.21978022,43.09653916,44.35701275,6610246317.50000000,3780173400.00000000,False
091970,LSK아이로봇,KOSDAQ,3670,2.37099024,79.70856102,1.10192837,52.75045537,-8.25000000,12.05828780,18.96272285,78.68852459,44.35701275,66085375.65000000,28414835.00000000,False
003555,LG우,KOSPI,68300,1.94029851,75.59198543,0.73746313,49.65391621,-3.12056738,27.79599271,4.11585366,53.84335155,44.34244080,355052262.50000000,206613200.00000000,False
241690,유니테크노,KOSDAQ,2625,0.00000000,42.80510018,2.53906250,62.22222222,-2.23463687,32.02185792,0.19083969,42.87795993,44.33151184,64421395.00000000,66660192.00000000,False
007575,일양약품우,KOSPI,7870,-1.74781523,10.52823315,-0.37974684,33.95264117,0.89743590,51.43897996,8.25309491,62.51366120,44.31693989,2308826.50000000,4338860.00000000,False
237690,에스티팜,KOSDAQ,96900,3.85852090,87.83242259,4.41810345,70.71038251,-2.12121212,32.64116576,-24.70862471,6.08378871,44.26958106,9098246575.00000000,14897601950.00000000,False
035610,솔본,KOSDAQ,4930,0.71501532,60.61930783,-2.56916996,17.63205829,-0.50454087,40.40072860,25.76530612,83.67941712,44.24772313,307183934.69999999,80520705.00000000,False
189690,포시에스,KOSDAQ,1530,0.45961917,55.37340619,2.13618158,59.58105647,-0.26075619,41.74863388,-7.77576854,20.65573770,44.24225865,32067048.35000000,60898836.00000000,False
014940,오리엔탈정공,KOSDAQ,4575,-0.32679739,32.09471767,1.32890365,54.46265938,-0.97402597,38.10564663,1.55382908,47.03096539,44.19672131,519727589.64999998,380008816.00000000,False
0096B0,삼성스팩12호,KOSDAQ,1988,-0.15067805,36.79417122,0.35335689,45.39162113,0.25214322,48.34244080,-0.40080160,37.74134791,44.18214936,11208138.25000000,65306399.00000000,False
001560,제일연마,KOSPI,9130,-0.65288357,25.10018215,1.10741971,52.85974499,-0.43620502,41.05646630,1.44444444,46.77595628,44.14571949,15381032.75000000,30428760.00000000,False
200780,비씨월드제약,KOSDAQ,3045,-0.16393443,36.50273224,0.82781457,50.67395264,0.00000000,44.91803279,-0.81433225,36.61202186,44.14207650,15423127.00000000,28248835.00000000,False
475250,하나33호스팩,KOSDAQ,2090,-0.23866348,34.20765027,0.23980815,44.11657559,0.00000000,44.91803279,1.70316302,47.46812386,44.11657559,19758644.85000000,65139700.00000000,False
0004Y0,디비금융제14호스팩,KOSDAQ,2000,0.50251256,56.70309654,0.15022534,43.16939891,0.00000000,44.91803279,-0.49751244,37.52276867,44.09289617,22005134.90000000,19588770.00000000,False
318160,셀바이오휴먼텍,KOSDAQ,6810,-1.44717800,13.07832423,-3.54107649,13.04189435,5.58139535,65.06375228,8.96000000,64.22586521,44.09107468,317271718.25000000,110862460.00000000,False
481890,엔에이치스팩31호,KOSDAQ,2070,0.97560976,64.40801457,0.00000000,39.78142077,0.00000000,44.91803279,-0.24096386,38.61566485,44.06557377,33279325.00000000,87321890.00000000,False
099440,스맥,KOSDAQ,3885,-1.52091255,12.38615665,-5.12820513,7.83242259,2.10249671,56.17486339,37.52212389,90.01821494,44.06193078,1272310331.34999990,790879751.00000000,False
200880,서연이화,KOSPI,11230,-0.44326241,29.47176685,2.46350365,61.71220401,-2.26283725,31.83970856,2.27686703,49.14389800,44.02550091,263831758.75000000,233453010.00000000,False
021240,코웨이,KOSPI,100300,-2.05078125,8.41530055,-0.39721946,33.84335155,2.13849287,56.35701275,3.61570248,52.34972678,44.00728597,20112205027.65000153,20619193550.00000000,False
080010,이상네트웍스,KOSDAQ,7410,0.27063599,51.98542805,-1.20000000,26.26593807,0.13513514,47.21311475,7.08092486,60.21857923,44.00728597,22992576.00000000,44504080.00000000,False
000950,전방,KOSPI,29700,2.06185567,76.79417122,3.48432056,66.88524590,-12.13017751,6.59380692,11.23595506,68.12386157,44.00728597,22180172.50000000,9273200.00000000,False
492220,KB제31호스팩,KOSDAQ,2035,0.24630542,51.51183971,-0.24509804,35.04553734,0.24630542,48.30601093,0.99255583,45.06375228,44.00000000,58353586.40000000,141746970.00000000,False
180400,DXVX,KOSDAQ,2340,-1.05708245,17.97814208,0.42918455,46.01092896,2.40700219,57.26775956,-4.48979592,27.39526412,43.98724954,83888690.80000000,45026430.00000000,False
009200,무림페이퍼,KOSPI,1518,-0.91383812,20.00000000,0.19801980,43.67941712,-0.06583278,42.87795993,6.30252101,58.50637523,43.95628415,169178593.05000001,27794163.00000000,False
048870,시너지이노베이션,KOSDAQ,1597,0.00000000,42.80510018,0.44025157,46.12021858,0.75709779,51.00182149,-4.59976105,27.10382514,43.93806922,351526193.64999998,191061319.00000000,False
037400,우리엔터프라이즈,KOSDAQ,3325,-1.04166667,18.19672131,-1.33531157,25.64663024,5.22151899,64.37158470,0.30165913,43.35154827,43.93260474,100429618.20000000,28539220.00000000,False
078860,아이오케이이엔엠,KOSDAQ,2840,-1.73010381,10.60109290,-1.55979203,24.18943534,8.19047619,71.03825137,-1.04529617,35.95628415,43.92349727,204077997.75000000,11991727.00000000,False
373160,데이원컴퍼니,KOSDAQ,3240,0.15455951,48.41530055,-5.26315789,7.54098361,6.93069307,68.08743169,1.72684458,47.57741348,43.85428051,18550013.05000000,9833890.00000000,False
191420,테고사이언스,KOSDAQ,7300,0.82872928,62.25865209,0.41265475,45.90163934,-3.31125828,26.77595628,9.60960961,65.50091075,43.80692168,37193037.75000000,59321680.00000000,False
225570,넥슨게임즈,KOSDAQ,10870,0.74142725,61.16575592,-0.45787546,33.11475410,-2.77280859,29.25318761,21.18171683,80.21857923,43.79599271,1447223347.25000000,788306240.00000000,False
049830,승일,KOSDAQ,6470,-4.14814815,2.49544627,0.15479876,43.31511840,1.25195618,53.04189435,1.41065831,46.63023679,43.78688525,5678925.00000000,3840270.00000000,False
007280,한국특강,KOSPI,2290,-2.55319149,6.53916211,1.77777778,57.77777778,-3.17124736,27.35883424,15.07537688,74.24408015,43.77959927,33056817.60000000,13592565.00000000,False
053050,지에스이,KOSDAQ,1892,0.15881419,48.52459016,-1.66320166,23.71584699,1.44772118,53.66120219,3.16248637,51.54826958,43.74134791,757027280.54999995,152138303.00000000,False
237820,플레이디,KOSDAQ,2355,-1.46443515,12.89617486,1.72786177,57.37704918,3.51648352,60.29143898,-26.05965463,5.50091075,43.71948998,52268914.50000000,52285780.00000000,False
013030,하이록코리아,KOSDAQ,35700,-1.78817056,10.09107468,-6.05263158,6.48451730,5.30973451,64.59016393,15.16129032,74.38979964,43.66848816,1154665666.40000010,459664825.00000000,False
049960,쎌바이오텍,KOSDAQ,15420,-0.58027079,26.88524590,3.55943586,67.35883424,-2.65151515,29.65391621,0.65274151,44.15300546,43.58834244,113609343.75000000,76849260.00000000,False
045660,에이텍,KOSDAQ,8660,1.16822430,67.32240437,1.52403283,55.77413479,-6.27705628,16.35701275,11.16816431,67.90528233,43.58834244,85540227.75000000,80410655.00000000,False
009810,MDS스피어,KOSPI,1947,-0.15384615,36.75774135,-2.65000000,16.97632058,2.04402516,56.02914390,7.92682927,61.96721311,43.57377049,17990464.45000000,12962450.00000000,False
016740,두올,KOSPI,3935,-0.88161209,20.65573770,-2.95930949,15.15482696,4.10052910,62.11293260,7.07482993,60.07285974,43.47176685,342481246.60000002,89775235.00000000,False
024120,KB오토시스,KOSDAQ,3060,0.00000000,42.80510018,0.32786885,45.02732240,0.16366612,47.54098361,-1.92307692,33.22404372,43.44990893,19409074.15000000,34646965.00000000,False
098070,한텍,KOSDAQ,23650,1.06837607,65.61020036,0.00000000,39.78142077,0.00000000,44.91803279,-1.45833333,34.75409836,43.41347905,2483249978.75000000,1089070525.00000000,False
016580,환인제약,KOSPI,10180,0.00000000,42.80510018,0.79207921,50.20036430,-2.02117421,33.07832423,4.19651996,53.95264117,43.36247723,256946942.25000000,133674800.00000000,False
122900,아이마켓코리아,KOSPI,8180,-0.24390244,33.97085610,-1.80072029,22.80510018,0.12239902,47.10382514,13.45353675,71.40255009,43.36065574,374677462.50000000,265374865.00000000,False
002760,보락,KOSPI,1000,0.10010010,47.43169399,-0.19960080,35.73770492,-1.38067061,36.01092896,10.86474501,67.43169399,43.35519126,55761370.50000000,53961425.00000000,False
017550,수산세보틱스,KOSPI,1855,-0.80213904,22.18579235,1.36612022,54.68123862,-0.64274237,39.81785064,0.59652928,43.89799636,43.32969035,337301811.05000001,340677955.00000000,False
005250,녹십자홀딩스,KOSPI,9760,0.61855670,58.57923497,1.45530146,55.19125683,-0.91370558,38.43351548,-4.31372549,27.65027322,43.31876138,475215545.00000000,509968995.00000000,False
413640,비아이매트릭스,KOSDAQ,5910,-0.83892617,21.53005464,-1.50000000,24.59016393,6.87160940,67.94171220,-1.99004975,33.02367942,43.31147541,86705868.25000000,75455045.00000000,False
352910,오비고,KOSDAQ,4750,-0.83507307,21.63934426,-1.14464100,26.55737705,-0.41928721,41.16575592,25.16469038,83.27868852,43.25318761,40653456.00000000,41291765.00000000,False
065660,안트로젠,KOSDAQ,15010,-0.79312624,22.22222222,2.80821918,63.67941712,1.14555256,52.78688525,-31.46118721,3.64298725,43.16939891,240375544.50000000,127771570.00000000,False
453340,현대그린푸드,KOSPI,18840,-0.31746032,32.45901639,-2.23144785,19.70856102,2.00324851,55.77413479,6.26057530,58.39708561,43.14754098,697371930.75000000,608330830.00000000,False
285130,SK케미칼,KOSPI,52000,0.19267823,49.65391621,0.58027079,47.75956284,-5.28233151,19.48998179,21.07101281,80.10928962,43.11111111,2536585657.50000000,1401568200.00000000,False
0115H0,삼성스팩13호,KOSDAQ,1990,-0.25062657,33.55191257,0.91277890,51.18397086,-0.25062657,41.85792350,-0.30060120,38.25136612,43.10382514,8421451.35000000,18245515.00000000,False
00499K,롯데지주우,KOSPI,24850,-0.20080321,35.20947177,-0.99601594,27.86885246,0.20161290,47.72313297,7.11206897,60.32786885,43.03642987,6762576.25000000,6699300.00000000,False
028050,삼성EA,KOSPI,48050,0.41797283,54.35336976,-3.70741483,12.02185792,4.22993492,62.33151184,1.05152471,45.28233151,43.03096539,88401020924.64999390,57512736725.00000000,False
257370,피엔티엠에스,KOSDAQ,1915,-2.79187817,5.39162113,1.86170213,58.21493625,2.95698925,58.54280510,-21.19341564,7.94171220,43.00910747,29929467.15000000,30177782.00000000,False
419120,산돌,KOSDAQ,2295,0.65789474,59.38069217,5.51724138,74.93624772,-2.75423729,29.28961749,-12.57142857,14.17122040,42.96903461,36211756.75000000,20826000.00000000,False
003080,SB성보,KOSPI,2230,-0.66815145,24.73588342,0.45045045,46.26593807,0.22471910,47.94171220,-0.66815145,37.12204007,42.95446266,40362545.10000000,11586850.00000000,False
003620,KG모빌리티,KOSPI,2600,2.16110020,77.77777778,2.76679842,63.42440801,-2.07156309,32.75045537,-12.01353638,14.86338798,42.87795993,1121059465.90000010,1451586465.00000000,False
0164H0,한국제16호스팩,KOSDAQ,1947,0.30911901,52.62295082,0.46439628,46.33879781,-0.51098620,40.29143898,-0.35823951,37.95992714,42.87249545,55955970.80000000,111415631.00000000,False
320000,한울반도체,KOSDAQ,10440,0.86956522,62.80510018,-1.04265403,27.43169399,3.57142857,60.58287796,-7.85525154,20.51001821,42.84517304,2676035735.50000000,1176911295.00000000,False
047810,한국항공우주,KOSPI,129900,-2.55063766,6.63023679,1.01088647,52.13114754,3.92000000,61.71220401,-18.91385768,9.21675774,42.83060109,30377098697.50000000,34573107700.00000000,False
012700,리드코프,KOSDAQ,2930,0.51457976,57.04918033,0.34246575,45.31876138,-1.34680135,36.13843352,1.03448276,45.20947177,42.79781421,38277080.05000000,16100230.00000000,False
000860,강남제비스코,KOSPI,12300,2.15946844,77.74134791,0.90237900,51.11111111,-2.30341541,31.43897996,-1.20481928,35.44626594,42.77231330,83927208.25000000,56227570.00000000,False
014190,원익큐브,KOSDAQ,1304,-2.10210210,8.16029144,-3.69276219,12.09471767,5.16129032,64.26229508,8.57618651,63.09653916,42.76867031,158296809.40000001,115832515.00000000,False
007370,진양제약,KOSDAQ,3990,0.50377834,56.79417122,-0.25000000,34.93624772,-0.62266501,39.92714026,3.77113134,52.96903461,42.72495446,26162060.50000000,27637770.00000000,False
005090,SGC에너지,KOSPI,48300,1.79135933,74.24408015,1.68421053,57.12204007,-9.55056180,9.61748634,13.38028169,71.29326047,42.66666667,6116740345.00000000,4050311375.00000000,False
086710,선진뷰티사이언스,KOSDAQ,7050,1.29310345,68.99817851,2.17391304,59.85428051,-2.21914008,32.14936248,-5.62248996,24.59016393,42.63387978,43226968.50000000,48031935.00000000,False
064800,포니링크,KOSDAQ,2155,3.11004785,83.78870674,4.86618005,72.82331512,-17.11538462,4.11657559,4.10628019,53.80692168,42.63387978,126031801.40000001,34773725.00000000,False
000440,중앙에너비스,KOSDAQ,12440,0.32258065,52.93260474,-3.19066148,14.20765027,7.14900947,68.77959927,-4.23402617,27.79599271,42.62659381,1324424467.50000000,153751340.00000000,False
025530,SJM홀딩스,KOSPI,3635,-1.22282609,15.62841530,-0.54719562,32.16757741,0.41436464,49.10746812,6.44216691,58.83424408,42.62295082,19688741.50000000,37740845.00000000,False
092780,DYP,KOSPI,3400,-0.14684288,36.83060109,-3.95480226,11.12932605,7.08661417,68.57923497,0.00000000,40.80145719,42.61384335,496892295.25000000,142591012.00000000,False
009320,아진전자부품,KOSPI,967,-0.51440329,27.94171220,-1.92697769,21.78506375,2.11193242,56.21129326,4.20258621,53.98907104,42.61202186,55476981.65000000,60892703.00000000,False
199550,레이저옵텍,KOSDAQ,3190,-2.59541985,6.22950820,2.24358974,60.43715847,-1.69491525,34.46265938,2.57234727,50.01821494,42.54280510,95171511.34999999,41004680.00000000,False
462860,더즌,KOSDAQ,2970,0.33783784,53.26047359,1.02040816,52.20400729,-11.73848440,6.88524590,51.76290240,93.98907104,42.53916211,12232374841.54999924,1664145372.00000000,False
216050,인크로스,KOSDAQ,5000,0.20040080,49.79963570,1.62601626,56.50273224,-1.38067061,36.01092896,-2.72373541,30.89253188,42.51366120,53577787.75000000,18789674.00000000,False
092130,이크레더블,KOSDAQ,14260,-0.07007708,38.57923497,1.78443969,57.85063752,-1.24653740,36.75774135,-1.99312715,32.96903461,42.51001821,41121731.00000000,57626270.00000000,False
373170,엠아이큐브솔루션,KOSDAQ,1925,4.33604336,89.50819672,4.11032991,69.54462659,-16.48590022,4.33515483,4.61956522,54.79052823,42.50637523,248685725.84999999,227505376.00000000,False
003240,태광산업,KOSPI,907000,1.68161435,73.29690346,0.33185841,45.10018215,-3.40788072,26.26593807,4.97685185,55.66484517,42.49908925,891297525.00000000,916614000.00000000,False
009730,이렘,KOSDAQ,1993,-0.10025063,38.21493625,-0.30015008,34.64480874,-2.78048780,29.21675774,24.56250000,82.91438980,42.48451730,105319257.70000000,28660507.00000000,False
473000,에스케이증권제12호스팩,KOSDAQ,2080,0.00000000,42.80510018,-0.09606148,36.83060109,0.00000000,44.91803279,1.21654501,45.64663024,42.42622951,17012137.85000000,7789715.00000000,False
002420,우양피앤엘,KOSPI,5970,-1.97044335,8.77959927,-2.92682927,15.26411658,1.70357751,54.86338798,15.69767442,75.04553734,42.41165756,86210959.50000000,29141750.00000000,False
095700,제넥신,KOSDAQ,2835,0.71047957,60.43715847,2.53164557,62.11293260,-13.03680982,6.08378871,16.90721649,76.46630237,42.40437158,528300594.89999998,214534012.00000000,False
083790,CG인바이츠,KOSDAQ,934,-0.32017076,32.42258652,-5.94159114,6.70309654,10.79478055,74.97267760,-1.16402116,35.62841530,42.36794171,149247503.09999999,115358088.00000000,False
008350,남선알미늄,KOSPI,1073,-0.09310987,38.36065574,-0.55607044,32.09471767,0.09328358,46.84881603,2.87631831,50.78324226,42.36065574,723228413.20000005,428399515.00000000,False
019540,일지테크,KOSDAQ,5180,1.96850394,75.75591985,2.57425743,62.29508197,-1.89393939,33.66120219,-13.66666667,13.11475410,42.35154827,127721220.00000000,65881940.00000000,False
007980,TP,KOSPI,1778,-0.89186176,20.51001821,-1.65929204,23.75227687,2.65588915,57.77777778,2.65588915,50.30965392,42.34972678,305139335.00000000,435018371.00000000,False
000300,DH오토넥스,KOSPI,4200,0.00000000,42.80510018,0.00000000,39.78142077,0.00000000,44.91803279,0.00000000,40.80145719,42.34244080,0.00000000,0.00000000,False
001470,삼부토건,KOSPI,5820,0.00000000,42.80510018,0.00000000,39.78142077,0.00000000,44.91803279,0.00000000,40.80145719,42.34244080,0.00000000,0.00000000,False
001570,금양,KOSPI,9900,0.00000000,42.80510018,0.00000000,39.78142077,0.00000000,44.91803279,0.00000000,40.80145719,42.34244080,0.00000000,0.00000000,False
001840,이화공영,KOSDAQ,2215,0.00000000,42.80510018,0.00000000,39.78142077,0.00000000,44.91803279,0.00000000,40.80145719,42.34244080,0.00000000,0.00000000,False
002410,범양건영,KOSPI,1935,0.00000000,42.80510018,0.00000000,39.78142077,0.00000000,44.91803279,0.00000000,40.80145719,42.34244080,0.00000000,0.00000000,False
008600,윌비스,KOSPI,2620,0.00000000,42.80510018,0.00000000,39.78142077,0.00000000,44.91803279,0.00000000,40.80145719,42.34244080,0.00000000,0.00000000,False
009310,참엔지니어링,KOSPI,5330,0.00000000,42.80510018,0.00000000,39.78142077,0.00000000,44.91803279,0.00000000,40.80145719,42.34244080,0.00000000,0.00000000,False
009440,KC그린홀딩스,KOSPI,756,0.00000000,42.80510018,0.00000000,39.78142077,0.00000000,44.91803279,0.00000000,40.80145719,42.34244080,0.00000000,0.00000000,False
011000,진원생명과학,KOSPI,2670,0.00000000,42.80510018,0.00000000,39.78142077,0.00000000,44.91803279,0.00000000,40.80145719,42.34244080,0.00000000,0.00000000,False
011810,STX,KOSPI,3530,0.00000000,42.80510018,0.00000000,39.78142077,0.00000000,44.91803279,0.00000000,40.80145719,42.34244080,0.00000000,0.00000000,False
015020,이스타코,KOSPI,928,0.00000000,42.80510018,0.00000000,39.78142077,0.00000000,44.91803279,0.00000000,40.80145719,42.34244080,0.00000000,0.00000000,False
016790,현대사료,KOSDAQ,994,0.00000000,42.80510018,0.00000000,39.78142077,0.00000000,44.91803279,0.00000000,40.80145719,42.34244080,0.00000000,0.00000000,False
017040,광명전기,KOSPI,932,0.00000000,42.80510018,0.00000000,39.78142077,0.00000000,44.91803279,0.00000000,40.80145719,42.34244080,0.00000000,0.00000000,False
019490,엑시큐어하이트론,KOSPI,541,0.00000000,42.80510018,0.00000000,39.78142077,0.00000000,44.91803279,0.00000000,40.80145719,42.34244080,0.00000000,0.00000000,False
020760,일진디스플,KOSPI,902,0.00000000,42.80510018,0.00000000,39.78142077,0.00000000,44.91803279,0.00000000,40.80145719,42.34244080,0.00000000,0.00000000,False
023440,제이스코홀딩스,KOSDAQ,521,0.00000000,42.80510018,0.00000000,39.78142077,0.00000000,44.91803279,0.00000000,40.80145719,42.34244080,0.00000000,0.00000000,False
030350,드래곤플라이,KOSDAQ,973,0.00000000,42.80510018,0.00000000,39.78142077,0.00000000,44.91803279,0.00000000,40.80145719,42.34244080,0.00000000,0.00000000,False
031860,디에이치엑스컴퍼니,KOSDAQ,6930,0.00000000,42.80510018,0.00000000,39.78142077,0.00000000,44.91803279,0.00000000,40.80145719,42.34244080,0.00000000,0.00000000,False
036690,코맥스,KOSDAQ,2885,0.00000000,42.80510018,0.00000000,39.78142077,0.00000000,44.91803279,0.00000000,40.80145719,42.34244080,0.00000000,0.00000000,False
041590,플래스크,KOSDAQ,2370,0.00000000,42.80510018,0.00000000,39.78142077,0.00000000,44.91803279,0.00000000,40.80145719,42.34244080,0.00000000,0.00000000,False
043100,알파AI,KOSDAQ,520,0.00000000,42.80510018,0.00000000,39.78142077,0.00000000,44.91803279,0.00000000,40.80145719,42.34244080,0.00000000,0.00000000,False
043220,티에스넥스젠,KOSDAQ,1710,0.00000000,42.80510018,0.00000000,39.78142077,0.00000000,44.91803279,0.00000000,40.80145719,42.34244080,0.00000000,0.00000000,False
044180,KD,KOSDAQ,205,0.00000000,42.80510018,0.00000000,39.78142077,0.00000000,44.91803279,0.00000000,40.80145719,42.34244080,0.00000000,0.00000000,False
049180,셀루메드,KOSDAQ,1009,0.00000000,42.80510018,0.00000000,39.78142077,0.00000000,44.91803279,0.00000000,40.80145719,42.34244080,0.00000000,0.00000000,False
052770,아이톡시,KOSDAQ,312,0.00000000,42.80510018,0.00000000,39.78142077,0.00000000,44.91803279,0.00000000,40.80145719,42.34244080,0.00000000,0.00000000,False
054180,메디콕스,KOSDAQ,2295,0.00000000,42.80510018,0.00000000,39.78142077,0.00000000,44.91803279,0.00000000,40.80145719,42.34244080,0.00000000,0.00000000,False
064090,인크레더블버즈,KOSDAQ,798,0.00000000,42.80510018,0.00000000,39.78142077,0.00000000,44.91803279,0.00000000,40.80145719,42.34244080,0.00000000,0.00000000,False
065570,삼영이엔씨,KOSDAQ,764,0.00000000,42.80510018,0.00000000,39.78142077,0.00000000,44.91803279,0.00000000,40.80145719,42.34244080,0.00000000,0.00000000,False
066410,버킷스튜디오,KOSDAQ,1153,0.00000000,42.80510018,0.00000000,39.78142077,0.00000000,44.91803279,0.00000000,40.80145719,42.34244080,0.00000000,0.00000000,False
066790,씨씨에스,KOSDAQ,2205,0.00000000,42.80510018,0.00000000,39.78142077,0.00000000,44.91803279,0.00000000,40.80145719,42.34244080,0.00000000,0.00000000,False
068240,다원시스,KOSDAQ,2530,0.00000000,42.80510018,0.00000000,39.78142077,0.00000000,44.91803279,0.00000000,40.80145719,42.34244080,0.00000000,0.00000000,False
068940,셀피글로벌,KOSDAQ,778,0.00000000,42.80510018,0.00000000,39.78142077,0.00000000,44.91803279,0.00000000,40.80145719,42.34244080,0.00000000,0.00000000,False
069460,대호에이엘,KOSPI,2660,0.00000000,42.80510018,0.00000000,39.78142077,0.00000000,44.91803279,0.00000000,40.80145719,42.34244080,0.00000000,0.00000000,False
073640,테라사이언스,KOSDAQ,654,0.00000000,42.80510018,0.00000000,39.78142077,0.00000000,44.91803279,0.00000000,40.80145719,42.34244080,0.00000000,0.00000000,False
074610,이엔플러스,KOSPI,5110,0.00000000,42.80510018,0.00000000,39.78142077,0.00000000,44.91803279,0.00000000,40.80145719,42.34244080,0.00000000,0.00000000,False
079970,투비소프트,KOSDAQ,596,0.00000000,42.80510018,0.00000000,39.78142077,0.00000000,44.91803279,0.00000000,40.80145719,42.34244080,0.00000000,0.00000000,False
080720,한국유니온제약,KOSDAQ,2410,0.00000000,42.80510018,0.00000000,39.78142077,0.00000000,44.91803279,0.00000000,40.80145719,42.34244080,0.00000000,0.00000000,False
099520,DGI,KOSDAQ,1284,0.00000000,42.80510018,0.00000000,39.78142077,0.00000000,44.91803279,0.00000000,40.80145719,42.34244080,0.00000000,0.00000000,False
106080,케이이엠텍,KOSDAQ,1650,0.00000000,42.80510018,0.00000000,39.78142077,0.00000000,44.91803279,0.00000000,40.80145719,42.34244080,0.00000000,0.00000000,False
119650,KC코트렐,KOSPI,918,0.00000000,42.80510018,0.00000000,39.78142077,0.00000000,44.91803279,0.00000000,40.80145719,42.34244080,0.00000000,0.00000000,False
121800,비덴트,KOSDAQ,3320,0.00000000,42.80510018,0.00000000,39.78142077,0.00000000,44.91803279,0.00000000,40.80145719,42.34244080,0.00000000,0.00000000,False
143210,핸즈코퍼레이션,KOSPI,1199,0.00000000,42.80510018,0.00000000,39.78142077,0.00000000,44.91803279,0.00000000,40.80145719,42.34244080,0.00000000,0.00000000,False
145210,다이나믹디자인,KOSPI,2240,0.00000000,42.80510018,0.00000000,39.78142077,0.00000000,44.91803279,0.00000000,40.80145719,42.34244080,0.00000000,0.00000000,False
182400,엔케이젠바이오텍코리아,KOSDAQ,3670,0.00000000,42.80510018,0.00000000,39.78142077,0.00000000,44.91803279,0.00000000,40.80145719,42.34244080,0.00000000,0.00000000,False
183490,엔지켐생명과학,KOSDAQ,990,0.00000000,42.80510018,0.00000000,39.78142077,0.00000000,44.91803279,0.00000000,40.80145719,42.34244080,0.00000000,0.00000000,False
214610,롤링스톤,KOSDAQ,2290,0.00000000,42.80510018,0.00000000,39.78142077,0.00000000,44.91803279,0.00000000,40.80145719,42.34244080,0.00000000,0.00000000,False
217480,에스디생명공학,KOSDAQ,499,0.00000000,42.80510018,0.00000000,39.78142077,0.00000000,44.91803279,0.00000000,40.80145719,42.34244080,0.00000000,0.00000000,False
234920,자이글,KOSDAQ,5310,0.00000000,42.80510018,0.00000000,39.78142077,0.00000000,44.91803279,0.00000000,40.80145719,42.34244080,0.00000000,0.00000000,False
241820,피씨엘,KOSDAQ,6040,0.00000000,42.80510018,0.00000000,39.78142077,0.00000000,44.91803279,0.00000000,40.80145719,42.34244080,0.00000000,0.00000000,False
244460,올리패스,KOSDAQ,1651,0.00000000,42.80510018,0.00000000,39.78142077,0.00000000,44.91803279,0.00000000,40.80145719,42.34244080,0.00000000,0.00000000,False
245620,EDGC,KOSDAQ,741,0.00000000,42.80510018,0.00000000,39.78142077,0.00000000,44.91803279,0.00000000,40.80145719,42.34244080,0.00000000,0.00000000,False
246250,에스엘에스바이오,KOSDAQ,1969,0.00000000,42.80510018,0.00000000,39.78142077,0.00000000,44.91803279,0.00000000,40.80145719,42.34244080,0.00000000,0.00000000,False
246720,아스타,KOSDAQ,6070,0.00000000,42.80510018,0.00000000,39.78142077,0.00000000,44.91803279,0.00000000,40.80145719,42.34244080,0.00000000,0.00000000,False
258830,세종메디칼,KOSDAQ,412,0.00000000,42.80510018,0.00000000,39.78142077,0.00000000,44.91803279,0.00000000,40.80145719,42.34244080,0.00000000,0.00000000,False
263050,유틸렉스,KOSDAQ,959,0.00000000,42.80510018,0.00000000,39.78142077,0.00000000,44.91803279,0.00000000,40.80145719,42.34244080,0.00000000,0.00000000,False
276040,스코넥,KOSDAQ,327,0.00000000,42.80510018,0.00000000,39.78142077,0.00000000,44.91803279,0.00000000,40.80145719,42.34244080,0.00000000,0.00000000,False
284620,카이노스메드,KOSDAQ,1087,0.00000000,42.80510018,0.00000000,39.78142077,0.00000000,44.91803279,0.00000000,40.80145719,42.34244080,0.00000000,0.00000000,False
288330,파라택시스코리아,KOSDAQ,416,0.00000000,42.80510018,0.00000000,39.78142077,0.00000000,44.91803279,0.00000000,40.80145719,42.34244080,0.00000000,0.00000000,False
294090,이오플로우,KOSDAQ,1490,0.00000000,42.80510018,0.00000000,39.78142077,0.00000000,44.91803279,0.00000000,40.80145719,42.34244080,0.00000000,0.00000000,False
309710,아이티켐,KOSDAQ,21000,0.00000000,42.80510018,0.00000000,39.78142077,0.00000000,44.91803279,0.00000000,40.80145719,42.34244080,0.00000000,0.00000000,False
313760,캐리,KOSDAQ,468,0.00000000,42.80510018,0.00000000,39.78142077,0.00000000,44.91803279,0.00000000,40.80145719,42.34244080,0.00000000,0.00000000,False
340930,성원에너텍,KOSDAQ,806,0.00000000,42.80510018,0.00000000,39.78142077,0.00000000,44.91803279,0.00000000,40.80145719,42.34244080,0.00000000,0.00000000,False
348950,제이알글로벌리츠,KOSPI,1182,0.00000000,42.80510018,0.00000000,39.78142077,0.00000000,44.91803279,0.00000000,40.80145719,42.34244080,0.00000000,0.00000000,False
352770,셀레스트라,KOSDAQ,5250,0.00000000,42.80510018,0.00000000,39.78142077,0.00000000,44.91803279,0.00000000,40.80145719,42.34244080,0.00000000,0.00000000,False
377460,큐에이드,KOSDAQ,4080,0.00000000,42.80510018,0.00000000,39.78142077,0.00000000,44.91803279,0.00000000,40.80145719,42.34244080,0.00000000,0.00000000,False
380540,옵티코어,KOSDAQ,8450,0.00000000,42.80510018,0.00000000,39.78142077,0.00000000,44.91803279,0.00000000,40.80145719,42.34244080,0.00000000,0.00000000,False
393970,대진첨단소재,KOSDAQ,2825,0.00000000,42.80510018,0.00000000,39.78142077,0.00000000,44.91803279,0.00000000,40.80145719,42.34244080,0.00000000,0.00000000,False
412540,제일엠앤에스,KOSDAQ,3935,0.00000000,42.80510018,0.00000000,39.78142077,0.00000000,44.91803279,0.00000000,40.80145719,42.34244080,0.00000000,0.00000000,False
418250,시큐레터,KOSDAQ,6550,0.00000000,42.80510018,0.00000000,39.78142077,0.00000000,44.91803279,0.00000000,40.80145719,42.34244080,0.00000000,0.00000000,False
468760,유진스팩10호,KOSDAQ,2080,0.00000000,42.80510018,0.00000000,39.78142077,0.00000000,44.91803279,0.00000000,40.80145719,42.34244080,0.00000000,0.00000000,False
482680,미래에셋비전스팩7호,KOSDAQ,2055,0.00000000,42.80510018,0.00000000,39.78142077,0.00000000,44.91803279,0.00000000,40.80145719,42.34244080,0.00000000,0.00000000,False
078520,에이블씨엔씨,KOSPI,10950,-0.36396724,31.40255009,1.95530726,58.61566485,-2.75310835,29.32604736,2.33644860,49.36247723,42.32786885,841857122.75000000,459123920.00000000,False
477470,미래에셋비전스팩5호,KOSDAQ,2075,0.48426150,56.06557377,0.24154589,44.22586521,-0.47961631,40.51001821,-0.95465394,36.13843352,42.30601093,25017651.25000000,3557670.00000000,False
0130D0,신한제17호스팩,KOSDAQ,1970,-0.80563948,22.14936248,1.02564103,52.24043716,-0.05073567,42.98724954,-1.05474636,35.91985428,42.26593807,6435431.55000000,4747549.00000000,False
004080,신흥,KOSPI,14360,-0.69156293,24.11657559,-1.71115674,23.38797814,2.13371266,56.32058288,3.16091954,51.51183971,42.25865209,61076881.25000000,14367680.00000000,False
001530,DI동일,KOSPI,25900,3.80761523,87.50455373,-0.57581574,31.91256831,-3.53817505,25.68306011,11.39784946,68.23315118,42.24408015,718163060.00000000,570268675.00000000,False
080530,코디,KOSDAQ,2480,2.47933884,80.61930783,-0.99800399,27.79599271,-0.99800399,37.99635701,3.76569038,52.93260474,42.18579235,19874580.80000000,40586807.00000000,False
025980,아난티,KOSDAQ,5070,-0.97656250,19.05282332,1.40000000,54.80874317,-6.11111111,17.23132969,26.90863579,84.44444444,42.12932605,10299557976.89999962,5973778571.00000000,False
038070,서린바이오,KOSDAQ,4095,1.86567164,75.15482696,3.93401015,68.88888889,-4.09836066,23.20582878,-6.61345496,22.80510018,42.02550091,48302898.00000000,68694389.00000000,False
477380,미래에셋비전스팩4호,KOSDAQ,2080,0.24096386,51.20218579,0.00000000,39.78142077,-0.47846890,40.54644809,0.48309179,43.71584699,42.01639344,27275457.55000000,39620040.00000000,False
0008Z0,에스엔시스,KOSDAQ,23750,-0.21008403,34.97267760,2.59179266,62.36794171,-5.18962076,19.96357013,6.50224215,58.94353370,41.98178506,357149558.75000000,468538550.00000000,False
344820,KCC글라스,KOSPI,24200,0.41493776,54.24408015,0.62370062,48.41530055,-3.77733598,24.95446266,7.07964602,60.16393443,41.96357013,307323141.25000000,182867475.00000000,False
451250,삐아,KOSDAQ,7360,0.27247956,52.05828780,1.65745856,56.83060109,-1.60427807,34.89981785,-3.79084967,28.67030965,41.94899818,64604534.50000000,30732365.00000000,False
352090,스톰테크,KOSDAQ,3645,-0.95108696,19.45355191,1.10957004,52.89617486,-1.48648649,35.55555556,2.38764045,49.47176685,41.93078324,194402087.80000001,131056875.00000000,False
028080,휴맥스홀딩스,KOSDAQ,5170,0.00000000,42.80510018,0.00000000,39.78142077,2.17391304,56.46630237,-11.62393162,15.62841530,41.92714026,9275412.75000000,0.00000000,False
032685,소프트센우,KOSDAQ,7360,28.44677138,99.78142077,26.67814114,98.10564663,-17.30337079,4.08014572,-29.90476190,3.97085610,41.83606557,30060288.00000000,59973830.00000000,False
001520,동양,KOSPI,1121,-1.40721196,13.55191257,-2.60642919,17.30418944,5.15947467,64.22586521,1.90909091,47.97814208,41.83242259,1455957407.65000010,337274274.00000000,False
011170,롯데케미칼,KOSPI,61600,1.14942529,66.86703097,-1.28205128,25.86520947,0.98360656,51.98542805,-2.06677266,32.75045537,41.79052823,12412794237.50000000,4692132150.00000000,False
003495,대한항공우,KOSPI,22000,0.68649886,59.96357013,-0.90090090,28.88888889,0.91743119,51.69398907,-2.22222222,32.16757741,41.77413479,46183741.25000000,39591550.00000000,False
040910,아이씨디,KOSDAQ,4185,-0.71174377,23.67941712,3.33333333,66.06557377,-6.16591928,16.90346084,8.84265280,63.89799636,41.72859745,33036544.40000000,46341198.00000000,False
001685,대상우,KOSPI,14660,-0.94594595,19.59927140,0.27359781,44.66302368,-0.20422056,42.14936248,1.66435506,47.35883424,41.69034608,17281972.25000000,7224090.00000000,False
478440,미래에셋비전스팩6호,KOSDAQ,2065,-0.09675859,38.28779599,0.00000000,39.78142077,-0.24154589,41.96721311,1.22549020,45.70127505,41.69034608,24780694.85000000,3070015.00000000,False
033830,티비씨,KOSDAQ,1697,-4.23250564,2.36794171,-0.11771630,36.64845173,0.47365305,49.28961749,4.04659718,53.62477231,41.67213115,20470031.45000000,25249446.00000000,False
0129K0,신한제18호스팩,KOSDAQ,1971,0.20335536,49.94535519,0.10157440,42.58652095,-0.35389282,41.45719490,-0.85513078,36.50273224,41.65391621,21109772.50000000,32743816.00000000,False
128660,피제이메탈,KOSDAQ,2885,1.05078809,65.26411658,0.52264808,47.06739526,-3.51170569,25.79234973,3.96396396,53.40619308,41.64480874,139104339.30000001,183370475.00000000,False
003100,선광,KOSDAQ,20550,-0.24271845,34.06193078,0.00000000,39.78142077,-1.67464115,34.64480874,7.98738833,62.11293260,41.62112933,132790900.00000000,62591900.00000000,False
024070,WISCOM,KOSPI,1976,-1.15057529,16.72131148,-2.41975309,18.54280510,1.75077240,55.08196721,7.80141844,61.74863388,41.61748634,27779276.00000000,21067446.00000000,False
006620,동구바이오제약,KOSDAQ,3545,-0.83916084,21.49362477,0.42492918,45.97449909,0.99715100,52.09471767,-5.84329349,24.15300546,41.61020036,162593076.15000001,216724664.00000000,False
300120,라온피플,KOSDAQ,3075,1.48514851,71.29326047,-0.80645161,29.52641166,-4.50310559,21.85792350,26.80412371,84.29872495,41.59016393,1411811813.75000000,112806265.00000000,False
163560,동일고무벨트,KOSPI,5570,-0.17921147,35.99271403,1.64233577,56.68488160,-1.59010601,34.97267760,-1.41592920,34.86338798,41.56648452,82285017.00000000,99130580.00000000,False
114630,폴라리스우노,KOSDAQ,1608,-0.98522167,18.97996357,-1.28913444,25.75591985,8.42886042,71.76684882,-11.16022099,16.06557377,41.54462659,110141190.90000001,20738786.00000000,False
093920,서원인텍,KOSDAQ,4855,0.72614108,60.91074681,-0.81716037,29.43533698,0.10309278,46.95810565,-0.10288066,38.97996357,41.50091075,35350798.70000000,20009380.00000000,False
024090,디씨엠,KOSPI,11490,-0.17376195,36.17486339,0.78947368,50.16393443,-2.29591837,31.47540984,3.04932735,51.18397086,41.49362477,47293899.00000000,22920010.00000000,False
005935,삼성전자우,KOSPI,198800,-1.33995037,14.31693989,-3.26034063,13.87978142,7.98479087,70.49180328,-0.25087807,38.46994536,41.48633880,771851880643.55004883,497216643400.00000000,False
277410,인산가,KOSDAQ,5650,1.61870504,72.78688525,0.17730496,43.46083789,0.71301248,50.78324226,-29.37500000,4.26229508,41.48269581,23533457.50000000,32115915.00000000,False
032850,비트컴퓨터,KOSDAQ,4090,-1.56438026,12.02185792,-3.76470588,11.76684882,7.91556728,70.27322404,0.24509804,43.16939891,41.47540984,269051577.69999999,295287252.00000000,False
102260,동성케미컬,KOSPI,3700,-1.33333333,14.57194900,1.09289617,52.71402550,-1.33333333,36.24772313,2.06896552,48.45173042,41.46083789,238727283.09999999,219030615.00000000,False
000680,LS네트웍스,KOSPI,2975,-0.66777963,24.77231330,1.36286201,54.64480874,-2.13815789,32.49544627,1.88356164,47.90528233,41.44990893,151540294.30000001,167823900.00000000,False
051915,LG화학우,KOSPI,120900,3.95528805,88.23315118,4.31406385,70.23679417,-7.00000000,15.00910747,-4.27553444,27.72313297,41.44262295,2457719997.19999981,5722355850.00000000,False
068760,셀트리온제약,KOSDAQ,39700,3.11688312,83.82513661,1.27551020,53.98907104,-2.81517748,28.81602914,-4.79616307,26.55737705,41.41712204,3251096112.50000000,3191922525.00000000,False
072020,중앙백신,KOSDAQ,9240,0.76335878,61.53005464,0.10834236,42.65938069,-0.53821313,40.10928962,-2.32558140,31.94899818,41.38433515,64477778.50000000,141261700.00000000,False
069640,한세엠케이,KOSPI,1396,-2.30930721,7.57741348,-1.69014085,23.57012750,-1.41242938,35.88342441,65.40284360,95.99271403,41.38069217,49507817.60000000,34745432.00000000,False
210120,캔버스엔,KOSDAQ,1768,0.85567598,62.69581056,-3.12328767,14.49908925,7.15151515,68.81602914,-11.20040181,16.02914390,41.35154827,299316138.55000001,160402768.00000000,False
007860,서연,KOSPI,7670,-1.03225806,18.28779599,2.40320427,61.27504554,-1.28700129,36.61202186,-2.16836735,32.42258652,41.34061931,175220465.75000000,82221400.00000000,False
382150,온코크로스,KOSDAQ,3730,-0.53333333,27.50455373,-4.48143406,9.36247723,8.11594203,70.85610200,-0.66577896,37.15846995,41.33333333,471635101.64999998,116699939.00000000,False
0041B0,교보18호스팩,KOSDAQ,2010,-0.24813896,33.73406193,0.50000000,46.77595628,-0.24813896,41.89435337,-1.22850123,35.30054645,41.22404372,10999708.90000000,31155625.00000000,False
018000,유니슨,KOSDAQ,1193,4.46584939,89.76320583,-3.24412003,13.91621129,-3.40080972,26.33879781,32.55555556,87.50455373,41.18761384,1761297783.34999990,2216206437.00000000,False
097870,효성오앤비,KOSDAQ,4470,1.36054422,69.76320583,0.44943820,46.22950820,-2.29508197,31.51183971,-0.22321429,38.65209472,41.18032787,46296033.90000000,32964160.00000000,False
004590,한국가구,KOSDAQ,5240,-0.38022814,30.89253188,-1.68855535,23.60655738,4.80000000,63.44262295,-4.02930403,28.12386157,41.17304189,144963563.25000000,101163520.00000000,False
096760,JW홀딩스,KOSPI,4245,-3.41296928,3.97085610,-2.63761468,17.04918033,1.55502392,54.20765027,12.45033113,69.72677596,41.14025501,289711303.25000000,183693870.00000000,False
208140,정다운,KOSDAQ,2265,0.89086860,63.16939891,0.00000000,39.78142077,-1.52173913,35.37340619,0.44345898,43.57012750,41.11475410,42191326.50000000,46558445.00000000,False
016360,삼성증권,KOSPI,89300,-1.10741971,17.12204007,0.56306306,47.61384335,3.11778291,59.16211293,-22.75086505,7.21311475,41.10382514,24368648975.40000153,29991647304.00000000,False
206640,바디텍메드,KOSDAQ,9740,0.00000000,42.80510018,2.31092437,60.87431694,-0.71355759,39.30783242,-12.64573991,14.06193078,41.07832423,240887609.50000000,141950295.00000000,False
493790,유안타제17호스팩,KOSDAQ,2020,-0.24691358,33.77049180,0.00000000,39.78142077,-0.09891197,42.76867031,0.24813896,43.22404372,41.06375228,19172091.70000000,7529090.00000000,False
365550,ESR켄달스퀘어리츠,KOSPI,3160,1.28205128,68.74316940,-0.78492936,29.76320583,1.28205128,53.15118397,-8.40579710,19.96357013,41.05646630,738692091.39999998,566889010.00000000,False
0130H0,엔에이치스팩33호,KOSDAQ,1986,-0.50100200,28.37887067,0.60790274,48.16029144,-0.45112782,40.87431694,-0.70000000,37.01275046,41.03825137,8399139.10000000,20381993.00000000,False
198080,캐프,KOSDAQ,2110,0.47619048,55.86520947,0.71599045,49.36247723,-1.40186916,35.91985428,-2.54041570,31.29326047,41.02185792,76828213.55000000,31956161.00000000,False
038390,레드캡투어,KOSDAQ,9990,-0.10000000,38.25136612,-0.29940120,34.68123862,0.30120482,48.56102004,-0.79443893,36.64845173,40.98360656,83166310.25000000,161911100.00000000,False
0134X0,대신밸런스제20호스팩,KOSDAQ,1971,-0.10136847,38.17850638,0.20335536,43.75227687,-0.45454545,40.83788707,-0.25303644,38.43351548,40.96539162,24935094.60000000,177445506.00000000,False
064960,SNT모티브,KOSPI,26900,-0.18552876,35.68306011,-1.28440367,25.82877960,0.37313433,48.88888889,2.67175573,50.34608379,40.94171220,1519654203.75000000,1660808100.00000000,False
384470,코어라인소프트,KOSDAQ,2640,0.57142857,57.83242259,-2.40295749,18.61566485,5.81162325,65.57377049,-10.81081081,16.64845173,40.92714026,145153622.50000000,70898465.00000000,False
014970,삼륭물산,KOSDAQ,4420,-0.45045045,29.25318761,0.22675737,43.89799636,0.11325028,47.03096539,-3.07017544,30.09107468,40.92531876,518468656.39999998,52549530.00000000,False
139130,iM금융지주,KOSPI,18740,0.32119914,52.85974499,0.21390374,43.78870674,-1.62729659,34.79052823,0.16034206,42.80510018,40.89981785,7301646169.30000019,7715091621.00000000,False
021820,세원정공,KOSPI,10610,0.09433962,47.32240437,-0.84112150,29.21675774,-0.37558685,41.31147541,4.32645034,54.20765027,40.86338798,62119112.75000000,68895090.00000000,False
221840,하이즈항공,KOSDAQ,2045,-0.48661800,28.67030965,-2.38663484,18.68852459,1.48883375,53.84335155,4.33673469,54.24408015,40.85974499,13173461.85000000,16051065.00000000,False
463480,모티브링크,KOSDAQ,3940,0.63856960,58.97996357,-0.12674271,36.57559199,0.76726343,51.11111111,-10.04566210,17.55919854,40.82695811,526380293.14999998,22544245.00000000,False
014570,고려제약,KOSDAQ,3345,2.13740458,77.48633880,1.67173252,56.99453552,-4.42857143,22.07650273,-1.18168390,35.55555556,40.78870674,16007327.80000000,24193980.00000000,False
002810,삼영무역,KOSPI,21450,1.65876777,73.18761384,-0.46403712,32.98724954,-3.81165919,24.77231330,11.42857143,68.30601093,40.78506375,347276793.75000000,352848350.00000000,False
368600,아이씨에이치,KOSDAQ,956,0.00000000,42.80510018,0.00000000,39.78142077,-7.45401742,14.02550091,55.19480519,94.46265938,40.71766849,1295267008.04999995,0.00000000,False
214150,클래시스,KOSDAQ,31400,1.78282010,74.20765027,1.78282010,57.81420765,-0.94637224,38.21493625,-34.24083770,3.13296903,40.67759563,4474810461.25000000,4851860125.00000000,False
023590,다우기술,KOSPI,38350,1.05401845,65.35519126,-2.16836735,20.07285974,0.00000000,44.91803279,2.81501340,50.56466302,40.63752277,1698443556.25000000,1986894475.00000000,False
032560,황금에스티,KOSPI,5570,0.36036036,53.62477231,0.00000000,39.78142077,-2.28070175,31.73041894,3.91791045,53.22404372,40.63387978,73638695.25000000,63853210.00000000,False
005490,POSCO홀딩스,KOSPI,319000,2.40770465,79.92714026,1.75438596,57.63205829,-6.72514620,15.62841530,1.10935024,45.42805100,40.61930783,66416924425.00000000,71420654250.00000000,False
054670,대한뉴팜,KOSDAQ,5520,-0.54054054,27.39526412,1.28440367,54.08014572,-2.12765957,32.56830601,0.18148820,42.84153005,40.55919854,66666727.00000000,107376350.00000000,False
236810,엔비티,KOSDAQ,1617,0.55970149,57.55919854,-5.54906542,7.06739526,-1.88106796,33.73406193,62.02404810,95.62841530,40.49544627,49427452.65000000,22815315.00000000,False
013570,디와이,KOSPI,4210,-0.70754717,23.78870674,1.44578313,55.11839709,-3.21839080,27.06739526,4.07911001,53.69763206,40.48087432,138567945.75000000,82811575.00000000,False
051380,피씨디렉트,KOSDAQ,1519,1.80965147,74.38979964,2.15198386,59.70856102,-2.81509917,28.85245902,-9.90510083,17.88706740,40.46994536,23507132.10000000,24424057.00000000,False
006345,대원전선우,KOSPI,9900,-0.90090090,20.30965392,0.60975610,48.26958106,1.74717369,54.93624772,-18.04635762,9.90892532,40.46812386,434150667.50000000,136605475.00000000,False
013870,지엠비코리아,KOSPI,3830,0.26178010,51.80327869,0.13071895,42.98724954,-0.26041667,41.78506375,-4.01002506,28.16029144,40.42258652,50369502.30000000,73796445.00000000,False
141080,리가켐바이오,KOSDAQ,84500,1.80722892,74.35336976,6.42317380,77.95992714,-4.30351076,22.55009107,-37.95888399,2.87795993,40.41894353,16346534152.50000000,17715912450.00000000,False
012160,영흥,KOSPI,2160,-3.35570470,4.08014572,2.85714286,63.91621129,-8.47457627,11.49362477,22.51843449,81.05646630,40.39162113,71702429.20000000,74217870.00000000,False
000320,노루홀딩스,KOSPI,16090,3.73952289,87.14025501,1.51419558,55.59198543,-5.07374631,20.29143898,-1.52998776,34.31693989,40.37158470,74184587.25000000,67637670.00000000,False
143160,아이디스,KOSDAQ,16020,-0.43505283,29.76320583,-0.31113877,34.49908925,-0.62034739,39.96357013,4.70588235,55.04553734,40.32058288,53325363.50000000,32117700.00000000,False
136480,하림,KOSDAQ,2660,0.00000000,42.80510018,-0.56074766,32.05828780,0.75757576,51.03825137,-3.09653916,30.01821494,40.31693989,405295083.44999999,409168350.00000000,False
079980,휴비스,KOSPI,1943,-0.46106557,29.07103825,1.04004160,52.34972678,-2.85000000,28.63387978,2.96767356,50.85610200,40.23679417,58898979.25000000,43645592.00000000,False
040420,정상제이엘에스,KOSDAQ,5830,-0.34188034,31.87613843,-0.34188034,34.20765027,0.17182131,47.57741348,-0.17123288,38.76138434,40.23315118,62382867.75000000,63843670.00000000,False
005800,신영와코루,KOSPI,13360,-2.62390671,5.97449909,-1.03703704,27.50455373,0.22505626,47.97814208,7.39549839,60.87431694,40.21493625,54724400.50000000,73826980.00000000,False
004840,DRB동일,KOSPI,4000,-0.24937656,33.58834244,2.69576380,62.95081967,-1.71990172,34.35336976,-7.62124711,21.09289617,40.20400729,72757896.25000000,137235755.00000000,False
024910,경창산업,KOSDAQ,1519,-0.32808399,32.02185792,1.80965147,57.92349727,-3.24840764,26.92167577,0.59602649,43.86156648,40.12021858,52178646.50000000,42070598.00000000,False
159580,제로투세븐,KOSDAQ,2130,0.47169811,55.64663024,1.67064439,56.93989071,-2.06896552,32.82331512,-7.18954248,21.67577413,40.11111111,51627315.30000000,88012240.00000000,False
272450,진에어,KOSPI,5860,-0.84602369,21.31147541,-1.67785235,23.67941712,0.68728522,50.67395264,3.71681416,52.67759563,40.04007286,636123724.75000000,229262440.00000000,False
047820,초록뱀미디어,KOSDAQ,3185,-0.15673981,36.64845173,-1.08695652,27.08561020,3.07443366,59.01639344,-6.46108664,23.16939891,40.03096539,40075933.05000000,29917378.00000000,False
023900,풍국주정,KOSDAQ,7190,-1.10041265,17.30418944,-1.23626374,26.04735883,0.27894003,48.37887067,4.96350365,55.59198543,40.01457195,81833253.50000000,26477110.00000000,False
023760,한국캐피탈,KOSDAQ,1413,0.14174344,48.05100182,-1.73852573,23.20582878,0.35511364,48.85245902,0.35511364,43.42440801,39.99271403,64728522.55000000,52543463.00000000,False
045060,오공,KOSDAQ,2095,0.72115385,60.80145719,-0.94562648,28.37887067,0.47961631,49.36247723,-4.11899314,28.01457195,39.94171220,45382113.90000000,21508707.00000000,False
207760,미스터블루,KOSDAQ,2160,5.10948905,91.51183971,7.19602978,79.81785064,-20.29520295,2.98724954,-4.00000000,28.23315118,39.93806922,281452305.39999998,184450529.00000000,False
037270,YGPLUS,KOSPI,3105,0.16129032,48.70673953,-0.16077170,36.41165756,0.97560976,51.91256831,-10.64748201,16.83060109,39.92531876,296604863.75000000,344794709.00000000,False
105840,우진,KOSPI,13450,-1.75310446,10.45537341,-0.81120944,29.47176685,5.82218725,65.61020036,-9.12162162,18.94353370,39.91985428,6629073833.75000000,3798107425.00000000,False
063080,컴투스홀딩스,KOSDAQ,12520,0.56224900,57.66848816,0.16000000,43.35154827,-2.56809339,30.09107468,1.13085622,45.46448087,39.90163934,255644776.25000000,166412120.00000000,False
317450,명인제약,KOSPI,43400,-0.57273769,27.06739526,2.35849057,61.09289617,-2.79955207,28.99817851,-0.91324201,36.32058288,39.89799636,470225483.75000000,410528650.00000000,False
032280,삼일,KOSDAQ,1323,1.06951872,65.68306011,-0.67567568,30.85610200,-2.28951256,31.58469945,5.67092652,57.01275046,39.86156648,44108386.35000000,5590979.00000000,False
206650,유바이오로직스,KOSDAQ,8510,-0.23446659,34.29872495,0.71005917,49.21675774,-2.07134638,32.78688525,0.11764706,42.69581056,39.84881603,660052531.75000000,668075750.00000000,False
252500,세화피앤씨,KOSDAQ,2280,0.00000000,42.80510018,-0.43668122,33.42440801,2.01342282,55.88342441,-11.45631068,15.88342441,39.83788707,119841117.59999999,13297895.00000000,False
111110,호전실업,KOSPI,6410,0.15625000,48.48816029,-0.46583851,32.89617486,0.15625000,47.43169399,-2.87878788,30.49180328,39.78870674,35302668.75000000,16510415.00000000,False
066430,아이로보틱스,KOSDAQ,2065,0.48661800,56.13843352,-1.19617225,26.30236794,2.22772277,56.61202186,-9.62800875,18.17850638,39.78506375,1027540907.79999995,512594898.00000000,False
085310,엔케이,KOSPI,8850,-1.00671141,18.68852459,0.34013605,45.24590164,-2.53303965,30.27322404,7.53341434,61.12932605,39.77777778,85148856.25000000,152898330.00000000,False
017370,우신시스템,KOSPI,3605,0.55788006,57.52276867,2.26950355,60.61930783,-1.77111717,34.17122040,-16.64739884,10.81967213,39.77049180,48681833.80000000,62199530.00000000,False
002380,KCC,KOSPI,476500,0.95338983,64.00728597,-0.20942408,35.59198543,-1.75257732,34.24408015,0.95338983,44.91803279,39.75956284,10765298547.10000038,5971140250.00000000,False
373110,엑셀세라퓨틱스,KOSDAQ,1050,3.24483776,84.46265938,3.85756677,68.59744991,-6.25000000,16.55737705,-7.89473684,20.43715847,39.73588342,92732561.90000001,130913005.00000000,False
035760,CJENM,KOSDAQ,34400,-1.99430199,8.56102004,-11.11111111,2.58652095,6.83229814,67.83242259,4.55927052,54.68123862,39.70127505,2899027818.75000000,1679167000.00000000,False
375500,DL이앤씨,KOSPI,74200,-1.98150594,8.70673953,-8.73308733,3.60655738,2.34482759,57.08561020,14.86068111,73.91621129,39.57012750,35568504892.50000000,15180105950.00000000,False
087260,모바일어플라이언스,KOSDAQ,247,0.00000000,42.80510018,0.00000000,39.78142077,0.00000000,44.91803279,-4.63320463,26.88524590,39.55919854,0.00000000,0.00000000,False
002390,한독,KOSPI,8770,0.34324943,53.33333333,0.80459770,50.41894353,-7.87815126,12.89617486,12.43589744,69.67213115,39.55191257,72706989.00000000,127571610.00000000,False
000850,화천기공,KOSPI,36400,-2.41286863,7.03096539,-3.19148936,14.17122040,2.82485876,58.21493625,5.35455861,56.28415301,39.49726776,283450590.00000000,290566600.00000000,False
081150,티플랙스,KOSDAQ,2615,0.57692308,58.06921676,0.57692308,47.70491803,-1.69172932,34.49908925,-4.21245421,27.86885246,39.49180328,144561130.15000001,190812057.00000000,False
037560,LG헬로비전,KOSPI,1568,2.34986945,79.41712204,0.96587250,51.54826958,-3.80368098,24.80874317,-2.78983261,30.74681239,39.47905282,140641928.84999999,162091816.00000000,False
001465,BYC우,KOSPI,26300,0.38167939,53.84335155,-0.94161959,28.45173042,-2.59259259,30.01821494,10.97046414,67.61384335,39.44990893,58946128.75000000,38464100.00000000,False
047770,코데즈컴바인,KOSDAQ,3605,-2.69905533,5.75591985,3.00000000,64.73588342,-10.54590571,8.12386157,22.20338983,80.83788707,39.41347905,5013832179.50000000,2103922291.00000000,False
124560,태웅로직스,KOSDAQ,1970,0.15251652,48.26958106,-0.50505051,32.60473588,-1.74563591,34.31693989,4.84300160,55.33697632,39.40255009,45869084.85000000,43170522.00000000,False
126640,화신정공,KOSDAQ,3930,-0.50632911,28.17850638,5.36193029,74.53551913,-14.00437637,5.28233151,7.23055935,60.54644809,39.40072860,4226208919.65000010,1597955007.00000000,False
033270,유나이티드제약,KOSPI,17720,0.45351474,55.15482696,0.73905628,49.69034608,-4.06063887,23.49726776,1.78058587,47.72313297,39.36612022,483734650.50000000,257156825.00000000,False
045340,토탈소프트,KOSDAQ,6800,-0.29325513,32.93260474,0.29498525,44.73588342,-1.16279070,37.19489982,-0.14684288,38.83424408,39.35883424,108037775.25000000,101601285.00000000,False
435570,에르코스,KOSDAQ,7040,-0.42432815,29.87249545,0.00000000,39.78142077,-1.40056022,35.95628415,2.62390671,50.20036430,39.34426230,19223026.50000000,22327540.00000000,False
018700,졸스,KOSDAQ,1291,0.00000000,42.80510018,0.23291925,43.97085610,-7.05543557,14.93624772,19.87000929,79.41712204,39.32969035,17292741.75000000,10630539.00000000,False
129890,앱코,KOSDAQ,949,-1.14583333,16.75774135,2.59459459,62.40437158,-5.47808765,18.87067395,5.44444444,56.57559199,39.26047359,78566521.70000000,64660168.00000000,False
475240,하나32호스팩,KOSDAQ,2090,0.00000000,42.80510018,-0.23866348,35.22768670,-0.47619048,40.61930783,0.00000000,40.80145719,39.25683060,31597656.40000000,45005778.00000000,False
012630,HDC,KOSPI,23250,-1.06382979,17.88706740,-10.91954023,2.65938069,2.87610619,58.39708561,9.92907801,65.93806922,39.13296903,2689791317.50000000,1375983600.00000000,False
002460,HS화성,KOSPI,11030,-0.36133695,31.54826958,-0.63063063,31.43897996,1.28558310,53.22404372,-4.91379310,26.19307832,39.11475410,67605565.00000000,37827410.00000000,False
002800,신신제약,KOSDAQ,4470,0.67567568,59.85428051,-0.22321429,35.48269581,-1.97368421,33.22404372,1.24575311,45.86520947,39.09289617,93260582.34999999,36422740.00000000,False
099220,SDN,KOSDAQ,5270,-1.67910448,10.92896175,0.38095238,45.61020036,3.13111546,59.23497268,-35.01849568,3.06010929,39.08196721,66848495.00000000,87011530.00000000,False
009420,한올바이오파마,KOSPI,47850,3.12500000,83.86156648,11.02088167,86.77595628,-11.22448980,7.24954463,-20.11686144,8.48816029,39.01639344,11620989831.25000000,10911106750.00000000,False
389650,넥스트바이오메디컬,KOSDAQ,31600,-0.94043887,19.70856102,0.47694754,46.44808743,1.60771704,54.35336976,-23.48668281,6.81238616,39.00910747,824010438.75000000,549817500.00000000,False
023450,동남합성,KOSPI,31500,-1.56250000,12.07650273,-1.86915888,22.11293260,-0.15847861,42.51366120,12.90322581,70.61930783,38.97085610,30316490.00000000,26453800.00000000,False
004360,세방,KOSPI,13350,-0.74349442,23.13296903,-0.29873040,34.71766849,-0.37313433,41.38433515,2.06422018,48.41530055,38.96539162,196711010.00000000,246952000.00000000,False
031430,신세계인터내셔날,KOSPI,10500,0.09532888,47.35883424,-0.09514748,36.86703097,1.35135135,53.36976321,-18.98148148,9.07103825,38.95810565,511094162.50000000,506388685.00000000,False
352940,인바이오,KOSDAQ,2050,-1.20481928,15.91985428,-2.14797136,20.25500911,1.99004975,55.70127505,0.98522167,45.02732240,38.95446266,89520769.90000001,7382950.00000000,False
227840,현대코퍼레이션홀딩스,KOSPI,12830,0.86477987,62.73224044,-0.23328149,35.37340619,-3.31574981,26.70309654,5.59670782,56.86703097,38.93989071,97293438.50000000,113484630.00000000,False
006840,AK홀딩스,KOSPI,6980,-1.41242938,13.36976321,2.79823270,63.60655738,-12.75000000,6.30236794,20.97053726,80.00000000,38.93989071,49940894.25000000,55693060.00000000,False
101530,해태제과식품,KOSPI,5530,0.00000000,42.80510018,0.00000000,39.78142077,-0.71813285,39.27140255,-1.42602496,34.82695811,38.88888889,50577715.25000000,0.00000000,False
117580,대성에너지,KOSPI,7050,-0.70422535,23.87978142,-2.35457064,18.87067395,1.29310345,53.26047359,1.73160173,47.61384335,38.87613843,3119066745.50000000,316847880.00000000,False
002920,유성기업,KOSPI,1784,0.05608525,46.99453552,-1.65380375,23.78870674,-0.11198208,42.69581056,2.52873563,49.76320583,38.86703097,143859387.19999999,168703631.00000000,False
420570,제이투케이바이오,KOSDAQ,9190,1.32304300,69.47176685,-2.23404255,19.67213115,-2.54506893,30.23679417,12.34718826,69.54462659,38.85245902,569359675.25000000,208343310.00000000,False
487830,신한제15호스팩,KOSDAQ,2055,0.00000000,42.80510018,-2.14285714,20.32786885,0.24390244,48.25136612,1.23152709,45.81056466,38.84153005,20143086.40000000,24671905.00000000,False
002290,삼일기업공사,KOSDAQ,3340,-1.32939439,14.60837887,0.75414781,49.79963570,-0.74294205,39.12568306,-1.76470588,33.66120219,38.78324226,33920578.00000000,41595091.00000000,False
078935,GS우,KOSPI,59300,-0.50335570,28.26958106,0.50847458,46.92167577,-4.20032310,22.80510018,8.80733945,63.67941712,38.76138434,315184425.00000000,167066150.00000000,False
005305,롯데칠성우,KOSPI,66000,0.00000000,42.80510018,0.60975610,48.26958106,-1.34529148,36.17486339,-4.34782609,27.57741348,38.74681239,37529940.00000000,14480400.00000000,False
0117P0,피스피스스튜디오,KOSDAQ,5560,-0.53667263,27.43169399,-2.11267606,20.54644809,-0.17953321,42.36794171,9.01960784,64.40801457,38.73588342,519733593.75000000,294494665.00000000,False
408920,메쎄이상,KOSDAQ,3000,-2.59740260,6.19307832,4.52961672,71.54826958,-6.25000000,16.55737705,2.56410256,49.98178506,38.70309654,53332374.15000000,32269220.00000000,False
015230,대창단조,KOSPI,6460,-1.22324159,15.59198543,-0.61538462,31.54826958,-0.61538462,40.00000000,6.25000000,58.30601093,38.68488160,425364736.00000000,389720700.00000000,False
086040,바이오톡스텍,KOSDAQ,2280,0.44052863,54.75409836,0.88495575,51.07468124,-5.59006211,18.46994536,3.63636364,52.40437158,38.66666667,17538596.90000000,12768682.00000000,False
003530,한화투자증권,KOSPI,4630,-0.96256684,19.27140255,0.98146129,51.73041894,-1.06837607,37.59562842,-2.73109244,30.85610200,38.65573770,7221258241.64999962,3184660459.00000000,False
286940,롯데이노베이트,KOSPI,17430,0.51903114,57.15846995,0.63510393,48.56102004,-3.22043309,27.03096539,-0.40000000,37.77777778,38.65209472,158430179.75000000,199499690.00000000,False
097230,HJ중공업,KOSPI,15430,0.65231572,59.23497268,3.55704698,67.32240437,-3.98257623,24.00728597,-12.27970438,14.53551913,38.63023679,3689427745.25000000,3544707510.00000000,False
049120,파인디앤씨,KOSDAQ,3000,6.38297872,94.20765027,-4.91283677,8.34244080,-5.21327014,19.85428051,50.90543260,93.73406193,38.61202186,30485646.65000000,23888630.00000000,False
014620,성광벤드,KOSDAQ,30300,-1.14192496,16.83060109,-2.72873194,16.55737705,-0.32894737,41.54826958,17.21470019,76.61202186,38.59198543,6242567228.75000000,4458768250.00000000,False
002240,고려제강,KOSPI,16930,-0.23571008,34.24408015,1.07462687,52.56830601,-1.56976744,35.15482696,-4.78065242,26.66666667,38.59016393,606129419.25000000,863606410.00000000,False
018620,우진비앤지,KOSDAQ,2710,1.68855535,73.40619308,-2.86738351,15.77413479,-3.04114490,28.19672131,16.55913978,76.13843352,38.57923497,31893802.60000000,20393733.00000000,False
487360,신한제14호스팩,KOSDAQ,2030,-0.73349633,23.38797814,-0.24570025,35.00910747,-0.24570025,41.93078324,0.89463221,44.73588342,38.56102004,25000315.70000000,5093460.00000000,False
092040,아미코젠,KOSDAQ,994,-0.40080160,30.32786885,0.10070493,42.55009107,0.81135903,51.25683060,-15.97633136,11.25683060,38.55191257,397188650.10000002,162724144.00000000,False
001045,CJ우,KOSPI,66900,0.75301205,61.31147541,-0.44642857,33.33333333,-1.76211454,34.20765027,0.45045045,43.60655738,38.53551913,399601810.00000000,80272100.00000000,False
025750,한솔홈데코,KOSPI,1899,0.00000000,42.80510018,-0.05263158,37.12204007,-0.52383447,40.21857923,-1.40186916,34.89981785,38.48451730,28839391.70000000,20093755.00000000,False
205470,휴마시스,KOSDAQ,2640,0.57142857,57.83242259,1.53846154,55.90163934,-17.88491446,3.82513661,13.54838710,71.62112933,38.40801457,133762589.25000000,74594035.00000000,False
010100,한국무브넥스,KOSPI,3485,0.00000000,42.80510018,2.19941349,60.07285974,-3.19444444,27.17668488,-5.29891304,25.39162113,38.25136612,168532298.65000001,132193956.00000000,False
008700,아남전자,KOSPI,1244,0.16103060,48.67030965,-1.42630745,25.13661202,-0.48000000,40.47358834,1.96721311,48.23315118,38.24408015,241770690.34999999,192555462.00000000,False
38380K,LX홀딩스1우,KOSPI,7400,-0.13495277,37.15846995,-0.80428954,29.58105647,-0.26954178,41.71220401,0.81743869,44.40801457,38.15664845,7643634.50000000,5486230.00000000,False
357230,에이치피오,KOSDAQ,2130,0.23529412,51.00182149,-0.23419204,35.33697632,-0.46728972,40.71038251,-2.73972603,30.81967213,38.14936248,49618502.85000000,38423565.00000000,False
331520,밸로프,KOSDAQ,2215,0.00000000,42.80510018,0.91116173,51.14754098,-8.65979381,11.11111111,12.66531027,70.20036430,38.10928962,58699207.05000000,13634155.00000000,False
003925,남양유업우,KOSPI,30500,-3.78548896,3.24225865,-1.13452188,26.66666667,3.38983051,60.00000000,-3.63349131,28.85245902,38.09471767,65924095.00000000,101079850.00000000,False
000145,하이트진로홀딩스우,KOSPI,9140,-0.21834061,34.79052823,0.32930845,45.06375228,-0.76004343,39.05282332,-4.49320794,27.35883424,38.09107468,1543069.00000000,7080550.00000000,False
005810,풍산홀딩스,KOSPI,36800,-0.40595399,30.23679417,-0.67476383,30.89253188,-1.34048257,36.21129326,5.44412607,56.53916211,38.08378871,380753316.25000000,250845625.00000000,False
072870,메가스터디,KOSDAQ,13240,0.30303030,52.42258652,-0.07547170,36.97632058,-1.19402985,37.06739526,-1.48809524,34.57194900,38.07650273,199574781.50000000,211470535.00000000,False
001795,대한제당우,KOSPI,2135,-0.23364486,34.37158470,0.00000000,39.78142077,-2.28832952,31.62112933,2.64423077,50.23679417,38.06739526,17407951.00000000,19025380.00000000,False
021040,대호특수강,KOSDAQ,931,0.10752688,47.54098361,-1.27253446,25.90163934,0.00000000,44.91803279,-0.42780749,37.70491803,38.03278689,23755707.40000000,6326619.00000000,False
340810,시선AI,KOSDAQ,3620,4.92753623,90.85610200,-5.35947712,7.32240437,-5.35947712,19.27140255,58.07860262,95.00910747,37.99271403,1335064879.59999990,606798640.00000000,False
001460,BYC,KOSPI,35850,-0.13927577,37.01275046,1.12834979,53.07832423,-4.52729694,21.67577413,1.99146515,48.34244080,37.96357013,102382558.75000000,42830000.00000000,False
042110,에스씨디,KOSDAQ,1032,0.29154519,52.24043716,2.27948464,60.65573770,-3.46117867,26.12021858,-7.85714286,20.47358834,37.96357013,150670800.40000001,72880907.00000000,False
083650,비에이치아이,KOSDAQ,58700,-1.34453782,14.28051002,-2.32945092,19.10746812,-1.01180438,37.88706740,18.34677419,77.92349727,37.89981785,27867609330.00000000,12682377200.00000000,False
000640,동아쏘시오홀딩스,KOSPI,93000,-1.58730159,11.89435337,-0.74706510,29.98178506,-1.06382979,37.66848816,8.64485981,63.20582878,37.89253188,930380632.50000000,916944450.00000000,False
000215,DL우,KOSPI,24350,0.20576132,50.01821494,-3.75494071,11.80327869,-1.21703854,36.90346084,14.31924883,72.85974499,37.87613843,51502476.25000000,58660500.00000000,False
148150,세경하이테크,KOSDAQ,4005,-0.24906600,33.62477231,-4.07185629,10.78324226,-1.59705160,34.93624772,30.03246753,86.52094718,37.87613843,269936531.55000001,149354340.00000000,False
054090,삼진엘앤디,KOSDAQ,1005,0.50000000,56.52094718,-0.49504950,32.67759563,-2.42718447,30.85610200,2.65577120,50.27322404,37.85245902,140838444.15000001,28819414.00000000,False
204620,글로벌텍스프리,KOSDAQ,5490,-3.00353357,4.88160291,-8.65224626,3.67941712,2.23463687,56.72131148,11.02123357,67.68670310,37.81785064,3769104069.25000000,7591476440.00000000,False
177830,파버나인,KOSDAQ,2180,3.07328605,83.64298725,1.63170163,56.57559199,-4.38596491,22.18579235,-9.91735537,17.81420765,37.77413479,34645205.45000000,49891417.00000000,False
007570,일양약품,KOSPI,8150,-0.12254902,37.59562842,1.24223602,53.87978142,-2.51196172,30.38251366,-3.89150943,28.37887067,37.75227687,123847368.50000000,98549350.00000000,False
234300,에스트래픽,KOSDAQ,3105,-4.31432974,2.29508197,-0.16077170,36.41165756,-2.05047319,32.96903461,10.49822064,67.03096539,37.74681239,535403271.80000001,185681800.00000000,False
078590,휴림에이텍,KOSDAQ,2815,3.49264706,85.61020036,-1.22807018,26.22950820,-9.77564103,9.10746812,34.04761905,88.26958106,37.72677596,214759549.75000000,110052868.00000000,False
244920,에이플러스에셋,KOSPI,12630,3.52459016,85.97449909,-2.92083013,15.30054645,-4.31818182,22.51366120,18.03738318,77.48633880,37.69034608,377118894.00000000,415631585.00000000,False
011280,태림포장,KOSPI,1490,0.53981107,57.34061931,7.89283128,81.27504554,-8.02469136,12.53187614,-14.21991940,12.64116576,37.65755920,79119803.20000000,91362577.00000000,False
476060,온코닉테라퓨틱스,KOSDAQ,15730,0.19108280,49.58105647,-0.44303797,33.36976321,-8.06545880,12.34972678,34.44444444,88.52459016,37.61384335,4117190361.00000000,2586485560.00000000,False
065770,CS,KOSDAQ,944,18.89168766,99.52641166,11.18963486,87.17668488,-21.00418410,2.80510018,-47.32142857,1.82149362,37.59198543,232068639.50000000,2089930075.00000000,False
110790,크리스에프앤씨,KOSDAQ,2985,0.50505051,56.83060109,-2.29132570,19.34426230,0.67453626,50.56466302,-3.55411955,28.99817851,37.51183971,9073874.25000000,18010895.00000000,False
026040,제이에스티나,KOSDAQ,2175,-2.02702703,8.45173042,3.08056872,65.06375228,-13.86138614,5.42805100,15.56854410,74.82695811,37.50091075,364853530.69999999,101640095.00000000,False
057540,옴니시스템,KOSDAQ,602,0.00000000,42.80510018,0.00000000,39.78142077,0.66889632,50.52823315,-26.40586797,5.35519126,37.49726776,36380244.25000000,0.00000000,False
054800,아이디스홀딩스,KOSDAQ,14730,0.68352700,59.92714026,-0.40567951,33.73406193,-3.53634578,25.71948998,4.91452991,55.48269581,37.49726776,102387778.25000000,90597565.00000000,False
091440,한울소재과학,KOSDAQ,2770,-0.89445438,20.47358834,-11.50159744,2.47723133,1.09489051,52.60473588,11.24497992,68.16029144,37.46448087,870042688.25000000,350211048.00000000,False
060250,NHNKCP,KOSDAQ,13710,-1.08225108,17.74134791,1.40532544,54.89981785,-5.77319588,18.14207650,6.85892440,59.74499089,37.44990893,4079570746.25000000,2376650420.00000000,False
036560,KZ정밀,KOSDAQ,11990,-0.49792531,28.48816029,-0.74503311,30.01821494,-1.31687243,36.32058288,4.71615721,55.11839709,37.40619308,53143510.50000000,95884245.00000000,False
404990,신한서부티엔디리츠,KOSPI,3885,-0.38461538,30.81967213,-4.42804428,9.72677596,0.90909091,51.54826958,4.15549598,53.87978142,37.39526412,181772035.75000000,184366735.00000000,False
000490,대동,KOSPI,7700,0.65359477,59.27140255,0.26041667,44.51730419,-6.66666667,15.73770492,6.50069156,58.90710383,37.35883424,1071239138.25000000,599443685.00000000,False
089590,제주항공,KOSPI,4500,-0.44247788,29.56284153,-1.74672489,23.16939891,0.89686099,51.40255009,-1.53172867,34.28051002,37.32422587,1207100884.50000000,814086142.00000000,False
448730,삼성FN리츠,KOSPI,5000,-0.39840637,30.41894353,3.30578512,65.90163934,-3.10077519,27.86885246,-10.71428571,16.75774135,37.31147541,569732032.95000005,212174136.00000000,False
035900,JYPEnt.,KOSDAQ,38150,1.73333333,73.69763206,0.39473684,45.75591985,-0.90909091,38.50637523,-29.87132353,4.00728597,37.30054645,5915320178.75000000,5225965375.00000000,False
185490,아이진,KOSDAQ,1897,-1.04329682,18.14207650,-2.71794872,16.68488160,-2.21649485,32.20400729,33.12280702,87.83242259,37.26775956,186256379.75000000,133842177.00000000,False
056700,신화인터텍,KOSDAQ,1417,0.21216407,50.27322404,-0.07052186,37.01275046,-0.35161744,41.49362477,-6.71494404,22.65938069,37.26047359,56006730.55000000,40476770.00000000,False
357250,미래에셋맵스리츠,KOSPI,1856,-0.58918050,26.52094718,0.76004343,49.83606557,-1.74695606,34.28051002,-3.28295987,29.58105647,37.23132969,53713315.95000000,55329599.00000000,False
179290,엠아이텍,KOSDAQ,4710,-0.42283298,29.92714026,2.05850488,59.23497268,-8.36575875,11.73041894,6.32054176,58.57923497,37.17122040,149987620.30000001,96556034.00000000,False
197140,디지캡,KOSDAQ,2330,1.30434783,69.23497268,-2.91666667,15.37340619,-2.10084034,32.67759563,8.37209302,62.76867031,37.16029144,38124378.85000000,46435640.00000000,False
101240,씨큐브,KOSDAQ,3350,1.05580694,65.42805100,-1.47058824,24.69945355,-4.28571429,22.60473588,12.98482293,70.81967213,37.15846995,29913539.80000000,23578730.00000000,False
003545,대신증권우,KOSPI,20150,0.24875622,51.63934426,-0.73891626,30.20036430,-1.22549020,36.86703097,0.00000000,40.80145719,37.13114754,689072941.75000000,607737245.00000000,False
011390,부산산업,KOSPI,48100,-0.61983471,25.79234973,0.94438615,51.36612022,-6.60194175,15.91985428,8.82352941,63.80692168,37.11839709,247296527.50000000,93795200.00000000,False
075180,새론오토모티브,KOSPI,2930,0.00000000,42.80510018,-0.50933786,32.56830601,-0.50933786,40.32786885,-1.51260504,34.46265938,37.07468124,73862066.75000000,31058715.00000000,False
457600,벡트,KOSDAQ,4105,3.92405063,88.16029144,-1.44057623,24.95446266,-22.10626186,2.58652095,89.60739030,98.43351548,37.02367942,524512647.00000000,724378249.00000000,False
000430,대원강업,KOSPI,4405,-2.86659316,5.24590164,-7.26315789,4.66302368,1.61476355,54.49908925,10.12500000,66.22950820,36.96903461,559452064.85000002,265567658.00000000,False
203400,에이비온,KOSDAQ,676,0.00000000,42.80510018,0.00000000,39.78142077,0.00000000,44.91803279,-12.77419355,13.87978142,36.95810565,0.00000000,0.00000000,False
017390,서울가스,KOSPI,54500,0.92592593,63.62477231,0.00000000,39.78142077,-2.32974910,31.32969035,-2.85204991,30.56466302,36.94171220,288786065.00000000,234696000.00000000,False
017800,현대엘리베이터,KOSPI,73200,0.13679891,47.94171220,-0.67842605,30.78324226,-2.00803213,33.15118397,1.94986072,48.08743169,36.90710383,5627721061.25000000,7219240879.00000000,False
001290,상상인증권,KOSPI,4260,0.94786730,63.89799636,0.70921986,49.18032787,-15.64356436,4.55373406,12.40105541,69.61748634,36.88888889,259299532.50000000,214469720.00000000,False
007690,국도화학,KOSPI,38350,-0.26007802,33.40619308,0.78843627,50.12750455,-5.88957055,17.77777778,5.64738292,56.97632058,36.88524590,607227172.50000000,373974650.00000000,False
092730,네오팜,KOSDAQ,22600,-3.21199143,4.37158470,-0.65934066,31.07468124,-2.37580994,31.18397086,14.43037975,73.22404372,36.87795993,1256098073.75000000,1118026775.00000000,False
034590,인천도시가스,KOSPI,26250,-0.19011407,35.55555556,-0.19011407,35.95628415,-1.68539326,34.59016393,0.38240918,43.49726776,36.87795993,19956578.75000000,21244950.00000000,False
010770,평화홀딩스,KOSPI,3535,-0.14124294,36.93989071,-0.42253521,33.55191257,0.56899004,50.05464481,-11.84538653,15.30054645,36.84153005,65825417.10000000,85050305.00000000,False
001500,현대차증권,KOSPI,7810,0.25673941,51.73041894,-0.50955414,32.53187614,-0.12787724,42.65938069,-5.90361446,24.04371585,36.80510018,510607234.25000000,267755515.00000000,False
311690,CJ바이오사이언스,KOSDAQ,3825,1.45888594,70.89253188,2.13618158,59.58105647,-4.13533835,22.95081967,-13.65688488,13.18761384,36.78142077,16743977.25000000,16530170.00000000,False
273060,와이즈버즈,KOSDAQ,3990,3.77113134,87.32240437,2.30769231,60.81967213,-7.63888889,13.35154827,-6.88448075,22.29508197,36.77777778,89224523.25000000,20046465.00000000,False
299660,셀리드,KOSDAQ,2385,-1.64948454,11.25683060,-10.33834586,2.80510018,-0.83160083,38.87067395,68.31333804,96.28415301,36.77231330,2791074301.05000019,797578388.00000000,False
010130,고려아연,KOSPI,1107000,2.21606648,78.28779599,1.18829982,53.33333333,-9.55882353,9.58105647,1.18829982,45.53734062,36.76867031,18029275330.00000000,14388423100.00000000,False
000760,이화산업,KOSPI,12340,1.23051682,68.23315118,3.00500835,64.77231330,-9.66325037,9.28961749,-1.67330677,33.95264117,36.76138434,13931569.00000000,75807960.00000000,False
033290,로젠,KOSDAQ,1520,-0.52356021,27.66848816,-0.58862001,31.83970856,0.00000000,44.91803279,-2.18790219,32.31329690,36.74863388,22598128.05000000,12277449.00000000,False
03473K,SK우,KOSPI,376000,0.53475936,57.23132969,1.62162162,56.46630237,-4.81012658,20.87431694,-3.83631714,28.56102004,36.72495446,335477412.50000000,442692500.00000000,False
016710,대성홀딩스,KOSPI,6900,0.29069767,52.20400729,-1.42857143,25.04553734,-1.28755365,36.52094718,1.47058824,46.88524590,36.71948998,85719229.25000000,48078050.00000000,False
065170,비엘팜텍,KOSDAQ,2220,0.00000000,42.80510018,-3.47826087,13.27868852,7.76699029,69.90892532,-44.01008827,2.11293260,36.65027322,1994975262.95000005,959247950.00000000,False
022220,티케이지애강,KOSDAQ,824,0.48780488,56.19307832,-1.31736527,25.68306011,-7.82997763,13.00546448,39.18918919,90.60109290,36.64663024,79389673.65000001,7098355.00000000,False
353190,휴럼,KOSDAQ,2595,-0.19230769,35.40983607,2.97619048,64.55373406,-4.41988950,22.11293260,-5.80762250,24.29872495,36.61202186,11513646.60000000,6387440.00000000,False
474930,신한제13호스팩,KOSDAQ,2090,-1.18203310,16.28415301,-0.23866348,35.22768670,-0.47619048,40.61930783,0.00000000,40.80145719,36.60473588,34184319.85000000,584045.00000000,False
080420,모다이노칩,KOSDAQ,1603,2.29738354,78.87067395,-2.31566118,19.16211293,-4.64009518,21.42076503,13.68794326,71.94899818,36.59380692,4063526.05000000,8993593.00000000,False
0165X0,메리츠제2호스팩,KOSDAQ,1934,-0.61664954,25.90163934,-0.05167959,37.15846995,-0.82051282,38.90710383,-0.87134803,36.39344262,36.57923497,60653820.30000000,12943218.00000000,False
378850,화승알앤에이,KOSPI,2850,0.35211268,53.44262295,0.70671378,49.10746812,-3.22580645,26.99453552,-4.04040404,28.05100182,36.48451730,58617839.40000000,63488445.00000000,False
027050,코리아나,KOSDAQ,1289,-0.38639876,30.78324226,0.07763975,42.40437158,-0.92236741,38.36065574,-4.80059084,26.52094718,36.44808743,304481849.80000001,58729718.00000000,False
191410,육일씨엔에쓰,KOSDAQ,1719,2.07838480,76.86703097,-3.64349776,12.67759563,-5.96280088,17.63205829,36.53693407,89.50819672,36.44444444,337110367.19999999,130583092.00000000,False
042040,케이피엠테크,KOSDAQ,4960,-2.74509804,5.57377049,-3.50194553,13.11475410,10.46770601,74.64480874,-17.33333333,10.27322404,36.40437158,31919315.30000000,6091520.00000000,False
159910,에코글로우,KOSDAQ,3040,-3.03030303,4.79052823,1.33333333,54.51730419,-4.85133020,20.83788707,5.19031142,56.10200364,36.38979964,16819521.05000000,5572470.00000000,False
009410,태영건설,KOSPI,1634,-0.06116208,38.72495446,0.24539877,44.37158470,-2.44776119,30.71038251,-1.50693189,34.53551913,36.37522769,476002602.50000000,495478331.00000000,False
002070,비비안,KOSPI,3715,-1.84940555,9.69034608,2.62430939,62.55009107,-20.19334049,3.02367942,17.60050649,76.97632058,36.33879781,513780029.05000001,59319040.00000000,False
002100,경농,KOSPI,9080,-0.11001100,37.99635701,0.44247788,46.15664845,-2.47046187,30.56466302,-2.26049516,32.05828780,36.28415301,157548789.50000000,97961530.00000000,False
039020,이건홀딩스,KOSDAQ,2615,-0.94696970,19.54462659,0.38387716,45.71948998,-1.13421550,37.26775956,-4.03669725,28.08743169,36.19489982,235875048.34999999,184267675.00000000,False
058630,엠게임,KOSDAQ,3995,-0.74534161,23.09653916,0.88383838,51.03825137,-0.37406484,41.34790528,-17.71369722,10.09107468,36.17850638,184542626.40000001,266447129.00000000,False
180640,한진칼,KOSPI,133900,0.82831325,62.22222222,-4.56165360,9.03460838,0.07473842,46.81238616,0.07473842,42.51366120,36.16029144,11306083759.00000000,8359578580.00000000,False
025880,케이씨피드,KOSDAQ,2310,-0.21598272,34.82695811,0.65359477,48.67030965,-1.49253731,35.48269581,-8.87573964,19.30783242,36.13843352,86464506.95000000,91228500.00000000,False
060560,HC홈센타,KOSDAQ,1964,2.55874674,81.09289617,-0.15251652,36.46630237,-1.80000000,33.91621129,-10.11441648,17.52276867,36.12021858,13160436.15000000,4230798.00000000,False
383800,LX홀딩스,KOSPI,8030,-0.12437811,37.52276867,-1.95360195,21.60291439,-1.10837438,37.41347905,4.42132640,54.33515483,36.06557377,576800929.00000000,441669230.00000000,False
481850,신한글로벌액티브리츠,KOSPI,974,-0.40899796,30.16393443,-0.61224490,31.62112933,-0.40899796,41.20218579,-1.21703854,35.37340619,36.05828780,16582641.60000000,14708649.00000000,False
043370,피에이치에이,KOSDAQ,11190,-1.32275132,14.73588342,-1.06100796,27.24954463,0.53908356,49.90892532,-2.27074236,32.02185792,36.01639344,161147099.75000000,228197165.00000000,False
187270,신화콘텍,KOSDAQ,2940,-2.16306156,7.83242259,3.52112676,67.10382514,-7.25552050,14.42622951,1.37931034,46.52094718,35.98907104,14987177.75000000,20775145.00000000,False
475040,스트라드비젼,KOSDAQ,3010,0.00000000,42.80510018,-4.29252782,9.94535519,7.88530466,70.12750455,-33.18534961,3.35154827,35.98542805,7383704426.19999981,882137788.00000000,False
338100,NH프라임리츠,KOSPI,3805,-2.18508997,7.79599271,0.52840159,47.17668488,-1.16883117,37.12204007,-2.68542199,30.96539162,35.97449909,188586887.69999999,495556082.00000000,False
193250,링크드,KOSDAQ,1988,3.64963504,86.77595628,-2.30958231,19.19854281,-11.84035477,6.81238616,50.26455026,93.58834244,35.87978142,48423655.35000000,19654768.00000000,False
018500,동원모빌리티,KOSPI,1358,-0.51282051,27.97814208,2.25903614,60.54644809,-5.03496503,20.40072860,-1.73661360,33.73406193,35.86885246,61502413.50000000,56553257.00000000,False
032750,삼진,KOSDAQ,2915,-0.17123288,36.24772313,-0.85034014,29.18032787,-2.34505863,31.25683060,4.66786355,54.93624772,35.86885246,19034067.50000000,6623965.00000000,False
041510,에스엠,KOSDAQ,78400,-0.50761421,28.08743169,-4.73876063,8.74316940,4.11686587,62.18579235,-4.27350427,27.75956284,35.85792350,10502850127.50000000,4986696150.00000000,False
318020,포인트모바일,KOSDAQ,2580,-1.33843212,14.38979964,-3.55140187,12.96903461,-2.08728653,32.71402550,31.76710930,87.14025501,35.84335155,21396931.50000000,10724205.00000000,False
118990,모트렉스,KOSDAQ,6400,0.78740157,61.85792350,-4.47761194,9.39890710,-2.43902439,30.78324226,13.87900356,72.45901639,35.81056466,507395010.00000000,210627350.00000000,False
006260,LS,KOSPI,300500,0.50167224,56.64845173,-3.68589744,12.20400729,2.91095890,58.46994536,-11.87683284,15.26411658,35.76684882,34898326612.50000000,47618756750.00000000,False
039570,HDC랩스,KOSPI,7490,0.00000000,42.80510018,-0.53120850,32.42258652,-0.92592593,38.28779599,-2.21932115,32.20400729,35.76320583,43902433.00000000,33085950.00000000,False
067730,로지시스,KOSDAQ,2180,-0.68337130,24.38979964,-1.13378685,26.70309654,-0.45662100,40.80145719,0.92592593,44.84517304,35.73952641,19033766.80000000,16504250.00000000,False
035080,그래디언트,KOSDAQ,11550,-0.60240964,26.26593807,-2.03562341,20.83788707,-3.66972477,25.24590164,25.81699346,83.71584699,35.71948998,338148144.75000000,199815385.00000000,False
039340,한국경제TV,KOSDAQ,4835,0.20725389,50.09107468,-1.12474438,26.73952641,-1.52749491,35.33697632,0.10351967,42.65938069,35.69763206,38429995.20000000,9126420.00000000,False
006800,미래에셋증권,KOSPI,32100,1.58227848,72.45901639,1.42180095,55.00910747,-3.31325301,26.73952641,-24.64788732,6.12021858,35.66848816,31546930536.25000000,43877487200.00000000,False
250000,보라티알,KOSDAQ,5500,-0.36231884,31.51183971,1.66358595,56.86703097,-4.51388889,21.82149362,-1.78571429,33.47905282,35.63570128,13352046.50000000,27046070.00000000,False
376290,씨유테크,KOSDAQ,2870,-0.86355786,20.87431694,-1.37457045,25.50091075,-1.71232877,34.40801457,7.28971963,60.65573770,35.63205829,17121442.05000000,17539655.00000000,False
031510,오스템,KOSDAQ,1126,-0.44208665,29.61748634,-1.05448155,27.28597450,-2.17202433,32.27686703,6.02636535,57.85063752,35.62841530,61250745.90000000,61249389.00000000,False
005965,동부건설우,KOSPI,17060,-0.75625364,22.87795993,-0.87158629,29.10746812,-0.05858231,42.95081967,-0.75625364,36.83060109,35.56648452,4490050.50000000,803120.00000000,False
005880,대한해운,KOSPI,2050,-4.87238979,1.85792350,-0.72639225,30.30965392,-1.20481928,36.97632058,5.77915377,57.26775956,35.52276867,2767550909.00000000,4306158500.00000000,False
030960,양지사,KOSDAQ,4715,-0.10593220,38.10564663,-3.77551020,11.69398907,3.62637363,60.91074681,-8.97683398,19.05282332,35.49362477,137996396.05000001,55499250.00000000,False
001510,SK증권,KOSPI,2330,-1.27118644,15.15482696,1.52505447,55.81056466,-2.91666667,28.48816029,-3.51966874,29.18032787,35.48998179,5177353747.30000019,4422447643.00000000,False
208640,썸에이지,KOSDAQ,695,-0.14367816,36.86703097,-20.84282460,1.02003643,6.75883257,67.68670310,-7.08556150,21.85792350,35.43897996,497485459.60000002,89072398.00000000,False
004430,송원산업,KOSPI,11560,0.08658009,47.24954463,0.60922541,48.19672131,-3.18257956,27.24954463,-4.77759473,26.73952641,35.43169399,1191559714.75000000,982414150.00000000,False
078140,대봉엘에스,KOSDAQ,7780,2.09973753,77.23132969,-2.50626566,18.06921676,-2.50626566,30.45537341,2.77410832,50.52823315,35.43169399,219499472.00000000,110171920.00000000,False
066590,스모트로닉,KOSDAQ,2315,0.21645022,50.45537341,0.00000000,39.78142077,-5.51020408,18.76138434,4.51467269,54.60837887,35.40619308,174831032.15000001,298954169.00000000,False
007330,푸른저축은행,KOSDAQ,9970,0.20100503,49.87249545,-0.59820538,31.76684882,-1.28712871,36.57559199,-2.54154448,31.25683060,35.39890710,74291412.00000000,120133330.00000000,False
134060,이퓨쳐,KOSDAQ,5380,-1.10294118,17.23132969,-3.06306306,14.75409836,-0.92081031,38.39708561,12.08333333,69.32604736,35.37340619,11612096.50000000,17083970.00000000,False
314930,바이오다인,KOSDAQ,6820,-0.29239766,32.96903461,3.33333333,66.06557377,-3.12500000,27.74134791,-25.86956522,5.61020036,35.33515483,162080448.75000000,96195935.00000000,False
103140,풍산,KOSPI,76700,-3.03413401,4.73588342,-1.54043646,24.29872495,-2.41730280,30.92896175,16.38846737,75.84699454,35.30418944,7844568745.00000000,15808482950.00000000,False
094280,효성ITX,KOSPI,11930,-0.08375209,38.50637523,-1.24172185,26.01092896,-0.58333333,40.03642987,-0.33416876,38.03278689,35.27504554,53463955.00000000,21009900.00000000,False
26490K,크라운제과우,KOSPI,7550,2.02702703,76.42987250,-2.83140283,16.06557377,-1.82054616,33.87978142,1.34228188,46.24772313,35.26411658,3624479.50000000,2481530.00000000,False
170900,동아에스티,KOSPI,35050,0.42979943,54.66302368,0.86330935,50.89253188,-5.01355014,20.47358834,-2.36768802,31.69398907,35.26229508,273784963.75000000,149206650.00000000,False
008420,문배철강,KOSPI,2100,0.71942446,60.71038251,1.20481928,53.49726776,-5.82959641,17.95992714,-3.22580645,29.72677596,35.24954463,237578440.50000000,60116620.00000000,False
025540,한국단자,KOSPI,56000,-0.35587189,31.65755920,-1.58172232,24.04371585,2.37659963,57.15846995,-17.88856305,9.98178506,35.23861566,905572247.50000000,955561500.00000000,False
419530,SAMG엔터,KOSDAQ,17990,0.05561735,46.95810565,3.33141872,66.01092896,-3.89957265,24.37158470,-26.86991870,4.95446266,35.23861566,793662882.50000000,345084180.00000000,False
037950,엘컴텍,KOSDAQ,2790,-3.46020761,3.78870674,2.95202952,64.40801457,-3.29289428,26.84881603,-6.06060606,23.89799636,35.22040073,64286778.80000000,20359470.00000000,False
025950,동신건설,KOSDAQ,10020,-0.69375619,24.04371585,0.20000000,43.71584699,0.20000000,47.61384335,-33.81770145,3.24225865,35.21311475,160546400.75000000,106614105.00000000,False
0054V0,엔에이치스팩32호,KOSDAQ,2000,0.00000000,42.80510018,-1.23456790,26.12021858,-0.49751244,40.43715847,-1.47783251,34.60837887,35.21311475,16143503.05000000,30378246.00000000,False
023910,대한약품,KOSDAQ,26150,0.19157088,49.61748634,0.00000000,39.78142077,-4.03669725,23.60655738,0.77071291,44.33515483,35.20582878,104303258.75000000,58429750.00000000,False
065950,웰크론,KOSDAQ,1137,0.61946903,58.65209472,-3.23404255,14.06193078,-2.40343348,30.96539162,8.80382775,63.64298725,35.19854281,46694627.55000000,53074883.00000000,False
061040,알에프텍,KOSDAQ,7420,2.20385675,78.21493625,-4.25806452,9.98178506,0.54200542,49.98178506,-7.13391740,21.78506375,35.16575592,29292378.25000000,33516840.00000000,False
053690,한미글로벌,KOSPI,20850,0.24038462,51.14754098,-3.02325581,14.89981785,-3.91705069,24.22586521,19.69001148,79.30783242,35.13661202,5198521218.75000000,1235220550.00000000,False
053270,구영테크,KOSDAQ,1952,-0.05120328,38.79781421,-0.66157761,31.03825137,-3.60493827,25.57377049,6.26020686,58.36065574,35.09289617,59689472.80000000,8080836.00000000,False
049720,고려신용정보,KOSDAQ,9080,-0.76502732,22.62295082,-0.65645514,31.11111111,0.00000000,44.91803279,-4.32033720,27.61384335,35.08561020,158565635.00000000,183630215.00000000,False
100700,세운메디칼,KOSDAQ,2320,0.21598272,50.41894353,0.00000000,39.78142077,-4.52674897,21.71220401,1.53172867,46.99453552,35.06010929,165727397.05000001,101256300.00000000,False
225530,HC보광산업,KOSDAQ,2120,-0.70257611,23.97085610,0.00000000,39.78142077,0.23640662,48.01457195,-22.05882353,7.50455373,35.03825137,18416761.45000000,29224010.00000000,False
214390,경보제약,KOSPI,5400,-1.09890110,17.35883424,-2.17391304,20.03642987,-0.36900369,41.42076503,4.04624277,53.58834244,35.03278689,94736822.25000000,165792200.00000000,False
023800,인지컨트롤스,KOSPI,5070,0.39603960,54.02550091,1.60320641,56.28415301,-4.33962264,22.47723133,-9.30232558,18.68852459,35.01639344,117059963.75000000,147042720.00000000,False
304840,피플바이오,KOSDAQ,561,0.00000000,42.80510018,0.00000000,39.78142077,0.00000000,44.91803279,-29.69924812,4.08014572,34.99817851,0.00000000,0.00000000,False
065150,대산FB,KOSDAQ,1256,6.44067797,94.28051002,4.66666667,72.20400729,-9.77011494,9.14389800,-56.61485320,1.09289617,34.96539162,107174115.65000001,1518266540.00000000,False
036190,금화피에스시,KOSDAQ,33550,-3.86819484,3.06010929,-1.03244838,27.57741348,-0.73964497,39.19854281,4.03100775,53.51548270,34.96174863,126288583.75000000,180684500.00000000,False
200130,콜마비앤에이치,KOSDAQ,8090,0.62189055,58.79781421,3.05732484,64.91803279,-8.06818182,12.31329690,-6.47398844,23.13296903,34.90710383,492278001.25000000,181146160.00000000,False
053980,오상자이엘,KOSDAQ,2430,-0.61349693,26.01092896,1.46137787,55.26411658,-3.18725100,27.21311475,-6.17760618,23.86156648,34.83788707,89020959.65000001,77355179.00000000,False
308080,바이젠셀,KOSDAQ,5880,0.51282051,56.99453552,-0.33898305,34.28051002,-6.07028754,17.37704918,6.71506352,59.38069217,34.81056466,733485763.75000000,383658105.00000000,False
002795,아모레퍼시픽홀딩스우,KOSPI,11040,0.18148820,49.21675774,-3.07287094,14.64480874,-1.16383169,37.15846995,3.85700847,53.11475410,34.80145719,70359446.25000000,31767080.00000000,False
039420,케이엘넷,KOSDAQ,2675,0.00000000,42.80510018,-0.74211503,30.10928962,-2.55009107,30.20036430,1.51802657,46.95810565,34.78506375,37477284.75000000,21371151.00000000,False
003460,유화증권,KOSPI,2995,0.16722408,48.96174863,-0.16666667,36.28415301,-1.64203612,34.68123862,-5.22151899,25.57377049,34.76867031,80188580.09999999,43435735.00000000,False
466410,사이냅소프트,KOSDAQ,8740,-1.35440181,14.13479053,-1.79775281,22.84153005,-1.35440181,36.10200364,7.10784314,60.29143898,34.76502732,33341160.25000000,43004030.00000000,False
075580,세진중공업,KOSPI,10030,0.19980020,49.76320583,0.40040040,45.86520947,-1.57016683,35.11839709,-18.52152721,9.65391621,34.71402550,1031712178.50000000,1247571640.00000000,False
006220,제주은행,KOSPI,9690,0.20682523,50.05464481,-0.41109969,33.69763206,-3.77358491,24.99089253,1.89274448,47.94171220,34.69945355,1777390519.00000000,1136869675.00000000,False
482690,대신밸런스제19호스팩,KOSDAQ,2065,-0.72115385,23.57012750,-0.95923261,28.26958106,-0.72115385,39.23497268,0.00000000,40.80145719,34.69216758,37605242.90000000,23413994.00000000,False
290740,액트로,KOSDAQ,11330,0.35429584,53.55191257,-4.22654269,10.09107468,-4.78991597,20.94717668,36.34175692,89.47176685,34.65573770,829609259.00000000,299657620.00000000,False
011370,서한,KOSDAQ,3760,-0.52910053,27.57741348,0.80428954,50.38251366,-1.95567145,33.36976321,-10.47619048,17.15846995,34.65209472,69291536.50000000,49276029.00000000,False
357880,SKAI,KOSDAQ,1781,2.65129683,81.71220401,-5.86680761,6.77595628,2.94797688,58.50637523,-26.85831622,4.99089253,34.60473588,1296050762.79999995,1803818706.00000000,False
012280,영화금속,KOSPI,3680,2.36439499,79.63570128,3.08123249,65.10018215,-8.11485643,12.16757741,-16.17312073,11.07468124,34.57559199,63890412.30000000,97098365.00000000,False
065420,에스아이리소스,KOSDAQ,940,0.00000000,42.80510018,0.00000000,39.78142077,0.00000000,44.91803279,-47.19101124,1.85792350,34.55373406,0.00000000,0.00000000,False
185750,종근당,KOSPI,65600,0.45941807,55.33697632,0.61349693,48.34244080,-3.81231672,24.73588342,-6.55270655,23.02367942,34.53551913,1086705502.50000000,608608950.00000000,False
067900,와이엔텍,KOSDAQ,5910,0.00000000,42.80510018,0.33955857,45.19125683,-2.63591433,29.83606557,-6.19047619,23.78870674,34.53005464,101022638.00000000,91106680.00000000,False
035890,서희건설,KOSDAQ,2220,-0.44843049,29.36247723,-0.89285714,28.96174863,-1.98675497,33.18761384,1.83486239,47.85063752,34.46994536,556895688.25000000,322790125.00000000,False
049520,유아이엘,KOSDAQ,3715,-1.06524634,17.81420765,-0.53547523,32.34972678,-3.00261097,28.41530055,6.14285714,57.95992714,34.44444444,151727209.19999999,115858595.00000000,False
034220,LG디스플레이,KOSPI,8630,0.70011669,60.14571949,2.25118483,60.47358834,-4.53539823,21.60291439,-20.68014706,8.19672131,34.43715847,24939414851.50000000,20854744555.00000000,False
006980,우성,KOSPI,16440,-2.14285714,7.94171220,-6.37813212,6.01092896,3.85344283,61.60291439,-1.08303249,35.77413479,34.39344262,198190017.75000000,42418040.00000000,False
101930,인화정공,KOSDAQ,6340,-1.09204368,17.46812386,0.31645570,44.95446266,-0.93750000,38.25136612,-8.90804598,19.27140255,34.38797814,138755848.75000000,392561655.00000000,False
353590,오토앤,KOSDAQ,1545,-2.15326156,7.86885246,4.74576271,72.38615665,-9.01060071,10.60109290,-0.32258065,38.06921676,34.35701275,14168177.45000000,28267196.00000000,False
238490,힘스,KOSDAQ,2345,-0.21276596,34.86338798,2.17864924,59.92714026,-7.12871287,14.75409836,-1.47058824,34.68123862,34.30236794,36790420.55000000,18489314.00000000,False
089470,HDC현대EP,KOSPI,3835,1.18733509,67.65027322,-0.51880674,32.49544627,-3.15656566,27.46812386,-1.66666667,33.98907104,34.29872495,147221896.84999999,126021880.00000000,False
048830,엔피케이,KOSDAQ,1022,-4.84171322,1.93078324,-3.12796209,14.38979964,-0.68027211,39.45355191,12.55506608,69.98178506,34.28779599,100132738.84999999,111044814.00000000,False
238090,앤디포스,KOSDAQ,1785,0.73363431,61.02003643,-5.75501584,6.95810565,4.63071512,63.09653916,-29.44664032,4.22586521,34.27322404,49680091.25000000,45328459.00000000,False
305090,마이크로디지탈,KOSDAQ,538,0.00000000,42.80510018,0.00000000,39.78142077,0.00000000,44.91803279,-74.91841492,0.43715847,34.26958106,0.00000000,0.00000000,False
950220,네오이뮨텍,KOSDAQ,1958,-1.65745856,11.12932605,0.15345269,43.27868852,-18.07531381,3.75227687,48.33333333,93.22404372,34.24225865,967172079.95000005,404622132.00000000,False
007590,동방아그로,KOSPI,5540,-0.71684588,23.64298725,-0.53859964,32.31329690,-0.89445438,38.61566485,-1.77304965,33.58834244,34.22222222,13556228.50000000,35474280.00000000,False
019180,티에이치엔,KOSPI,5070,-0.58823529,26.57559199,1.50150150,55.51912568,-2.31213873,31.40255009,-15.35893155,11.73041894,34.22040073,309589244.75000000,249131720.00000000,False
002220,한일철강,KOSPI,2840,0.88809947,63.09653916,0.53097345,47.21311475,-2.23752151,31.98542805,-27.55102041,4.69945355,34.20765027,350140816.60000002,194197065.00000000,False
059100,아이컴포넌트,KOSDAQ,6690,-0.74183976,23.20582878,-3.60230548,12.89617486,-4.01721664,23.75227687,46.06986900,92.53187614,34.19672131,169669390.75000000,270530540.00000000,False
021320,KCC건설,KOSDAQ,5690,-0.17543860,36.10200364,-6.41447368,5.90163934,1.06571936,52.45901639,-0.17543860,38.72495446,34.10928962,137723208.50000000,40901570.00000000,False
298050,HS효성첨단소재,KOSPI,164800,0.98039216,64.44444444,-0.66305003,31.00182149,-5.98973189,17.55919854,5.37084399,56.35701275,34.04007286,1289718707.50000000,849301300.00000000,False
162300,신스틸,KOSDAQ,2060,-0.72289157,23.53369763,-5.06912442,8.01457195,-2.13776722,32.53187614,22.61904762,81.12932605,33.99635701,14051554583.39999962,830905966.00000000,False
095570,AJ네트웍스,KOSPI,4250,-0.70093458,24.00728597,-1.73410405,23.24225865,0.00000000,44.91803279,-1.96078431,33.11475410,33.96357013,296131309.05000001,296768954.00000000,False
0105P0,유진스팩12호,KOSDAQ,1979,-0.85170341,21.16575592,-0.35246727,34.13479053,-1.29675810,36.42987250,-1.29675810,35.04553734,33.93806922,14566836.90000000,6617811.00000000,False
014440,영보화학,KOSPI,4670,-1.37275607,13.95264117,-0.42643923,33.47905282,-2.60688217,29.98178506,3.66259711,52.49544627,33.93078324,46772044.30000000,20062865.00000000,False
053060,세동,KOSDAQ,1230,0.49019608,56.30236794,0.08136697,42.44080146,-1.91387560,33.55191257,-17.17171717,10.45537341,33.87431694,33243059.05000000,22339285.00000000,False
145990,삼양사,KOSPI,45800,-0.97297297,19.08925319,0.77007701,49.98178506,-3.37552743,26.48451730,-2.34541578,31.80327869,33.85792350,444099020.00000000,306808700.00000000,False
377740,바이오노트,KOSPI,4665,-0.63897764,25.31876138,0.00000000,39.78142077,-2.81250000,28.92531876,-0.10706638,38.94353370,33.82513661,177249120.90000001,228211930.00000000,False
0082N0,카나프테라퓨틱스,KOSDAQ,13000,0.23130301,50.78324226,6.12244898,77.19489982,-19.55445545,3.27868852,-7.53911807,21.20218579,33.78870674,890481668.25000000,1080733330.00000000,False
003070,코오롱글로벌,KOSPI,9190,0.54704595,57.41347905,-0.10869565,36.79417122,-2.64830508,29.69034608,-5.15995872,25.64663024,33.78506375,81504734.25000000,52095900.00000000,False
002025,코오롱우,KOSPI,13210,1.45929339,70.92896175,-0.30188679,34.60837887,-0.67669173,39.48998179,-41.67770419,2.55009107,33.78142077,15854420.25000000,12779970.00000000,False
237750,피앤씨테크,KOSDAQ,3415,-1.15774240,16.68488160,1.63690476,56.64845173,-2.42857143,30.81967213,-12.77139208,13.91621129,33.77413479,19465697.25000000,28971025.00000000,False
016090,대현,KOSPI,1410,0.00000000,42.80510018,0.00000000,39.78142077,-2.21914008,32.14936248,-6.43662906,23.24225865,33.72313297,52589963.60000000,57009501.00000000,False
016450,한세예스24홀딩스,KOSPI,4305,-0.57736721,26.95810565,0.58411215,47.86885246,-4.12026726,23.06010929,-0.69204152,37.08561020,33.69763206,44921129.05000000,36616524.00000000,False
122870,와이지엔터테인먼트,KOSDAQ,40950,0.61425061,58.50637523,-4.09836066,10.63752277,0.73800738,50.89253188,-7.35294118,21.38433515,33.67577413,4771884973.75000000,3030900450.00000000,False
109610,에스와이,KOSDAQ,1884,0.05310674,46.92167577,-0.78988942,29.69034608,0.15948963,47.46812386,-26.40625000,5.31876138,33.65027322,172361660.59999999,126279673.00000000,False
030610,교보증권,KOSPI,9920,-0.50150451,28.34244080,-0.70070070,30.52823315,-1.29353234,36.46630237,-1.29353234,35.08196721,33.59562842,352423168.25000000,136078270.00000000,False
900140,엘브이엠씨홀딩스,KOSPI,1189,0.16849200,48.99817851,-1.40961857,25.17304189,-0.66833751,39.63570128,-4.88000000,26.26593807,33.55919854,459048287.19999999,452009281.00000000,False
290120,DH오토리드,KOSDAQ,2200,1.85185185,74.99089253,-0.67720090,30.81967213,-2.22222222,32.09471767,-8.52390852,19.81785064,33.54644809,71305513.50000000,50359495.00000000,False
256630,포인트엔지니어링,KOSDAQ,4295,-3.15670800,4.48087432,-1.03686636,27.54098361,-0.92272203,38.32422587,1.65680473,47.28597450,33.49726776,9511243.80000000,16195720.00000000,False
001515,SK증권우,KOSPI,4020,0.24937656,51.69398907,0.62578223,48.45173042,-4.28571429,22.60473588,-6.29370629,23.60655738,33.46812386,21625798.25000000,10851325.00000000,False
138040,메리츠금융지주,KOSPI,129500,0.54347826,57.37704918,-2.26415094,19.47176685,-5.40540541,19.08925319,13.19930070,71.11111111,33.43715847,24643722035.00000000,16231123850.00000000,False
003220,대원제약,KOSPI,7860,-0.38022814,30.89253188,-0.63211125,31.40255009,-1.62703379,34.82695811,-1.38017566,34.93624772,33.42805100,186170524.00000000,172002570.00000000,False
004370,농심,KOSPI,396500,-1.36815920,14.02550091,0.50697085,46.81238616,-7.89779326,12.85974499,8.92857143,64.15300546,33.42076503,9405367544.50000000,5427229500.00000000,False
090850,현대이지웰,KOSDAQ,4895,-0.50813008,28.05100182,-2.00200200,21.20218579,1.03199174,52.24043716,-11.00000000,16.22950820,33.30783242,155131564.25000000,153167732.00000000,False
205100,엑셈,KOSDAQ,1370,-5.51724138,1.42076503,-2.90574061,15.44626594,4.42073171,62.65938069,-10.28159790,17.30418944,33.30054645,707510523.20000005,1049183455.00000000,False
017000,신원종합개발,KOSDAQ,2330,0.21505376,50.38251366,0.43103448,46.04735883,-3.31950207,26.66666667,-9.16179337,18.87067395,33.29326047,57391166.00000000,58871952.00000000,False
012320,경동인베스트,KOSPI,44250,1.84119678,74.71766849,0.22650057,43.86156648,-5.54962647,18.65209472,-5.14469453,25.68306011,33.22768670,368334666.25000000,200005350.00000000,False
300080,플리토,KOSDAQ,8470,-6.82068207,0.87431694,-2.86697248,15.81056466,-2.64367816,29.76320583,24.01171303,82.44080146,33.22404372,678150866.00000000,951723045.00000000,False
039130,하나투어,KOSPI,30550,1.49501661,71.58469945,0.65897858,48.74316940,-5.85516179,17.88706740,-7.56429652,21.16575592,33.16939891,920997227.50000000,804737900.00000000,False
000225,유유제약1우,KOSPI,3625,0.00000000,42.80510018,-0.54869684,32.13114754,-2.02702703,33.04189435,-3.20427236,29.83606557,33.10382514,31713232.25000000,15519300.00000000,False
03481K,해성산업1우,KOSDAQ,5880,-0.33898305,31.94899818,0.00000000,39.78142077,-2.97029703,28.45173042,-2.00000000,32.93260474,33.09653916,2469508.25000000,1814930.00000000,False
088980,맥쿼리인프라,KOSPI,9780,-0.40733198,30.20036430,-0.60975610,31.65755920,-1.31180626,36.39344262,-3.07234886,30.05464481,33.08561020,6694121456.50000000,6559352795.00000000,False
950170,JTC,KOSDAQ,4240,0.11806375,47.75956284,0.95238095,51.40255009,-3.63636364,25.33697632,-13.11475410,13.66120219,33.06375228,36292504.15000000,18885159.00000000,False
317240,TS트릴리온,KOSDAQ,988,-1.20000000,16.12021858,-0.30272452,34.57194900,-10.42611061,8.26958106,34.97267760,88.85245902,33.06193078,80147752.30000000,84549590.00000000,False
005440,현대지에프홀딩스,KOSPI,12460,-1.81245075,9.90892532,-2.58014073,17.59562842,3.83333333,61.45719490,-16.26344086,11.00182149,33.05282332,4342948581.25000000,4394979610.00000000,False
440290,HB인베스트먼트,KOSDAQ,1713,-0.58038305,26.84881603,-1.03986135,27.46812386,-2.05831904,32.93260474,0.82401413,44.44444444,32.98724954,46837182.25000000,47393339.00000000,False
101400,엔시트론,KOSDAQ,1669,2.14198286,77.59562842,1.52068127,55.73770492,-9.78378378,9.07103825,-5.75945793,24.37158470,32.98360656,300334546.64999998,50679407.00000000,False
298380,에이비엘바이오,KOSDAQ,53000,2.31660232,79.19854281,6.53266332,78.50637523,-21.59763314,2.65938069,-43.55697551,2.18579235,32.97267760,20713071543.75000000,16333876750.00000000,False
054930,유신,KOSDAQ,17950,1.06981982,65.71948998,-1.10192837,26.99453552,-4.01069519,23.82513661,0.56022409,43.82513661,32.96539162,343356136.00000000,98574120.00000000,False
004970,신라교역,KOSPI,9000,-0.66225166,24.88160291,-0.11098779,36.75774135,-2.06746464,32.85974499,-2.49187432,31.40255009,32.93989071,96539818.25000000,71174180.00000000,False
009680,모토닉,KOSPI,10070,0.19900498,49.72677596,-0.69033531,30.67395264,-3.17307692,27.32240437,-0.09920635,39.01639344,32.90710383,124912020.75000000,141331410.00000000,False
005385,현대차우,KOSPI,179000,2.05245154,76.68488160,0.00000000,39.78142077,-3.13852814,27.61384335,-16.15925059,11.14754098,32.87795993,10213090849.70000076,10398081700.00000000,False
012450,한화에어로스페이스,KOSPI,1036000,-3.08699719,4.62659381,0.19342360,43.64298725,-1.05062082,37.77777778,-7.66488414,21.02003643,32.87067395,135057402020.89999390,142373514500.00000000,False
088260,이리츠코크렙,KOSPI,3225,-0.92165899,19.78142077,-2.12443096,20.43715847,0.78125000,51.14754098,-7.32758621,21.45719490,32.85974499,182989576.90000001,440549190.00000000,False
000540,흥국화재,KOSPI,3505,2.03784571,76.57559199,-0.42613636,33.51548270,-11.48989899,7.14025501,7.68049155,61.31147541,32.83060109,212370596.09999999,64753720.00000000,False
254120,자비스,KOSDAQ,910,0.00000000,42.80510018,0.00000000,39.78142077,-13.98865784,5.39162113,13.75000000,72.05828780,32.78324226,36991247.10000000,0.00000000,False
054040,한국컴퓨터,KOSDAQ,4425,-0.11286682,37.95992714,-0.33783784,34.35336976,-1.11731844,37.37704918,-9.32377049,18.65209472,32.78324226,87457090.95000000,76309385.00000000,False
079900,전진건설로봇,KOSPI,40150,-0.98643650,18.94353370,-0.74165637,30.16393443,-3.83233533,24.66302368,6.92410120,59.85428051,32.77959927,3309804125.00000000,1326535325.00000000,False
032800,판타지오,KOSDAQ,1494,0.53835801,57.26775956,-3.67504836,12.34972678,0.47074647,49.25318761,-10.00000000,17.66848816,32.66666667,23056489.55000000,12291033.00000000,False
395400,SK리츠,KOSPI,5290,-0.18867925,35.62841530,-0.18867925,35.99271403,-1.12149533,37.30418944,-10.64189189,16.90346084,32.66302368,1084022497.75000000,805454235.00000000,False
001420,태원물산,KOSPI,2895,-0.17241379,36.21129326,-3.66056572,12.45901639,0.52083333,49.83606557,-4.76973684,26.77595628,32.64845173,93912569.00000000,141395875.00000000,False
001620,케이비아이동국실업,KOSPI,2180,-0.68337130,24.38979964,-0.22883295,35.40983607,-1.58013544,35.08196721,-4.59518600,27.14025501,32.52276867,29024986.90000000,20446295.00000000,False
053210,스카이라이프,KOSPI,4000,-0.12484395,37.48633880,0.00000000,39.78142077,-2.67639903,29.50819672,-5.43735225,25.13661202,32.51366120,102792657.15000001,67428545.00000000,False
065680,우주일렉트로,KOSDAQ,24750,-1.78571429,10.14571949,-5.35372849,7.35883424,5.09554140,63.97085610,-9.50639854,18.39708561,32.48998179,514021003.75000000,144701400.00000000,False
418620,E8,KOSDAQ,450,4.65116279,90.23679417,-30.01555210,0.51001821,2.27272727,56.93989071,-41.78525226,2.51366120,32.45537341,1266908117.09999990,789166325.00000000,False
093320,케이아이엔엑스,KOSDAQ,130900,3.88888889,88.08743169,-4.24286759,10.01821494,-3.60824742,25.50091075,3.39652449,51.94899818,32.40437158,1492814805.00000000,945577850.00000000,False
081660,미스토홀딩스,KOSPI,39000,-0.12804097,37.37704918,2.09424084,59.34426230,-4.64547677,21.34790528,-15.58441558,11.58469945,32.39708561,4751146775.00000000,2601806525.00000000,False
049550,잉크테크,KOSDAQ,3400,-0.58479532,26.70309654,-3.95480226,11.12932605,-2.15827338,32.34972678,10.56910569,67.10382514,32.36976321,20098368.50000000,37665590.00000000,False
011760,현대코퍼레이션,KOSPI,24900,-0.40000000,30.38251366,-1.58102767,24.08014572,-3.67504836,25.20947177,6.86695279,59.81785064,32.30965392,761833537.50000000,715403825.00000000,False
001720,신영증권,KOSPI,141300,1.36298422,69.83606557,0.78459344,50.09107468,-5.48494983,18.83424408,-12.99261084,13.73406193,32.29143898,1207625282.50000000,2355517250.00000000,False
001750,한양증권,KOSPI,19190,0.00000000,42.80510018,-0.56994819,31.94899818,-1.53925090,35.30054645,-7.51807229,21.23861566,32.23315118,130869733.50000000,181231960.00000000,False
104700,한국철강,KOSPI,9420,0.31948882,52.76867031,-0.63291139,31.36612022,-5.23138833,19.74499089,1.94805195,48.05100182,32.19489982,229888960.25000000,124864190.00000000,False
318000,KBG,KOSDAQ,2765,0.00000000,42.80510018,-0.18050542,36.24772313,-2.12389381,32.60473588,-8.44370861,19.92714026,32.18214936,19276362.85000000,8887080.00000000,False
011780,금호석유화학,KOSPI,118200,0.59574468,58.25136612,0.59574468,48.01457195,-11.19459053,7.28597450,1.02564103,45.13661202,32.17122040,8306291872.50000000,5350473550.00000000,False
097950,CJ제일제당,KOSPI,179600,0.00000000,42.80510018,0.44742729,46.19307832,-3.38891877,26.44808743,-10.42394015,17.19489982,32.15664845,8382070885.00000000,5325487800.00000000,False
035000,HS애드,KOSPI,6180,0.48780488,56.19307832,0.48780488,46.55737705,-4.77657935,20.98360656,-7.76119403,20.80145719,32.14025501,1099157800.25000000,3524264285.00000000,False
033200,모아텍,KOSDAQ,2445,1.45228216,70.74681239,-2.20000000,19.81785064,-1.21212121,36.93989071,-7.21062619,21.63934426,32.12386157,17504502.75000000,8488820.00000000,False
039840,디오,KOSDAQ,10040,-0.49554014,28.52459016,6.46871686,78.14207650,-8.81017257,10.89253188,-22.17054264,7.35883424,32.12386157,601064482.75000000,566777475.00000000,False
023600,삼보판지,KOSDAQ,9030,-1.20350109,15.95628415,-0.87815587,29.07103825,-3.21543408,27.14025501,4.51388889,54.57194900,32.08743169,77891928.00000000,22055150.00000000,False
005740,크라운해태홀딩스,KOSPI,5270,0.38095238,53.80692168,0.95785441,51.43897996,-6.56028369,15.95628415,-5.72450805,24.44444444,32.08378871,125757218.75000000,17015630.00000000,False
216080,제테마,KOSDAQ,6120,1.49253731,71.47540984,-12.44635193,2.18579235,-4.67289720,21.31147541,19.06614786,78.76138434,32.08014572,1415515227.75000000,312835025.00000000,False
044780,에이치케이,KOSDAQ,1341,1.05501130,65.39162113,-2.47272727,18.25136612,-4.14581844,22.91438980,4.35797665,54.28051002,32.03642987,56542690.60000000,15480540.00000000,False
033500,동성화인텍,KOSDAQ,16230,-0.91575092,19.92714026,1.43750000,55.08196721,-4.69759248,21.20218579,-5.36443149,25.17304189,32.03278689,1258011356.50000000,1060310305.00000000,False
137950,제이씨케미칼,KOSDAQ,3585,0.13966480,47.99635701,-4.78087649,8.59744991,-6.15183246,17.01275046,35.53875236,89.14389800,32.01275046,271415013.39999998,177730240.00000000,False
063170,서울옥션,KOSDAQ,5620,0.17825312,49.18032787,-2.09059233,20.69216758,-7.56578947,13.58834244,17.69633508,77.01275046,31.96357013,138092981.75000000,82487305.00000000,False
073560,우리손에프앤지,KOSDAQ,1508,-0.39630119,30.52823315,-1.04986877,27.39526412,-1.43790850,35.73770492,-2.33160622,31.87613843,31.94171220,84462313.15000001,54772366.00000000,False
095910,에스에너지,KOSDAQ,583,0.00000000,42.80510018,2.64084507,62.58652095,-5.20325203,19.89071038,-28.02469136,4.55373406,31.92349727,98451074.15000001,0.00000000,False
087600,픽셀플러스,KOSDAQ,3885,-0.12853470,37.34061931,-2.26415094,19.47176685,-0.76628352,39.01639344,-1.76991150,33.62477231,31.90710383,13406111.00000000,23312185.00000000,False
007770,한일화학,KOSDAQ,7880,-0.37926675,31.00182149,-4.13625304,10.49180328,-3.78510379,24.88160291,18.85369532,78.50637523,31.90163934,19931245.00000000,8655200.00000000,False
079170,한창산업,KOSDAQ,5540,-0.18018018,35.88342441,-4.15224913,10.38251366,-3.98613518,23.89799636,18.50267380,78.10564663,31.88342441,45955173.25000000,11415150.00000000,False
032080,아즈텍WB,KOSDAQ,1010,0.00000000,42.80510018,0.00000000,39.78142077,-3.90104662,24.33515483,-3.25670498,29.65391621,31.87978142,3769365.05000000,0.00000000,False
003830,대한화섬,KOSPI,109000,-0.36563071,31.29326047,-0.90909091,28.77959927,-3.88007055,24.44444444,3.12204352,51.36612022,31.81420765,16460782.50000000,7227300.00000000,False
003610,방림,KOSPI,5490,-0.18181818,35.81056466,-3.68421053,12.24043716,-1.61290323,34.86338798,3.78071834,53.00546448,31.79963570,381006652.25000000,422765870.00000000,False
041440,현대에버다임,KOSDAQ,6560,-0.90634441,20.14571949,-1.50150150,24.55373406,-0.15220700,42.55009107,-4.65116279,26.84881603,31.77049180,392446141.25000000,456625355.00000000,False
138070,신진에스엠,KOSDAQ,1452,-2.02429150,8.52459016,-1.35869565,25.53734062,-5.09803922,20.21857923,16.34615385,75.77413479,31.75591985,14311880.15000000,27008124.00000000,False
079960,동양이엔피,KOSDAQ,17130,0.35149385,53.40619308,1.42095915,54.97267760,-5.35911602,19.30783242,-16.43902439,10.92896175,31.74134791,394336623.00000000,218949730.00000000,False
389020,자람테크놀로지,KOSDAQ,17200,0.11641444,47.72313297,7.16510903,79.70856102,-17.30769231,4.02550091,-23.38530067,6.84881603,31.66484517,1903618780.50000000,1461954190.00000000,False
051980,중앙첨단소재,KOSDAQ,9990,-2.25048924,7.65027322,-3.47826087,13.27868852,-2.05882353,32.89617486,11.74496644,68.70673953,31.64845173,1135022989.29999995,1272755045.00000000,False
005387,현대차2우B,KOSPI,179400,2.04778157,76.61202186,-0.38867296,33.91621129,-2.81690141,28.74316940,-15.77464789,11.36612022,31.60655738,19334369661.25000000,16718318700.00000000,False
119500,포메탈,KOSDAQ,2370,-0.21052632,34.93624772,-0.21052632,35.55555556,-2.46913580,30.60109290,-5.01002004,25.90163934,31.58105647,92259499.40000001,57093961.00000000,False
005990,매일홀딩스,KOSDAQ,10490,2.34146341,79.38069217,-2.69016698,16.79417122,-4.46265938,21.96721311,2.24171540,49.07103825,31.57741348,33109951.75000000,53030530.00000000,False
000050,경방,KOSPI,7950,-0.12562814,37.41347905,-0.25094103,34.89981785,-2.69277846,29.47176685,-4.21686747,27.83242259,31.56648452,152105271.25000000,186074000.00000000,False
237880,클리오,KOSDAQ,11990,-0.58043118,26.81238616,-1.23558484,26.08378871,-4.15667466,22.84153005,6.76758682,59.59927140,31.56284153,681723274.25000000,743918545.00000000,False
029480,광무,KOSDAQ,1390,-0.57224607,27.10382514,-1.76678445,23.00546448,-0.64331665,39.78142077,-3.13588850,29.90892532,31.50637523,116074413.09999999,211094961.00000000,False
214420,토니모리,KOSPI,5060,-0.39370079,30.63752277,0.99800399,52.02185792,-4.52830189,21.63934426,-7.83242259,20.58287796,31.44262295,244399920.59999999,140985695.00000000,False
222110,팬젠,KOSDAQ,4775,-1.54639175,12.24043716,-0.41710115,33.62477231,-3.92354125,24.18943534,3.57917570,52.27686703,31.44262295,28698889.50000000,5781020.00000000,False
026890,스틱인베스트먼트,KOSPI,7870,-0.63131313,25.57377049,-0.88161209,29.03460838,-5.52220888,18.72495446,8.70165746,63.31511840,31.42076503,289987319.75000000,521941940.00000000,False
001130,대한제분,KOSPI,11050,-0.36068530,31.58469945,0.72926162,49.54462659,-6.19694397,16.72131148,-1.77777778,33.55191257,31.42076503,139188867.00000000,37255410.00000000,False
003960,사조대림,KOSPI,27400,1.10701107,66.19307832,1.66975881,56.90346084,-9.57095710,9.47176685,-8.81863561,19.41712204,31.36247723,79125501.25000000,54975800.00000000,False
085810,알티캐스트,KOSDAQ,1405,1.07913669,65.82877960,1.51734104,55.66484517,-8.04973822,12.38615665,-11.69076053,15.51912568,31.34061931,30063593.50000000,13339875.00000000,False
37550L,DL이앤씨2우전환,KOSPI,47150,-0.73684211,23.31511840,-9.15221580,3.35154827,-0.84121977,38.83424408,8.01832761,62.18579235,31.30783242,291191405.00000000,21654000.00000000,False
017810,풀무원,KOSPI,8830,0.91428571,63.49726776,0.79908676,50.34608379,-8.02083333,12.56830601,-5.86353945,24.08014572,31.29690346,199976972.75000000,118904260.00000000,False
186230,그린플러스,KOSDAQ,3250,-1.21580547,15.81056466,1.56250000,56.06557377,-7.80141844,13.07832423,-0.30674847,38.14207650,31.26047359,49312649.60000000,34299336.00000000,False
032190,다우데이타,KOSDAQ,19260,1.85087255,74.93624772,-2.62891810,17.12204007,-5.35626536,19.34426230,4.44685466,54.42622951,31.25318761,1035083949.00000000,1497068010.00000000,False
046440,KG파이낸셜,KOSDAQ,4040,-0.73710074,23.27868852,-0.61500615,31.58469945,-3.34928230,26.55737705,0.62266501,44.08014572,31.24225865,172215441.00000000,309216520.00000000,False
032640,LG유플러스,KOSPI,14560,-0.06863418,38.65209472,-1.48849797,24.66302368,-1.68804862,34.53551913,-2.86857905,30.52823315,31.18397086,12770669319.60000038,8166343995.00000000,False
123410,코리아에프티,KOSDAQ,5830,-2.50836120,6.70309654,-4.11184211,10.60109290,-0.17123288,42.47723133,3.18584071,51.62112933,31.16575592,334360164.25000000,355622350.00000000,False
473980,노머스,KOSDAQ,10330,0.09689922,47.39526412,0.97751711,51.65755920,-7.27109515,14.28051002,-4.96780129,25.97449909,31.14389800,309311047.50000000,113313630.00000000,False
138930,BNK금융지주,KOSPI,15970,-0.31210986,32.53187614,-3.03582271,14.82695811,0.94816688,51.83970856,-13.53546291,13.40619308,31.11839709,16109250403.75000000,10186794325.00000000,False
000105,유한양행우,KOSPI,64800,0.46511628,55.51912568,-1.81818182,22.56830601,-7.16332378,14.60837887,9.09090909,64.66302368,31.09836066,31581785.00000000,36263400.00000000,False
001790,대한제당,KOSPI,2780,-1.24333925,15.37340619,-1.76678445,23.00546448,-3.47222222,26.01092896,7.54352031,61.23861566,31.09107468,366450125.05000001,202123377.00000000,False
33626L,두산퓨얼셀2우B,KOSPI,7460,-1.32275132,14.73588342,-3.24254215,13.95264117,0.67476383,50.60109290,-5.08905852,25.79234973,31.05828780,29440628.25000000,11942195.00000000,False
178780,일월지엠엘,KOSDAQ,2395,-3.03643725,4.69945355,-4.20000000,10.18214936,1.69851380,54.82695811,-4.20000000,27.94171220,31.04371585,50579742.85000000,23484105.00000000,False
010240,흥국,KOSDAQ,5220,-0.19120459,35.48269581,0.00000000,39.78142077,-3.15398887,27.50455373,-6.61896243,22.76867031,31.03825137,57603782.75000000,27777900.00000000,False
326030,SK바이오팜,KOSPI,77300,1.17801047,67.50455373,1.71052632,57.26775956,-10.53240741,8.16029144,-8.95170789,19.12568306,31.02003643,8621031832.50000000,7826047650.00000000,False
034950,한국기업평가,KOSDAQ,102400,-0.58252427,26.73952641,-1.06280193,27.17668488,-2.29007634,31.54826958,-0.38910506,37.81420765,31.00910747,73515120.00000000,104433000.00000000,False
154030,아시아종묘,KOSDAQ,1605,-0.31055901,32.64116576,0.12476606,42.87795993,-4.86069947,20.76502732,-2.01465201,32.85974499,31.00546448,25144417.70000000,42523150.00000000,False
363260,모비데이즈,KOSDAQ,4145,-1.89349112,9.36247723,1.59313725,56.21129326,-9.49781659,9.69034608,1.34474328,46.33879781,30.94353370,143114833.09999999,18929515.00000000,False
052600,한네트,KOSDAQ,2870,-0.34722222,31.78506375,0.00000000,39.78142077,-3.69127517,25.17304189,-3.69127517,28.77959927,30.93806922,24152744.95000000,15811675.00000000,False
224060,더코디,KOSDAQ,4000,-6.21336460,1.05646630,-25.78849722,0.69216758,9.28961749,72.89617486,-22.17898833,7.32240437,30.93624772,5237324410.80000019,959898470.00000000,False
006360,GS건설,KOSPI,33050,-0.30165913,32.82331512,-6.50636492,5.75591985,-1.63690476,34.75409836,6.95792880,59.89071038,30.88888889,56462039245.00000000,28817797675.00000000,False
001755,한양증권우,KOSPI,19280,-0.05184033,38.76138434,-1.02669405,27.65027322,-1.07747563,37.55919854,-9.48356808,18.43351548,30.88160291,46464250.00000000,3469580.00000000,False
003480,한진중공업홀딩스,KOSPI,4665,-1.16525424,16.61202186,-2.20125786,19.78142077,-0.74468085,39.08925319,-0.32051282,38.10564663,30.85245902,105695179.80000000,313923185.00000000,False
000725,현대건설우,KOSPI,51600,0.00000000,42.80510018,-4.08921933,10.67395264,-2.27272727,31.76684882,3.92749245,53.29690346,30.84881603,112206182.50000000,90825800.00000000,False
067370,선바이오,KOSDAQ,5540,-0.18018018,35.88342441,2.97397770,64.51730419,-9.03119869,10.52823315,-9.47712418,18.46994536,30.84881603,49094810.25000000,12068780.00000000,False
043910,자연과환경,KOSDAQ,3210,-0.31055901,32.64116576,0.31250000,44.84517304,-7.49279539,13.80692168,0.15600624,42.76867031,30.79417122,156773991.05000001,29207910.00000000,False
018250,애경산업,KOSPI,11170,-0.44563280,29.43533698,-0.08944544,36.90346084,-3.78983635,24.84517304,-1.58590308,34.13479053,30.77959927,214549557.25000000,147941740.00000000,False
003800,에이스침대,KOSDAQ,32100,-0.31055901,32.64116576,-1.38248848,25.35519126,-2.28310502,31.65755920,-0.92592593,36.21129326,30.77595628,49893848.75000000,54653950.00000000,False
196700,웹스,KOSDAQ,1260,2.02429150,76.35701275,-5.82959641,6.81238616,-8.56313498,11.29326047,24.50592885,82.84153005,30.76502732,45364570.40000000,40535345.00000000,False
024720,콜마홀딩스,KOSPI,9290,0.00000000,42.80510018,-0.64171123,31.22040073,-7.00700701,14.97267760,4.97175141,55.62841530,30.76138434,188303237.50000000,219858850.00000000,False
092230,KPX홀딩스,KOSPI,95200,-1.75438596,10.41894353,-1.75438596,23.09653916,-3.74115268,25.06375228,8.80000000,63.60655738,30.71766849,178349240.00000000,209145700.00000000,False
221980,케이디켐,KOSDAQ,9360,-5.45454545,1.45719490,-2.19435737,19.92714026,0.21413276,47.86885246,-4.58715596,27.17668488,30.70673953,7623135.00000000,33155660.00000000,False
005820,원림,KOSPI,14500,0.00000000,42.80510018,-1.42760027,25.10018215,-3.90987409,24.26229508,1.25698324,45.90163934,30.69581056,24712168.50000000,18700080.00000000,False
044820,코스맥스비티아이,KOSPI,24200,-3.20000000,4.40801457,-4.72440945,8.77959927,-3.00601202,28.37887067,22.59371834,81.09289617,30.64480874,650016032.50000000,759126950.00000000,False
020710,시공테크,KOSDAQ,3600,-0.68965517,24.22586521,-3.22580645,14.09836066,-0.96286107,38.17850638,0.41841004,43.53369763,30.63023679,1176162804.90000010,200841112.00000000,False
013580,계룡건설,KOSPI,21550,0.00000000,42.80510018,-4.22222222,10.12750455,-0.69124424,39.41712204,-0.46189376,37.59562842,30.60473588,1179239687.50000000,365413400.00000000,False
300720,한일시멘트,KOSPI,15990,-0.68322981,24.44444444,-1.78132678,22.91438980,-4.70798570,21.16575592,8.84955752,63.95264117,30.57559199,802615226.00000000,511334775.00000000,False
086900,메디톡스,KOSDAQ,67400,0.74738416,61.20218579,-0.73637703,30.23679417,-2.74170274,29.36247723,-9.77242303,17.99635701,30.53551913,1072995137.50000000,616926300.00000000,False
189980,흥국에프엔비,KOSDAQ,1151,-0.86132644,20.94717668,-1.45547945,24.77231330,-2.37489398,31.22040073,0.08695652,42.58652095,30.53187614,43162392.50000000,48087434.00000000,False
101140,인바이오젠,KOSPI,5200,-0.57361377,27.03096539,1.76125245,57.66848816,-5.62613430,18.39708561,-11.71477080,15.48269581,30.45901639,35388282.50000000,38330785.00000000,False
016880,웅진,KOSPI,1824,-0.76169750,22.76867031,1.33333333,54.51730419,-6.26927030,16.39344262,-4.90093848,26.22950820,30.43533698,176447921.44999999,86788134.00000000,False
027410,BGF,KOSPI,3725,0.00000000,42.80510018,-0.13404826,36.53916211,-3.49740933,25.90163934,-6.05296343,23.93442623,30.38979964,189770448.30000001,174719380.00000000,False
270870,뉴트리,KOSDAQ,3695,0.95628415,64.11657559,0.27137042,44.59016393,-4.52196382,21.78506375,-18.88035126,9.32604736,30.36794171,26374771.10000000,4087815.00000000,False
001040,CJ,KOSPI,129800,-0.91603053,19.89071038,-2.62565641,17.15846995,1.01167315,52.16757741,-15.49479167,11.69398907,30.34244080,13736795212.50000000,10301861350.00000000,False
137940,넥스트아이,KOSDAQ,1871,-0.69002123,24.15300546,1.74007613,57.52276867,-5.26582278,19.56284153,-12.57009346,14.20765027,30.33879781,34150863.05000000,67090673.00000000,False
014160,대영포장,KOSPI,655,0.00000000,42.80510018,0.00000000,39.78142077,-4.37956204,22.22222222,-4.93468795,26.12021858,30.32786885,40989087.30000000,0.00000000,False
234080,JW생명과학,KOSPI,11000,-0.63233966,25.48269581,-0.72202166,30.34608379,-1.78571429,34.02550091,-5.33562823,25.28233151,30.31876138,107584795.25000000,211903970.00000000,False
314140,알피바이오,KOSDAQ,5870,0.00000000,42.80510018,-2.16666667,20.10928962,-4.24143556,22.73224044,4.44839858,54.46265938,30.29872495,113046041.50000000,25913010.00000000,False
239610,에이치엘사이언스,KOSDAQ,5200,-0.19193858,35.44626594,-1.51515152,24.44444444,-2.25563910,31.87613843,-1.88679245,33.33333333,30.29508197,4897314.50000000,6835060.00000000,False
067160,SOOP,KOSDAQ,36800,1.37741047,70.01821494,-0.54054054,32.27686703,-2.38726790,31.07468124,-25.35496957,5.86520947,30.28779599,1172143956.29999995,1600167450.00000000,False
027710,팜스토리,KOSDAQ,1099,-1.69946333,10.85610200,-2.74336283,16.42987250,-2.39786856,31.00182149,6.69902913,59.34426230,30.28415301,266685285.65000001,332865171.00000000,False
340440,세림BG,KOSDAQ,756,0.00000000,42.80510018,0.00000000,39.78142077,-3.07692308,28.01457195,-12.60115607,14.13479053,30.24772313,20658709.45000000,0.00000000,False
18064K,한진칼우,KOSPI,29850,-1.48514851,12.75045537,-0.83056478,29.32604736,-2.61011419,29.90892532,0.00000000,40.80145719,30.19672131,48198558.75000000,8884650.00000000,False
011210,현대위아,KOSPI,53800,0.93808630,63.78870674,0.56074766,47.57741348,-5.94405594,17.66848816,-14.60317460,12.38615665,30.19672131,3025654200.00000000,2835342250.00000000,False
136410,아셈스,KOSDAQ,3775,0.66666667,59.72677596,1.88933873,58.39708561,-7.47549020,13.84335155,-25.68897638,5.71948998,30.17304189,75222488.90000001,20637265.00000000,False
078020,LS증권,KOSDAQ,6490,-0.46012270,29.14389800,-2.84431138,15.99271403,-1.06707317,37.63205829,-0.76452599,36.79417122,30.12386157,274604977.50000000,164156320.00000000,False
218150,미래생명자원,KOSDAQ,1920,-0.77519380,22.51366120,-0.67252975,30.92896175,-7.46987952,13.93442623,9.27717701,65.06375228,30.11657559,464576282.10000002,85997178.00000000,False
123700,SJM,KOSPI,3290,0.30487805,52.49544627,-2.66272189,16.86703097,-2.51851852,30.30965392,-0.30303030,38.21493625,30.07650273,29509768.50000000,9903070.00000000,False
009415,태영건설우,KOSPI,6180,0.16207455,48.74316940,-0.64308682,31.18397086,-2.21518987,32.24043716,-12.09103841,14.71766849,30.06921676,7065929.50000000,2529510.00000000,False
069620,대웅제약,KOSPI,109200,-0.09149131,38.39708561,1.20481928,53.49726776,-4.87804878,20.72859745,-18.81040892,9.43533698,30.06739526,1744361760.00000000,1704902700.00000000,False
099410,동방선기,KOSDAQ,3085,0.16233766,48.77959927,0.00000000,39.78142077,-6.79758308,15.55555556,-1.43769968,34.79052823,29.99271403,98624626.84999999,48031310.00000000,False
003547,대신증권2우B,KOSPI,19250,-0.25906736,33.44262295,-2.48226950,18.17850638,-1.28205128,36.64845173,-2.18495935,32.34972678,29.92714026,202062382.00000000,102741335.00000000,False
039740,한국정보공학,KOSDAQ,2945,-0.50675676,28.12386157,-1.50501672,24.51730419,-2.80528053,28.96174863,0.00000000,40.80145719,29.91256831,26914922.50000000,17297685.00000000,False
0099X0,IBKS제25호스팩,KOSDAQ,2245,0.44742729,54.97267760,-2.34884732,18.90710383,-2.39130435,31.03825137,-2.39130435,31.62112933,29.90892532,188587735.25000000,320648260.00000000,False
004365,세방우,KOSPI,9110,-0.65430752,25.04553734,-0.97826087,28.01457195,-2.67094017,29.58105647,-1.19305857,35.48269581,29.83788707,22990128.50000000,7026360.00000000,False
043650,국순당,KOSDAQ,3480,-0.85470085,21.07468124,-1.69491525,23.49726776,-0.57142857,40.07285974,-6.45161290,23.20582878,29.82695811,710776577.75000000,35692845.00000000,False
260930,씨티케이,KOSDAQ,2345,0.00000000,42.80510018,1.51515152,55.62841530,-6.94444444,15.19125683,-12.82527881,13.84335155,29.81420765,58843281.00000000,82294255.00000000,False
011420,갤럭시아에스엠,KOSPI,1430,-0.96952909,19.19854281,-2.25563910,19.52641166,-0.62543433,39.89071038,-3.11653117,29.98178506,29.73041894,37320063.55000000,47227721.00000000,False
243070,휴온스,KOSDAQ,19470,0.41258381,54.20765027,1.83054393,58.06921676,-7.06443914,14.89981785,-27.88888889,4.62659381,29.72677596,482107838.75000000,310870230.00000000,False
034120,SBS,KOSPI,11670,0.51679587,57.10382514,-0.68085106,30.74681239,-3.63336086,25.39162113,-6.56525220,22.95081967,29.68123862,65836879.50000000,86021860.00000000,False
091700,파트론,KOSDAQ,5250,-0.37950664,30.96539162,-0.56818182,32.00364299,-1.68539326,34.59016393,-11.61616162,15.70127505,29.67395264,432089677.25000000,277551705.00000000,False
045390,대아티아이,KOSDAQ,3060,-1.29032258,14.89981785,0.00000000,39.78142077,-17.07317073,4.15300546,13.96648045,72.53187614,29.59198543,2971295578.30000019,1513725298.00000000,False
046940,우원개발,KOSDAQ,2780,0.72463768,60.87431694,0.54249548,47.39526412,-4.79452055,20.91074681,-27.97927461,4.59016393,29.58834244,189835030.19999999,239744505.00000000,False
247660,나노씨엠에스,KOSDAQ,3825,-7.27272727,0.61930783,-6.59340659,5.57377049,-2.67175573,29.54462659,21.04430380,80.03642987,29.55919854,263180650.90000001,2379895316.00000000,False
002450,삼익악기,KOSPI,1094,-0.18248175,35.77413479,0.27497709,44.69945355,-5.03472222,20.43715847,-7.05182668,21.96721311,29.55555556,100349995.75000000,75856748.00000000,False
038500,삼표시멘트,KOSDAQ,6790,-0.87591241,20.76502732,2.10526316,59.41712204,-5.43175487,19.05282332,-17.99516908,9.94535519,29.51183971,1963471289.50000000,2441049090.00000000,False
033310,엠투엔,KOSDAQ,1444,-1.76870748,10.30965392,-2.89172831,15.62841530,-2.23425863,32.05828780,4.56191166,54.71766849,29.48633880,88024966.15000001,111676885.00000000,False
010960,삼호개발,KOSPI,3080,-0.48465267,28.70673953,0.16260163,43.38797814,-2.37717908,31.14754098,-26.49164678,5.28233151,29.40255009,219846253.55000001,219161765.00000000,False
096240,크레버스,KOSDAQ,8460,-0.82063306,21.96721311,-0.11806375,36.61202186,-4.08163265,23.31511840,-1.51338766,34.42622951,29.39162113,57192420.75000000,87562320.00000000,False
069260,TKG휴켐스,KOSPI,15920,-0.43777361,29.69034608,-2.68948655,16.83060109,-2.51071647,30.41894353,1.27226463,45.97449909,29.38069217,850696288.75000000,648240035.00000000,False
036670,삼양케이씨아이,KOSDAQ,5040,-0.98231827,19.01639344,-1.17647059,26.41165756,-1.56250000,35.19125683,-4.54545455,27.24954463,29.35154827,39794391.10000000,59670280.00000000,False
127120,제이에스링크,KOSDAQ,30000,1.01010101,64.75409836,-6.68740280,5.42805100,0.33444816,48.77959927,-20.00000000,8.57923497,29.33151184,7033193081.25000000,4889955225.00000000,False
005389,현대차3우B,KOSPI,174700,0.98265896,64.48087432,-0.28538813,34.82695811,-3.74655647,25.02732240,-14.98783455,11.98542805,29.30418944,1131013170.00000000,1515746200.00000000,False
192400,쿠쿠홀딩스,KOSPI,26800,-0.55658627,27.24954463,-2.36794171,18.76138434,-3.07414105,28.08743169,2.09523810,48.56102004,29.30054645,292732353.75000000,288945750.00000000,False
035250,강원랜드,KOSPI,14310,-0.13956734,36.97632058,-0.83160083,29.28961749,-2.78532609,29.18032787,-5.10610080,25.71948998,29.30054645,3174606930.25000000,1831887240.00000000,False
279600,미디어젠,KOSDAQ,3935,-0.25348542,33.51548270,-4.60606061,8.96174863,-0.37974684,41.27504554,-1.74781523,33.69763206,29.28961749,8716856.10000000,3682100.00000000,False
017960,한국카본,KOSPI,20700,0.24213075,51.25683060,1.22249389,53.73406193,-7.38255034,14.17122040,-15.51020408,11.62112933,29.23861566,3269685867.50000000,2818231025.00000000,False
008260,NI스틸,KOSPI,3285,-1.20300752,16.01092896,-0.45454545,33.15118397,-6.54338549,15.99271403,5.28846154,56.21129326,29.18579235,233406617.00000000,185517740.00000000,False
190650,코리아에셋투자증권,KOSDAQ,6510,0.15384615,48.34244080,-0.76219512,29.87249545,-4.12371134,22.98724954,-2.83582090,30.60109290,29.11111111,25478045.25000000,74352670.00000000,False
004960,한신공영,KOSPI,10950,-0.09124088,38.46994536,0.73597056,49.61748634,-8.59766277,11.22040073,-3.35392763,29.43533698,29.10746812,262438917.50000000,172013000.00000000,False
248170,샘표식품,KOSPI,22000,0.45662100,55.22768670,-1.12359551,26.81238616,-4.34782609,22.40437158,-2.00445434,32.89617486,29.10746812,7148546078.75000000,244759925.00000000,False
005670,푸드웰,KOSDAQ,6160,-0.16207455,36.53916211,-2.53164557,17.95992714,-3.14465409,27.57741348,0.98360656,44.99089253,29.07103825,163075842.00000000,20002770.00000000,False
029530,신도리코,KOSPI,38950,0.64599483,59.12568306,-1.51706700,24.40801457,-2.86783042,28.59744991,-7.26190476,21.56648452,28.98724954,157832632.50000000,236835200.00000000,False
107590,미원홀딩스,KOSPI,59600,-0.16750419,36.39344262,-2.29508197,19.28961749,-6.87500000,15.30054645,10.57513915,67.14025501,28.97449909,5207185.00000000,1616000.00000000,False
00104K,CJ4우전환,KOSPI,127300,-1.16459627,16.64845173,-2.60137720,17.41347905,0.31520883,48.70673953,-13.87009472,12.93260474,28.95810565,861282570.00000000,462332200.00000000,False
036630,세종텔레콤,KOSDAQ,7840,1.81818182,74.55373406,0.12771392,42.95081967,-10.90909091,7.75956284,-4.39024390,27.50455373,28.94535519,88579534.75000000,26588820.00000000,False
025860,남해화학,KOSPI,6030,0.00000000,42.80510018,-1.79153094,22.87795993,-6.07476636,17.34061931,4.32525952,54.17122040,28.91438980,1630436041.50000000,785853760.00000000,False
037230,한국팩키지,KOSDAQ,1326,-2.42825607,6.99453552,1.45371079,55.15482696,-5.82386364,17.99635701,-6.88202247,22.33151184,28.91074681,91175724.30000000,16632992.00000000,False
037440,희림,KOSDAQ,4115,-0.84337349,21.36612022,-0.96269555,28.19672131,-3.96732789,24.04371585,0.36585366,43.46083789,28.90528233,692998710.95000005,421127870.00000000,False
458350,에스팀,KOSDAQ,3040,3.40136054,85.06375228,0.82918740,50.71038251,-8.98203593,10.67395264,-28.47058824,4.48087432,28.88524590,80275271.15000001,66598389.00000000,False
008870,금비,KOSPI,39100,-0.76142132,22.80510018,-2.00501253,21.12932605,-3.21782178,27.10382514,1.55844156,47.06739526,28.87431694,10751050.00000000,16400800.00000000,False
003920,남양유업,KOSPI,41900,-0.82840237,21.78506375,-0.47505938,32.82331512,-3.45622120,26.15664845,-2.33100233,31.91256831,28.87067395,130638042.50000000,103445800.00000000,False
263720,디앤씨미디어,KOSDAQ,6910,-1.42653352,13.26047359,0.14492754,43.09653916,-2.81293952,28.88888889,-11.97452229,14.93624772,28.79781421,49344769.00000000,48363650.00000000,False
052400,코나아이,KOSDAQ,37000,-2.11640212,8.08743169,-3.39425587,13.53369763,1.64835165,54.64480874,-17.59465479,10.16393443,28.75956284,2330513810.00000000,1827119425.00000000,False
004020,현대제철,KOSPI,30050,-0.16611296,36.46630237,-3.06451613,14.71766849,-5.05529226,20.32786885,8.28828829,62.65938069,28.72495446,25779138308.75000000,24349612650.00000000,False
074430,아미노로직스,KOSDAQ,1065,2.01149425,76.06557377,-1.11420613,26.92167577,-9.66921120,9.25318761,1.42857143,46.70309654,28.72495446,134977840.55000001,48315384.00000000,False
064520,테크엘,KOSDAQ,1490,-0.06706908,38.68852459,-3.05790501,14.79052823,-0.66666667,39.67213115,-6.75844806,22.51366120,28.67759563,9077945.15000000,9149902.00000000,False
122310,제노레이,KOSDAQ,3325,-0.44910180,29.32604736,-2.77777778,16.24772313,-1.77252585,34.13479053,-1.04166667,36.02914390,28.66666667,17739824.65000000,18672318.00000000,False
004690,삼천리,KOSPI,127600,0.23566379,51.03825137,-2.89193303,15.59198543,-6.52014652,16.02914390,7.95262267,62.04007286,28.60109290,756605530.00000000,500322200.00000000,False
432430,와이랩,KOSDAQ,2040,-0.97087379,19.16211293,-0.24449878,35.08196721,-3.08788599,27.94171220,-5.55555556,24.73588342,28.56466302,73248422.59999999,1059025597.00000000,False
175140,아고스,KOSDAQ,2320,-1.48619958,12.71402550,0.43290043,46.08378871,-6.45161290,16.10200364,-1.27659574,35.11839709,28.56102004,53532380.35000000,90373515.00000000,False
001000,신라섬유,KOSDAQ,1779,6.59077292,94.46265938,2.18265365,59.96357013,-22.98701299,2.36794171,-61.94652406,0.87431694,28.55737705,93455189.15000001,40793248.00000000,False
005830,DB손해보험,KOSPI,183100,0.32876712,53.00546448,-3.78349974,11.58469945,-9.80295567,8.96174863,21.98534310,80.76502732,28.51366120,39685589433.80000305,25212628304.00000000,False
001810,무림SP,KOSDAQ,1138,0.61892131,58.61566485,-2.65183918,16.93989071,-3.14893617,27.54098361,-2.14961307,32.56830601,28.47358834,46747258.20000000,11273867.00000000,False
078930,GS,KOSPI,106100,0.95147479,63.97085610,-7.17410324,4.77231330,-10.76534903,7.90528233,32.45942572,87.39526412,28.46994536,45020535269.75000000,36355462150.00000000,False
136490,선진,KOSPI,10090,-0.39486673,30.58287796,-1.75267770,23.13296903,-7.85388128,12.96903461,10.15283843,66.33879781,28.45355191,680369230.50000000,695756445.00000000,False
377300,카카오페이,KOSPI,40500,0.87173101,62.84153005,-0.97799511,28.05100182,-9.59821429,9.39890710,2.53164557,49.79963570,28.41894353,11071872785.00000000,5213772500.00000000,False
002210,동성제약,KOSPI,1300,0.00000000,42.80510018,2.60457774,62.44080146,-8.32157969,11.80327869,-33.19630010,3.31511840,28.39708561,128754810.00000000,53219269.00000000,False
043150,바텍,KOSDAQ,17690,-1.00727476,18.65209472,0.34032898,45.28233151,-6.15384615,16.97632058,-2.80219780,30.67395264,28.37522769,407299429.25000000,479151450.00000000,False
161890,한국콜마,KOSPI,138100,0.72939460,60.94717668,-6.68918919,5.39162113,-8.30013280,11.91256831,19.98262381,79.48998179,28.37522769,42668112710.00000000,50303894850.00000000,False
000970,한국주철관,KOSPI,6480,-1.81818182,9.87249545,-1.06870229,27.14025501,-2.55639098,30.12750455,-1.06870229,35.81056466,28.34244080,96200319.50000000,282850750.00000000,False
210540,디와이파워,KOSPI,11130,-0.44722719,29.39890710,-0.71364853,30.41894353,-3.71972318,25.13661202,-2.62467192,31.11111111,28.34244080,236390773.25000000,243963560.00000000,False
034810,해성산업,KOSDAQ,5890,-0.84175084,21.45719490,-0.33840948,34.31693989,-2.64462810,29.72677596,-8.54037267,19.78142077,28.28779599,59389785.75000000,97467085.00000000,False
900290,GRT,KOSDAQ,3335,-4.16666667,2.44080146,-0.74404762,30.05464481,-15.03184713,4.95446266,28.26923077,85.20947177,28.28415301,893159428.70000005,1356494936.00000000,False
160550,NEW,KOSDAQ,998,0.40241449,54.09836066,-4.03846154,10.91074681,-0.20000000,42.22222222,-13.51819757,13.44262295,28.26047359,59533780.55000000,24803690.00000000,False
148930,에이치와이티씨,KOSDAQ,3120,0.64516129,59.08925319,-0.95238095,28.30601093,-3.85208012,24.55373406,-8.23529412,20.18214936,28.25865209,23840144.10000000,13611625.00000000,False
001630,종근당홀딩스,KOSPI,37400,0.00000000,42.80510018,-0.53191489,32.38615665,-3.85604113,24.51730419,-6.96517413,22.16757741,28.23679417,64580492.50000000,55654550.00000000,False
003475,유안타증권우,KOSPI,4160,0.00000000,42.80510018,-1.88679245,22.00364299,-3.59212051,25.61020036,-1.18764846,35.51912568,28.22950820,45674237.85000000,24449055.00000000,False
008490,서흥,KOSPI,20200,-0.49261084,28.57923497,-0.24691358,34.97267760,-5.38641686,19.19854281,-1.22249389,35.33697632,28.09653916,276409103.00000000,188328875.00000000,False
006880,신송홀딩스,KOSPI,4210,-1.05757932,17.92349727,0.11890606,42.73224044,-3.99087799,23.86156648,-8.67678959,19.59927140,28.07650273,490123979.44999999,47340320.00000000,False
096690,에이루트,KOSDAQ,6410,0.00000000,42.80510018,-4.18535127,10.23679417,-8.03443329,12.45901639,18.92393321,78.61566485,28.05828780,63876262.00000000,7223780.00000000,False
001260,남광토건,KOSPI,8130,-0.48959608,28.63387978,-7.82312925,4.33515483,2.26415094,56.90346084,-25.88878760,5.57377049,28.04007286,664827147.00000000,268283570.00000000,False
004910,조광페인트,KOSPI,3420,-0.72568940,23.42440801,-0.43668122,33.42440801,-3.38983051,26.41165756,-5.26315789,25.46448087,28.02732240,28799486.85000000,7480930.00000000,False
002150,도화엔지니어링,KOSPI,5020,0.50050050,56.59380692,-0.59405941,31.80327869,-6.16822430,16.86703097,-2.90135397,30.38251366,28.02367942,154274325.84999999,110094582.00000000,False
123890,한국자산신탁,KOSPI,2415,0.20746888,50.12750455,-2.02839757,20.94717668,-8.52272727,11.36612022,7.33333333,60.80145719,28.00364299,340870379.19999999,198249472.00000000,False
006570,대림통상,KOSPI,1881,-5.33467539,1.49362477,-3.24074074,14.02550091,1.12903226,52.75045537,-14.50000000,12.53187614,27.96357013,51700675.45000000,46086891.00000000,False
459550,알트,KOSDAQ,2055,-0.96385542,19.23497268,-2.60663507,17.26775956,-20.03891051,3.09653916,83.81037567,98.06921676,27.95628415,11412709093.89999962,819927495.00000000,False
289220,자이언트스텝,KOSDAQ,920,-0.43290043,29.79963570,2.67857143,62.76867031,-7.53768844,13.66120219,-32.99344501,3.38797814,27.95264117,34335260.65000000,22284111.00000000,False
073240,금호타이어,KOSPI,6730,-2.32220610,7.43169399,-1.17474302,26.44808743,-5.47752809,18.90710383,6.31911532,58.54280510,27.94899818,9729575064.50000000,5884951695.00000000,False
000210,DL,KOSPI,49750,2.15605749,77.66848816,-4.14258189,10.41894353,-9.54545455,9.65391621,9.94475138,65.97449909,27.94899818,2782077910.00000000,1302769300.00000000,False
090370,메타랩스,KOSPI,1153,-2.94612795,4.99089253,-1.53714774,24.33515483,-3.83653044,24.62659381,3.13059034,51.47540984,27.94535519,91543406.55000000,22715385.00000000,False
003690,코리안리,KOSPI,14440,0.27777778,52.09471767,-2.62980445,17.08561020,-6.65804783,15.81056466,5.40145985,56.42987250,27.94535519,3232191164.25000000,1745631650.00000000,False
093190,빅솔론,KOSDAQ,8170,-0.36585366,31.25683060,-3.54191263,13.00546448,-3.08422301,27.97814208,2.12500000,48.59744991,27.93806922,96080029.50000000,50802790.00000000,False
128540,에코캡,KOSDAQ,1085,0.46296296,55.48269581,0.55607044,47.46812386,-6.62650602,15.88342441,-19.09023117,8.96174863,27.93442623,70715127.05000000,243577563.00000000,False
021650,한국큐빅,KOSDAQ,1956,-0.96202532,19.30783242,-1.06221548,27.21311475,-2.15107554,32.38615665,-5.73493976,24.40801457,27.93078324,8345276.30000000,4136567.00000000,False
464280,티디에스팜,KOSDAQ,5450,0.92592593,63.62477231,-0.18315018,36.13843352,-6.35738832,16.24772313,-7.62711864,21.05646630,27.91438980,75086450.00000000,92775950.00000000,False
267260,HD현대일렉트릭,KOSPI,686000,1.17994100,67.57741348,-1.01010101,27.75956284,-2.83286119,28.70673953,-23.69299221,6.66666667,27.90163934,77682851806.60000610,54215955000.00000000,False
161390,한국타이어앤테크놀로지,KOSPI,60200,0.33333333,53.15118397,1.51770658,55.70127505,-9.47368421,9.83606557,-18.75843455,9.47176685,27.85428051,15343191917.50000000,9501164350.00000000,False
00088K,한화3우B,KOSPI,39000,-1.01522843,18.50637523,-3.94088670,11.22040073,-3.34572491,26.59380692,7.00469174,59.96357013,27.84699454,1118948208.75000000,292766175.00000000,False
213500,한솔제지,KOSPI,7210,-0.27662517,33.11475410,-5.25624179,7.57741348,-3.48058902,25.97449909,6.65680473,59.27140255,27.82877960,191187883.50000000,263397815.00000000,False
357120,코람코라이프인프라리츠,KOSPI,4085,0.12254902,47.79599271,-4.55607477,9.07103825,-1.32850242,36.28415301,-3.54191263,29.07103825,27.82877960,307693972.80000001,301420173.00000000,False
003780,진양산업,KOSPI,3975,-4.79041916,2.00364299,-9.45330296,3.13296903,3.65058670,60.94717668,-15.60509554,11.54826958,27.82877960,513810540.19999999,471309055.00000000,False
381970,KG모빌리티플랫폼,KOSPI,6280,0.15948963,48.59744991,-3.68098160,12.31329690,0.00000000,44.91803279,-24.15458937,6.30236794,27.78142077,384515220.50000000,92697180.00000000,False
123750,알톤,KOSDAQ,1731,-1.53583618,12.27686703,-4.52289024,9.21675774,1.82352941,55.30054645,-20.41379310,8.26958106,27.76684882,36955083.70000000,18792833.00000000,False
215000,골프존,KOSDAQ,35850,0.13966480,47.99635701,-1.78082192,22.95081967,-2.31607629,31.36612022,-10.03764115,17.63205829,27.75774135,523680263.75000000,305221850.00000000,False
267290,경동도시가스,KOSPI,20950,-1.41176471,13.40619308,-2.33100233,19.05282332,-4.98866213,20.61930783,8.04538422,62.22222222,27.74863388,107110108.75000000,151469125.00000000,False
064480,브리지텍,KOSDAQ,2590,0.58252427,58.10564663,0.00000000,39.78142077,-6.32911392,16.28415301,-10.22530329,17.37704918,27.73406193,57934095.70000000,19069852.00000000,False
253450,스튜디오드래곤,KOSDAQ,20550,-0.24271845,34.06193078,-0.48426150,32.75045537,-3.06603774,28.12386157,-11.03896104,16.17486339,27.71584699,871814618.75000000,953296450.00000000,False
007160,사조산업,KOSPI,47850,0.10460251,47.50455373,-1.84615385,22.25865209,-4.10821643,23.13296903,-1.34020619,35.00910747,27.68306011,79911165.00000000,75674350.00000000,False
012205,계양전기우,KOSPI,4980,0.00000000,42.80510018,-0.20040080,35.70127505,-2.73437500,29.39890710,-28.75536481,4.37158470,27.62477231,60545030.00000000,19405530.00000000,False
145995,삼양사우,KOSPI,32250,0.78125000,61.76684882,-2.86144578,15.84699454,-3.00751880,28.32422587,-4.72673560,26.81238616,27.62295082,21109090.00000000,136776150.00000000,False
000480,CR홀딩스,KOSPI,4310,-0.23148148,34.42622951,0.23255814,43.93442623,-4.85651214,20.80145719,-13.54062187,13.36976321,27.61748634,162913129.75000000,258256060.00000000,False
366030,나인앤컴퍼니,KOSDAQ,4600,4.54545455,90.09107468,-1.28755365,25.79234973,-6.02655771,17.44990893,-8.91089109,19.23497268,27.57377049,272602131.94999999,536954272.00000000,False
017940,E1,KOSPI,90200,1.69109357,73.47905282,-2.69687163,16.72131148,-8.33333333,11.76684882,3.55912744,52.16757741,27.50455373,810102720.00000000,589394950.00000000,False
058820,CMG제약,KOSDAQ,562,0.00000000,42.80510018,2.74223035,63.35154827,-9.79133226,8.99817851,-39.43965517,2.80510018,27.44626594,332993790.14999998,0.00000000,False
035810,이지홀딩스,KOSDAQ,4470,-1.86608123,9.58105647,-1.75824176,23.06010929,-4.07725322,23.35154827,2.99539171,51.03825137,27.42440801,565566691.20000005,676060399.00000000,False
222980,한국맥널티,KOSDAQ,2100,-1.86915888,9.47176685,-1.63934426,23.89799636,-2.55220418,30.16393443,-0.94339623,36.17486339,27.41712204,25032100.10000000,44511240.00000000,False
362990,드림인사이트,KOSDAQ,1193,-0.83125520,21.71220401,-2.92921074,15.22768670,-1.24172185,36.79417122,-3.32252836,29.50819672,27.35883424,26824589.85000000,17784212.00000000,False
271980,제일약품,KOSPI,10030,0.70281124,60.32786885,-0.79129575,29.65391621,-6.95732839,15.08196721,-2.33690360,31.83970856,27.32969035,181573319.75000000,105758410.00000000,False
036480,대성미생물,KOSDAQ,5960,-0.50083472,28.41530055,-2.29508197,19.28961749,-4.48717949,21.89435337,2.40549828,49.61748634,27.30965392,22500284.50000000,58839280.00000000,False
072470,우리산업홀딩스,KOSDAQ,2335,-0.84925690,21.20218579,-2.91060291,15.40983607,-1.05932203,37.70491803,-4.49897751,27.32240437,27.28961749,17080735.30000000,28002515.00000000,False
008775,호텔신라우,KOSPI,28000,-0.17825312,36.04735883,-0.35587189,34.08014572,-3.94511149,24.08014572,-9.09090909,18.97996357,27.25683060,20311263.75000000,32155950.00000000,False
208350,지란지교시큐리티,KOSDAQ,2930,2.80701754,82.65938069,-3.77668309,11.65755920,-4.09165303,23.24225865,-2.81923715,30.63752277,27.18761384,30147242.10000000,92881570.00000000,False
120030,조선선재,KOSPI,82300,-0.84337349,21.36612022,-2.37247924,18.72495446,-1.43712575,35.77413479,-5.18433180,25.61020036,27.18579235,27799670.00000000,38810100.00000000,False
105550,엣지파운드리,KOSDAQ,1653,0.60864273,58.46994536,1.47329650,55.33697632,-12.02767429,6.70309654,-18.16831683,9.83606557,27.09653916,64689331.10000000,33901920.00000000,False
006370,대구백화점,KOSPI,3040,0.66225166,59.50819672,2.18487395,60.00000000,-18.16958277,3.64298725,-20.20997375,8.41530055,27.09107468,248564381.90000001,137779546.00000000,False
001270,부국증권,KOSPI,50700,-1.36186770,14.09836066,-0.19685039,35.88342441,-3.05927342,28.16029144,-9.62566845,18.25136612,27.08925319,308226645.00000000,74286200.00000000,False
014790,HLDI,KOSPI,2505,-0.19920319,35.33697632,-3.28185328,13.84335155,-1.95694716,33.33333333,-2.90697674,30.34608379,27.08925319,89361010.09999999,76494355.00000000,False
068330,일신바이오,KOSDAQ,1021,-0.77745384,22.47723133,-0.29296875,34.75409836,-8.83928571,10.78324226,2.71629779,50.41894353,27.07103825,71718916.80000000,33074985.00000000,False
475560,더본코리아,KOSPI,14420,0.20847811,50.16393443,-1.23287671,26.15664845,-4.44002651,22.00364299,-4.62962963,26.92167577,27.04918033,364164825.75000000,224353090.00000000,False
003300,한일홀딩스,KOSPI,17550,-1.51515152,12.53187614,-0.45377198,33.18761384,-7.58293839,13.51548270,3.41779611,52.05828780,27.02732240,244517852.25000000,72505075.00000000,False
298060,풍전약품,KOSDAQ,2365,1.50214592,71.69398907,-0.42105263,33.58834244,-6.15079365,17.04918033,-12.08178439,14.79052823,27.02367942,31905251.70000000,12775395.00000000,False
114840,아이패밀리에스씨,KOSDAQ,8370,-0.11933174,37.63205829,0.00000000,39.78142077,-12.81250000,6.22950820,0.60096154,43.97085610,26.98360656,241927150.75000000,262086120.00000000,False
475660,에스켐,KOSDAQ,3020,0.66666667,59.72677596,0.49916805,46.73952641,-7.78625954,13.11475410,-20.10582011,8.52459016,26.94535519,36548739.25000000,10974015.00000000,False
139480,이마트,KOSPI,71700,-0.41666667,30.09107468,-0.41666667,33.66120219,-2.84552846,28.67030965,-15.34828808,11.76684882,26.92896175,6508444775.00000000,3351406050.00000000,False
122350,삼기,KOSDAQ,1617,-4.03560831,2.62295082,-0.18518519,36.06557377,-1.94057004,33.47905282,-14.80505796,12.24043716,26.92167577,1957339226.84999990,1043476198.00000000,False
011785,금호석유화학우,KOSPI,49500,-0.50251256,28.30601093,-0.60240964,31.69398907,-5.71428571,18.28779599,-1.00000000,36.06557377,26.86703097,143740520.00000000,220763750.00000000,False
111710,남화산업,KOSDAQ,3190,1.59235669,72.58652095,-0.93167702,28.56102004,-3.62537764,25.42805100,-29.26829268,4.29872495,26.85792350,182372753.15000001,150107820.00000000,False
019685,대교우B,KOSPI,989,0.71283096,60.51001821,2.38095238,61.20218579,-17.30769231,4.02550091,-29.55840456,4.11657559,26.84517304,21123827.90000000,14183053.00000000,False
234100,폴라리스세원,KOSDAQ,2655,-1.66666667,11.03825137,-2.38970588,18.65209472,-5.17857143,20.00000000,7.27272727,60.58287796,26.81602914,23751614.95000000,25779729.00000000,False
418470,KT밀리의서재,KOSDAQ,9360,0.75349839,61.38433515,-2.50000000,18.12386157,-3.40557276,26.30236794,-6.30630631,23.57012750,26.81056466,161227619.75000000,80652460.00000000,False
080470,성창오토텍,KOSDAQ,2740,0.92081031,63.57012750,-1.43884892,24.99089253,-4.36300175,22.29508197,-8.36120401,20.00000000,26.77231330,18888193.85000000,26123720.00000000,False
067290,JW신약,KOSDAQ,2950,-0.50590219,28.23315118,-6.20031797,6.33879781,-13.99416910,5.35519126,104.29362881,99.05282332,26.67759563,57704082585.44999695,4204922663.00000000,False
090470,제이스로보틱스,KOSDAQ,4115,-0.36319613,31.43897996,-2.02380952,21.00182149,-7.52808989,13.69763206,6.33074935,58.61566485,26.64663024,158215365.90000001,53087850.00000000,False
003010,혜인,KOSPI,8890,-6.42105263,1.02003643,-4.91978610,8.30601093,-9.00716479,10.63752277,99.77528090,98.94353370,26.63752277,5365855200.75000000,7538725190.00000000,False
072130,유엔젤,KOSPI,4705,-1.56903766,11.98542805,-0.94736842,28.34244080,-1.87695516,33.80692168,-10.55133080,17.04918033,26.63387978,122379213.09999999,144806025.00000000,False
035720,카카오,KOSPI,33550,0.44910180,55.02732240,-1.17820324,26.37522769,-5.09193777,20.25500911,-5.22598870,25.53734062,26.62477231,42809010168.75000000,39758556050.00000000,False
091810,트리니티항공,KOSPI,2645,1.14722753,66.81238616,-0.37664783,33.98907104,-4.68468468,21.27504554,-24.64387464,6.15664845,26.61930783,159856971.40000001,160237490.00000000,False
00279K,아모레퍼시픽홀딩스3우C,KOSPI,20850,0.00000000,42.80510018,-4.13793103,10.45537341,-2.79720280,29.03460838,-0.47732697,37.55919854,26.54280510,61329899.75000000,73588870.00000000,False
173940,에프엔씨엔터,KOSDAQ,1995,0.05015045,46.84881603,0.15060241,43.20582878,-7.63888889,13.35154827,-9.93227991,17.77777778,26.54280510,23917702.25000000,20634711.00000000,False
002900,TYM,KOSPI,6570,2.01863354,76.17486339,-1.94029851,21.63934426,-8.49582173,11.43897996,-0.15197568,38.79781421,26.44444444,1341768526.25000000,1423991025.00000000,False
002350,넥센타이어,KOSPI,5760,-0.68965517,24.22586521,0.52356021,47.12204007,-5.26315789,19.59927140,-17.71428571,10.05464481,26.40983607,831288454.25000000,433907885.00000000,False
094850,참좋은여행,KOSDAQ,4200,-1.29259694,14.86338798,-4.00000000,10.98360656,-0.23752969,42.00364299,-6.04026846,23.97085610,26.37704918,113830234.90000001,47349147.00000000,False
069730,DSR제강,KOSPI,5440,-1.09090909,17.52276867,-1.98198198,21.34790528,-3.37477798,26.52094718,-0.36630037,37.88706740,26.34244080,143491074.00000000,52461360.00000000,False
318410,비비씨,KOSDAQ,6220,-3.56589147,3.58834244,-3.41614907,13.47905282,-4.01234568,23.78870674,7.98611111,62.07650273,26.33333333,29978793.00000000,109503805.00000000,False
067570,엔브이에이치코리아,KOSDAQ,1638,-2.67379679,5.93806922,-0.18281536,36.17486339,-2.78931751,29.07103825,-10.97826087,16.28415301,26.33151184,96296111.25000000,10301232.00000000,False
079430,현대리바트,KOSPI,5660,0.00000000,42.80510018,-0.70175439,30.49180328,-5.19262982,19.92714026,-5.82362729,24.26229508,26.25136612,69495127.75000000,87430390.00000000,False
005710,대원산업,KOSDAQ,10330,-1.33715377,14.42622951,-4.17439703,10.27322404,-0.86372361,38.68852459,-2.54716981,31.22040073,26.24408015,108951260.00000000,392936265.00000000,False
072710,농심홀딩스,KOSPI,89000,-0.22421525,34.66302368,-0.78037904,29.79963570,-5.82010582,18.03278689,-1.98237885,33.07832423,26.23497268,154413550.00000000,147440600.00000000,False
415640,KB발해인프라,KOSPI,10040,0.00000000,42.80510018,-0.19880716,35.81056466,-5.46139360,19.01639344,-9.95515695,17.70491803,26.17122040,2603864509.00000000,888294995.00000000,False
070960,모나용평,KOSPI,1993,-1.33663366,14.46265938,-2.54278729,17.85063752,-0.05015045,43.02367942,-16.95833333,10.78324226,26.16757741,78293653.09999999,86538613.00000000,False
009270,신원,KOSPI,1083,-1.45586897,12.93260474,-1.45586897,24.73588342,-6.79862306,15.51912568,4.73887814,55.15482696,25.95264117,314964289.55000001,156862289.00000000,False
006890,태경케미컬,KOSPI,4895,0.82389289,62.11293260,-1.70682731,23.42440801,-3.83104126,24.69945355,-12.90035587,13.77049180,25.87249545,105848683.70000000,96787595.00000000,False
043360,디지아이,KOSDAQ,2295,0.87912088,62.95081967,-2.34042553,18.94353370,-14.52513966,4.99089253,6.74418605,59.48998179,25.87249545,58966811.50000000,24753435.00000000,False
221800,지구홀딩스,KOSDAQ,3815,0.65963061,59.45355191,-0.26143791,34.86338798,-4.62500000,21.45719490,-31.01265823,3.78870674,25.74499089,154474193.09999999,42338290.00000000,False
134790,시디즈,KOSPI,18550,-0.26881720,33.22404372,-0.32240731,34.38979964,-6.64318067,15.84699454,-3.73637779,28.74316940,25.72677596,5483007.50000000,3791110.00000000,False
017480,삼현철강,KOSDAQ,4675,-0.53191489,27.54098361,-2.19665272,19.85428051,-3.50877193,25.84699454,-1.88877230,33.26047359,25.70127505,93782657.59999999,73863571.00000000,False
012330,현대모비스,KOSPI,381500,-1.03761349,18.25136612,2.69179004,62.87795993,-9.91735537,8.85245902,-22.92929293,7.14025501,25.65755920,103130466180.10000610,84034493500.00000000,False
095720,웅진씽크빅,KOSPI,1207,0.16597510,48.92531876,-2.02922078,20.91074681,-4.96062992,20.65573770,-2.66129032,31.03825137,25.63570128,39366668.15000000,43969085.00000000,False
001390,KG케미칼,KOSPI,4230,-0.11806375,37.74134791,-1.51338766,24.48087432,-5.05050505,20.36429872,-2.42214533,31.58469945,25.58105647,423771255.44999999,356308560.00000000,False
472850,폰드그룹,KOSDAQ,4645,-1.06496273,17.85063752,-5.97165992,6.59380692,-6.16161616,16.93989071,15.69115816,74.97267760,25.53369763,130805350.55000000,113463445.00000000,False
008040,사조동아원,KOSPI,7440,-1.32625995,14.64480874,-0.40160643,33.77049180,-4.37017995,22.25865209,-5.46378653,25.02732240,25.50455373,208723551.00000000,129972800.00000000,False
215790,이노인스트루먼트,KOSDAQ,637,-3.92156863,2.95081967,-6.32352941,6.08378871,1.92000000,55.48269581,-25.49707602,5.79234973,25.47176685,1865616355.90000010,679008245.00000000,False
196450,코아시아씨엠,KOSDAQ,3875,-1.64974619,11.22040073,-0.64102564,31.25683060,-1.89873418,33.62477231,-21.71717172,7.61384335,25.47176685,46603291.20000000,31142460.00000000,False
060980,HL홀딩스,KOSPI,38150,-0.52151239,27.72313297,-2.30473752,19.23497268,-4.02515723,23.67941712,-0.65104167,37.23132969,25.46083789,468095892.50000000,728489950.00000000,False
214320,이노션,KOSPI,18040,-0.82462892,21.82149362,-1.15068493,26.48451730,-3.94036209,24.11657559,-3.99148483,28.26958106,25.42805100,960593815.25000000,850826375.00000000,False
123570,이엠넷,KOSDAQ,1625,-1.39563107,13.66120219,-2.10843373,20.61930783,-1.45542753,35.62841530,-9.72222222,18.03278689,25.40983607,4798973.15000000,7622024.00000000,False
005180,빙그레,KOSPI,83200,-0.59737157,26.33879781,-5.13112885,7.79599271,-9.56521739,9.54462659,24.73763118,83.06010929,25.40255009,4595260220.00000000,2263984800.00000000,False
122690,서진오토모티브,KOSDAQ,1615,-0.61538462,25.95628415,-1.58439976,24.00728597,-4.21115065,22.76867031,-2.18049667,32.38615665,25.38251366,28266195.70000000,54019015.00000000,False
316140,우리금융지주,KOSPI,33450,-0.88888889,20.54644809,-7.59668508,4.44444444,-3.46320346,26.08378871,6.02218700,57.77777778,25.37704918,124518832221.64999390,73699030391.00000000,False
002790,아모레퍼시픽홀딩스,KOSPI,25300,0.00000000,42.80510018,-4.70809793,8.81602914,-3.98481973,23.93442623,0.79681275,44.37158470,25.37340619,2925197568.75000000,2110123600.00000000,False
002140,고려산업,KOSPI,1919,-1.08247423,17.70491803,-3.32493703,13.66120219,-6.84466019,15.44626594,10.16073479,66.41165756,25.32969035,589081959.25000000,165678752.00000000,False
066910,손오공,KOSDAQ,1774,-0.83845724,21.56648452,0.39615167,45.79234973,-8.79177378,10.92896175,-5.48748002,24.95446266,25.25683060,46898476.45000000,53202821.00000000,False
084440,유비온,KOSDAQ,4830,0.41580042,54.28051002,-1.92893401,21.71220401,-19.23076923,3.38797814,6.85840708,59.70856102,25.23861566,18058833.55000000,191679741.00000000,False
440320,오픈놀,KOSDAQ,2075,-0.47961631,28.77959927,0.72815534,49.50819672,-13.17991632,5.97449909,-5.25114155,25.50091075,25.22040073,30074959.40000000,39698715.00000000,False
100250,진양홀딩스,KOSPI,3025,-0.65681445,24.99089253,-2.10355987,20.65573770,-4.12044374,23.02367942,-0.81967213,36.53916211,25.21311475,87060683.59999999,197606897.00000000,False
318060,그래피,KOSDAQ,15970,-1.78351784,10.23679417,0.63011972,48.52459016,-6.44405390,16.13843352,-11.52354571,15.81056466,25.19854281,766531284.25000000,1020831310.00000000,False
060850,영림원소프트랩,KOSDAQ,4405,-0.22650057,34.53551913,0.00000000,39.78142077,-5.57341908,18.50637523,-14.96138996,12.02185792,25.19489982,28869669.35000000,33468460.00000000,False
035600,KG이니시스,KOSDAQ,9730,-0.61287028,26.04735883,-1.91532258,21.85792350,-6.17164899,16.83060109,1.35416667,46.41165756,25.17668488,339019702.25000000,444698265.00000000,False
079940,가비아,KOSDAQ,38750,-1.02171137,18.46994536,-3.48692403,13.22404372,-10.71428571,7.97814208,21.66405024,80.51001821,25.10746812,3954127675.00000000,622981450.00000000,False
088910,동우팜투테이블,KOSDAQ,1969,0.40795512,54.17122040,-0.90588827,28.85245902,-5.10843373,20.18214936,-12.09821429,14.68123862,25.08196721,76812918.50000000,35186696.00000000,False
007700,FF홀딩스,KOSPI,13380,0.00000000,42.80510018,-0.22371365,35.44626594,-5.77464789,18.10564663,-13.34196891,13.47905282,24.85245902,98533972.50000000,35793270.00000000,False
071840,롯데하이마트,KOSPI,5980,-0.82918740,21.74863388,-0.49916805,32.64116576,-5.22979398,19.78142077,-5.52922591,24.84517304,24.84881603,64823655.00000000,36544970.00000000,False
463020,뉴엔AI,KOSDAQ,6860,-0.57971014,26.92167577,-0.29069767,34.79052823,-16.34146341,4.44444444,2.38805970,49.50819672,24.80874317,771268755.00000000,327555990.00000000,False
362320,청담글로벌,KOSDAQ,4210,0.59737157,58.28779599,-1.86480186,22.14936248,-5.39325843,19.16211293,-6.54827969,23.09653916,24.75774135,416101967.60000002,82628630.00000000,False
133820,화인베스틸,KOSPI,990,-1.59045726,11.83970856,-2.65486726,16.90346084,-1.78571429,34.02550091,-5.80399619,24.33515483,24.73224044,41769715.30000000,37458897.00000000,False
151860,KG에코솔루션,KOSDAQ,5390,-0.18518519,35.73770492,-1.64233577,23.82513661,-4.60176991,21.49362477,-4.60176991,27.06739526,24.73224044,503433424.75000000,216768730.00000000,False
149980,하이로닉,KOSDAQ,4555,0.44101433,54.79052823,-1.83189655,22.40437158,-5.88842975,17.81420765,-4.60732984,27.01275046,24.72859745,93328445.50000000,88464495.00000000,False
090430,아모레퍼시픽,KOSPI,133000,0.37735849,53.77049180,-6.27202255,6.19307832,-6.66666667,15.73770492,5.13833992,55.88342441,24.70673953,28402842933.90000153,32005209164.00000000,False
083640,인콘,KOSDAQ,5260,0.19047619,49.50819672,-2.59259259,17.44990893,-3.30882353,26.81238616,-9.62199313,18.28779599,24.56830601,35821610.50000000,18482320.00000000,False
071055,한국금융지주우,KOSPI,142000,-0.62981106,25.61020036,-0.90718772,28.81602914,-3.92422192,24.15300546,-9.43877551,18.50637523,24.56830601,1588807990.00000000,1101639300.00000000,False
019210,와이지-원,KOSDAQ,12750,-1.00931677,18.57923497,0.71090047,49.25318761,-5.48554485,18.79781421,-44.32314410,2.04007286,24.56102004,6320289409.50000000,7195291730.00000000,False
000070,삼양홀딩스,KOSPI,57200,-0.17452007,36.13843352,-1.71821306,23.31511840,-6.22950820,16.64845173,-0.86655113,36.46630237,24.56102004,385251677.50000000,736082700.00000000,False
000880,한화,KOSPI,126700,-0.70532915,23.82513661,-3.65019011,12.53187614,-5.23560209,19.70856102,3.67570045,52.53187614,24.53187614,13740460624.10000038,9906628852.00000000,False
006060,화승인더,KOSPI,2240,0.67415730,59.81785064,-0.22271715,35.51912568,-9.49494949,9.76320583,-8.57142857,19.74499089,24.49180328,131935659.80000000,99075425.00000000,False
005300,롯데칠성,KOSPI,94700,-0.83769634,21.60291439,-1.35416667,25.61020036,-3.66225839,25.28233151,-6.79133858,22.40437158,24.43715847,1174083980.65000010,1678787963.00000000,False
008470,부스타,KOSDAQ,1650,-1.78571429,10.14571949,-2.25118483,19.56284153,-1.78571429,34.02550091,-8.58725762,19.70856102,24.43533698,35027535.05000000,12069374.00000000,False
100030,인지소프트,KOSDAQ,19000,-2.91262136,5.10018215,-5.47263682,7.14025501,-5.47263682,18.97996357,12.96076100,70.78324226,24.40072860,133167973.00000000,192106310.00000000,False
079160,CJCGV,KOSPI,4950,-1.19760479,16.17486339,-5.17241379,7.75956284,-4.99040307,20.58287796,7.49185668,60.94717668,24.36794171,1833246491.90000010,1357397473.00000000,False
093380,풍강,KOSDAQ,2950,-3.90879479,2.98724954,-6.94006309,5.10018215,-5.75079872,18.17850638,16.60079051,76.24772313,24.34972678,110629248.20000000,30939520.00000000,False
012690,모나리자,KOSPI,1407,-1.12438510,16.93989071,-0.63559322,31.32969035,-6.20000000,16.68488160,-2.01949861,32.82331512,24.33151184,120003214.90000001,87334261.00000000,False
016920,카스,KOSDAQ,1019,-1.25968992,15.26411658,-2.58126195,17.55919854,-6.85557587,15.40983607,5.59585492,56.83060109,24.32422587,98908465.25000000,152678377.00000000,False
014285,금강공업우,KOSPI,5460,-2.50000000,6.83060109,-2.84697509,15.95628415,-2.15053763,32.42258652,-3.87323944,28.41530055,24.12204007,10792872.00000000,5635610.00000000,False
001540,안국약품,KOSDAQ,9930,0.20181635,49.90892532,-0.99700897,27.83242259,-7.54189944,13.62477231,-4.79386385,26.59380692,24.10928962,313621527.25000000,249449850.00000000,False
286750,나노실리칸첨단소재,KOSDAQ,2550,0.39370079,53.98907104,-7.10382514,4.88160291,-0.39062500,41.23861566,-31.59871245,3.57012750,24.07285974,182768988.09999999,57404785.00000000,False
005945,NH투자증권우,KOSPI,22450,-0.22222222,34.71766849,-1.96506550,21.42076503,-3.23275862,26.95810565,-10.73558648,16.72131148,24.02550091,773859203.75000000,606939200.00000000,False
005860,한일사료,KOSDAQ,2320,-1.90274841,9.28961749,-2.72536688,16.64845173,-2.72536688,29.43533698,-2.52100840,31.36612022,23.97085610,2145805132.50000000,463891202.00000000,False
294870,IPARK현대산업개발,KOSPI,21750,-2.68456376,5.82877960,-7.24946695,4.73588342,-6.25000000,16.55737705,17.25067385,76.72131148,23.97085610,3341337421.25000000,2393323000.00000000,False
133750,메가엠디,KOSDAQ,1352,-1.02489019,18.39708561,0.14814815,43.13296903,-10.40424122,8.30601093,-3.42857143,29.32604736,23.96721311,12627912.75000000,19677970.00000000,False
034310,NICE,KOSPI,11740,-1.17845118,16.42987250,-2.89495451,15.55555556,-5.47504026,18.94353370,2.62237762,50.16393443,23.91985428,334848905.00000000,125631190.00000000,False
099390,브레인즈컴퍼니,KOSDAQ,3680,-2.77410832,5.42805100,-6.83544304,5.28233151,-4.53955901,21.56648452,9.85074627,65.75591985,23.90528233,28284702.85000000,77246629.00000000,False
014830,유니드,KOSPI,60900,-0.32733224,32.05828780,-0.97560976,28.08743169,-5.87326121,17.85063752,-5.28771384,25.42805100,23.85792350,658999875.00000000,609264450.00000000,False
000120,CJ대한통운,KOSPI,70000,-0.99009901,18.90710383,-0.56818182,32.00364299,-4.76190476,21.03825137,-8.73533246,19.52641166,23.81238616,3079681980.00000000,3416185350.00000000,False
001450,현대해상,KOSPI,46800,-1.78384050,10.20036430,-3.70370370,12.05828780,-12.52336449,6.41165756,24.63382157,82.98724954,23.79963570,20369111301.29999924,12583120500.00000000,False
108670,LX하우시스,KOSPI,32900,-1.49700599,12.64116576,-0.75414781,29.94535519,-6.00000000,17.48633880,-2.08333333,32.71402550,23.78506375,608800140.00000000,438872800.00000000,False
021880,메이슨캐피탈,KOSDAQ,1173,0.17079419,49.03460838,0.25641026,44.44444444,-8.00000000,12.64116576,-42.50000000,2.40437158,23.77413479,31326283.95000000,13616455.00000000,False
298020,효성티앤씨,KOSPI,291500,6.19307832,93.84335155,-6.27009646,6.22950820,-17.77150917,3.86156648,4.48028674,54.53551913,23.70491803,4686461175.00000000,11188975500.00000000,False
000080,하이트진로,KOSPI,14790,-0.13504389,37.12204007,-2.11780278,20.51001821,-5.13149455,20.03642987,-3.64820847,28.81602914,23.64298725,1069315521.75000000,919430845.00000000,False
010780,아이에스동서,KOSPI,14830,1.15961801,66.99453552,-0.93520374,28.52459016,-5.36056158,19.23497268,-32.28310502,3.42440801,23.63570128,1074205382.50000000,494999085.00000000,False
033250,체시스,KOSPI,4070,-4.00943396,2.69581056,-2.74790920,16.39344262,-13.49628055,5.64663024,21.67414051,80.54644809,23.55555556,247186793.59999999,155177995.00000000,False
065710,서호전기,KOSDAQ,43150,-0.46136101,29.03460838,-4.42967885,9.69034608,-2.81531532,28.77959927,-2.59593679,31.14754098,23.55191257,326765566.25000000,276358975.00000000,False
417180,핑거스토리,KOSDAQ,4050,5.74412533,92.98724954,-3.68608799,12.16757741,-10.69459757,8.01457195,-0.73529412,36.86703097,23.52823315,23874309.45000000,23081680.00000000,False
376270,HEM파마,KOSDAQ,33900,-3.41880342,3.93442623,2.41691843,61.34790528,-11.14023591,7.35883424,-20.23529412,8.37887067,23.41712204,281887470.00000000,282273150.00000000,False
066620,국보디자인,KOSDAQ,24300,-1.21951220,15.71948998,-2.99401198,15.04553734,-5.99613153,17.52276867,3.18471338,51.58469945,23.41165756,83213526.25000000,76110525.00000000,False
000890,보해양조,KOSPI,1314,-0.60514372,26.19307832,0.76687117,49.90892532,-8.81332408,10.85610200,-23.20280538,6.99453552,23.33333333,364587156.25000000,174897184.00000000,False
155660,DSR,KOSPI,4275,-1.38408304,13.84335155,-0.92699884,28.63387978,-4.89432703,20.69216758,-5.31561462,25.35519126,23.32240437,59765181.90000000,83325502.00000000,False
308170,씨티알모빌리티,KOSPI,3390,0.00000000,42.80510018,-2.58620690,17.48633880,-6.86813187,15.33697632,-0.29411765,38.28779599,23.31876138,17850906.40000000,32991750.00000000,False
024950,삼천리자전거,KOSDAQ,4130,-2.36406619,7.32240437,-5.05747126,8.12386157,-10.21739130,8.59744991,25.34142640,83.46083789,23.30054645,160575752.30000001,305047791.00000000,False
131400,이브이첨단소재,KOSDAQ,766,0.00000000,42.80510018,0.00000000,39.78142077,-6.92588092,15.22768670,-27.25546059,4.88160291,23.28233151,165032434.80000001,0.00000000,False
024800,유성티엔에스,KOSDAQ,4340,-0.11507480,37.92349727,-2.47191011,18.28779599,-7.16577540,14.53551913,0.00000000,40.80145719,23.25318761,149256381.69999999,555019200.00000000,False
334970,프레스티지바이오로직스,KOSDAQ,1422,-1.93103448,9.07103825,3.26797386,65.70127505,-18.88191671,3.53369763,-24.84143763,6.04735883,23.24043716,258805577.80000001,64802521.00000000,False
347740,피엔케이피부임상연구센타,KOSDAQ,1678,0.90198437,63.31511840,-1.69888694,23.46083789,-8.40611354,11.58469945,-4.92917847,26.15664845,23.23497268,50157252.80000000,24365816.00000000,False
377450,리파인,KOSDAQ,14100,-2.55701451,6.48451730,-5.74866310,6.99453552,-15.87112172,4.48087432,49.04862579,93.33333333,23.20582878,1788032564.25000000,173612450.00000000,False
003540,대신증권,KOSPI,25400,-0.19646365,35.37340619,-2.11946050,20.47358834,-3.60531309,25.53734062,-10.87719298,16.53916211,23.20218579,1623034038.75000000,892286100.00000000,False
038060,루멘스바이오스,KOSDAQ,689,0.00000000,42.80510018,0.00000000,39.78142077,-16.38349515,4.40801457,-4.96551724,26.01092896,23.18032787,60220861.55000000,0.00000000,False
302550,리메드,KOSDAQ,2590,-2.99625468,4.95446266,-2.44821092,18.37887067,-2.26415094,31.80327869,-7.00179533,22.04007286,23.13843352,48308385.00000000,106548860.00000000,False
054300,팬스타엔터프라이즈,KOSDAQ,1012,-2.50481696,6.73952641,-0.68694799,30.71038251,-11.38353765,7.21311475,3.26530612,51.73041894,23.11839709,226424780.30000001,268458180.00000000,False
950200,소마젠,KOSDAQ,3030,0.66445183,59.59927140,-2.72873194,16.55737705,-11.91860465,6.77595628,1.33779264,46.19307832,22.87613843,297158274.89999998,214137345.00000000,False
483650,달바글로벌,KOSPI,182200,-0.65430752,25.04553734,-0.49153468,32.71402550,-4.35695538,22.33151184,-20.78260870,8.08743169,22.86885246,26287526357.50000000,17434989600.00000000,False
298000,효성화학,KOSPI,53100,-1.48423006,12.78688525,-0.18796992,36.02914390,-4.15162455,22.87795993,-20.74626866,8.12386157,22.86338798,1049796720.00000000,821638450.00000000,False
103840,우양,KOSDAQ,1581,0.57251908,57.90528233,-0.93984962,28.48816029,-6.11638955,17.19489982,-20.71213641,8.16029144,22.84699454,39423146.70000000,39893182.00000000,False
352480,씨앤씨인터내셔널,KOSDAQ,20550,-0.72463768,23.46083789,-5.94965675,6.66666667,-4.64037123,21.38433515,2.49376559,49.69034608,22.83788707,267955134.75000000,192906400.00000000,False
357430,마스턴프리미어리츠,KOSPI,786,-0.50632911,28.17850638,-11.58605174,2.44080146,-18.12500000,3.67941712,35.28399312,88.99817851,22.82149362,19666952.60000000,17714460.00000000,False
950140,잉글우드랩,KOSDAQ,8120,-0.61199510,26.08378871,-1.57575758,24.15300546,-4.24528302,22.65938069,-8.76404494,19.48998179,22.81602914,101383092.75000000,47701910.00000000,False
018680,서울제약,KOSDAQ,1916,-1.28799588,14.93624772,-2.19499745,19.89071038,-2.14504597,32.45901639,-15.22123894,11.80327869,22.80510018,9196108.65000000,25996457.00000000,False
020180,대신정보통신,KOSDAQ,3870,-0.64184852,25.28233151,-1.90114068,21.89435337,-3.12891114,27.68670310,-13.71237458,13.04189435,22.77959927,82245192.90000001,58715100.00000000,False
014910,성문전자,KOSPI,1990,-0.74812968,23.02367942,1.32382892,54.38979964,-11.94690265,6.73952641,-22.86821705,7.17668488,22.75045537,500995735.64999998,334364002.00000000,False
268280,미원에스씨,KOSPI,123000,-4.72501936,2.07650273,-6.39269406,5.93806922,-7.09969789,14.82695811,14.84593838,73.87978142,22.69581056,169495610.00000000,253464100.00000000,False
214680,디알텍,KOSDAQ,3910,0.00000000,42.80510018,1.29533679,54.17122040,-18.54166667,3.57012750,-32.05907906,3.53369763,22.66666667,1172217306.25000000,104306020.00000000,False
007310,오뚜기,KOSPI,315000,-0.94339623,19.65391621,-1.25391850,25.93806922,-6.25000000,16.55737705,-2.47678019,31.47540984,22.66484517,964506650.00000000,824129000.00000000,False
069330,유아이디,KOSDAQ,1168,-0.84889643,21.23861566,-4.65306122,8.92531876,-12.18045113,6.55737705,16.33466135,75.73770492,22.57194900,47531336.80000000,103794690.00000000,False
001200,유진투자증권,KOSPI,4080,-0.36630037,31.22040073,-1.44927536,24.82695811,-5.55555556,18.59744991,-6.63615561,22.73224044,22.55555556,1728671703.75000000,1194779225.00000000,False
220180,폴라리스AI핸디,KOSDAQ,1354,0.96942580,64.22586521,-5.90687978,6.73952641,-4.24328147,22.69581056,-5.44692737,25.10018215,22.54280510,12659377.90000000,2052736.00000000,False
001940,KISCO홀딩스,KOSPI,25750,0.38986355,53.91621129,-3.73831776,11.87613843,-6.19307832,16.75774135,-1.52963671,34.35336976,22.52823315,156543718.75000000,156297050.00000000,False
034830,한국토지신탁,KOSPI,1109,-1.33451957,14.53551913,-2.54833040,17.77777778,-3.98268398,23.97085610,-2.88966725,30.41894353,22.45901639,267895581.05000001,430090511.00000000,False
027740,마니커,KOSPI,1138,-2.56849315,6.37522769,-1.30095403,25.71948998,-24.48573324,1.96721311,10.16456922,66.44808743,22.42987250,162632373.09999999,182073563.00000000,False
013700,까뮤이앤씨,KOSPI,1535,-3.94242804,2.91438980,-3.45911950,13.36976321,-7.41857660,14.06193078,8.17477097,62.40437158,22.40801457,249554075.69999999,321355639.00000000,False
462870,시프트업,KOSPI,30900,-0.32258065,32.27686703,-2.06022187,20.76502732,-3.43750000,26.22950820,-14.75862069,12.27686703,22.40437158,964244975.00000000,904408275.00000000,False
123860,아나패스,KOSDAQ,12900,-1.22511485,15.51912568,-2.27272727,19.39890710,-3.00751880,28.32422587,-9.60056062,18.36065574,22.37340619,151292078.00000000,189867290.00000000,False
263920,휴엠앤씨,KOSDAQ,3100,-4.02476780,2.65938069,0.00000000,39.78142077,-4.76190476,21.03825137,-20.00000000,8.57923497,22.33151184,6100061.95000000,6964140.00000000,False
264900,크라운제과,KOSPI,7640,-0.13071895,37.26775956,-1.54639175,24.26229508,-5.56242274,18.54280510,-8.83054893,19.38069217,22.29872495,62654213.00000000,32755190.00000000,False
020400,대동금속,KOSDAQ,2615,-3.32717190,4.11657559,0.57692308,47.70491803,-7.59717314,13.47905282,-16.98412698,10.74681239,22.26411658,35303296.45000000,36134660.00000000,False
005257,녹십자홀딩스2우,KOSPI,17530,-4.46866485,2.18579235,-4.78001086,8.63387978,-2.61111111,29.87249545,-0.51078320,37.44990893,22.24772313,6915242.00000000,2653180.00000000,False
021080,에이티넘인베스트,KOSDAQ,2045,-3.30969267,4.15300546,-1.68269231,23.64298725,-4.43925234,22.04007286,-3.30969267,29.54462659,22.23315118,289074571.80000001,966589088.00000000,False
323410,카카오뱅크,KOSPI,20050,1.62189559,72.93260474,-1.71568627,23.35154827,-8.02752294,12.49544627,-12.25382932,14.57194900,22.21129326,15856882042.50000000,14904850255.00000000,False
053290,NE능률,KOSDAQ,1505,-2.84054229,5.31876138,-6.98393078,4.99089253,-8.11965812,12.13114754,17.21183801,76.57559199,22.19672131,17049315.10000000,48403100.00000000,False
267790,배럴,KOSDAQ,3110,-3.56589147,3.58834244,0.81037277,50.49180328,-10.76040172,7.94171220,-10.37463977,17.23132969,22.12932605,10342142.25000000,7522405.00000000,False
016800,퍼시스,KOSPI,24300,1.25000000,68.37887067,-1.01832994,27.68670310,-9.49720670,9.72677596,-11.79673321,15.37340619,22.10928962,21584557.50000000,26414400.00000000,False
241710,코스메카코리아,KOSDAQ,110000,-0.63233966,25.48269581,-12.00000000,2.29508197,-18.03278689,3.78870674,30.33175355,86.70309654,22.09289617,15822879410.00000000,33541968850.00000000,False
006740,블루산업개발,KOSPI,4750,-2.76356192,5.46448087,-2.56410256,17.66848816,-9.17782027,10.34608379,7.22347630,60.51001821,22.08743169,30268909.60000000,35993885.00000000,False
950130,엑세스바이오,KOSDAQ,2200,1.38248848,70.05464481,-1.12359551,26.81238616,-12.87128713,6.19307832,-6.77966102,22.45901639,22.01821494,176784066.59999999,70121690.00000000,False
005750,대림바스,KOSPI,4240,0.23640662,51.07468124,-1.39534884,25.20947177,-10.16949153,8.63387978,-3.41685649,29.36247723,21.99635701,111749269.45000000,90457090.00000000,False
012200,계양전기,KOSPI,3165,1.28000000,68.63387978,-0.47169811,32.85974499,-9.31232092,10.16393443,-25.10648367,6.01092896,21.98907104,2792995999.69999981,1213152078.00000000,False
153460,네이블,KOSDAQ,5540,3.55140187,86.22950820,-3.65217391,12.49544627,-6.26057530,16.46630237,-11.92368839,15.04553734,21.96721311,21249758.75000000,24966895.00000000,False
086790,하나금융지주,KOSPI,129200,-0.30864198,32.71402550,-3.86904762,11.47540984,-7.38351254,14.13479053,1.81245075,47.79599271,21.92714026,89901514911.75000000,63561554450.00000000,False
111770,영원무역,KOSPI,69600,3.41753343,85.13661202,-2.10970464,20.58287796,-7.93650794,12.75045537,-17.14285714,10.56466302,21.90163934,4014007730.30000019,6668858050.00000000,False
030200,KT,KOSPI,51600,-0.76923077,22.55009107,-2.27272727,19.39890710,-4.08921933,23.27868852,-7.02702703,22.00364299,21.78688525,13747000118.25000000,16093701370.00000000,False
076080,웰크론한텍,KOSDAQ,1028,1.48075025,71.18397086,-6.54545455,5.71948998,-9.34744268,10.01821494,0.88321884,44.66302368,21.77413479,32529940.75000000,19573419.00000000,False
036120,서울평가정보,KOSDAQ,1555,0.64724919,59.16211293,-5.98548972,6.55737705,-7.71513353,13.18761384,0.19329897,42.91438980,21.74134791,98599640.84999999,42136542.00000000,False
010400,우진아이엔에스,KOSPI,4115,-1.67264038,11.00182149,-2.02380952,21.00182149,-9.16114790,10.38251366,2.74656679,50.49180328,21.65209472,62784788.50000000,87114150.00000000,False
350520,이지스레지던스리츠,KOSPI,3235,-1.22137405,15.66484517,-1.96969697,21.38433515,-5.27086384,19.52641166,-3.43283582,29.28961749,21.65027322,97649243.15000001,245312270.00000000,False
280360,롯데웰푸드,KOSPI,119900,-0.16652789,36.42987250,-4.76568705,8.70673953,-18.21282401,3.60655738,12.05607477,69.21675774,21.54098361,2442330165.00000000,1504368100.00000000,False
194370,제이에스코퍼레이션,KOSPI,12390,-3.57976654,3.53369763,-3.12744332,14.42622951,-5.34759358,19.41712204,1.06035889,45.31876138,21.51183971,553824381.00000000,690577540.00000000,False
047400,유니온머티리얼,KOSPI,900,-1.09890110,17.35883424,-5.95611285,6.63023679,-1.31578947,36.35701275,-11.15498519,16.10200364,21.48816029,327555877.89999998,158780801.00000000,False
015760,한국전력,KOSPI,30250,0.49833887,56.44808743,-1.14379085,26.63023679,-6.77966102,15.59198543,-20.81151832,8.05100182,21.48087432,43783462145.00000000,27517031925.00000000,False
004250,NPC,KOSPI,2850,-1.04166667,18.19672131,-1.38408304,25.31876138,-5.00000000,20.52823315,-8.94568690,19.16211293,21.45901639,41921563.40000000,25036035.00000000,False
001210,금호전기,KOSPI,9060,-4.53108535,2.11293260,-8.66935484,3.64298725,-29.60372960,1.45719490,80.83832335,97.74134791,21.43533698,34323278403.50000000,7753578850.00000000,False
002170,SYTS,KOSPI,51800,0.00000000,42.80510018,-2.44821092,18.37887067,-5.81818182,18.06921676,-7.16845878,21.74863388,21.37158470,44585445.00000000,4808400.00000000,False
006805,미래에셋증권우,KOSPI,11250,0.26737968,51.91256831,-2.00348432,21.16575592,-4.74174428,21.09289617,-23.62525458,6.73952641,21.32604736,335843964.50000000,237318925.00000000,False
035420,NAVER,KOSPI,191900,-0.15608741,36.72131148,-2.24146714,19.63570128,-7.51807229,13.73406193,-2.68762677,30.92896175,21.24225865,128908034965.00000000,93036313400.00000000,False
259960,크래프톤,KOSPI,199600,0.05012531,46.81238616,-0.44887781,33.29690346,-8.44036697,11.54826958,-18.53061224,9.61748634,21.21311475,15017063253.10000038,14708835850.00000000,False
079650,서산,KOSDAQ,5640,0.00000000,42.80510018,-13.89312977,1.85792350,-25.49537649,1.85792350,18.11518325,77.70491803,21.12204007,26491756547.75000000,3060478825.00000000,False
142760,모아라이프플러스,KOSDAQ,476,-0.62630480,25.70127505,1.06157113,52.53187614,-13.29690346,5.79234973,-42.65060241,2.36794171,21.12021858,352071446.35000002,40973752.00000000,False
225430,케이엠제약,KOSDAQ,698,0.00000000,42.80510018,0.00000000,39.78142077,-8.39895013,11.65755920,-56.07300189,1.12932605,21.10382514,422282988.50000000,0.00000000,False
084670,동양고속,KOSPI,23000,-1.91897655,9.14389800,-4.16666667,10.32786885,-1.28755365,36.52094718,-14.65677180,12.34972678,21.09107468,219117755.00000000,346007175.00000000,False
000140,하이트진로홀딩스,KOSPI,7720,-1.02564103,18.36065574,-2.77078086,16.28415301,-3.74064838,25.10018215,-7.21153846,21.60291439,21.08196721,41217889.75000000,74263370.00000000,False
106190,하이텍팜,KOSDAQ,9960,-1.96850394,8.81602914,-0.69790628,30.56466302,-4.04624277,23.53369763,-20.82670906,8.01457195,21.06739526,196433803.00000000,199802700.00000000,False
088350,한화생명,KOSPI,5280,-0.75187970,22.98724954,-9.27835052,3.20582878,-13.58428805,5.61020036,18.12080537,77.74134791,21.05282332,19198158299.25000000,8474096575.00000000,False
134580,탑코미디어,KOSDAQ,2530,-11.22807018,0.25500911,-23.56495468,0.80145719,-24.25149701,2.11293260,133.39483395,99.63570128,21.03825137,2298317154.75000000,2811109486.00000000,False
006040,동원산업,KOSPI,35150,-0.84626234,21.27504554,-2.36111111,18.79781421,-7.13342140,14.68123862,-0.70621469,36.93989071,21.02732240,1083348896.25000000,988024475.00000000,False
013120,동원개발,KOSDAQ,2090,-1.64705882,11.29326047,-0.23866348,35.22768670,-5.00000000,20.52823315,-26.14840989,5.42805100,20.99453552,128987705.90000001,163696445.00000000,False
260660,알리코제약,KOSDAQ,2290,0.00000000,42.80510018,-1.92719486,21.74863388,-7.47474747,13.87978142,-6.72097760,22.62295082,20.88160291,212387622.00000000,11181455.00000000,False
183190,아세아시멘트,KOSPI,9970,-2.06286837,8.34244080,-5.04761905,8.16029144,-7.51391466,13.77049180,7.08915145,60.25500911,20.84153005,355864981.50000000,435506320.00000000,False
011150,CJ씨푸드,KOSPI,1883,-0.63324538,25.42805100,-1.82481752,22.44080146,-6.08478803,17.30418944,-6.55086849,23.06010929,20.80874317,63563035.45000000,121143986.00000000,False
004980,성신양회,KOSPI,8090,-0.85784314,20.98360656,-2.17654172,20.00000000,-4.03321471,23.64298725,-11.09890110,16.13843352,20.78324226,451526889.25000000,581899870.00000000,False
092440,기신정기,KOSPI,1839,-1.23523093,15.40983607,-0.75553157,29.90892532,-8.50746269,11.40255009,-3.86826973,28.48816029,20.77231330,169212388.34999999,64711336.00000000,False
188040,바이오포트,KOSDAQ,4890,-1.70854271,10.78324226,-2.78330020,16.13843352,-3.55029586,25.64663024,-6.67938931,22.69581056,20.71766849,27022523.55000000,14577465.00000000,False
000720,현대건설,KOSPI,113100,-1.39494333,13.69763206,-8.19805195,4.11657559,-5.35564854,19.38069217,3.28767123,51.80327869,20.71766849,87943865035.00000000,65727277550.00000000,False
034230,파라다이스,KOSPI,9420,0.31948882,52.76867031,-2.58531541,17.52276867,-4.07331976,23.42440801,-29.75391499,4.04371585,20.71220401,2489249384.75000000,1733215890.00000000,False
071850,캐스텍코리아,KOSDAQ,1224,-1.44927536,13.00546448,-1.44927536,24.82695811,-4.07523511,23.38797814,-14.94093120,12.09471767,20.52276867,8940428.10000000,20194093.00000000,False
339950,아이비김영,KOSDAQ,2385,-0.41753653,30.05464481,-0.62500000,31.47540984,-8.09248555,12.20400729,-11.66666667,15.59198543,20.44808743,115626343.25000000,129409853.00000000,False
006920,모헨즈,KOSDAQ,3020,-1.14566285,16.79417122,0.66666667,48.85245902,-12.71676301,6.33879781,-21.45643693,7.75956284,20.42258652,208599474.90000001,88557868.00000000,False
192080,더블유게임즈,KOSPI,56700,-1.90311419,9.25318761,-3.24232082,13.98907104,-2.24137931,31.94899818,-14.86486486,12.16757741,20.33515483,2451633130.00000000,1823993800.00000000,False
036580,팜스코,KOSPI,2445,-1.80722892,9.96357013,-3.16831683,14.35336976,-6.85714286,15.37340619,0.61728395,44.04371585,20.26047359,93666434.00000000,49231775.00000000,False
003520,영진약품,KOSPI,1033,-1.80608365,10.01821494,-0.19323671,35.91985428,-7.10431655,14.79052823,-14.13133832,12.75045537,20.24408015,418196028.55000001,223070236.00000000,False
000370,한화손해보험,KOSPI,7240,-1.89701897,9.32604736,-8.23827630,4.08014572,-19.10614525,3.42440801,25.25951557,83.35154827,20.19672131,4985382389.50000000,2262620500.00000000,False
057680,티사이언티픽,KOSDAQ,1701,-1.56250000,12.07650273,-2.01612903,21.05646630,-3.84397965,24.59016393,-12.76923077,13.95264117,20.15118397,227431469.00000000,45246960.00000000,False
000650,천일고속,KOSPI,138700,-1.42146411,13.33333333,-2.73492286,16.46630237,-3.07477289,28.05100182,-13.74378109,13.00546448,20.09471767,150143497.50000000,298551500.00000000,False
084850,아이티엠반도체,KOSDAQ,8010,-1.59705160,11.80327869,-0.62034739,31.51183971,-7.29166667,14.20765027,-9.18367347,18.83424408,20.08378871,126562232.00000000,176038410.00000000,False
004000,롯데정밀화학,KOSPI,42800,-0.11668611,37.83242259,-2.72727273,16.61202186,-7.15835141,14.64480874,-4.57079153,27.21311475,20.06739526,2163370136.25000000,1785275575.00000000,False
900310,컬러레이,KOSDAQ,2050,-1.44230769,13.15118397,-3.52941176,13.07832423,-6.81818182,15.48269581,0.24449878,43.13296903,20.05828780,8775232.10000000,9621233.00000000,False
024110,기업은행,KOSPI,20150,-0.73891626,23.24225865,-3.12500000,14.46265938,-4.72813239,21.12932605,-5.62060890,24.66302368,20.04735883,16842018377.00000000,14278168025.00000000,False
337930,젝시믹스,KOSDAQ,2380,0.42194093,54.46265938,-0.83333333,29.25318761,-8.63723608,11.18397086,-23.71794872,6.63023679,20.02185792,162001321.25000000,194238572.00000000,False
001070,대한방직,KOSPI,5700,-1.55440415,12.16757741,-4.52261307,9.25318761,-4.52261307,21.74863388,-0.86956522,36.42987250,19.97814208,20113099.75000000,20599215.00000000,False
048430,유라테크,KOSDAQ,5870,-0.67681895,24.55373406,-4.55284553,9.10746812,-7.26698262,14.35336976,1.03270224,45.17304189,19.96357013,875627553.75000000,103231390.00000000,False
131760,파인텍,KOSDAQ,1284,3.54838710,86.19307832,-2.13414634,20.40072860,-9.38602682,9.98178506,-25.21840419,5.90163934,19.91256831,339249484.55000001,180979578.00000000,False
443250,레뷰코퍼레이션,KOSDAQ,5060,-2.69230769,5.79234973,0.79681275,50.29143898,-15.52587646,4.69945355,-16.08623549,11.22040073,19.79052823,57009900.20000000,46899210.00000000,False
226330,신테카바이오,KOSDAQ,1297,2.44865719,80.36429872,-2.18702866,19.96357013,-9.61672474,9.36247723,-18.37633732,9.72677596,19.71584699,221047539.34999999,91076575.00000000,False
265560,영화테크,KOSDAQ,6290,-0.63191153,25.53734062,-0.94488189,28.41530055,-8.04093567,12.42258652,-9.62643678,18.21493625,19.69034608,69300729.25000000,166850160.00000000,False
006200,한국전자홀딩스,KOSPI,1677,3.51851852,85.86520947,-12.19895288,2.25865209,-4.06178490,23.46083789,-26.76855895,5.10018215,19.66848816,71289142.90000001,102139595.00000000,False
003470,유안타증권,KOSPI,4320,-0.57537399,26.99453552,-1.81818182,22.56830601,-8.08510638,12.27686703,-4.95049505,26.04735883,19.59016393,1134183879.29999995,883061330.00000000,False
036530,SNT홀딩스,KOSPI,44850,-1.42857143,13.22404372,-6.56250000,5.61020036,-1.85995624,33.84335155,-11.88605108,15.22768670,19.58834244,568308300.00000000,720509025.00000000,False
408900,스튜디오미르,KOSDAQ,1002,-1.08588351,17.63205829,0.09990010,42.51366120,-16.50000000,4.29872495,-10.93333333,16.35701275,19.50819672,33658559.60000000,37341070.00000000,False
024830,세원물산,KOSDAQ,8190,-0.36496350,31.36612022,-2.73159145,16.50273224,-5.53633218,18.68852459,-8.59375000,19.67213115,19.49726776,17810239.25000000,55846500.00000000,False
000815,삼성화재우,KOSPI,395000,0.76530612,61.60291439,-3.06748466,14.68123862,-10.53227633,8.19672131,-4.00972053,28.19672131,19.48269581,3677480747.15000010,1686521250.00000000,False
031210,서울보증보험,KOSPI,41950,-0.71005917,23.75227687,-2.78099652,16.17486339,-6.46599777,16.06557377,-3.78440367,28.70673953,19.39526412,1883499480.40000010,1264014500.00000000,False
334890,이지스밸류플러스리츠,KOSPI,3615,-1.22950820,15.44626594,-3.72836218,11.94899818,-9.28481807,10.23679417,2.84495021,50.71038251,19.36612022,333995614.10000002,247862283.00000000,False
000040,KR모터스,KOSPI,1024,1.48662042,71.36612022,-0.38910506,33.87978142,-26.90935046,1.67577413,-23.29588015,6.92167577,19.35519126,46992853.60000000,24050854.00000000,False
000180,성창기업지주,KOSPI,4820,-0.10362694,38.14207650,-3.30992979,13.77049180,-7.12909441,14.71766849,-4.36507937,27.54098361,19.34061931,73394782.90000001,16589385.00000000,False
105560,KB금융,KOSPI,167400,-0.59382423,26.44808743,-3.68239356,12.27686703,-5.90219224,17.74134791,-3.34872979,29.47176685,19.31876138,161503969767.64999390,138234995650.00000000,False
025440,DH오토웨어,KOSDAQ,3195,-1.08359133,17.66848816,-2.88753799,15.66484517,-6.02941176,17.41347905,-3.61990950,28.90710383,19.21311475,13540513.15000000,7037380.00000000,False
051500,CJ프레시웨이,KOSDAQ,21600,-0.46082949,29.10746812,-1.14416476,26.59380692,-8.47457627,11.49362477,-9.43396226,18.54280510,19.19489982,133492433.75000000,113205050.00000000,False
255220,SG,KOSDAQ,1100,-0.45248869,29.21675774,-3.08370044,14.60837887,-3.50877193,25.84699454,-22.09631728,7.44990893,19.13296903,2305428480.15000010,1927145646.00000000,False
058730,다스코,KOSPI,3225,1.57480315,72.31329690,-1.37614679,25.46448087,-12.95546559,6.15664845,-19.37500000,8.88888889,19.11111111,1809740660.45000005,622757196.00000000,False
036000,예림당,KOSDAQ,2690,-0.37037037,31.14754098,-2.53623188,17.88706740,-7.71869640,13.15118397,-4.77876106,26.70309654,19.08196721,37202323.85000000,16565922.00000000,False
033340,좋은사람들,KOSDAQ,460,0.00000000,42.80510018,0.00000000,39.78142077,-26.40000000,1.74863388,-17.11711712,10.63752277,19.04189435,4000929979.90000010,0.00000000,False
192440,슈피겐코리아,KOSDAQ,28650,-2.88135593,5.13661202,-5.75657895,6.92167577,-3.53535354,25.75591985,-2.88135593,30.45537341,18.98360656,135261905.00000000,276346250.00000000,False
002020,코오롱,KOSPI,23700,0.21141649,50.23679417,-1.86335404,22.18579235,-6.13861386,17.15846995,-49.30481283,1.71220401,18.88524590,550026006.25000000,418266450.00000000,False
109070,주성코퍼레이션,KOSPI,7110,-3.39673913,4.04371585,-1.93103448,21.67577413,-8.25806452,11.98542805,-1.18137596,35.59198543,18.81967213,91993197.75000000,351494165.00000000,False
003230,삼양식품,KOSPI,1204000,-0.90534979,20.18214936,-1.14942529,26.52094718,-15.44943820,4.77231330,-1.47299509,34.64480874,18.81238616,59842455450.00000000,40556218000.00000000,False
053620,태양,KOSDAQ,6580,-0.90361446,20.23679417,-4.36046512,9.87249545,-6.66666667,15.73770492,-0.60422961,37.34061931,18.74863388,23369227.75000000,63428310.00000000,False
368970,오에스피,KOSDAQ,2440,-0.61099796,26.12021858,-9.46196660,3.09653916,-4.68750000,21.23861566,-1.81086519,33.44262295,18.72495446,96375606.05000000,222614812.00000000,False
026940,부국철강,KOSPI,2090,-0.94786730,19.48998179,-0.47619048,32.78688525,-8.73362445,11.00182149,-14.16837782,12.67759563,18.72131148,800084718.20000005,337345295.00000000,False
025870,신라에스지,KOSDAQ,1059,0.00000000,42.80510018,0.00000000,39.78142077,-14.38965238,5.13661202,-48.46715328,1.78506375,18.62659381,236138557.00000000,0.00000000,False
403490,우듬지팜,KOSDAQ,2050,0.73710074,61.05646630,-1.44230769,24.91803279,-9.49227373,9.79963570,-26.39138241,5.39162113,18.57923497,45874214.70000000,39561145.00000000,False
293580,나우IB,KOSDAQ,1274,-0.39093041,30.71038251,-1.08695652,27.08561020,-10.78431373,7.86885246,-7.61421320,21.12932605,18.57012750,666600624.29999995,313503703.00000000,False
054940,엑사이엔씨,KOSDAQ,3460,-2.39774330,7.10382514,-3.62116992,12.78688525,-11.16816431,7.32240437,4.84848485,55.37340619,18.55009107,296970787.50000000,223498586.00000000,False
028260,삼성물산,KOSPI,343500,-1.00864553,18.61566485,-0.57887120,31.87613843,-7.66129032,13.29690346,-19.08127208,8.99817851,18.54280510,115337925348.50000000,88844277000.00000000,False
010640,진양폴리,KOSPI,1979,-5.08393285,1.74863388,-8.80184332,3.57012750,-9.01149425,10.56466302,9.51853901,65.31876138,18.53551913,229208301.34999999,152778113.00000000,False
037710,광주신세계,KOSPI,33700,-0.73637703,23.35154827,-3.02158273,14.93624772,-3.43839542,26.19307832,-25.11111111,5.97449909,18.48816029,599241906.25000000,451112225.00000000,False
204610,티쓰리,KOSDAQ,2880,-0.51813472,27.81420765,-1.87393526,22.07650273,-10.97372488,7.57741348,-3.03030303,30.12750455,18.46083789,281226117.64999998,158915342.00000000,False
004720,팜젠사이언스,KOSPI,2895,-0.34423408,31.83970856,-2.36087690,18.83424408,-7.80254777,13.04189435,-7.06260032,21.93078324,18.43715847,41880662.60000000,18655750.00000000,False
052330,코텍,KOSDAQ,10430,-0.57197331,27.14025501,-0.66666667,30.96539162,-12.05733558,6.66666667,-9.22541340,18.76138434,18.42258652,146747205.75000000,144286410.00000000,False
051630,진양화학,KOSPI,1413,-8.24675325,0.36429872,-20.12436405,1.09289617,-0.84210526,38.79781421,-14.31170406,12.60473588,18.40437158,1015813882.79999995,405146116.00000000,False
071050,한국금융지주,KOSPI,178400,-1.10864745,17.08561020,-1.81618052,22.62295082,-4.39442658,22.14936248,-26.73511294,5.13661202,18.38251366,28992180085.00000000,26103176550.00000000,False
041830,인바디,KOSDAQ,52400,0.57581574,58.03278689,-2.60223048,17.37704918,-12.08053691,6.63023679,-6.42857143,23.27868852,18.32422587,3904057512.50000000,2543814450.00000000,False
052220,iMBC,KOSDAQ,1646,-0.78360458,22.36794171,-1.37807070,25.42805100,-6.95308084,15.15482696,-15.02323180,11.91256831,18.30965392,1030234365.14999998,32353923.00000000,False
033130,디지틀조선,KOSDAQ,1704,-1.67339873,10.96539162,-0.93023256,28.59744991,-7.29053319,14.24408015,-12.39074550,14.42622951,18.25865209,83415426.70000000,210993549.00000000,False
461300,아이스크림미디어,KOSDAQ,17550,-4.92957746,1.82149362,-7.14285714,4.80874317,-9.30232558,10.20036430,8.26650216,62.58652095,18.22222222,421396492.25000000,719781895.00000000,False
039310,세중,KOSDAQ,1164,-1.10450297,17.15846995,-8.27423168,4.04371585,-20.65439673,2.91438980,12.79069767,70.52823315,18.20036430,43180642.50000000,29653378.00000000,False
340360,다보링크,KOSDAQ,860,-2.60475651,6.12021858,-6.92640693,5.20947177,-14.51292247,5.02732240,12.56544503,70.01821494,18.18943534,156486448.94999999,78101035.00000000,False
019010,베뉴지,KOSDAQ,4425,-0.67340067,24.60837887,-7.32984293,4.59016393,-3.27868852,26.88524590,-10.15228426,17.41347905,18.07468124,1079900361.29999995,353988050.00000000,False
039490,키움증권,KOSPI,254000,-1.93050193,9.10746812,-0.97465887,28.16029144,-5.40037244,19.12568306,-26.58959538,5.24590164,18.05828780,16748515816.64999962,15532468833.00000000,False
225590,패션플랫폼,KOSDAQ,2935,3.52733686,86.01092896,-8.56697819,3.75227687,-8.85093168,10.74681239,-8.28125000,20.03642987,18.03278689,86061291.84999999,124029976.00000000,False
223310,사토시홀딩스,KOSDAQ,2925,-1.84563758,9.72677596,-2.33722871,18.97996357,-3.46534653,26.04735883,-28.65853659,4.40801457,17.96721311,504952548.89999998,73267840.00000000,False
019660,글로본,KOSDAQ,1438,-0.06949270,38.61566485,-2.44233379,18.43351548,-5.70491803,18.32422587,-25.45360290,5.82877960,17.88706740,49081587.15000000,36854040.00000000,False
005380,현대차,KOSPI,348500,0.43227666,54.71766849,-1.55367232,24.22586521,-9.12646675,10.45537341,-27.32012513,4.80874317,17.88342441,165412767850.00000000,142570511250.00000000,False
088790,진도,KOSPI,2345,-7.67716535,0.54644809,-6.75944334,5.31876138,-2.89855072,28.52459016,-6.20000000,23.75227687,17.81056466,108268094.80000000,97691065.00000000,False
093240,형지엘리트,KOSPI,296,0.00000000,42.80510018,0.00000000,39.78142077,-22.71540470,2.40437158,-37.15498938,2.95081967,17.76684882,157330573.94999999,0.00000000,False
097780,에코볼트,KOSDAQ,1470,-3.28947368,4.18943534,-3.66972477,12.42258652,-16.42978965,4.37158470,6.59898477,59.16211293,17.72677596,21888256.45000000,19711622.00000000,False
033920,무학,KOSPI,7300,-1.61725067,11.62112933,-3.18302387,14.24408015,-5.68475452,18.36065574,-5.68475452,24.51730419,17.68306011,133136816.25000000,143699000.00000000,False
042420,네오위즈홀딩스,KOSDAQ,22000,-0.90090090,20.30965392,-6.38297872,5.97449909,-7.94979079,12.71402550,0.45662100,43.64298725,17.63752277,182690503.75000000,226565025.00000000,False
329180,HD현대중공업,KOSPI,421500,-1.05633803,18.03278689,-3.98633257,11.03825137,-3.10344828,27.83242259,-23.64130435,6.70309654,17.58834244,118637320187.50000000,72399853250.00000000,False
007120,미래아이앤지,KOSPI,1000,1.62601626,73.00546448,-1.96078431,21.51183971,-13.49480969,5.68306011,-21.44540456,7.79599271,17.58652095,50371890.00000000,41388516.00000000,False
071970,HD현대마린엔진,KOSPI,47700,-2.75229358,5.53734062,-2.55362615,17.74134791,-3.63636364,25.33697632,-21.28712871,7.86885246,17.58469945,8584154712.50000000,10082160350.00000000,False
003060,에이프로젠바이오로직스,KOSPI,1566,-1.01137800,18.54280510,-0.31826862,34.46265938,-9.32252461,10.09107468,-23.60975610,6.77595628,17.58469945,1174995169.00000000,187705009.00000000,False
004545,깨끗한나라우,KOSPI,3505,-3.44352617,3.86156648,0.71839080,49.39890710,-15.54216867,4.66302368,-49.27641100,1.74863388,17.42076503,9020886.25000000,191365.00000000,False
083660,CSA코스믹,KOSDAQ,1434,2.35546039,79.48998179,-2.64765784,17.01275046,-13.61445783,5.53734062,-17.06188548,10.67395264,17.40255009,61952489.70000000,14178287.00000000,False
089150,케이씨티,KOSDAQ,1638,-0.30432136,32.78688525,-1.02719033,27.61384335,-11.12316875,7.39526412,-12.40641711,14.38979964,17.39890710,44097816.70000000,49103716.00000000,False
051900,LG생활건강,KOSPI,267000,-1.65745856,11.12932605,-8.40480274,3.86156648,-8.40480274,11.62112933,3.48837209,52.13114754,17.34608379,18517821162.50000000,15241597250.00000000,False
000810,삼성화재,KOSPI,633000,0.63593005,58.94353370,-3.79939210,11.51183971,-9.82905983,8.92531876,-7.18475073,21.71220401,17.26047359,57217065648.00000000,52789509000.00000000,False
001680,대상,KOSPI,17600,-1.17911286,16.35701275,-3.77255331,11.73041894,-7.61154856,13.44262295,-1.94986072,33.15118397,17.16211293,1261940474.50000000,1252490845.00000000,False
021045,대호특수강우,KOSDAQ,2000,0.30090271,52.34972678,-4.53460621,9.18032787,-22.63056093,2.44080146,0.00000000,40.80145719,17.12568306,4711237.85000000,904094.00000000,False
377190,디앤디플랫폼리츠,KOSPI,1998,0.05007511,46.77595628,-9.18181818,3.27868852,-8.97494305,10.71038251,-1.08910891,35.73770492,17.09289617,451331626.55000001,273994269.00000000,False
088340,유라클,KOSDAQ,6380,-0.77760498,22.44080146,-5.20059435,7.68670310,-5.62130178,18.43351548,-5.34124629,25.24590164,16.97267760,144107922.50000000,51733230.00000000,False
008770,호텔신라,KOSPI,39300,-0.25380711,33.47905282,-2.48138958,18.21493625,-5.98086124,17.59562842,-27.49077491,4.77231330,16.80510018,6971564672.50000000,4909033075.00000000,False
001550,조비,KOSPI,10210,0.00000000,42.80510018,-4.13145540,10.52823315,-9.56598760,9.50819672,-4.31115276,27.68670310,16.77959927,403452533.00000000,184503520.00000000,False
900100,파이온엑스,KOSDAQ,1096,0.00000000,42.80510018,0.00000000,39.78142077,-53.36170213,0.72859745,-52.34782609,1.34790528,16.77595628,185470895.30000001,0.00000000,False
004770,써니전자,KOSPI,1801,-2.85868393,5.28233151,-11.71568627,2.33151184,-13.62110312,5.50091075,10.22031824,66.59380692,16.74681239,5271205501.85000038,1833519339.00000000,False
239340,이스트에이드,KOSDAQ,2380,1.27659574,68.59744991,-9.84848485,2.98724954,-5.55555556,18.59744991,-21.58154860,7.65027322,16.72495446,33454239.00000000,23150991.00000000,False
044340,위닉스,KOSDAQ,2790,-4.77815700,2.04007286,0.17953321,43.49726776,-15.45454545,4.73588342,-21.40845070,7.83242259,16.71402550,212074650.59999999,248201101.00000000,False
009970,영원무역홀딩스,KOSPI,162400,-1.33657351,14.49908925,-2.75449102,16.35701275,-5.25087515,19.63570128,-14.52631579,12.45901639,16.70309654,1503382922.50000000,1701110500.00000000,False
456040,OCI,KOSPI,74700,0.80971660,62.04007286,-6.15577889,6.37522769,-6.39097744,16.21129326,-17.18403548,10.41894353,16.68488160,2231711780.00000000,1647545050.00000000,False
003680,한성기업,KOSPI,4435,-0.78299776,22.40437158,-4.82832618,8.45173042,-5.33617930,19.45355191,-7.79625780,20.61930783,16.68123862,355850182.25000000,163749027.00000000,False
044380,주연테크,KOSPI,436,0.00000000,42.80510018,0.00000000,39.78142077,-59.81566820,0.51001821,-53.31905782,1.27504554,16.67395264,427448680.00000000,0.00000000,False
080160,모두투어,KOSDAQ,8150,-1.21212121,15.88342441,-3.77804014,11.62112933,-8.01354402,12.60473588,-2.16086435,32.49544627,16.61566485,1162855189.25000000,353967225.00000000,False
040160,누리플렉스,KOSDAQ,6230,-2.50391236,6.77595628,-2.95950156,15.11839709,-5.74886536,18.21493625,-7.84023669,20.54644809,16.60837887,110690174.75000000,40996080.00000000,False
013360,일성건설,KOSPI,1371,-0.65217391,25.17304189,-1.01083032,27.72313297,-8.29431438,11.94899818,-28.85313960,4.33515483,16.48087432,240981202.44999999,211223483.00000000,False
353810,이지바이오,KOSDAQ,5930,-2.14521452,7.90528233,-3.88978930,11.43897996,-5.72337043,18.25136612,-5.57324841,24.69945355,16.46265938,430216031.75000000,944792770.00000000,False
005745,크라운해태홀딩스우,KOSPI,4990,-1.96463654,8.85245902,-6.02636535,6.52094718,-6.90298507,15.26411658,-0.59760956,37.41347905,16.42987250,6334721.50000000,28584810.00000000,False
208860,다산디엠씨,KOSDAQ,9790,1.76715177,74.06193078,-13.36283186,2.00364299,-24.86569455,1.89435337,-0.30549898,38.17850638,16.40072860,15168809.00000000,25086260.00000000,False
003650,미창석유,KOSPI,122000,-0.81300813,22.04007286,-2.55591054,17.70491803,-7.57575758,13.55191257,-10.36002939,17.26775956,16.38979964,293094182.50000000,312767800.00000000,False
016600,큐캐피탈,KOSDAQ,2250,0.00000000,42.80510018,-1.96078431,21.51183971,-10.35856574,8.41530055,-15.73033708,11.43897996,16.38797814,59334092.00000000,57060640.00000000,False
035290,골드앤에스,KOSDAQ,384,0.00000000,42.80510018,0.00000000,39.78142077,-72.19406227,0.21857923,-80.64516129,0.25500911,16.35336976,329760319.00000000,0.00000000,False
332370,아이디피,KOSDAQ,5160,-5.14705882,1.60291439,-3.73134328,11.91256831,-6.18181818,16.79417122,-3.55140187,29.03460838,16.25865209,11801107.50000000,46019610.00000000,False
00680K,미래에셋증권2우B,KOSPI,10160,-0.29440628,32.89617486,-4.42144873,9.76320583,-4.60093897,21.53005464,-23.83808096,6.52094718,16.13479053,2312502631.50000000,2570056825.00000000,False
104460,디와이피엔에프,KOSDAQ,6710,0.44910180,55.02732240,-1.90058480,21.93078324,-11.00795756,7.54098361,-26.82660851,5.02732240,16.10382514,78890221.50000000,95254560.00000000,False
027830,대성창투,KOSDAQ,741,8.01749271,96.10200364,-3.64109233,12.71402550,-18.92778993,3.49726776,-24.61851475,6.22950820,16.06921676,128229032.34999999,166347419.00000000,False
228670,레이,KOSDAQ,4275,-1.27020785,15.19125683,-1.83696900,22.29508197,-10.84462982,7.79599271,-6.25000000,23.67941712,16.06193078,155581643.75000000,188204652.00000000,False
206400,베노티앤알,KOSDAQ,717,-0.55478502,27.28597450,-16.04215457,1.45719490,-2.44897959,30.67395264,-34.28047663,3.09653916,16.05464481,361519025.44999999,203900740.00000000,False
499790,GS피앤엘,KOSPI,38100,-0.13106160,37.23132969,-3.90920555,11.40255009,-7.97101449,12.67759563,-8.96057348,19.08925319,16.03278689,1711848800.00000000,710492175.00000000,False
297570,아틀라스링크,KOSDAQ,3940,3.82081686,87.68670310,-5.06024096,8.08743169,-9.32105869,10.12750455,-30.26548673,3.86156648,16.01821494,26808884.20000000,13171289.00000000,False
344860,이노진,KOSDAQ,1286,-1.83206107,9.79963570,-8.07719800,4.22586521,-4.10141685,23.16939891,-6.94645441,22.25865209,15.96721311,162518852.30000001,126679650.00000000,False
900120,씨엑스아이,KOSDAQ,4990,-4.03846154,2.58652095,-4.03846154,10.91074681,-4.03846154,23.57012750,-12.14788732,14.60837887,15.88160291,7045841.50000000,140916830.00000000,False
097955,CJ제일제당우,KOSPI,109100,-0.36529680,31.32969035,-2.15246637,20.21857923,-10.93877551,7.65027322,-9.90916598,17.85063752,15.82877960,1135445225.00000000,230886350.00000000,False
372800,아이티아이즈,KOSDAQ,2900,-1.02389078,18.43351548,-6.45161290,5.81056466,-5.22875817,19.81785064,-7.34824281,21.42076503,15.79781421,68676335.95000000,25288210.00000000,False
352820,하이브,KOSPI,157400,1.28700129,68.92531876,-2.77949351,16.21129326,-10.56818182,8.08743169,-32.15517241,3.49726776,15.69034608,29418208034.15000153,20270358778.00000000,False
282330,BGF리테일,KOSPI,127100,-0.70312500,23.93442623,-4.79400749,8.56102004,-15.60424967,4.62659381,0.71315372,44.22586521,15.65755920,5907525212.50000000,3259683850.00000000,False
175330,JB금융지주,KOSPI,28550,-1.72117040,10.74681239,-8.34670947,3.93442623,-9.65189873,9.32604736,1.96428571,48.16029144,15.61748634,15038750325.00000000,9997891975.00000000,False
010140,삼성중공업,KOSPI,19740,-0.90361446,20.23679417,-2.03473945,20.87431694,-8.82217090,10.81967213,-12.07126949,14.82695811,15.57923497,61705624946.15000153,51033199530.00000000,False
039830,오로라,KOSDAQ,15100,-5.32915361,1.53005464,-4.67171717,8.85245902,-2.64345583,29.79963570,-31.05022831,3.75227687,15.47905282,794741990.50000000,1186281330.00000000,False
019680,대교,KOSPI,1619,-0.24645718,33.80692168,-0.91799266,28.67030965,-19.05000000,3.46083789,-17.14431934,10.52823315,15.47176685,30027839.25000000,19129454.00000000,False
204840,지엘팜텍,KOSDAQ,4150,-2.12264151,8.01457195,-4.37788018,9.83606557,-21.40151515,2.69581056,3.87984981,53.15118397,15.46083789,415430503.69999999,119760630.00000000,False
122450,KX,KOSDAQ,2500,-1.38067061,13.91621129,-1.96078431,21.51183971,-9.58408680,9.43533698,-8.92531876,19.19854281,15.45901639,71373667.84999999,24904100.00000000,False
056730,CNT85,KOSDAQ,1204,1.60337553,72.67759563,-3.91061453,11.36612022,-9.26902788,10.27322404,-34.20765027,3.16939891,15.42076503,21415032.15000000,66963207.00000000,False
013720,청보,KOSDAQ,2145,-1.83066362,9.83606557,-2.50000000,18.12386157,-10.43841336,8.23315118,-3.85477364,28.52459016,15.41894353,15167565.40000000,33636180.00000000,False
023530,롯데쇼핑,KOSPI,99900,-1.86640472,9.50819672,-2.25048924,19.59927140,-5.12820513,20.07285974,-42.78350515,2.33151184,15.32604736,16198636840.00000000,8669770350.00000000,False
950210,프레스티지바이오파마,KOSPI,5910,-4.21393841,2.40437158,-3.43137255,13.40619308,-8.65533230,11.14754098,-1.99004975,33.02367942,15.32604736,182808065.00000000,262036565.00000000,False
004990,롯데지주,KOSPI,23400,-2.09205021,8.23315118,-5.07099391,7.97814208,-5.83501006,17.92349727,-5.64516129,24.55373406,15.29690346,3124581727.50000000,3053213025.00000000,False
004870,티웨이홀딩스,KOSPI,960,-2.53807107,6.66666667,-0.20790021,35.66484517,-15.64147627,4.59016393,-18.29787234,9.76320583,15.15482696,107559562.00000000,55344673.00000000,False
004415,서울식품우,KOSPI,3905,2.76315789,82.36794171,-9.50173812,3.06010929,-7.46445498,13.98907104,-46.06353591,1.93078324,15.13661202,22071653.25000000,4645020.00000000,False
023350,한국종합기술,KOSPI,3750,0.00000000,42.80510018,-2.84974093,15.91985428,-10.39426523,8.34244080,-12.99303944,13.69763206,15.13296903,63913761.75000000,57358040.00000000,False
192410,오늘이엔엠,KOSDAQ,3445,-1.00574713,18.72495446,-4.83425414,8.41530055,-33.36557060,1.23861566,2.98953662,50.96539162,15.08561020,300143690.60000002,210958877.00000000,False
251270,넷마블,KOSPI,34350,-2.55319149,6.53916211,-2.69121813,16.75774135,-6.40326975,16.17486339,-12.48407643,14.24408015,15.00000000,23347318716.75000000,6844098575.00000000,False
153710,옵티팜,KOSDAQ,4470,-1.32450331,14.68123862,-4.99468650,8.19672131,-7.16510903,14.57194900,-5.09554140,25.75591985,14.90710383,35346124.10000000,48624292.00000000,False
278470,에이피알,KOSPI,361500,-1.49863760,12.60473588,-1.49863760,24.62659381,-10.96059113,7.61384335,-11.82926829,15.33697632,14.76138434,84659977386.39999390,120963180878.00000000,False
331920,셀레믹스,KOSDAQ,10240,-3.03030303,4.79052823,-3.57815443,12.93260474,-28.39160839,1.56648452,2.09371884,48.52459016,14.69034608,561941896.25000000,738471955.00000000,False
003075,코오롱글로벌우,KOSPI,12490,0.00000000,42.80510018,-6.92995529,5.17304189,-7.61834320,13.40619308,-10.59413028,16.97632058,14.59016393,5709177.50000000,2153080.00000000,False
019550,SBI인베스트먼트,KOSDAQ,914,-1.61463940,11.65755920,-2.86928799,15.73770492,-9.14512922,10.41894353,-6.73469388,22.55009107,14.56466302,183210125.15000001,268577623.00000000,False
145020,휴젤,KOSDAQ,182000,0.88691796,63.06010929,-1.99246096,21.27504554,-24.32432432,2.07650273,-26.61290323,5.17304189,14.55373406,11953077068.54999924,10365797950.00000000,False
038950,파인디지털,KOSDAQ,2855,-2.39316239,7.14025501,-7.90322581,4.26229508,-8.78594249,10.96539162,0.00000000,40.80145719,14.53916211,7656231.25000000,25418465.00000000,False
214260,라파스,KOSDAQ,7480,-4.10256410,2.55009107,-2.60416667,17.34061931,-6.14805521,17.08561020,-16.23740202,11.03825137,14.49908925,60006473.75000000,60636575.00000000,False
452400,이닉스,KOSDAQ,5350,0.18726592,49.36247723,-4.46428571,9.47176685,-12.29508197,6.52094718,-7.91738382,20.40072860,14.46630237,64644388.75000000,26885060.00000000,False
487580,폴레드,KOSDAQ,2830,0.53285968,57.19489982,-5.66666667,7.03096539,-7.66721044,13.26047359,-24.02684564,6.37522769,14.40801457,548014343.85000002,854572850.00000000,False
032830,삼성생명,KOSPI,284500,-1.21527778,15.84699454,-2.90102389,15.48269581,-6.10561056,17.26775956,-24.13333333,6.33879781,14.40437158,84424112027.25000000,67019040500.00000000,False
003090,대웅,KOSPI,15340,0.19595036,49.69034608,-3.46129641,13.33333333,-10.81395349,7.83242259,-15.71428571,11.47540984,14.39708561,1022398472.50000000,671079605.00000000,False
206560,덱스터,KOSDAQ,896,-3.75939850,3.31511840,-10.48951049,2.69581056,-2.60869565,29.94535519,-24.64255677,6.19307832,14.35701275,83690575.05000000,100308047.00000000,False
004060,SG세계물산,KOSPI,2085,-0.47732697,28.85245902,-2.79720280,16.10200364,-8.55263158,11.32969035,-17.58893281,10.20036430,14.28779599,110512372.05000000,140844040.00000000,False
063760,이엘피,KOSDAQ,2155,0.23255814,50.85610200,-7.51072961,4.55373406,-7.90598291,12.82331512,-13.62725451,13.26047359,14.23315118,59100681.65000000,52788069.00000000,False
177350,베셀,KOSDAQ,1341,-2.61437908,6.01092896,-11.07427056,2.62295082,-23.45890411,2.29508197,6.76751592,59.56284153,14.21857923,105604105.65000001,54563953.00000000,False
267270,HD건설기계,KOSPI,118500,0.42372881,54.49908925,-7.71028037,4.40801457,-12.41685144,6.44808743,-6.02696273,24.00728597,14.15300546,33209837195.00000000,29790145850.00000000,False
102370,케이옥션,KOSDAQ,2890,-0.85763293,21.02003643,-3.18257956,14.28051002,-9.68750000,9.18032787,-7.96178344,20.36429872,14.13114754,75049080.90000001,43119025.00000000,False
130740,티피씨글로벌,KOSDAQ,1840,-0.37899296,31.03825137,-3.36134454,13.62477231,-11.53846154,7.10382514,-8.45771144,19.85428051,14.00364299,46988996.95000000,35723498.00000000,False
289010,아이스크림에듀,KOSDAQ,789,16.02941176,99.01639344,-23.69439072,0.76502732,-17.55485893,3.97085610,-15.88486141,11.32969035,13.98542805,297300913.69999999,354326189.00000000,False
051905,LG생활건강우,KOSPI,93000,-0.53475936,27.46812386,-5.10204082,7.92349727,-11.59695817,7.06739526,-3.12500000,29.94535519,13.93989071,1131576612.50000000,530411000.00000000,False
033540,파라텍,KOSDAQ,2750,3.96975425,88.26958106,-4.51388889,9.32604736,-16.66666667,4.22586521,-42.28751312,2.44080146,13.80327869,77332000.40000001,106295115.00000000,False
026910,광진실업,KOSDAQ,2395,17.69041769,99.45355191,-4.20000000,10.18214936,-30.17492711,1.42076503,-55.40037244,1.16575592,13.80145719,828134166.04999995,863169339.00000000,False
195990,루트K,KOSDAQ,1124,-0.44286980,29.50819672,-1.83406114,22.36794171,-14.06727829,5.24590164,-18.66859624,9.50819672,13.66120219,27012952.80000000,50835757.00000000,False
006650,대한유화,KOSPI,89400,-2.40174672,7.06739526,-2.61437908,17.23132969,-7.26141079,14.38979964,-17.83088235,10.01821494,13.63570128,4872853152.50000000,3985889100.00000000,False
053160,프리엠스,KOSDAQ,8640,0.00000000,42.80510018,-7.09677419,4.91803279,-11.74668029,6.84881603,-5.47045952,24.99089253,13.49362477,90426112.75000000,100621250.00000000,False
241840,에이스토리,KOSDAQ,2185,-0.22831050,34.49908925,-3.74449339,11.83970856,-10.26694045,8.48816029,-11.89516129,15.19125683,13.43533698,26899613.30000000,17773415.00000000,False
069410,엔텔스,KOSDAQ,2500,-1.76817289,10.34608379,-2.53411306,17.92349727,-7.40740741,14.09836066,-23.78048780,6.55737705,13.36247723,36161563.50000000,56917292.00000000,False
118000,메타케어,KOSPI,1209,-1.94647202,8.99817851,-4.04761905,10.85610200,-7.92079208,12.78688525,-8.13069909,20.29143898,13.32969035,30515195.75000000,29636816.00000000,False
02826K,삼성물산우B,KOSPI,219500,-1.34831461,14.22586521,-5.18358531,7.72313297,-6.99152542,15.04553734,-10.04098361,17.59562842,13.27686703,1069939337.50000000,645823000.00000000,False
211050,인카금융서비스,KOSDAQ,9690,-0.92024540,19.81785064,-3.00300300,15.00910747,-12.78127813,6.26593807,-7.36137667,21.34790528,13.26047359,713659866.75000000,483843200.00000000,False
048550,SMCC,KOSDAQ,1034,-0.86289549,20.91074681,-2.54476909,17.81420765,-8.08888889,12.24043716,-33.24725629,3.27868852,12.98724954,356288228.85000002,657314976.00000000,False
267250,HD현대,KOSPI,197100,-1.69576060,10.89253188,-6.14285714,6.41165756,-7.68149883,13.22404372,-6.36579572,23.38797814,12.97996357,37732389550.34999847,40320027390.00000000,False
029780,삼성카드,KOSPI,41900,-0.71090047,23.71584699,-2.89687138,15.51912568,-10.08583691,8.70673953,-14.75076297,12.31329690,12.97267760,3879317638.75000000,2410393950.00000000,False
009540,HD한국조선해양,KOSPI,319000,-2.29709035,7.61384335,-4.06015038,10.81967213,-7.26744186,14.31693989,-11.51178918,15.84699454,12.90346084,50946617767.05000305,53104828750.00000000,False
241590,화승엔터프라이즈,KOSPI,2675,-2.72727273,5.64663024,-3.60360360,12.82331512,-6.95652174,15.11839709,-14.94435612,12.05828780,12.87067395,107520224.34999999,168240197.00000000,False
002630,오리엔트바이오,KOSPI,1679,0.65947242,59.41712204,-6.20111732,6.30236794,-13.27479339,5.90163934,-13.63168724,13.22404372,12.83788707,50548640.25000000,44250480.00000000,False
007070,GS리테일,KOSPI,22200,0.00000000,42.80510018,-3.68763557,12.13114754,-13.45029240,5.71948998,-13.95348837,12.89617486,12.78688525,4413324448.75000000,1762356975.00000000,False
007680,대원,KOSDAQ,3050,0.32894737,53.04189435,-4.53834116,9.14389800,-9.22619048,10.30965392,-37.24279835,2.91438980,12.75409836,23077631.05000000,13634195.00000000,False
011155,CJ씨푸드1우,KOSPI,5630,0.89605735,63.24225865,-3.92491468,11.32969035,-13.65030675,5.46448087,-31.08935129,3.71584699,12.65209472,11088574.50000000,6565360.00000000,False
065500,오리엔트정공,KOSDAQ,1004,-0.39682540,30.47358834,-3.64683301,12.56830601,-11.69744943,6.99453552,-12.08406305,14.75409836,12.56648452,75855469.95000000,98162153.00000000,False
060480,국일신동,KOSDAQ,1104,28.82147025,99.81785064,-22.79720280,0.87431694,-26.59574468,1.71220401,-22.68907563,7.24954463,12.37887067,275287988.60000002,865911303.00000000,False
002780,진흥기업,KOSPI,6590,-0.60331825,26.22950820,-1.64179104,23.86156648,-15.72890026,4.51730419,-30.19067797,3.89799636,12.36794171,678963620.25000000,408594515.00000000,False
016590,신대양제지,KOSPI,9140,-0.43572985,29.72677596,-4.59290188,8.99817851,-12.53588517,6.37522769,-7.76992936,20.72859745,12.36794171,79503434.00000000,51074560.00000000,False
061250,화일약품,KOSDAQ,6410,0.00000000,42.80510018,-2.13740458,20.36429872,-30.25027203,1.38433515,-23.14148681,7.10382514,12.36429872,389687325.50000000,32383150.00000000,False
014100,메디앙스,KOSDAQ,1536,-3.87984981,3.02367942,-4.00000000,10.98360656,-7.46987952,13.93442623,-11.62255466,15.66484517,12.30418944,58719585.90000000,71646562.00000000,False
043340,에쎈테크,KOSDAQ,608,3.22580645,84.37158470,-5.44323484,7.17668488,-27.96208531,1.63934426,-27.18562874,4.91803279,12.22950820,47669818.75000000,12796103.00000000,False
007720,소노스퀘어,KOSDAQ,1110,0.00000000,42.80510018,-3.39425587,13.53369763,-10.91492777,7.72313297,-30.14474512,3.93442623,12.21675774,26495590.50000000,21023331.00000000,False
055550,신한지주,KOSPI,103800,-1.98300283,8.63387978,-6.31768953,6.12021858,-9.34497817,10.05464481,-4.41988950,27.46812386,12.21493625,108799080661.60000610,78067495550.00000000,False
194480,데브시스터즈,KOSDAQ,13950,-0.57020670,27.17668488,-3.79310345,11.54826958,-9.41558442,9.94535519,-17.40674956,10.23679417,12.20765027,785088712.25000000,479920805.00000000,False
241560,두산밥캣,KOSPI,55500,0.00000000,42.80510018,-4.80274443,8.52459016,-11.62420382,7.03096539,-14.35185185,12.56830601,12.16393443,8824224758.00000000,8377872990.00000000,False
322780,코퍼스코리아,KOSDAQ,1663,-1.36417556,14.06193078,-7.55975542,4.48087432,-7.09497207,14.86338798,-10.25364274,17.34061931,12.16393443,72302365.45000000,67600632.00000000,False
002690,동일제강,KOSPI,1330,0.22607385,50.63752277,-8.84167238,3.53369763,-10.07437458,8.77959927,-14.85275288,12.20400729,12.07650273,98966230.20000000,27143818.00000000,False
303030,지니틱스,KOSDAQ,1121,6.25592417,93.98907104,-21.27808989,0.98360656,-23.84510870,2.18579235,-23.94843962,6.48451730,11.86520947,94770579.95000000,228143688.00000000,False
053280,예스24,KOSDAQ,2810,-3.10344828,4.59016393,-2.43055556,18.50637523,-11.07594937,7.46812386,-12.73291925,13.98907104,11.79599271,161742675.65000001,152469117.00000000,False
250930,예선테크,KOSDAQ,687,29.86767486,99.96357013,-8.15508021,4.18943534,-62.37677985,0.47358834,-62.86486486,0.83788707,11.61020036,64726551.45000000,104096818.00000000,False
271560,오리온,KOSPI,106400,0.66225166,59.50819672,-4.65949821,8.88888889,-17.71075019,3.89799636,-23.72759857,6.59380692,11.49544627,11983019305.00000000,8692474050.00000000,False
007110,일신석재,KOSPI,2605,2.55905512,81.12932605,-13.59867330,1.96721311,-13.59867330,5.57377049,-42.99781182,2.22222222,11.37704918,120578085.95000000,405548288.00000000,False
069960,현대백화점,KOSPI,87800,-1.12612613,16.90346084,-3.72807018,11.98542805,-7.18816068,14.46265938,-50.19852524,1.49362477,11.36976321,11096389837.50000000,6645154950.00000000,False
207940,삼성바이오로직스,KOSPI,1318000,-3.51390922,3.71584699,-4.44421405,9.65391621,-10.07280146,8.81602914,-6.59457866,22.87795993,11.36976321,55744033108.40000153,111257118000.00000000,False
012340,뉴인텍,KOSDAQ,393,5.36193029,92.38615665,-8.39160839,3.89799636,-28.41530055,1.53005464,-50.12690355,1.53005464,11.32604736,185070848.15000001,309682723.00000000,False
238120,얼라인드,KOSDAQ,2695,-1.10091743,17.26775956,-9.25925926,3.24225865,-6.26086957,16.42987250,-17.70992366,10.12750455,11.29690346,54284340.00000000,85798338.00000000,False
034940,조아제약,KOSDAQ,2565,-3.75234522,3.35154827,-3.02457467,14.86338798,-8.71886121,11.05646630,-17.25806452,10.30965392,11.27868852,216911857.00000000,255984793.00000000,False
086980,쇼박스,KOSDAQ,1725,-1.20274914,16.06557377,-4.11339633,10.56466302,-9.06694781,10.49180328,-15.64792176,11.51183971,11.27504554,135560965.50000000,90451776.00000000,False
042660,한화오션,KOSPI,77600,-1.39771283,13.62477231,-3.60248447,12.85974499,-10.28901734,8.45173042,-13.58574610,13.33333333,11.26775956,53096112665.00000000,50394475300.00000000,False
214450,파마리서치,KOSDAQ,306000,-0.32573290,32.16757741,-4.07523511,10.71038251,-19.68503937,3.20582878,-10.13215859,17.44990893,11.20218579,32739714100.00000000,35802660000.00000000,False
013890,지누스,KOSPI,6830,-0.87082729,20.80145719,-2.98295455,15.08196721,-10.36745407,8.37887067,-25.19167579,5.93806922,11.14389800,114425918.25000000,65823040.00000000,False
090435,아모레퍼시픽우,KOSPI,39300,-2.11706102,8.05100182,-6.98224852,5.02732240,-13.24503311,5.93806922,-2.36024845,31.73041894,11.03460838,1495278772.50000000,881056275.00000000,False
224110,에이텍모빌리티,KOSDAQ,7690,-3.14861461,4.55373406,-10.26837806,2.84153005,-10.16355140,8.67030965,-2.65822785,31.07468124,10.99089253,27059896.25000000,60958930.00000000,False
000270,기아,KOSPI,112800,-0.35335689,31.69398907,-3.67207515,12.38615665,-11.45996860,7.17668488,-26.61027977,5.20947177,10.79781421,89106719671.25000000,71357079300.00000000,False
394420,리센스메디컬,KOSDAQ,8840,0.34052213,53.29690346,-9.05349794,3.46083789,-9.42622951,9.90892532,-45.29702970,2.00364299,10.73224044,747927540.75000000,994773210.00000000,False
408470,한패스,KOSDAQ,4615,-1.38888889,13.80692168,-4.45134576,9.61748634,-8.25049702,12.02185792,-21.11111111,7.97814208,10.67030965,177985608.84999999,191830332.00000000,False
090410,덕신이피씨,KOSDAQ,3350,-1.47058824,12.85974499,-2.33236152,19.01639344,-15.08238276,4.91803279,-20.23809524,8.34244080,10.62659381,56234266.20000000,32256810.00000000,False
002820,SUNL,KOSPI,1024,7.33752621,95.66484517,-16.13431613,1.42076503,-39.72925250,0.94717668,-55.38126362,1.20218579,10.61202186,167561071.40000001,172726235.00000000,False
096630,에스코넥,KOSDAQ,1651,-1.49164678,12.67759563,-5.33256881,7.39526412,-8.58250277,11.25683060,-13.69576581,13.07832423,10.60473588,31472792.55000000,22973478.00000000,False
058450,한주에이알티,KOSDAQ,573,6.11111111,93.66120219,-10.18808777,2.87795993,-63.26923077,0.36429872,-87.73019272,0.18214936,10.41165756,115674277.75000000,136175466.00000000,False
006050,국영지앤엠,KOSDAQ,2950,4.05643739,88.41530055,-13.36270191,2.04007286,-38.47758081,0.98360656,-40.04065041,2.65938069,10.37887067,194718825.00000000,170957545.00000000,False
900270,헝셩그룹,KOSDAQ,2615,0.00000000,42.80510018,-4.90909091,8.37887067,-25.92067989,1.82149362,-12.68781302,14.02550091,10.32786885,1899224616.20000005,117557160.00000000,False
043610,KT지니뮤직,KOSDAQ,1055,0.00000000,42.80510018,-6.55447298,5.64663024,-10.59322034,8.05100182,-26.12044818,5.46448087,10.28779599,72013731.45000000,0.00000000,False
453860,에이에스텍,KOSDAQ,7180,0.41958042,54.42622951,-6.63198960,5.46448087,-13.28502415,5.82877960,-29.46954813,4.18943534,10.25136612,108157460.50000000,404893515.00000000,False
103230,에스앤더블류,KOSDAQ,1473,5.06419401,91.29326047,-28.66828087,0.58287796,-36.09544469,1.09289617,-46.04395604,1.96721311,10.13479053,126244689.05000000,167210430.00000000,False
109740,디에스케이,KOSDAQ,3905,-3.22180917,4.29872495,-6.91299166,5.24590164,-5.90361446,17.70491803,-28.08471455,4.51730419,9.98907104,85762879.90000001,142396052.00000000,False
397030,에이프릴바이오,KOSDAQ,16020,-5.09478673,1.71220401,-14.00966184,1.78506375,-4.47227191,21.93078324,-46.86567164,1.89435337,9.85792350,4793832244.00000000,9396482440.00000000,False
042940,상지건설,KOSDAQ,5280,-2.58302583,6.28415301,-4.52079566,9.28961749,-8.12597877,12.09471767,-21.19402985,7.90528233,9.83424408,158957074.25000000,209089040.00000000,False
270520,앱튼,KOSDAQ,872,6.60146699,94.49908925,-38.37455830,0.25500911,-68.51985560,0.32786885,-66.46153846,0.61930783,9.78142077,1532000485.90000010,1557221772.00000000,False
001800,오리온홀딩스,KOSPI,22750,-1.51515152,12.53187614,-5.20833333,7.65027322,-10.07905138,8.74316940,-13.66223909,13.15118397,9.67577413,1531419342.50000000,2183007725.00000000,False
044480,빌리언스,KOSDAQ,3135,1.45631068,70.83788707,-8.33333333,3.97085610,-23.53658537,2.22222222,-41.89063948,2.47723133,9.65938069,143442102.75000000,18737865.00000000,False
257720,실리콘투,KOSDAQ,36650,-1.47849462,12.82331512,-5.29715762,7.46812386,-24.43298969,2.00364299,-4.80519481,26.44808743,9.61384335,31941657630.00000000,20357609875.00000000,False
002310,아세아제지,KOSPI,7600,-3.79746835,3.20582878,-8.32328106,4.00728597,-11.73054588,6.95810565,-5.00000000,25.93806922,9.49362477,616908803.50000000,1440439850.00000000,False
371950,풍원정밀,KOSDAQ,2980,-0.83194676,21.67577413,-5.39682540,7.24954463,-8.30769231,11.83970856,-53.79844961,1.23861566,9.32604736,698746380.39999998,289662987.00000000,False
376930,노을,KOSDAQ,1429,0.63380282,58.90710383,-8.51472471,3.78870674,-14.43113772,5.10018215,-59.97198880,0.94717668,9.25683060,185353384.65000001,61970692.00000000,False
032350,롯데관광개발,KOSPI,10920,0.09165903,47.28597450,-7.53598645,4.51730419,-13.05732484,6.04735883,-32.21601490,3.46083789,9.19489982,3175943041.00000000,7640437035.00000000,False
240600,유진테크놀로지,KOSDAQ,880,2.32558140,79.32604736,-13.80999021,1.89435337,-48.56808884,0.83788707,-49.62793360,1.63934426,9.16393443,88307429.34999999,93862005.00000000,False
094170,동운아나텍,KOSDAQ,25900,-3.17757009,4.44444444,-4.07407407,10.74681239,-9.44055944,9.87249545,-21.51515152,7.68670310,9.15482696,1994405951.25000000,2785807900.00000000,False
036890,진성티이씨,KOSDAQ,11360,-0.78602620,22.33151184,-4.77787091,8.67030965,-13.01684533,6.12021858,-20.55944056,8.23315118,8.92896175,741309835.00000000,864194665.00000000,False
040350,크레오에스지,KOSDAQ,3345,-1.18168390,16.32058288,-2.04978038,20.80145719,-24.57722661,1.93078324,-57.81841110,1.02003643,8.84881603,447931945.19999999,216347485.00000000,False
001525,동양우,KOSPI,7780,-12.78026906,0.14571949,-8.47058824,3.82513661,-10.26528258,8.52459016,-7.49108205,21.27504554,8.82695811,37210764.50000000,24780060.00000000,False
123330,제닉,KOSDAQ,21900,0.22883295,50.67395264,-7.78947368,4.37158470,-34.43113772,1.16575592,-18.28358209,9.79963570,8.80510018,7253778508.75000000,4372084625.00000000,False
005030,부산주공,KOSPI,28,3.70370370,87.03096539,-94.23868313,0.03642987,-94.23868313,0.07285974,-94.23868313,0.07285974,8.75774135,205644797.15000001,505202945.00000000,False
001020,페이퍼코리아,KOSPI,1940,-1.42276423,13.29690346,-6.95443645,5.06375228,-21.77419355,2.62295082,-5.82524272,24.22586521,8.74316940,20448327.95000000,12697002.00000000,False
114090,GKL,KOSPI,8430,-1.51869159,12.45901639,-5.28089888,7.50455373,-10.22364217,8.56102004,-19.86692015,8.63387978,8.64845173,747165996.75000000,870047710.00000000,False
064350,현대로템,KOSPI,112600,-2.76338515,5.50091075,-3.09810671,14.57194900,-10.91772152,7.68670310,-39.59227468,2.73224044,8.54280510,39045311640.00000000,41550710350.00000000,False
377220,프롬바이오,KOSDAQ,1910,1.16525424,67.17668488,-12.78538813,2.11293260,-33.56521739,1.20218579,-34.13793103,3.20582878,8.47358834,146564267.15000001,97167605.00000000,False
481070,에이유브랜즈,KOSDAQ,14000,-6.91489362,0.83788707,-9.09090909,3.40619308,-21.12676056,2.73224044,-2.97990298,30.16393443,8.23132969,216822296.00000000,160084160.00000000,False
175250,아이큐어,KOSDAQ,1639,-1.56156156,12.13114754,-2.44047619,18.46994536,-22.32227488,2.47723133,-42.89198606,2.29508197,8.20400729,632580259.45000005,156863066.00000000,False
035200,프럼파스트,KOSDAQ,2530,-1.74757282,10.56466302,-4.16666667,10.32786885,-14.23728814,5.17304189,-18.12297735,9.87249545,8.19854281,507273505.00000000,98544390.00000000,False
290690,아리바이오홀딩스,KOSDAQ,3085,0.48859935,56.24772313,-22.58469260,0.91074681,-24.20147420,2.14936248,-24.01477833,6.41165756,8.04007286,3417456496.80000019,2626351970.00000000,False
419540,비스토스,KOSDAQ,2900,-3.97350993,2.84153005,-6.60225443,5.50091075,-12.38670695,6.48451730,-10.49382716,17.12204007,7.95264117,43097889.35000000,42905125.00000000,False
087010,펩트론,KOSDAQ,129400,-0.91883614,19.85428051,-5.40935673,7.21311475,-11.73260573,6.92167577,-28.58719647,4.44444444,7.80692168,20138464975.00000000,18763058000.00000000,False
035620,바른손이앤에이,KOSDAQ,603,-0.82236842,21.93078324,-18.84253028,1.23861566,-11.06194690,7.50455373,-16.48199446,10.89253188,7.74499089,105534037.15000001,195181601.00000000,False
060900,에이전트AI,KOSDAQ,1654,1.47239264,70.96539162,-28.08695652,0.61930783,-54.68493151,0.65573770,-65.17894737,0.72859745,7.69034608,317520007.25000000,137445566.00000000,False
369370,블리츠웨이엔터테인먼트,KOSDAQ,2990,-2.60586319,6.08378871,-3.39256866,13.58834244,-17.63085399,3.93442623,-25.52926526,5.75591985,7.40983607,31068510.60000000,6547040.00000000,False
030720,동원수산,KOSPI,4610,-1.17899250,16.39344262,-5.53278689,7.10382514,-16.63652803,4.26229508,-18.83802817,9.39890710,7.35519126,177759499.15000001,128726717.00000000,False
228340,동양파일,KOSDAQ,3235,-4.14814815,2.49544627,-14.41798942,1.74863388,-18.10126582,3.71584699,-5.54744526,24.77231330,7.21493625,8506559935.39999962,1041493801.00000000,False
065650,하이퍼코퍼레이션,KOSDAQ,1353,-0.51470588,27.90528233,-7.26525017,4.62659381,-15.17241379,4.88160291,-27.53079807,4.73588342,7.07832423,28710823.10000000,41779789.00000000,False
079000,와토스코리아,KOSDAQ,3520,-2.08623088,8.26958106,-5.12129380,7.86885246,-13.08641975,6.01092896,-25.81664910,5.68306011,6.72859745,41365764.00000000,46604765.00000000,False
222040,코스맥스엔비티,KOSDAQ,6310,-0.78616352,22.29508197,-14.72972973,1.67577413,-23.51515152,2.25865209,-12.48266297,14.28051002,6.49180328,1895630566.50000000,1863385275.00000000,False
276730,한울앤제주,KOSDAQ,841,-0.11876485,37.66848816,-6.24303233,6.26593807,-36.81442524,1.02003643,-78.31915442,0.36429872,6.12750455,102931837.80000000,17353352.00000000,False
288980,모아데이타,KOSDAQ,211,-1.40186916,13.58834244,-3.21100917,14.13479053,-34.47204969,1.12932605,-79.15019763,0.29143898,6.10928962,826100986.60000002,193997926.00000000,False
001770,SHD,KOSPI,3925,0.00000000,42.80510018,-8.18713450,4.15300546,-74.00662252,0.18214936,-43.92857143,2.14936248,6.02914390,846226232.39999998,0.00000000,False
396690,미래에셋글로벌리츠,KOSPI,1319,-3.01470588,4.84517304,-7.82669462,4.29872495,-15.44871795,4.80874317,-15.93371574,11.29326047,5.95628415,133599999.30000000,113236009.00000000,False
335870,윙스풋,KOSDAQ,4050,-1.21951220,15.71948998,-6.35838150,6.04735883,-21.05263158,2.76867031,-23.14990512,7.06739526,5.90710383,23696578.40000000,10116766.00000000,False
038530,케이바이오랩스,KOSDAQ,3890,-2.87141074,5.17304189,-5.23751523,7.61384335,-22.12212212,2.55009107,-17.23404255,10.34608379,5.89071038,27736586.65000000,83811970.00000000,False
290660,다이나믹솔루션,KOSDAQ,1280,-0.85205267,21.12932605,-9.15542938,3.31511840,-24.39456586,2.04007286,-18.88466413,9.28961749,5.78142077,914509892.95000005,699287109.00000000,False
004170,신세계,KOSPI,325500,-1.95783133,8.92531876,-5.10204082,7.92349727,-14.22924901,5.20947177,-52.13235294,1.38433515,5.63023679,26227476085.09999847,16765351250.00000000,False
068050,팬엔터테인먼트,KOSDAQ,1014,-11.90269331,0.21857923,-13.92190153,1.82149362,-14.50252951,5.06375228,-12.28373702,14.49908925,5.49362477,25218168.40000000,118709242.00000000,False
465770,STX그린로지스,KOSPI,2110,-5.80357143,1.31147541,-15.26104418,1.53005464,-44.76439791,0.87431694,-6.84326711,22.36794171,5.41347905,3708888019.25000000,546931444.00000000,False
001380,SG글로벌,KOSPI,1045,-12.18487395,0.18214936,-5.77096483,6.88524590,-19.73886329,3.16939891,-21.48760331,7.72313297,4.89617486,105304421.80000000,369257727.00000000,False
067770,세진티에스,KOSDAQ,1031,0.00000000,42.80510018,-34.33121019,0.32786885,-62.91366906,0.40072860,-51.93473193,1.42076503,4.82331512,229340220.09999999,0.00000000,False
060260,뉴보텍,KOSDAQ,792,-2.10135970,8.19672131,-4.46320869,9.50819672,-26.32558140,1.78506375,-49.52198853,1.67577413,4.72131148,46281988.90000000,25794149.00000000,False
071950,코아스,KOSPI,1527,-6.20393120,1.09289617,-19.80042017,1.12932605,-16.87534023,4.18943534,-14.59731544,12.42258652,4.60837887,227479250.09999999,475327157.00000000,False
291810,핀텔,KOSDAQ,409,0.00000000,42.80510018,-50.90036014,0.18214936,-70.34082669,0.25500911,-68.39258114,0.54644809,4.54644809,658214985.75000000,0.00000000,False
002990,금호건설,KOSPI,11830,-3.42857143,3.89799636,-8.64864865,3.71584699,-28.34645669,1.60291439,-15.50000000,11.65755920,4.47723133,28630929218.50000000,11450423635.00000000,False
312610,에이에프더블류,KOSDAQ,37,0.00000000,42.80510018,-51.31578947,0.14571949,-86.78571429,0.14571949,-92.60000000,0.14571949,4.41165756,217600326.15000001,0.00000000,False
308100,형지글로벌,KOSDAQ,251,-1.95312500,8.96174863,-4.92424242,8.26958106,-30.47091413,1.34790528,-49.80000000,1.56648452,4.22950820,263831263.69999999,146867913.00000000,False
153890,져스텍,KOSDAQ,9150,-2.34791889,7.35883424,-14.72506990,1.71220401,-15.27777778,4.84517304,-31.20300752,3.67941712,3.92349727,3987486536.00000000,1281949555.00000000,False
005360,모나미,KOSPI,1050,-6.99734278,0.80145719,-10.40955631,2.73224044,-20.87415222,2.84153005,-19.84732824,8.67030965,3.77049180,301153867.50000000,885853052.00000000,False
091590,남화토건,KOSDAQ,5800,-3.81426202,3.16939891,-6.45161290,5.81056466,-22.14765101,2.51366120,-38.36344315,2.84153005,3.63387978,2655462810.25000000,1353904165.00000000,False
004920,씨아이테크,KOSPI,7290,-4.95436767,1.78506375,-19.62513782,1.16575592,-19.53642384,3.31511840,-22.11538462,7.39526412,3.33333333,87325277.20000000,450426680.00000000,False
210980,SK디앤디,KOSPI,3260,-3.83480826,3.13296903,-7.25462304,4.69945355,-20.87378641,2.87795993,-57.40789130,1.05646630,3.08561020,1346225830.04999995,435588721.00000000,False
365660,레몬헬스케어,KOSDAQ,3870,-5.83941606,1.27504554,-12.54237288,2.14936248,-14.00000000,5.31876138,-68.33060556,0.58287796,3.01639344,4656521325.80000019,2949746388.00000000,False
011080,형지IC,KOSDAQ,423,-6.00000000,1.16575592,-4.94382022,8.23315118,-52.68456376,0.76502732,-78.49517031,0.32786885,2.95810565,350133344.30000001,313861350.00000000,False
198440,강동씨앤엘,KOSDAQ,1456,-5.76051780,1.34790528,-15.05250875,1.56648452,-30.50119332,1.31147541,-19.15602443,8.92531876,2.91438980,4983246496.35000038,1016398819.00000000,False
070300,퀀텀레일,KOSDAQ,601,-0.66115702,24.91803279,-51.99680511,0.10928962,-59.79933110,0.54644809,-65.96828992,0.69216758,2.88160291,1356565766.34999990,822708818.00000000,False
054410,케이피티유,KOSDAQ,2635,-8.98100173,0.29143898,-22.95321637,0.83788707,-23.28966521,2.33151184,-20.39274924,8.30601093,2.87431694,23319256.70000000,102109351.00000000,False
072770,멤레이비티,KOSDAQ,612,-5.99078341,1.20218579,-21.63892446,0.94717668,-31.92436040,1.27504554,-19.57950066,8.74316940,2.66302368,136264268.94999999,0.00000000,False
138360,앤로보틱스,KOSDAQ,1350,-5.13000703,1.63934426,-17.88321168,1.31147541,-20.16558250,3.06010929,-29.50391645,4.15300546,2.61202186,997530874.14999998,2128694297.00000000,False
001527,동양2우B,KOSPI,4760,-6.66666667,0.98360656,-11.68831169,2.36794171,-19.59459459,3.24225865,-50.36496350,1.45719490,2.39708561,15706529.00000000,7765500.00000000,False
084680,이월드,KOSPI,2210,-5.55555556,1.38433515,-16.91729323,1.34790528,-19.34306569,3.35154827,-42.89405685,2.25865209,2.33515483,68880748.20000000,202009947.00000000,False
439960,코스모로보틱스,KOSDAQ,7770,-1.64556962,11.36612022,-31.78226514,0.43715847,-36.57142857,1.05646630,-39.58009331,2.76867031,2.24408015,22866680419.25000000,14423831080.00000000,False
024890,대원화성,KOSPI,1378,-3.50140056,3.75227687,-20.25462963,1.05646630,-19.83711460,3.13296903,-52.64604811,1.31147541,2.20765027,74513266.90000001,82320417.00000000,False
002995,금호건설우,KOSPI,14280,-2.05761317,8.37887067,-13.71601208,1.93078324,-28.60000000,1.49362477,-64.30000000,0.76502732,2.16757741,128534366.50000000,71294960.00000000,False
475830,오름테라퓨틱,KOSDAQ,20500,-2.61282660,6.04735883,-15.46391753,1.49362477,-62.38532110,0.43715847,-59.64566929,0.98360656,1.42440801,14461192782.50000000,8115631325.00000000,False
199730,바이오인프라,KOSDAQ,618,-6.78733032,0.94717668,-9.91253644,2.95081967,-59.07284768,0.58287796,-72.53333333,0.47358834,1.30783242,86030531.65000001,38253240.00000000,False
015260,에이엔피,KOSPI,164,-18.81188119,0.07285974,-36.92307692,0.29143898,-41.21863799,0.91074681,-49.69325153,1.60291439,0.77959927,388569335.60000002,468762400.00000000,False
009190,대양금속,KOSPI,595,-5.10366826,1.67577413,-33.81535039,0.40072860,-54.26594927,0.69216758,-71.59904535,0.51001821,0.66666667,967790137.14999998,1875460010.00000000,False
002785,진흥기업우B,KOSPI,6660,-7.24233983,0.65573770,-34.12462908,0.36429872,-50.14970060,0.80145719,-64.17428725,0.80145719,0.65573770,23576979.50000000,31964180.00000000,False
354200,엔젠바이오,KOSDAQ,710,-7.06806283,0.76502732,-44.83294483,0.21857923,-56.22688039,0.61930783,-60.73008850,0.91074681,0.57194900,1104760055.29999995,534054371.00000000,False
196490,디에이테크놀로지,KOSDAQ,96,-4.00000000,2.73224044,-31.42857143,0.47358834,-98.42364532,0.03642987,-98.42364532,0.03642987,0.43715847,115418976.90000001,143982299.00000000,False
002787,진흥기업2우B,KOSPI,9000,-8.35030550,0.32786885,-28.05755396,0.65573770,-68.91191710,0.29143898,-75.93582888,0.40072860,0.42622951,38765564.00000000,27989740.00000000,False
005110,한창,KOSPI,77,-31.25000000,0.03642987,-93.85964912,0.07285974,-93.85964912,0.10928962,-93.85964912,0.10928962,0.09107468,88874647.84999999,718525753.00000000,False
