ticker,name,market,sector,close_adjusted,return1,RS1,return5,RS5,return20,RS20,return60,RS60,RS_Score,turnover_20d_avg,turnover_today,passes
131400,이브이첨단소재,KOSDAQ,전기·전자,7960,939.16449086,100.00000000,939.16449086,100.00000000,830.99415205,100.00000000,718.08838643,100.00000000,100.00000000,185520181.34999999,1670247940.00000000,False
042510,라온시큐어,KOSDAQ,IT 서비스,16350,9.95292535,98.61516035,44.81842338,99.81778426,81.06312292,99.38046647,133.23823110,99.63556851,99.48615160,36024232227.00000000,304831385610.00000000,True
278650,HLB바이오스텝,KOSDAQ,일반서비스,4855,29.98661312,99.92711370,42.37536657,99.74489796,93.81237525,99.67201166,74.64028777,96.72011662,99.12900875,2778275955.65000010,30576309014.00000000,False
141000,비아트론,KOSDAQ,기계·장비,14670,24.74489796,99.70845481,50.30737705,99.89067055,65.95022624,98.87026239,80.00000000,97.30320700,98.94679300,2520724155.25000000,39856519450.00000000,False
002680,한탑,KOSDAQ,음식료·담배,3925,12.30329041,98.97959184,24.01263823,98.36005831,45.37037037,96.86588921,109.89304813,99.16180758,97.98469388,324425219.75000000,855406042.00000000,False
012210,삼미금속,KOSDAQ,금속,13510,9.12762520,98.14139942,16.76750216,96.17346939,61.79640719,98.61516035,116.16000000,99.34402332,97.98104956,80752926724.25000000,244362211985.00000000,True
117670,알파칩스,KOSDAQ,전기·전자,13400,29.97090204,99.85422741,27.61904762,99.01603499,64.21568627,98.76093294,55.63298490,93.73177843,97.94096210,1928245274.25000000,8193318975.00000000,False
123010,MSDI,KOSDAQ,전기·전자,4725,9.24855491,98.28717201,24.50592885,98.43294461,100.63694268,99.78134111,51.92926045,93.00291545,97.87172012,1358395732.75000000,2316586425.00000000,False
281820,케이씨텍,KOSPI,의료·정밀기기,120100,12.98212606,99.08892128,35.24774775,99.52623907,76.35829662,99.27113703,44.52466907,90.85276968,97.64577259,22722629755.00000000,138777259050.00000000,True
217190,제너셈,KOSDAQ,기계·장비,8950,7.31414868,97.55830904,15.03856041,95.04373178,48.17880795,97.26676385,88.22292324,97.88629738,96.75291545,2079918163.75000000,5754788170.00000000,False
382800,지앤비에스에코,KOSDAQ,기계·장비,7010,5.25525526,96.42857143,28.15356490,99.12536443,40.48096192,96.06413994,58.23927765,94.56997085,96.72011662,6643247019.30000019,23949908600.00000000,True
089790,제이티,KOSDAQ,기계·장비,6990,3.24963072,93.62244898,16.69449082,96.13702624,46.08150470,97.01166181,82.50652742,97.48542274,96.50510204,807988015.20000005,1310086885.00000000,False
142280,녹십자엠에스,KOSDAQ,제약,4300,28.55007474,99.81778426,35.86097946,99.56268222,33.74805599,94.42419825,55.51537071,93.69533528,96.35932945,6928292389.39999962,88381846877.00000000,True
078350,한양디지텍,KOSDAQ,전기·전자,36400,0.13755158,71.13702624,27.94376098,99.08892128,94.02985075,99.70845481,90.57591623,98.06851312,96.33746356,13921793087.75000000,13602858425.00000000,True
008930,한미사이언스,KOSPI,기타금융,66200,14.73136915,99.19825073,27.55298651,98.97959184,25.37878788,91.29008746,96.73105498,98.72448980,95.87463557,14787662991.25000000,44669447150.00000000,True
079190,케스피온,KOSDAQ,전기·전자,1724,0.87770626,81.01311953,29.04191617,99.16180758,52.29681979,97.74052478,56.44283122,94.05976676,95.75801749,234980538.19999999,191193542.00000000,False
005320,온타이드,KOSPI,유통,1556,4.08026756,94.97084548,21.56250000,97.95918367,29.12863071,92.78425656,90.22004890,98.03206997,95.60495627,262395557.15000001,543606912.00000000,False
017900,광전자,KOSPI,전기·전자,10570,2.32333011,90.70699708,11.85185185,92.41982507,49.50495050,97.44897959,102.10325048,98.97959184,95.57215743,85452672410.25000000,23381940675.00000000,True
439580,블루엠텍,KOSDAQ,유통,3080,1.81818182,88.44752187,15.14018692,95.15306122,45.97156398,96.97521866,75.39863326,96.82944606,95.54664723,5433770274.60000038,13166483446.00000000,True
291650,츌립앤사이언스,KOSDAQ,일반서비스,2735,2.43445693,91.18075802,41.70984456,99.70845481,65.25679758,98.83381924,30.36224976,84.58454810,95.48104956,108656035.95000000,398346577.00000000,False
156100,엘앤케이바이오,KOSDAQ,의료·정밀기기,6800,6.58307210,97.26676385,12.39669421,92.93002915,60.37735849,98.50583090,44.98933902,91.03498542,95.21501458,1445629348.50000000,1881091465.00000000,False
377030,비트맥스,KOSDAQ,IT 서비스,2420,3.86266094,94.60641399,19.21182266,97.01166181,30.45822102,93.40379009,64.51393610,95.40816327,95.00728863,82826637.59999999,159681029.00000000,False
069540,빛과전자,KOSDAQ,전기·전자,5120,-0.38910506,55.35714286,27.20496894,98.94314869,88.58195212,99.52623907,207.13857229,99.78134111,94.98542274,109900456234.30000305,258002359880.00000000,True
405100,큐알티,KOSDAQ,일반서비스,17790,2.35903337,90.92565598,25.45839210,98.65160350,27.43553009,92.01895044,71.88405797,96.35568513,94.76676385,842528792.00000000,1696252000.00000000,False
357580,아모센스,KOSDAQ,전기·전자,8340,0.84643289,80.79446064,15.99443672,95.62682216,68.31483350,98.97959184,46.57293497,91.69096210,94.69752187,2951669097.75000000,1871703405.00000000,False
031980,피에스케이홀딩스,KOSDAQ,기계·장비,201500,1.71630490,87.71865889,11.44911504,92.05539359,39.93055556,95.95481050,73.40791738,96.64723032,94.09985423,32365247367.50000000,48762786300.00000000,True
033160,엠케이전자,KOSDAQ,전기·전자,19990,1.16396761,83.96501458,17.38109219,96.57434402,43.70956147,96.53790087,41.87366927,90.19679300,94.02332362,16559102090.25000000,37021153180.00000000,True
002720,국제약품,KOSPI,제약,4430,27.29885057,99.78134111,36.93972179,99.59912536,29.72181552,92.96647230,30.67846608,84.80320700,94.00510204,1418072449.65000010,26501928254.00000000,False
006120,SK디스커버리,KOSPI,기타금융,71600,7.66917293,97.74052478,13.11216430,93.69533528,35.34971645,94.71574344,43.77510040,90.74344023,93.91763848,2127439327.95000005,8692771800.00000000,False
105330,케이엔더블유,KOSDAQ,운송장비·부품,9210,4.89749431,96.17346939,11.63636364,92.20116618,37.46268657,95.37172012,46.88995215,91.90962099,93.80830904,4415770585.25000000,82482277095.00000000,False
340450,지씨지놈,KOSDAQ,일반서비스,10160,-0.58708415,51.53061224,16.91599540,96.28279883,84.39201452,99.41690962,120.15167931,99.41690962,93.68804665,4740260381.25000000,10429962225.00000000,False
219130,타이거일렉,KOSDAQ,전기·전자,98000,6.29067245,97.15743440,7.69230769,85.84183673,62.25165563,98.65160350,55.30903328,93.62244898,93.65342566,3712969642.50000000,12289855400.00000000,False
160190,하이젠알앤엠,KOSDAQ,전기·전자,33700,-0.73637703,49.34402332,17.21739130,96.46501458,75.70385819,99.23469388,101.79640719,98.90670554,93.34912536,11512109931.00000000,8922952550.00000000,False
383930,디티앤씨알오,KOSDAQ,일반서비스,2170,10.94069530,98.79737609,16.22924478,95.88192420,42.48194353,96.31924198,25.14417532,80.68513120,93.30903790,184375190.00000000,837143986.00000000,False
003350,한국화장품제조,KOSPI,화학,16570,11.13346747,98.83381924,8.65573770,87.79154519,29.96078431,93.07580175,104.06403941,99.01603499,93.25437318,32351831147.00000000,99231190060.00000000,False
348030,모비릭스,KOSDAQ,IT 서비스,3575,5.76923077,96.79300292,34.39849624,99.41690962,22.22222222,89.68658892,32.89962825,86.44314869,92.66763848,184851367.65000001,1929000739.00000000,False
490470,세미파이브,KOSDAQ,일반서비스,22150,1.14155251,83.74635569,16.94825766,96.31924198,52.86404417,97.81341108,25.85227273,81.15889213,92.62755102,35142937195.75000000,47148617350.00000000,True
200470,에이팩트,KOSDAQ,전기·전자,9970,-1.28712871,41.18075802,21.58536585,97.99562682,59.77564103,98.46938776,89.90476190,97.99562682,92.50364431,8695214471.75000000,7645448660.00000000,False
388870,파로스아이바이오,KOSDAQ,일반서비스,6650,9.91735537,98.57871720,13.48122867,94.16909621,28.87596899,92.67492711,30.39215686,84.62099125,92.10276968,359839705.00000000,801802845.00000000,False
248070,솔루엠,KOSPI,전기·전자,17560,4.64839094,95.88192420,34.55938697,99.45335277,36.01859024,94.89795918,17.45819398,73.25072886,92.03352770,3650340505.75000000,16438255305.00000000,False
159010,아스플로,KOSDAQ,기계·장비,32600,1.39968896,85.89650146,9.03010033,88.33819242,28.34645669,92.34693878,108.97435897,99.12536443,91.85495627,4843906907.50000000,3802693825.00000000,False
200350,아티스트스튜디오,KOSDAQ,오락·문화,4165,-2.91375291,24.34402332,41.66666667,99.67201166,70.34764826,99.08892128,111.42131980,99.23469388,91.81851312,727596011.39999998,2296052331.00000000,False
129920,대성하이텍,KOSDAQ,기계·장비,7270,0.83217753,80.64868805,9.32330827,88.66618076,34.62962963,94.67930029,71.05882353,96.10058309,91.75655977,1038281124.85000002,1122598625.00000000,False
033170,시그네틱스,KOSDAQ,전기·전자,3390,-1.16618076,42.78425656,20.21276596,97.33965015,90.02242152,99.56268222,47.39130435,92.05539359,91.71647230,1350490964.40000010,559320820.00000000,False
307750,국전,KOSDAQ,제약,2830,17.67151767,99.41690962,24.39560440,98.39650146,20.94017094,88.73906706,28.92938497,83.70991254,91.69825073,2617527790.30000019,46874223100.00000000,False
043260,성호전자,KOSDAQ,전기·전자,31750,-2.45775730,28.64431487,27.00000000,98.90670554,102.61646458,99.81778426,69.87693954,95.95481050,91.65451895,129497619686.50000000,185163724025.00000000,True
354320,알멕,KOSDAQ,금속,49650,-2.26377953,30.61224490,26.98209719,98.87026239,53.71517028,97.88629738,93.56725146,98.36005831,91.54883382,8038721346.25000000,10681170975.00000000,True
107640,한중엔시에스,KOSDAQ,전기·전자,46950,2.84775465,92.56559767,16.21287129,95.84548105,17.96482412,86.29737609,58.61486486,94.64285714,91.45772595,4301666660.00000000,13339145050.00000000,False
096530,씨젠,KOSDAQ,제약,38800,2.50990753,91.39941691,15.13353116,95.11661808,21.63009404,89.32215743,37.34513274,88.30174927,91.06413994,10766400887.29999924,37662735050.00000000,False
069920,엑시온그룹,KOSDAQ,유통,1399,-0.07142857,62.17201166,20.60344828,97.52186589,21.12554113,88.99416910,130.47775947,99.56268222,90.98396501,437099690.69999999,397415587.00000000,False
128820,대성산업,KOSPI,유통,5060,19.62174941,99.52623907,25.40272615,98.61516035,21.92771084,89.61370262,21.48859544,77.80612245,90.94387755,2297233418.80000019,34866933996.00000000,False
163730,핑거,KOSDAQ,IT 서비스,14850,0.13486177,70.99125364,7.37527115,84.98542274,55.17241379,98.10495627,63.36633663,95.22594752,90.88192420,1883978816.50000000,2430147415.00000000,False
020150,롯데에너지머티리얼즈,KOSPI,전기·전자,53300,-2.02205882,32.79883382,23.37962963,98.28717201,44.64043419,96.68367347,66.30265211,95.66326531,90.57215743,15098328803.75000000,17833692800.00000000,True
054780,키이스트,KOSDAQ,오락·문화,2175,-1.80586907,35.56851312,19.63696370,97.08454810,52.41765943,97.77696793,55.35714286,93.65889213,90.52478134,314332663.89999998,201684565.00000000,False
251370,와이엠티,KOSDAQ,화학,10120,3.90143737,94.64285714,16.45569620,95.99125364,44.98567335,96.79300292,12.69487751,66.69096210,90.31705539,1044378568.00000000,2882491815.00000000,False
217590,티엠씨,KOSPI,전기·전자,18510,-4.53842187,12.06268222,33.16546763,99.38046647,78.66795367,99.30758017,76.95984704,97.08454810,90.16034985,41046915427.50000000,92285105155.00000000,True
126600,BGF에코머티리얼즈,KOSDAQ,화학,3565,10.54263566,98.76093294,21.67235495,98.03206997,20.43918919,88.15597668,21.88034188,78.06122449,90.16034985,757101273.45000005,11762229222.00000000,False
078600,대주전자재료,KOSDAQ,전기·전자,111200,-0.89126560,46.68367347,22.60198456,98.21428571,31.44208038,93.62244898,49.86522911,92.67492711,90.11661808,14474227120.00000000,23486024350.00000000,True
226340,본느,KOSDAQ,화학,6460,0.62305296,78.46209913,26.66666667,98.79737609,12.54355401,81.63265306,259.88857939,99.89067055,90.11661808,3939786234.90000010,2907851350.00000000,False
417500,제이아이테크,KOSDAQ,화학,4660,-0.42735043,54.59183673,14.63714637,94.71574344,31.45275035,93.65889213,53.54200988,93.40379009,90.01822157,1487552300.20000005,2304482738.00000000,False
115450,HLB테라퓨틱스,KOSDAQ,유통,2870,0.34965035,74.92711370,11.24031008,91.83673469,33.48837209,94.31486880,32.25806452,86.00583090,89.97084548,1896972168.65000010,5005546413.00000000,False
000650,천일고속,KOSPI,운송·창고,180300,29.99279019,99.96355685,26.43758766,98.76093294,25.46972860,91.36297376,13.75394322,68.54956268,89.87973761,360393552.50000000,4373684550.00000000,False
101730,위메이드맥스,KOSDAQ,IT 서비스,5310,15.81243184,99.30758017,18.65921788,96.82944606,29.67032967,92.93002915,13.82636656,68.62244898,89.87609329,4101815823.30000019,24282800024.00000000,False
251970,펌텍코리아,KOSDAQ,화학,67600,6.28930818,97.12099125,7.47217806,85.24052478,22.24231465,89.75947522,51.23042506,92.89358601,89.76676385,5991377262.50000000,12413924650.00000000,False
229640,LS에코에너지,KOSPI,기타금융,68200,-0.14641288,60.64139942,7.91139241,86.37026239,49.56140351,97.48542274,56.42201835,93.98688047,89.76676385,15664148953.75000000,16904241700.00000000,False
360350,코셈,KOSDAQ,의료·정밀기기,12100,-5.83657588,6.34110787,32.96703297,99.34402332,124.90706320,99.92711370,71.38810198,96.28279883,89.66472303,652800857.00000000,480464605.00000000,False
321820,아티스트컴퍼니,KOSDAQ,오락·문화,4020,-4.28571429,13.73906706,26.81388013,98.83381924,53.14285714,97.84985423,81.90045249,97.44897959,89.65379009,1172195219.79999995,593293340.00000000,False
104040,디에스엠,KOSDAQ,운송장비·부품,3085,-0.64412238,50.80174927,16.19585687,95.80903790,24.14486922,90.77988338,79.04817179,97.15743440,89.56632653,114448245.05000000,144382855.00000000,False
109820,진매트릭스,KOSDAQ,일반서비스,1859,14.89493201,99.23469388,19.85815603,97.23032070,12.87188828,82.17930029,35.69343066,87.64577259,89.49344023,498101348.55000001,6623474358.00000000,False
036170,에이치엠넥스,KOSDAQ,전기·전자,3200,2.07336523,89.68658892,19.85018727,97.19387755,39.73799127,95.84548105,11.69284468,64.79591837,89.42419825,778291620.29999995,603198761.00000000,False
411080,샌즈랩,KOSDAQ,IT 서비스,8190,-8.69565217,1.74927114,23.90317700,98.32361516,94.76813317,99.74489796,110.26957638,99.19825073,89.40962099,19526868890.75000000,70712315630.00000000,True
085620,미래에셋생명,KOSPI,보험,22650,11.30221130,98.87026239,18.64850707,96.79300292,13.70481928,83.16326531,31.99300699,85.75072886,89.34037901,2658243570.25000000,13898966475.00000000,False
355690,에이텀,KOSDAQ,전기·전자,5770,4.90909091,96.20991254,8.45864662,87.60932945,19.70954357,87.64577259,46.81933842,91.83673469,89.32944606,484763637.89999998,1189645470.00000000,False
452450,피아이이,KOSDAQ,기계·장비,5730,-2.55102041,27.62390671,13.01775148,93.58600583,49.02470741,97.41253644,83.36000000,97.52186589,89.30758017,4329308569.80000019,8425038785.00000000,False
256940,킵스파마,KOSDAQ,제약,7340,-0.13605442,60.89650146,20.72368421,97.55830904,30.60498221,93.47667638,26.77029361,82.28862974,89.20553936,322052801.50000000,202134080.00000000,False
033560,블루콤,KOSDAQ,전기·전자,5750,1.23239437,84.45699708,8.28625235,87.13556851,22.73212380,90.05102041,51.11695138,92.82069971,89.17091837,97232594.59999999,162460270.00000000,False
480370,씨케이솔루션,KOSPI,기계·장비,2145,-3.59550562,18.95043732,20.84507042,97.74052478,46.91780822,97.08454810,66.02167183,95.59037901,89.16909621,1595885190.65000010,980185241.00000000,False
136150,원일티엔아이,KOSDAQ,기계·장비,12900,-6.25000000,5.10204082,59.65346535,99.92711370,72.45989305,99.19825073,59.65346535,94.75218659,89.11807580,3302751274.50000000,1377785340.00000000,False
002360,SH에너지화학,KOSPI,화학,3400,1.49253731,86.40670554,3.03030303,69.13265306,111.97007481,99.89067055,101.42180095,98.83381924,89.10349854,673357346.35000002,210690565.00000000,False
192820,코스맥스,KOSPI,화학,310500,3.50000000,94.02332362,11.49012567,92.12827988,12.70417423,81.85131195,72.88418708,96.57434402,89.09620991,29349090887.50000000,62332699250.00000000,False
038880,아이에이,KOSDAQ,전기·전자,3560,1.71428571,87.64577259,8.70229008,87.86443149,20.47377327,88.19241983,53.11827957,93.36734694,89.07434402,62571798.75000000,67903710.00000000,False
100590,머큐리,KOSDAQ,전기·전자,5830,-7.75316456,2.76967930,22.35047219,98.17784257,71.47058824,99.16180758,81.05590062,97.37609329,88.87026239,11101709711.04999924,7468897035.00000000,False
104540,코렌텍,KOSDAQ,의료·정밀기기,5810,-3.64842454,18.36734694,32.34624146,99.30758017,46.53215637,97.04810496,46.90265487,91.94606414,88.83746356,1053328060.20000005,1233242595.00000000,False
097800,윈팩,KOSDAQ,전기·전자,3545,-10.02538071,0.80174927,20.37351443,97.44897959,84.63541667,99.45335277,94.35307018,98.46938776,88.79008746,4572750025.05000019,3518524779.00000000,False
041960,코미팜,KOSDAQ,제약,10960,4.48045758,95.59037901,12.29508197,92.78425656,12.87332647,82.21574344,48.91304348,92.31049563,88.74271137,2617841621.75000000,8068041520.00000000,False
263860,지니언스,KOSDAQ,IT 서비스,23050,-5.91836735,6.04956268,21.18822292,97.92274052,50.45691906,97.52186589,92.88702929,98.32361516,88.65524781,11753115879.00000000,16860692500.00000000,True
425040,티이엠씨,KOSDAQ,화학,15050,-2.65200517,26.63994169,9.61398398,89.54081633,79.59427208,99.34402332,72.00000000,96.42857143,88.54956268,14807546644.25000000,13960943595.00000000,False
105740,디케이락,KOSDAQ,기계·장비,11420,-4.83333333,10.75072886,20.97457627,97.77696793,45.29262087,96.82944606,76.50695518,97.01166181,88.54227405,4464701326.25000000,8783182175.00000000,False
072950,빛샘전자,KOSDAQ,전기·전자,16050,-8.70307167,1.71282799,15.46762590,95.29883382,91.52744630,99.63556851,132.60869565,99.59912536,88.53498542,66950650630.25000000,31994954210.00000000,True
223250,드림씨아이에스,KOSDAQ,일반서비스,3905,5.68335589,96.72011662,14.68428781,94.82507289,15.02209131,84.47521866,27.61437908,82.94460641,88.49854227,2206115488.00000000,3060724178.00000000,False
012170,아센디오,KOSPI,오락·문화,3140,6.26057530,97.08454810,9.98248687,90.12390671,10.36906854,79.08163265,227.42440042,99.81778426,88.34183673,75392188.95000000,245985318.00000000,False
158430,아톤,KOSDAQ,IT 서비스,6760,-5.45454545,7.87172012,24.72324723,98.50583090,39.38144330,95.69970845,79.31034483,97.19387755,88.05758017,22180963177.59999847,80098263225.00000000,True
176750,듀켐바이오,KOSDAQ,제약,7730,3.20427236,93.58600583,7.66016713,85.71428571,21.73228346,89.46793003,31.68654174,85.56851312,87.97376093,538286019.50000000,1587630875.00000000,False
172670,에이엘티,KOSDAQ,전기·전자,14750,-3.90879479,16.07142857,12.68143621,93.14868805,50.51020408,97.55830904,75.59523810,96.86588921,87.94825073,1046730023.00000000,883640490.00000000,False
456160,지투지바이오,KOSDAQ,제약,44400,-0.11248594,61.55247813,29.44606414,99.19825073,16.99604743,85.64139942,38.53354134,88.77551020,87.92638484,8053324610.00000000,11643582475.00000000,False
032860,더라미,KOSDAQ,일반서비스,3560,20.27027027,99.56268222,30.16453382,99.23469388,28.98550725,92.74781341,6.42750374,55.24781341,87.87536443,30182495.90000000,105981325.00000000,False
121600,나노신소재,KOSDAQ,화학,63000,-1.86915888,34.83965015,14.33756806,94.53352770,34.04255319,94.53352770,45.16129032,91.07142857,87.87172012,4228018457.50000000,3396300200.00000000,False
263600,덕우전자,KOSDAQ,전기·전자,5060,-6.29629630,4.99271137,49.70414201,99.85422741,40.36061026,96.02769679,61.14649682,95.00728863,87.86807580,3159900088.94999981,3904325975.00000000,False
071280,로체시스템즈,KOSDAQ,기계·장비,9030,-0.44101433,54.30029155,15.47314578,95.33527697,20.72192513,88.55685131,47.06840391,92.01895044,87.85714286,1170179651.00000000,1221514085.00000000,False
042000,카페24,KOSDAQ,IT 서비스,22350,-2.18818381,31.26822157,19.20000000,96.97521866,38.64764268,95.55393586,33.91252247,86.95335277,87.83163265,5847646826.00000000,8730106850.00000000,False
096770,SK이노베이션,KOSPI,화학,159500,1.78685386,88.04664723,8.35597826,87.24489796,15.32899494,84.69387755,59.81963928,94.82507289,87.82069971,146166534658.89999390,157973849178.00000000,False
005160,동국산업,KOSDAQ,금속,3855,-6.09013398,5.50291545,18.25153374,96.64723032,50.58593750,97.63119534,67.60869565,95.77259475,87.75145773,11978575734.25000000,2425873062.00000000,False
073540,에프알텍,KOSDAQ,전기·전자,2765,0.18115942,71.97521866,11.71717172,92.27405248,24.54954955,90.99854227,26.54462243,81.99708455,87.67857143,87501520.50000000,71018528.00000000,False
019170,신풍제약,KOSPI,제약,10930,8.32507433,98.06851312,21.04097453,97.88629738,9.19080919,77.07725948,37.48427673,88.37463557,87.67857143,4530818240.00000000,39258040170.00000000,False
222800,심텍,KOSDAQ,전기·전자,169200,-2.70270270,26.05685131,10.80550098,91.25364431,43.51145038,96.50145773,61.75908222,95.11661808,87.60568513,104369943727.50000000,105105089300.00000000,True
036540,SFA반도체,KOSDAQ,전기·전자,11370,-1.89818809,34.36588921,5.96458527,81.01311953,102.67379679,99.85422741,127.40000000,99.48979592,87.58017493,80760709983.25000000,48237399800.00000000,False
007810,코리아써키트,KOSPI,전기·전자,86500,-3.13549832,22.48542274,14.11609499,94.38775510,69.60784314,99.05247813,33.48765432,86.84402332,87.55466472,41775278286.25000000,62718504400.00000000,True
052710,아모텍,KOSDAQ,전기·전자,21600,-4.84581498,10.64139942,13.32633788,93.98688047,91.31975199,99.59912536,48.56592613,92.23760933,87.54737609,20849769490.00000000,15025313025.00000000,True
000250,삼천당제약,KOSDAQ,제약,238500,-3.24543611,21.46501458,43.41551413,99.78134111,51.91082803,97.66763848,26.19047619,81.63265306,87.47448980,27013407337.50000000,110785800250.00000000,True
253590,네오셈,KOSDAQ,기계·장비,15700,-4.15140415,14.28571429,16.03843311,95.66326531,39.06111603,95.62682216,64.57023061,95.44460641,87.46720117,12715028181.00000000,12749363760.00000000,True
083500,에프엔에스테크,KOSDAQ,기계·장비,14790,1.09364320,83.27259475,9.71810089,89.79591837,33.24324324,94.27842566,16.36506688,72.26676385,87.43075802,827267651.50000000,1037071790.00000000,False
092870,엑시콘,KOSDAQ,기계·장비,52400,-3.49907919,19.82507289,8.04123711,86.69825073,60.49004594,98.54227405,254.05405405,99.85422741,87.37973761,15405209341.25000000,17343712200.00000000,False
204270,제이앤티씨,KOSDAQ,전기·전자,25650,-2.65654649,26.60349854,10.79913607,91.21720117,34.08259279,94.60641399,74.25271739,96.68367347,87.20481050,34168649249.25000000,113725005575.00000000,True
098460,고영,KOSDAQ,기계·장비,35850,-2.04918033,32.65306122,16.39610390,95.95481050,28.49462366,92.45626822,43.40000000,90.56122449,87.14650146,41832060215.00000000,47120525450.00000000,True
293780,압타바이오,KOSDAQ,일반서비스,7860,-1.75000000,36.15160350,13.41991342,94.05976676,21.67182663,89.35860058,86.92033294,97.81341108,87.13921283,359370751.25000000,349652925.00000000,False
018670,SK가스,KOSPI,유통,270500,5.66406250,96.68367347,12.94363257,93.44023324,13.41719078,82.79883382,26.10722611,81.52332362,87.12463557,2733954475.00000000,8382587750.00000000,False
232140,와이씨,KOSDAQ,기계·장비,16890,-6.83949255,3.68075802,17.29166667,96.50145773,43.98976982,96.57434402,66.24015748,95.62682216,87.07361516,40020924212.00000000,40306542375.00000000,True
084990,헬릭스미스,KOSDAQ,일반서비스,3920,4.11686587,95.00728863,21.73913043,98.06851312,29.80132450,93.00291545,5.94594595,54.30029155,86.98250729,853115692.54999995,1800498737.00000000,False
084670,동양고속,KOSPI,운송·창고,29250,27.17391304,99.74489796,16.07142857,95.69970845,22.89915966,90.16034985,8.93854749,60.27696793,86.80393586,354395408.75000000,2825283725.00000000,False
046970,우리로,KOSDAQ,유통,8170,-5.33024334,8.41836735,9.37081660,88.88483965,68.80165289,99.01603499,84.84162896,97.70408163,86.65451895,53260244785.90000153,24156729220.00000000,False
295310,에이치브이엠,KOSDAQ,금속,70000,-7.77338603,2.73323615,18.64406780,96.72011662,44.47884417,96.61078717,52.33949946,93.22157434,86.57798834,11279248836.25000000,16071325900.00000000,True
406820,뷰티스킨,KOSDAQ,화학,2630,8.00821355,97.92274052,6.26262626,81.92419825,37.26513570,95.29883382,15.09846827,70.33527697,86.55612245,4628302714.19999981,2872997226.00000000,False
083310,엘오티베큠,KOSDAQ,기계·장비,12750,-4.13533835,14.48615160,15.38461538,95.26239067,34.49367089,94.64285714,51.96662694,93.03935860,86.49234694,1106060598.50000000,1320959255.00000000,False
138080,오이솔루션,KOSDAQ,전기·전자,31600,-5.38922156,8.12682216,12.25577265,92.74781341,48.35680751,97.37609329,57.21393035,94.31486880,86.45043732,13794269198.75000000,8607629950.00000000,False
214430,아이쓰리시스템,KOSDAQ,전기·전자,79000,-2.10656753,31.88775510,16.51917404,96.02769679,32.10702341,93.91399417,30.14827018,84.43877551,86.45043732,2004929040.00000000,1927058250.00000000,False
091580,상신이디피,KOSDAQ,전기·전자,24450,-2.20000000,31.19533528,18.68932039,96.86588921,18.40193705,86.62536443,81.24536694,97.41253644,86.31195335,6776263598.75000000,8601755950.00000000,False
012030,DB,KOSPI,IT 서비스,2005,-2.66990291,26.49416910,14.89971347,95.00728863,33.04578633,94.09620991,34.92597577,87.31778426,86.25364431,1861335759.95000005,839053127.00000000,False
232830,아이티센피엔에스,KOSDAQ,IT 서비스,3000,-9.09090909,1.27551020,9.89010989,90.01457726,56.57620042,98.25072886,104.08163265,99.05247813,86.24271137,3850759311.44999981,1026795685.00000000,False
080580,오킨스전자,KOSDAQ,전기·전자,27700,-4.31778929,13.48396501,8.84086444,88.10131195,43.22647363,96.39212828,122.84794851,99.45335277,86.22631195,11004128183.50000000,10299795600.00000000,False
114450,그린생명과학,KOSDAQ,제약,2520,9.56521739,98.36005831,13.76975169,94.24198251,8.15450644,75.18221574,41.41414141,89.94169096,86.16982507,865396928.35000002,15140456492.00000000,False
356860,티엘비,KOSDAQ,전기·전자,49800,-2.35294118,29.68294461,9.33040615,88.70262391,34.05114401,94.56997085,56.20589066,93.80466472,86.16800292,27397322612.50000000,33783655975.00000000,False
353200,대덕전자,KOSPI,전기·전자,149800,-5.24984187,8.74635569,13.22751323,93.80466472,50.55276382,97.59475219,41.72185430,90.08746356,86.07142857,129020273687.50000000,131346170750.00000000,True
051160,지어소프트,KOSDAQ,IT 서비스,13590,-1.30718954,40.88921283,7.85714286,86.18804665,25.13812155,91.21720117,90.60308555,98.10495627,86.05320700,4891641386.25000000,3033731610.00000000,False
314130,지놈앤컴퍼니,KOSDAQ,제약,5290,-11.68614357,0.36443149,13.39764202,94.02332362,54.00291121,97.95918367,51.35908441,92.93002915,86.01311953,2786625847.15000010,4714008775.00000000,False
007815,코리아써우,KOSPI,전기·전자,22150,-0.89485459,46.61078717,12.03844208,92.60204082,21.70329670,89.43148688,38.43750000,88.73906706,85.96209913,21306801.00000000,13151300.00000000,False
127710,아시아경제,KOSDAQ,IT 서비스,1428,0.35137034,74.96355685,3.55329949,71.50145773,39.31707317,95.66326531,54.88069414,93.58600583,85.92930029,111290787.25000000,155144969.00000000,False
067630,HLB생명과학,KOSDAQ,제약,4185,-6.37583893,4.84693878,15.28925620,95.18950437,55.86592179,98.21428571,36.54159869,87.97376093,85.92201166,4407166378.39999962,2075299475.00000000,False
417200,LS머트리얼즈,KOSDAQ,전기·전자,15350,-3.21563682,21.79300292,16.11195159,95.73615160,40.05474453,95.99125364,27.59767249,82.90816327,85.87827988,19852139200.00000000,19156293675.00000000,True
299660,셀리드,KOSDAQ,일반서비스,2615,9.64360587,98.46938776,8.28157350,87.09912536,8.28157350,75.40087464,94.42379182,98.54227405,85.84548105,3496078320.34999990,16002928898.00000000,False
469480,IBKS제24호스팩,KOSDAQ,금융,3790,3.55191257,94.20553936,15.90214067,95.59037901,14.84848485,84.29300292,14.84848485,69.89795918,85.79446064,384037790.75000000,923938715.00000000,False
297090,씨에스베어링,KOSDAQ,기계·장비,4985,-0.30000000,57.14285714,9.44017563,89.03061224,23.39108911,90.48833819,32.05298013,85.82361516,85.78352770,523192521.05000001,170420130.00000000,False
119610,인터로조,KOSDAQ,의료·정밀기기,16780,2.06812652,89.65014577,13.30182309,93.95043732,20.71942446,88.52040816,11.79213857,65.01457726,85.56122449,581668595.75000000,1361842740.00000000,False
002710,TCC스틸,KOSPI,금속,14090,-6.68874172,4.04518950,25.24444444,98.54227405,26.02862254,91.58163265,57.43016760,94.42419825,85.48469388,8607493411.00000000,6236307445.00000000,False
112610,씨에스윈드,KOSPI,금속,56900,-1.55709343,37.79154519,12.22879684,92.71137026,21.19275825,89.03061224,45.71062740,91.39941691,85.48469388,19737353225.00000000,14955656350.00000000,False
246960,SCL사이언스,KOSDAQ,제약,2870,0.00000000,66.01676385,4.74452555,76.34839650,28.41163311,92.38338192,61.32658797,95.04373178,85.46829446,394147639.75000000,551827690.00000000,False
430690,한싹,KOSDAQ,IT 서비스,3280,-3.52941176,19.64285714,12.90877797,93.36734694,27.13178295,91.94606414,52.55813953,93.33090379,85.41909621,1584957503.65000010,1782230112.00000000,False
006140,피제이전자,KOSDAQ,의료·정밀기기,5750,-2.54237288,27.73323615,31.72966781,99.27113703,21.05263158,88.95772595,32.64129181,86.29737609,85.39723032,1470599640.84999990,2813582640.00000000,False
192650,드림텍,KOSPI,전기·전자,9000,-7.21649485,3.20699708,9.35601458,88.84839650,42.85714286,96.35568513,120.04889976,99.38046647,85.39358601,11201942300.25000000,6666602885.00000000,False
056190,SFA,KOSDAQ,기계·장비,30950,-1.74603175,36.22448980,8.40630473,87.39067055,30.59071730,93.44023324,44.28904429,90.81632653,85.37900875,4288701556.25000000,4536083550.00000000,False
065530,와이어블,KOSDAQ,통신,1479,-2.69736842,26.09329446,15.09727626,95.08017493,24.28571429,90.85276968,38.74296435,88.95772595,85.26603499,1028303868.50000000,1135883281.00000000,False
036930,주성엔지니어링,KOSDAQ,기계·장비,251500,-11.13074205,0.40087464,12.52796421,93.07580175,41.05440269,96.10058309,57.18750000,94.27842566,85.25874636,356470845761.00000000,636890110220.00000000,True
351320,넥사다이내믹스,KOSDAQ,기계·장비,4330,-1.81405896,35.34985423,11.59793814,92.16472303,16.24161074,85.13119534,333.86773547,99.96355685,85.22959184,2698100538.50000000,1416947712.00000000,False
004105,태양금속우,KOSPI,운송장비·부품,4470,-3.87096774,16.32653061,9.55882353,89.44970845,37.96296296,95.51749271,49.24874791,92.49271137,85.17310496,245615981.40000001,397665182.00000000,False
003160,디아이,KOSPI,의료·정밀기기,40750,-4.78971963,11.00583090,9.83827493,89.94169096,30.40000000,93.33090379,91.76470588,98.17784257,85.05102041,25394596547.50000000,23303188675.00000000,False
192250,케이사인,KOSDAQ,IT 서비스,9290,-2.51836306,28.02478134,14.69135802,94.89795918,28.31491713,92.27405248,30.11204482,84.32944606,85.04737609,1628132573.00000000,2664467245.00000000,False
054920,한컴위드,KOSDAQ,IT 서비스,5150,-7.87119857,2.58746356,10.63372718,91.07142857,37.51668892,95.44460641,71.95325543,96.39212828,85.03644315,16428427791.89999962,10144136065.00000000,True
010955,S-Oil우,KOSPI,화학,89900,3.45224396,93.95043732,3.57142857,71.68367347,25.03477051,91.18075802,37.04268293,88.19241983,85.01093294,2260137677.50000000,2127475400.00000000,False
462980,아이지넷,KOSDAQ,IT 서비스,1766,3.94349617,94.71574344,6.06606607,81.30466472,17.42021277,85.96938776,28.99926954,83.78279883,85.00728863,55573553.90000000,70488209.00000000,False
272110,케이엔제이,KOSDAQ,전기·전자,32350,-1.52207002,38.30174927,8.19397993,86.91690962,32.58196721,93.98688047,34.23236515,87.13556851,84.92711370,2551089388.75000000,6571929400.00000000,False
101490,에스앤에스텍,KOSDAQ,전기·전자,52900,-2.57826888,27.47813411,16.51982379,96.06413994,32.08489388,93.87755102,22.73781903,78.82653061,84.88338192,13192947722.50000000,22646972250.00000000,True
126340,비나텍,KOSDAQ,전기·전자,93200,-2.81543274,25.18221574,7.99536501,86.55247813,56.90235690,98.28717201,31.45275035,85.34985423,84.86880466,12871453405.00000000,9751563450.00000000,False
048910,대원미디어,KOSDAQ,유통,7450,2.90055249,92.67492711,4.19580420,74.45335277,17.87974684,86.18804665,56.34837356,93.91399417,84.86151603,378768862.00000000,374926905.00000000,False
115610,이미지스,KOSDAQ,전기·전자,1897,-2.16606498,31.37755102,16.88231670,96.24635569,18.48844472,86.77113703,43.71212121,90.70699708,84.86151603,233105384.84999999,582267345.00000000,False
469750,아이비젼웍스,KOSDAQ,기계·장비,5800,-3.65448505,18.27623907,17.05348133,96.39212828,18.00610376,86.40670554,84.71337580,97.66763848,84.84147230,412233263.60000002,768944365.00000000,False
347860,알체라,KOSDAQ,IT 서비스,1691,-1.68604651,36.47959184,10.81258191,91.29008746,33.14960630,94.24198251,23.61111111,79.66472303,84.66472303,251413687.15000001,532528762.00000000,False
073570,리튬포어스,KOSDAQ,기타제조,2690,-8.81355932,1.49416910,8.03212851,86.62536443,55.49132948,98.14139942,70.25316456,96.02769679,84.59912536,221397939.25000000,251141815.00000000,False
360070,탑머티리얼,KOSDAQ,전기·전자,10410,-1.60680529,37.28134111,14.01971522,94.31486880,25.57297949,91.39941691,23.92857143,79.91982507,84.56632653,126202681.75000000,124883440.00000000,False
251630,브이원텍,KOSDAQ,기계·장비,3980,2.97542044,93.03935860,9.04109589,88.41107872,14.04011461,83.49125364,20.42360061,76.71282799,84.56632653,56750590.00000000,223623210.00000000,False
253840,수젠텍,KOSDAQ,제약,4855,3.51812367,94.13265306,10.34090909,90.67055394,9.10112360,76.82215743,31.92934783,85.71428571,84.48615160,1747493657.45000005,19458724902.00000000,False
323280,태성,KOSDAQ,기계·장비,59600,-5.39682540,8.09037901,9.55882353,89.44970845,32.88740245,94.05976676,70.52932761,96.06413994,84.48068513,20394694625.00000000,20595318450.00000000,False
398120,에스지헬스케어,KOSDAQ,의료·정밀기기,2300,-0.21691974,58.89212828,14.42786070,94.56997085,26.51265127,91.72740525,13.02211302,67.38338192,84.42784257,157430544.40000001,82669510.00000000,False
331380,포커스에이아이,KOSDAQ,전기·전자,2165,3.09523810,93.44023324,4.84261501,76.74927114,14.42917548,83.96501458,46.87924016,91.87317784,84.32944606,76667821.45000000,221523292.00000000,False
347700,스피어,KOSDAQ,IT 서비스,25350,-6.28465804,5.02915452,18.73536300,96.90233236,29.86680328,93.03935860,35.20000000,87.53644315,84.29664723,33567811285.50000000,68035178775.00000000,True
083470,이엠앤아이,KOSDAQ,화학,990,6.22317597,97.04810496,9.75609756,89.86880466,12.62798635,81.77842566,18.56287425,74.56268222,84.28935860,71451788.09999999,234610593.00000000,False
153490,우리이앤엘하루틴,KOSDAQ,전기·전자,3315,6.93548387,97.41253644,5.23809524,78.31632653,13.13993174,82.47084548,42.27467811,90.30612245,84.28571429,35877831.30000000,66221312.00000000,False
011090,에넥스,KOSPI,기타제조,1539,17.12328767,99.38046647,2.73698264,67.09183673,20.42253521,88.11953353,59.31677019,94.71574344,84.25655977,372714424.60000002,382533362.00000000,False
029460,케이씨,KOSPI,의료·정밀기기,47300,4.18502203,95.11661808,2.15982721,63.21064140,24.47368421,90.96209913,74.86136784,96.79300292,84.21829446,1591980508.75000000,3005272025.00000000,False
019990,에너토크,KOSDAQ,기계·장비,5530,2.97951583,93.11224490,9.94035785,90.05102041,14.02061856,83.45481050,16.54373024,72.48542274,84.20553936,871449021.20000005,3025332115.00000000,False
043590,웰킵스하이텍,KOSDAQ,전기·전자,1800,9.15706489,98.21428571,2.27272727,63.83017493,20.88650101,88.70262391,95.65217391,98.65160350,84.18185131,38813148.40000000,99309703.00000000,False
098120,마이크로컨텍솔,KOSDAQ,전기·전자,60500,-0.49342105,53.06122449,2.89115646,68.11224490,42.35294118,96.20991254,192.97820823,99.74489796,84.17274052,9420134217.50000000,8322810550.00000000,False
036710,심텍홀딩스,KOSDAQ,일반서비스,5050,-3.25670498,21.35568513,8.13704497,86.80758017,29.48717949,92.85714286,56.34674923,93.87755102,84.09620991,1638206152.45000005,1082963025.00000000,False
431190,케이쓰리아이,KOSDAQ,IT 서비스,4385,-4.25764192,13.84839650,6.17433414,81.55976676,41.45161290,96.17346939,94.88888889,98.57871720,84.03790087,791674177.39999998,125377419.00000000,False
058470,리노공업,KOSDAQ,전기·전자,85100,-2.52004582,27.95189504,14.69002695,94.86151603,27.77777778,92.16472303,22.97687861,79.04518950,83.92857143,71932093886.39999390,93970324178.00000000,True
475460,미트박스,KOSDAQ,IT 서비스,2960,0.00000000,66.01676385,12.97709924,93.51311953,8.66372981,76.20262391,56.28299894,93.84110787,83.90488338,386676617.94999999,105653015.00000000,False
478340,나라스페이스테크놀로지,KOSDAQ,운송장비·부품,15290,-8.27834433,2.11370262,9.84195402,89.97813411,52.13930348,97.70408163,36.27450980,87.86443149,83.85932945,25408625451.75000000,6417742400.00000000,False
372170,윤성에프앤씨,KOSDAQ,기계·장비,23350,1.08225108,83.16326531,18.64837398,96.75655977,5.41760722,69.78862974,51.13268608,92.85714286,83.83017493,301891118.00000000,2131478975.00000000,False
079370,제우스,KOSDAQ,기계·장비,14090,-3.22802198,21.64723032,6.01956358,81.15889213,39.50495050,95.73615160,61.39747995,95.08017493,83.82288630,6614181047.00000000,4205540040.00000000,False
014130,한익스프레스,KOSPI,운송·창고,2825,0.53380783,77.55102041,7.41444867,85.09475219,15.30612245,84.62099125,28.11791383,83.23615160,83.77915452,48289151.30000000,118264610.00000000,False
255440,야스,KOSDAQ,기계·장비,8600,0.70257611,79.62827988,6.96517413,84.12900875,19.94421199,87.82798834,20.61711080,76.93148688,83.71902332,555314069.75000000,415936845.00000000,False
187870,디바이스,KOSDAQ,기계·장비,13360,1.05900151,82.94460641,13.12447079,93.76822157,28.83317261,92.63848397,4.86656201,51.09329446,83.69897959,1137798837.25000000,2333551535.00000000,False
024850,HLB이노베이션,KOSDAQ,전기·전자,17840,2.35226621,90.88921283,8.71419866,87.97376093,7.08283313,73.28717201,57.59717314,94.46064140,83.68804665,6948728042.25000000,5994984070.00000000,False
032300,한국파마,KOSDAQ,제약,8820,2.08333333,89.75947522,20.00000000,97.30320700,10.25000000,78.93586006,14.54545455,69.64285714,83.66982507,1707994431.50000000,13158269365.00000000,False
327260,RF머트리얼즈,KOSDAQ,전기·전자,52400,-10.88435374,0.54664723,6.18034448,81.59620991,53.89133627,97.92274052,143.83434155,99.67201166,83.63702624,54916926660.00000000,48130731850.00000000,False
061090,세나테크놀로지,KOSDAQ,전기·전자,43500,3.94265233,94.67930029,20.83333333,97.66763848,7.67326733,74.19825073,19.83471074,75.91107872,83.62973761,651706301.25000000,2000252450.00000000,False
126700,하이비젼시스템,KOSDAQ,의료·정밀기기,12410,1.05863192,82.87172012,12.81818182,93.25801749,7.91304348,74.48979592,34.89130435,87.28134111,83.51676385,453474960.50000000,1222635500.00000000,False
260970,에스앤디,KOSDAQ,음식료·담배,63000,2.60586319,91.94606414,5.35117057,78.89941691,16.66666667,85.40451895,26.76056338,82.25218659,83.47667638,771141012.50000000,1757200850.00000000,False
142210,유니트론텍,KOSDAQ,유통,7030,-0.42492918,54.70116618,9.67238690,89.65014577,16.39072848,85.20408163,31.15671642,85.09475219,83.46574344,1112375818.25000000,3150985800.00000000,False
304360,에스바이오메딕스,KOSDAQ,제약,23000,-0.86206897,47.17565598,11.11111111,91.63629738,20.79831933,88.66618076,22.86324786,78.86297376,83.44752187,575468005.75000000,827986725.00000000,False
115500,케이씨에스,KOSDAQ,IT 서비스,11870,-6.97492163,3.46209913,9.40092166,88.95772595,35.50228311,94.78862974,49.12060302,92.45626822,83.44023324,7854650889.75000000,6872965000.00000000,False
085910,네오티스,KOSDAQ,운송장비·부품,19200,-4.00000000,15.39723032,9.46408210,89.10349854,33.05613306,94.13265306,34.83146067,87.20845481,83.36552478,3709270732.25000000,3755010750.00000000,False
101330,모베이스,KOSDAQ,전기·전자,4090,-0.96852300,45.40816327,13.92757660,94.27842566,15.53672316,84.80320700,27.41433022,82.68950437,83.28352770,309665563.00000000,482040822.00000000,False
355150,코스텍시스,KOSDAQ,전기·전자,23900,-5.71992110,6.74198251,13.00236407,93.54956268,30.24523161,93.22157434,32.63041065,86.26093294,83.27988338,2831245976.00000000,5461442200.00000000,False
112290,와이씨켐,KOSDAQ,화학,12100,-4.79937057,10.96938776,11.11111111,91.63629738,30.38793103,93.29446064,32.96703297,86.47959184,83.20153061,2390532414.50000000,2471433210.00000000,False
355390,크라우드웍스,KOSDAQ,IT 서비스,1740,12.98701299,99.12536443,12.84046693,93.29446064,31.51927438,93.73177843,0.34602076,38.55685131,83.10495627,703545094.50000000,1124411141.00000000,False
088800,에이스테크,KOSDAQ,전기·전자,2340,-6.77290837,3.89941691,11.16389549,91.72740525,31.90529876,93.80466472,37.24340176,88.26530612,83.08309038,1616065314.84999990,768437193.00000000,False
008970,KBI동양철관,KOSPI,금속,1402,-4.30034130,13.59329446,22.12543554,98.14139942,23.19859402,90.30612245,24.73309609,80.46647230,83.01749271,5913487464.60000038,3515823956.00000000,False
103590,일진전기,KOSPI,전기·전자,87000,-1.13636364,43.16690962,5.71081409,80.10204082,27.37920937,91.98250729,38.53503185,88.81195335,82.90269679,32936957827.50000000,63094507350.00000000,False
091120,이엠텍,KOSDAQ,전기·전자,5800,0.00000000,66.01676385,4.12926391,74.27113703,20.70759625,88.48396501,52.23097113,93.11224490,82.89905248,184587030.19999999,71957390.00000000,False
321370,센서뷰,KOSDAQ,전기·전자,1905,-9.92907801,0.91107872,10.75581395,91.18075802,70.69892473,99.12536443,22.90322581,78.97230321,82.88994169,17222741425.25000000,8891408975.00000000,False
018290,브이티,KOSDAQ,화학,13630,6.90196078,97.33965015,11.26530612,91.87317784,9.83078163,78.20699708,15.70458404,71.28279883,82.83527697,2208553528.50000000,6834553195.00000000,False
011790,SKC,KOSPI,화학,108100,-3.82562278,16.69096210,15.86280815,95.51749271,28.23250297,92.23760933,21.87147689,78.02478134,82.82434402,21841758340.00000000,28208131500.00000000,True
079950,인베니아,KOSDAQ,기계·장비,1487,3.04920305,93.29446064,9.98520710,90.16034985,4.79210712,68.36734694,63.04824561,95.18950437,82.76239067,175135514.15000001,51138694.00000000,False
063160,종근당바이오,KOSPI,제약,15000,9.56902849,98.39650146,14.50381679,94.60641399,9.97067449,78.38921283,12.19147345,65.85276968,82.74781341,494981543.50000000,7900721130.00000000,False
062970,한국첨단소재,KOSDAQ,전기·전자,3150,-6.25000000,5.10204082,5.70469799,80.06559767,64.83516484,98.79737609,52.46853824,93.29446064,82.70772595,19399178980.00000000,21709187966.00000000,False
265740,엔에프씨,KOSDAQ,화학,7780,5.85034014,96.90233236,2.91005291,68.25801749,16.46706587,85.24052478,48.47328244,92.20116618,82.70408163,4100176256.50000000,4022415520.00000000,False
131970,두산테스나,KOSDAQ,일반서비스,109800,-8.87966805,1.42128280,13.42975207,94.09620991,47.77927322,97.19387755,20.65934066,77.07725948,82.66399417,35493058755.00000000,48503803500.00000000,True
125490,한라캐스트,KOSDAQ,운송장비·부품,12980,-5.87382161,6.19533528,11.99309750,92.52915452,19.52117864,87.39067055,72.60638298,96.50145773,82.63483965,24817927786.50000000,14440522880.00000000,False
128940,한미약품,KOSPI,제약,534000,0.94517958,81.81486880,6.37450199,82.28862974,12.77719113,82.03352770,30.56234719,84.76676385,82.63483965,53437428462.50000000,101816585500.00000000,False
452280,한선엔지니어링,KOSDAQ,금속,14150,-6.10484406,5.46647230,12.30158730,92.82069971,38.99803536,95.59037901,23.68881119,79.81049563,82.59110787,16510951360.00000000,8334295215.00000000,False
010950,S-Oil,KOSPI,화학,170800,3.51515152,94.09620991,7.96460177,86.40670554,8.58232676,75.91107872,29.78723404,84.14723032,82.52551020,61841261005.00000000,64622373450.00000000,False
030530,원익홀딩스,KOSDAQ,화학,28900,-6.47249191,4.73760933,7.63500931,85.60495627,28.44444444,92.41982507,76.21951220,96.93877551,82.51093294,67949741706.25000000,23402200200.00000000,False
013990,아가방컴퍼니,KOSDAQ,유통,5250,-0.75614367,49.08892128,7.69230769,85.84183673,13.51351351,82.90816327,52.39477504,93.25801749,82.47631195,411082351.25000000,1057255485.00000000,False
443670,에스피소프트,KOSDAQ,IT 서비스,5160,-4.97237569,10.05830904,6.72182006,83.52769679,26.78132678,91.76384840,91.82156134,98.21428571,82.41253644,13780537742.25000000,6703456685.00000000,False
382900,범한퓨얼셀,KOSDAQ,전기·전자,24800,-3.31384016,20.99125364,4.86257928,76.85860058,45.96821660,96.93877551,49.03846154,92.38338192,82.40889213,6624600625.00000000,3696775775.00000000,False
445680,큐리옥스바이오시스템즈,KOSDAQ,의료·정밀기기,58500,-5.79710145,6.48688047,10.37735849,90.70699708,22.77019937,90.12390671,49.04458599,92.41982507,82.39431487,3602936418.75000000,4180896250.00000000,False
045970,코아시아,KOSDAQ,전기·전자,3830,-1.79487179,35.71428571,6.24133148,81.81486880,26.19439868,91.61807580,36.78571429,88.11953353,82.38702624,203672984.44999999,218169940.00000000,False
184230,SGA솔루션즈,KOSDAQ,IT 서비스,2280,-3.79746835,16.90962099,10.94890511,91.47230321,23.57723577,90.52478134,31.33640553,85.20408163,82.38338192,683001083.25000000,952949655.00000000,False
432720,퀄리타스반도체,KOSDAQ,전기·전자,11610,-7.71065183,2.80612245,7.50000000,85.34985423,36.10785463,94.93440233,48.65556978,92.27405248,82.31413994,2910450587.75000000,1980474370.00000000,False
417840,저스템,KOSDAQ,기계·장비,18730,-4.63340122,11.58892128,6.96744717,84.18367347,23.95764394,90.67055394,91.31767109,98.14139942,82.31049563,17277857393.25000000,13833741825.00000000,False
032960,동일기연,KOSDAQ,전기·전자,2820,4.83271375,96.02769679,1.62162162,59.31122449,37.22627737,95.22594752,29.35779817,84.03790087,82.29409621,110674141.70000000,175107775.00000000,False
033640,네패스,KOSDAQ,전기·전자,30900,-5.79268293,6.52332362,5.64102564,79.88338192,43.38747100,96.42857143,64.97597437,95.51749271,82.29227405,6937186145.00000000,7891125225.00000000,False
333050,이노테나,KOSDAQ,IT 서비스,5930,2.24137931,90.34256560,5.89285714,80.83090379,18.36327345,86.51603499,16.04696673,71.72011662,82.23396501,78155163.25000000,28285590.00000000,False
039200,오스코텍,KOSDAQ,제약,39550,1.15089514,83.85568513,11.40845070,92.01895044,8.06010929,74.85422741,24.76340694,80.50291545,82.03352770,3887379236.25000000,5988707875.00000000,False
009290,광동제약,KOSPI,제약,7000,1.89228530,88.81195335,10.41009464,90.81632653,10.41009464,79.11807580,15.70247934,71.24635569,82.02259475,867534830.50000000,1992541630.00000000,False
208710,포톤,KOSDAQ,전기·전자,2900,0.51993068,77.40524781,4.69314079,76.12973761,12.18568665,81.15889213,59.95587424,94.86151603,82.01530612,348390776.05000001,191144615.00000000,False
086390,유니테스트,KOSDAQ,기계·장비,14450,-6.77419355,3.86297376,9.05660377,88.44752187,27.53751103,92.05539359,45.37223340,91.10787172,81.96428571,2788663162.00000000,4508019470.00000000,False
317120,라닉스,KOSDAQ,전기·전자,1584,1.60359205,86.88046647,11.31412509,91.90962099,8.34473324,75.43731778,21.28637060,77.58746356,81.95335277,95770989.55000000,211924506.00000000,False
036810,에프에스티,KOSDAQ,전기·전자,34000,-5.42420028,8.05393586,5.91900312,80.86734694,33.07240705,94.16909621,63.85542169,95.26239067,81.78571429,4134481863.75000000,4406365725.00000000,False
140860,파크시스템스,KOSDAQ,의료·정밀기기,306500,-0.32520325,56.48688047,13.72912801,94.20553936,16.76190476,85.56851312,13.30868762,67.82069971,81.70189504,8364104100.00000000,13768636750.00000000,False
001120,LX인터내셔널,KOSPI,유통,44150,1.61104718,86.98979592,9.28217822,88.59329446,9.55334988,77.76967930,20.29972752,76.56705539,81.69825073,4426694210.00000000,4413607300.00000000,False
403870,HPSP,KOSDAQ,기계·장비,65600,-5.74712644,6.61443149,6.32090762,82.10641399,29.13385827,92.82069971,71.50326797,96.31924198,81.68549563,145385550767.50000000,141140499050.00000000,False
361670,삼영에스앤씨,KOSDAQ,전기·전자,3920,0.77120823,80.35714286,7.39726027,85.05830904,9.65034965,77.98833819,30.23255814,84.54810496,81.65816327,23721553.05000000,16405130.00000000,False
086890,이수앱지스,KOSDAQ,제약,4040,1.38017566,85.64139942,4.39276486,75.03644315,18.99852725,87.13556851,22.42424242,78.53498542,81.63629738,322957474.10000002,262011246.00000000,False
261520,이지스,KOSDAQ,IT 서비스,5750,4.16666667,95.04373178,2.49554367,65.56122449,16.75126904,85.49562682,45.56962025,91.25364431,81.62172012,349613782.00000000,613410075.00000000,False
067080,대화제약,KOSDAQ,제약,12180,0.57803468,77.91545190,5.63746748,79.84693878,11.13138686,80.06559767,39.51890034,89.24927114,81.62172012,620638418.75000000,674355255.00000000,False
457190,이수스페셜티케미컬,KOSPI,화학,79400,-5.47619048,7.79883382,10.27777778,90.56122449,25.43443918,91.32653061,31.89368771,85.67784257,81.61443149,15804469560.00000000,18372861500.00000000,True
002870,신풍,KOSPI,유통,1169,2.90492958,92.71137026,5.88768116,80.79446064,10.49149338,79.30029155,26.37837838,81.81486880,81.59256560,308027289.00000000,168114220.00000000,False
155650,와이엠씨,KOSDAQ,전기·전자,3740,-1.83727034,35.09475219,8.56313498,87.71865889,19.10828025,87.17201166,30.08695652,84.29300292,81.55247813,231254601.00000000,137807530.00000000,False
045300,성우테크론,KOSDAQ,전기·전자,3050,-0.48939641,53.20699708,12.13235294,92.67492711,13.59404097,82.98104956,19.84282908,75.94752187,81.50510204,63722232.35000000,182520980.00000000,False
446540,메가터치,KOSDAQ,전기·전자,11000,-5.57939914,7.47084548,3.87157696,73.10495627,54.71167370,98.06851312,89.32874355,97.95918367,81.49781341,10268907926.50000000,4871849775.00000000,False
005430,한국공항,KOSPI,운송·창고,95200,-0.72992701,49.52623907,8.42824601,87.48177843,20.50632911,88.26530612,18.85143571,74.78134111,81.45954810,509131477.50000000,265722050.00000000,False
100120,뷰웍스,KOSDAQ,의료·정밀기기,29600,-0.67114094,50.34620991,9.62962963,89.57725948,12.33396584,81.45043732,30.39647577,84.65743440,81.41946064,442991873.75000000,719075725.00000000,False
062040,산일전기,KOSPI,전기·전자,229000,-2.76008493,25.65597668,10.09615385,90.41545190,19.45748565,87.31778426,28.50729517,83.41836735,81.30102041,60840213905.00000000,98915541250.00000000,False
089010,켐트로닉스,KOSDAQ,화학,28050,-4.59183673,11.91690962,7.06106870,84.43877551,30.16241299,93.14868805,35.18072289,87.46355685,81.27551020,4211722661.25000000,6878888075.00000000,False
065950,웰크론,KOSDAQ,섬유·의류,1245,9.49868074,98.32361516,9.59507042,89.50437318,6.68380463,72.33965015,21.46341463,77.73323615,81.16618076,73874857.25000000,606268137.00000000,False
039560,다산네트웍스,KOSDAQ,전기·전자,2870,-4.49251248,12.42711370,16.19433198,95.77259475,19.83298539,87.73688047,23.97408207,79.99271137,81.06778426,1032390943.85000002,1092193104.00000000,False
067310,하나마이크론,KOSDAQ,전기·전자,49650,-6.14366730,5.39358601,5.41401274,79.15451895,42.46771879,96.24635569,45.38799414,91.14431487,81.01311953,88230353640.00000000,71276780325.00000000,False
161580,필옵틱스,KOSDAQ,기계·장비,40600,-7.41163056,2.95189504,5.04527814,77.58746356,57.36434109,98.32361516,42.70650264,90.41545190,80.98396501,20257406941.25000000,15233455600.00000000,False
004710,한솔테크닉스,KOSPI,전기·전자,11640,-3.32225914,20.95481050,4.48833034,75.51020408,37.58865248,95.48104956,41.60583942,90.05102041,80.95116618,10251758016.50000000,8824557090.00000000,False
317330,덕산테코피아,KOSDAQ,화학,13670,-2.49643367,28.09766764,9.71107544,89.75947522,14.77749790,84.18367347,36.01990050,87.68221574,80.94752187,1642947673.50000000,1698366150.00000000,False
011690,와이투솔루션,KOSPI,전기·전자,3755,-2.46753247,28.49854227,10.93057607,91.43586006,15.53846154,84.83965015,28.81646655,83.56413994,80.92930029,587898160.14999998,832277315.00000000,False
303360,프로티아,KOSDAQ,의료·정밀기기,5940,0.16863406,71.82944606,2.94627383,68.54956268,18.80000000,86.95335277,47.02970297,91.98250729,80.92565598,352167493.75000000,186521265.00000000,False
225190,LK삼양,KOSDAQ,의료·정밀기기,4680,-5.74018127,6.66909621,25.46916890,98.68804665,14.00730816,83.41836735,32.76595745,86.40670554,80.92201166,2583779938.90000010,1538370198.00000000,False
001250,GS글로벌,KOSPI,유통,3080,-2.37717908,29.40962099,15.78947368,95.44460641,15.78947368,84.91253644,20.54794521,76.78571429,80.89650146,1602772385.09999990,3014883214.00000000,False
424980,마이크로투나노,KOSDAQ,전기·전자,9920,-3.68932039,17.93002915,6.43776824,82.54373178,19.66224367,87.57288630,65.33333333,95.55393586,80.69606414,347508652.75000000,323048545.00000000,False
010170,대한광통신,KOSDAQ,전기·전자,17720,-5.64430245,7.10641399,4.48113208,75.47376093,36.20292083,95.04373178,71.37330754,96.24635569,80.61953353,262196404554.25000000,306748050740.00000000,False
065440,이루온,KOSDAQ,IT 서비스,1611,-3.18509615,22.08454810,13.45070423,94.13265306,20.67415730,88.41107872,18.02197802,73.97959184,80.60860058,1060841190.95000005,670674857.00000000,False
437730,삼현,KOSDAQ,운송장비·부품,50300,-3.45489443,20.00728863,2.75791624,67.41982507,54.53149002,97.99562682,66.55629139,95.69970845,80.56486880,28686358888.75000000,18813930700.00000000,False
220260,켐트로스,KOSDAQ,화학,4680,-3.40557276,20.37172012,6.24290579,81.85131195,22.03389831,89.65014577,42.68292683,90.37900875,80.52842566,699638922.04999995,741292517.00000000,False
036830,솔브레인홀딩스,KOSDAQ,일반서비스,47750,-3.82678751,16.65451895,15.89805825,95.55393586,10.78886311,79.73760933,45.57926829,91.29008746,80.48469388,2898588087.50000000,2558003000.00000000,False
014285,금강공업우,KOSPI,금속,5890,7.87545788,97.88629738,10.71428571,91.14431487,10.92278719,79.84693878,7.09090909,56.63265306,80.39723032,10898509.00000000,5103200.00000000,False
226320,잇츠한불,KOSPI,화학,11730,4.63871543,95.84548105,12.46404602,92.96647230,10.55607917,79.40962099,6.63636364,55.72157434,80.38265306,278146854.00000000,1166453090.00000000,False
174900,앱클론,KOSDAQ,제약,26800,-7.26643599,3.09766764,21.81818182,98.10495627,24.07407407,90.74344023,16.01731602,71.68367347,80.37536443,3736863780.50000000,4494768925.00000000,False
006730,서부TD,KOSDAQ,일반서비스,12000,4.52961672,95.66326531,11.00832562,91.50874636,7.04727921,73.10495627,15.05273250,70.22594752,80.30612245,3582463544.50000000,8809706050.00000000,False
131100,티엔엔터테인먼트,KOSDAQ,오락·문화,3550,1.13960114,83.67346939,27.69784173,99.05247813,57.77777778,98.36005831,-10.69182390,14.13994169,80.25510204,404868651.19999999,117298145.00000000,False
405000,플라즈맵,KOSDAQ,의료·정밀기기,3925,5.65275908,96.64723032,11.03253182,91.54518950,12.14285714,81.08600583,5.65275908,53.35276968,80.23323615,68529611.34999999,35557605.00000000,False
009830,한화솔루션,KOSPI,화학,36050,-3.22147651,21.72011662,10.92307692,91.39941691,19.96672213,87.86443149,20.77051926,77.15014577,80.16763848,102983023333.75000000,76284836225.00000000,False
137080,나래나노텍,KOSDAQ,기계·장비,6820,8.77192982,98.10495627,10.00000000,90.19679300,4.92307692,68.58600583,22.88288288,78.89941691,80.08381924,55017750.25000000,163160220.00000000,False
415380,스튜디오삼익,KOSDAQ,유통,2210,3.27102804,93.65889213,6.50602410,82.76239067,10.22443890,78.86297376,15.94963274,71.61078717,80.06195335,43092373.10000000,32187290.00000000,False
085670,뉴프렉스,KOSDAQ,전기·전자,3725,-1.58520476,37.46355685,6.42857143,82.50728863,23.75415282,90.63411079,20.16129032,76.34839650,80.02186589,1155499710.40000010,707887936.00000000,False
203650,드림시큐리티,KOSDAQ,IT 서비스,2885,-6.63430421,4.37317784,5.10018215,77.73323615,42.46913580,96.28279883,37.70883055,88.48396501,79.96720117,27863497861.34999847,13010974170.00000000,False
445180,퓨릿,KOSDAQ,화학,9720,-3.66699703,18.18513120,6.81318681,83.78279883,21.19700748,89.06705539,33.15068493,86.69825073,79.91982507,624694161.75000000,369084370.00000000,False
137310,에스디바이오센서,KOSPI,의료·정밀기기,6810,5.09259259,96.39212828,11.63934426,92.23760933,10.55194805,79.37317784,5.90979782,54.19096210,79.89795918,773487826.50000000,3442293395.00000000,False
0013V0,삼진식품,KOSDAQ,음식료·담배,5550,1.09289617,83.23615160,10.33797217,90.63411079,11.22244489,80.13848397,9.68379447,61.58892128,79.88702624,339917007.55000001,633997850.00000000,False
126730,코칩,KOSDAQ,전기·전자,24550,-3.72549020,17.60204082,4.46808511,75.40087464,22.75000000,90.08746356,79.45906433,97.23032070,79.86151603,16506210102.25000000,7550848300.00000000,False
460870,에스엠씨지,KOSDAQ,비금속,3120,1.79445351,88.11953353,6.48464164,82.65306122,7.03259005,73.06851312,31.09243697,85.02186589,79.83965015,161999464.40000001,150495217.00000000,False
032500,케이엠더블유,KOSDAQ,전기·전자,20050,-6.30841121,4.91982507,5.69319979,80.02915452,36.86006826,95.11661808,32.69358041,86.37026239,79.82142857,5264327500.75000000,3875537370.00000000,False
000520,삼일제약,KOSPI,제약,8440,-2.98850575,23.97959184,3.81303813,72.81341108,35.47351525,94.75218659,37.45928339,88.33819242,79.81049563,792249521.25000000,401836310.00000000,False
000400,롯데손해보험,KOSPI,보험,2245,2.98165138,93.14868805,10.04901961,90.30612245,9.51219512,77.73323615,9.51219512,61.33381924,79.76676385,698248341.85000002,1464726814.00000000,False
035460,기산텔레콤,KOSDAQ,전기·전자,2625,-1.68539326,36.51603499,7.80287474,86.07871720,13.88286334,83.23615160,30.92269327,84.94897959,79.75947522,482606790.69999999,259728660.00000000,False
187420,HLB제넥스,KOSDAQ,제약,2180,1.16009281,83.91034985,7.65432099,85.67784257,10.71609954,79.55539359,14.13612565,69.09620991,79.73578717,878579053.39999998,1144260589.00000000,False
364950,에이아이코리아,KOSDAQ,기계·장비,3935,1.67958656,87.35422741,19.42336874,97.04810496,15.39589443,84.73032070,0.38265306,38.62973761,79.46793003,72970087.20000000,174752865.00000000,False
102710,이엔에프테크놀로지,KOSDAQ,화학,49700,-1.19284294,42.49271137,4.85232068,76.80393586,18.47437426,86.73469388,35.05434783,87.39067055,79.46246356,3325436100.00000000,4494989275.00000000,False
293490,카카오게임즈,KOSDAQ,IT 서비스,10090,0.19860973,72.30320700,5.76519916,80.28425656,11.73864895,80.61224490,23.04878049,79.15451895,79.39139942,3138519326.50000000,2923441720.00000000,False
011930,신성이엔지,KOSPI,전기·전자,19450,-3.71287129,17.74781341,9.45413618,89.06705539,20.73246431,88.59329446,20.80745342,77.22303207,79.37682216,3875220930.25000000,6345063075.00000000,False
053950,경남제약,KOSDAQ,제약,2085,2.20588235,90.19679300,4.40660991,75.14577259,8.59375000,75.98396501,33.65384615,86.91690962,79.34037901,2164717489.15000010,534645651.00000000,False
045510,정원엔시스,KOSDAQ,유통,1231,3.53238015,94.16909621,1.73553719,60.16763848,12.62580055,81.74198251,69.79310345,95.88192420,79.34037901,86789454.80000000,96815274.00000000,False
017890,한국알콜,KOSDAQ,화학,16180,2.34029096,90.81632653,3.18877551,70.08017493,12.28313671,81.30466472,28.71917263,83.52769679,79.33309038,1116715312.75000000,1397256935.00000000,False
067920,이글루,KOSDAQ,IT 서비스,6330,-4.52488688,12.15379009,9.70537262,89.72303207,18.76172608,86.91690962,26.60000000,82.06997085,79.31304665,1083516519.25000000,1079278720.00000000,False
121890,에스디시스템,KOSDAQ,전기·전자,2875,0.17421603,71.86588921,5.50458716,79.50072886,7.27611940,73.61516035,56.50517148,94.13265306,79.30940233,174749345.34999999,234825725.00000000,False
068790,DMS,KOSDAQ,기계·장비,8250,0.48721072,76.89504373,1.72626387,60.05830904,23.68815592,90.59766764,32.42375602,86.11516035,79.16909621,405016038.00000000,569662860.00000000,False
041910,폴라리스AI파마,KOSDAQ,제약,5900,3.50877193,94.05976676,7.07803993,84.58454810,10.28037383,78.97230321,11.11111111,63.66618076,79.10349854,164967774.25000000,519724790.00000000,False
083450,GST,KOSDAQ,기계·장비,55300,-1.77619893,36.04227405,3.55805243,71.57434402,28.60465116,92.49271137,30.73286052,84.83965015,79.04154519,7067470649.25000000,8103562100.00000000,False
093370,후성,KOSPI,화학,15130,-6.89230769,3.60787172,6.77487650,83.67346939,21.04000000,88.92128280,40.87523277,89.75947522,78.98323615,68082103713.25000000,48665648950.00000000,False
357780,솔브레인,KOSDAQ,화학,407000,-4.34782609,13.22886297,5.03225806,77.36880466,25.23076923,91.25364431,40.34482759,89.68658892,78.97230321,12374257312.50000000,13198322750.00000000,False
130580,나이스디앤비,KOSDAQ,일반서비스,6950,0.28860029,73.90670554,2.20588235,63.48396501,24.32915921,90.92565598,25.45126354,80.79446064,78.96501458,192534866.50000000,80416910.00000000,False
317770,엑스페릭스,KOSDAQ,전기·전자,2865,-5.60131796,7.32507289,9.35114504,88.77551020,21.39830508,89.21282799,23.49137931,79.48250729,78.94679300,422805441.14999998,432242106.00000000,False
416180,신성에스티,KOSDAQ,운송장비·부품,27300,-1.08695652,43.98688047,9.20000000,88.52040816,7.48031496,73.87026239,47.56756757,92.12827988,78.92857143,956177526.25000000,1573264575.00000000,False
388610,지에프씨생명과학,KOSDAQ,화학,5760,4.34782609,95.38994169,3.78378378,72.70408163,10.13384321,78.71720117,24.54054054,80.39358601,78.91581633,121875775.75000000,70562200.00000000,False
100130,동국SC,KOSDAQ,금속,1634,-0.42656917,54.62827988,8.57142857,87.75510204,21.21661721,89.10349854,7.21784777,57.03352770,78.83746356,2309470020.30000019,394728728.00000000,False
060230,제이케이시냅스,KOSDAQ,화학,1319,0.53353659,77.51457726,5.77385726,80.39358601,12.06457094,80.97667638,16.93262411,72.88629738,78.83746356,246461376.69999999,68107360.00000000,False
064290,인텍플러스,KOSDAQ,기계·장비,58500,-3.14569536,22.37609329,2.45183888,64.97813411,45.70361146,96.90233236,46.25000000,91.58163265,78.80830904,20597365761.25000000,15365150650.00000000,False
169330,엠브레인,KOSDAQ,일반서비스,1812,-1.36091453,40.34256560,3.60205832,71.86588921,37.48103187,95.40816327,19.21052632,75.14577259,78.78644315,63510952.95000000,44138666.00000000,False
038620,위즈코프,KOSDAQ,유통,2120,0.95238095,81.85131195,4.69135802,76.09329446,12.28813559,81.37755102,19.90950226,76.02040816,78.76822157,62668389.05000000,19221855.00000000,False
418550,제이오,KOSDAQ,일반서비스,5270,-1.31086142,40.81632653,7.88126919,86.22448980,12.48665955,81.52332362,25.32699168,80.75801749,78.70991254,298263538.19999999,478139635.00000000,False
294140,레몬,KOSDAQ,화학,2820,0.35587189,75.07288630,1.62162162,59.31122449,23.68421053,90.56122449,32.08430913,85.86005831,78.69715743,62323675.55000000,21997651.00000000,False
290550,디케이티,KOSDAQ,전기·전자,23500,-4.08163265,14.99635569,4.44444444,75.21865889,39.88095238,95.91836735,25.53418803,80.97667638,78.62791545,7630862777.50000000,6798324550.00000000,False
348080,큐라티스,KOSDAQ,일반서비스,3875,0.91145833,81.34110787,0.25873221,46.28279883,41.16575592,96.13702624,43.51851852,90.63411079,78.60058309,1365803388.79999995,511154359.00000000,False
35320K,대덕전자1우,KOSPI,전기·전자,27550,-5.32646048,8.45481050,6.57640232,83.12682216,31.50357995,93.69533528,20.30567686,76.60349854,78.58236152,193875677.50000000,231017000.00000000,False
412350,레이저쎌,KOSDAQ,기계·장비,6430,-6.81159420,3.75364431,5.23731588,78.27988338,24.85436893,91.10787172,45.63986410,91.32653061,78.56778426,2520906256.34999990,2465806435.00000000,False
086450,동국제약,KOSDAQ,제약,22900,4.56621005,95.80903790,6.51162791,82.83527697,6.01851852,70.95481050,22.39444148,78.49854227,78.51311953,9288147606.50000000,14817591750.00000000,False
048410,현대바이오,KOSDAQ,화학,7300,1.81311018,88.41107872,6.41399417,82.43440233,17.55233494,86.07871720,5.33910534,52.36880466,78.47667638,11097319472.00000000,9526490880.00000000,False
261780,아리바이오랩,KOSDAQ,일반서비스,3685,-1.33868809,40.67055394,1.37551582,56.88775510,39.84819734,95.88192420,60.21739130,94.89795918,78.46574344,4801691193.44999981,1697421065.00000000,False
241790,티이엠씨씨엔에스,KOSDAQ,기계·장비,6580,0.61162080,78.35276968,5.11182109,77.87900875,6.81818182,72.63119534,44.61538462,90.88921283,78.42930029,565129412.50000000,509691560.00000000,False
024060,흥구석유,KOSDAQ,유통,12350,2.06611570,89.61370262,3.26086957,70.37172012,14.14048059,83.70991254,18.29501916,74.23469388,78.40379009,56932055572.25000000,7971461985.00000000,False
336370,솔루스첨단소재,KOSPI,전기·전자,8820,-6.07028754,5.72157434,14.84375000,94.93440233,18.38926174,86.58892128,17.60000000,73.39650146,78.36734694,2173183972.75000000,1105243690.00000000,False
299030,하나기술,KOSDAQ,기계·장비,15640,-5.03946570,9.58454810,16.80358476,96.20991254,10.76487252,79.70116618,28.19672131,83.27259475,78.35641399,544136916.50000000,665130430.00000000,False
036800,나이스정보통신,KOSDAQ,통신,8220,-1.43884892,39.39504373,5.79150579,80.46647230,13.06740028,82.39795918,33.00970874,86.55247813,78.34912536,1084094664.75000000,659101300.00000000,False
004835,덕성우,KOSPI,화학,4870,4.84391819,96.10058309,8.70535714,87.90087464,14.58823529,84.07434402,1.56412930,42.96647230,78.20335277,45505478.10000000,177785760.00000000,False
488280,에스투더블유,KOSDAQ,IT 서비스,16260,-8.95856663,1.34839650,2.32850850,64.13994169,67.28395062,98.94314869,71.15789474,96.17346939,78.18877551,18261802897.50000000,18363302135.00000000,False
196300,HLB펩,KOSDAQ,제약,4990,-0.39920160,55.13848397,9.67032967,89.61370262,14.84464902,84.25655977,9.07103825,60.42274052,78.18513120,272226346.44999999,203390030.00000000,False
209640,와이제이링크,KOSDAQ,기계·장비,3940,-6.63507109,4.33673469,8.53994490,87.68221574,28.33876221,92.31049563,16.56804734,72.52186589,78.16690962,5915550444.39999962,2683897057.00000000,False
239890,피엔에이치테크,KOSDAQ,화학,3835,2.40320427,91.03498542,10.51873199,90.92565598,8.02816901,74.78134111,8.48656294,59.25655977,78.14504373,70331242.05000000,44584055.00000000,False
150900,파수AI,KOSDAQ,IT 서비스,4235,-6.92307692,3.57142857,6.94444444,84.07434402,19.46403385,87.35422741,36.61290323,88.04664723,78.13046647,1564301391.40000010,1022257592.00000000,False
361610,SK아이이테크놀로지,KOSPI,전기·전자,18090,-0.44028619,54.33673469,6.09970674,81.34110787,11.11793612,80.02915452,25.62500000,81.04956268,78.05758017,9705099746.50000000,8538054235.00000000,False
005690,파미셀,KOSPI,전기·전자,12950,-2.48493976,28.31632653,6.23461854,81.77842566,23.33333333,90.45189504,16.45683453,72.37609329,78.02113703,20340269100.25000000,11762623485.00000000,False
315640,딥노이드,KOSDAQ,IT 서비스,2170,-2.47191011,28.46209913,2.84360190,67.89358601,23.01587302,90.23323615,54.33854908,93.51311953,78.01020408,516599817.44999999,182897981.00000000,False
039610,화성밸브,KOSDAQ,기계·장비,6550,-3.10650888,22.74052478,7.90774300,86.33381924,14.71103327,84.14723032,25.47892720,80.86734694,78.00655977,2170518078.00000000,876251320.00000000,False
005290,동진쎄미켐,KOSDAQ,화학,50300,-4.37262357,13.11953353,7.24946695,84.83965015,24.96894410,91.14431487,17.93669402,73.79737609,77.98104956,20349931857.50000000,23505202900.00000000,False
092070,디엔에프,KOSDAQ,화학,14500,-3.97350993,15.52478134,7.48702743,85.31341108,21.03505843,88.88483965,19.93382961,76.12973761,77.92638484,506804641.00000000,647751830.00000000,False
089140,넥스턴앤롤코리아,KOSDAQ,기계·장비,2340,-0.21321962,58.92857143,12.50000000,93.03935860,9.85915493,78.27988338,11.16389549,63.88483965,77.89358601,110555934.70000000,323008483.00000000,False
373220,LG에너지솔루션,KOSPI,전기·전자,387000,-0.38610039,55.44825073,9.47666195,89.17638484,7.94979079,74.59912536,22.66244057,78.71720117,77.88083090,103337054212.50000000,138194971000.00000000,False
078520,에이블씨엔씨,KOSPI,화학,11790,7.67123288,97.77696793,8.36397059,87.28134111,4.70692718,68.03935860,17.66467066,73.50583090,77.87900875,906607393.50000000,1800200250.00000000,False
012610,경인양행,KOSPI,화학,3460,0.14471780,71.35568513,7.28682171,84.87609329,9.49367089,77.62390671,15.52587646,70.99125364,77.84620991,356707359.64999998,315036175.00000000,False
146320,비씨엔씨,KOSDAQ,전기·전자,11500,-4.40565254,12.82798834,11.11111111,91.63629738,21.82203390,89.50437318,12.30468750,66.18075802,77.81158892,277463690.50000000,335677920.00000000,False
234690,녹십자웰빙,KOSDAQ,제약,10760,-0.82949309,47.74052478,16.95652174,96.35568513,4.06189555,66.47230321,35.51637280,87.57288630,77.78425656,3465038387.25000000,3912199725.00000000,False
065370,위세아이텍,KOSDAQ,IT 서비스,3170,3.08943089,93.40379009,9.31034483,88.62973761,6.91399663,72.84985423,10.83916084,63.22886297,77.71501458,18214031.55000000,54405982.00000000,False
004100,태양금속,KOSPI,운송장비·부품,3205,-1.83767228,35.05830904,3.55411955,71.53790087,19.14498141,87.20845481,39.34782609,89.21282799,77.69314869,1207030747.45000005,977495893.00000000,False
482630,삼양엔씨켐,KOSDAQ,화학,15110,-3.75796178,17.34693878,7.69779045,85.89650146,19.35229068,87.24489796,20.01588562,76.20262391,77.64212828,2556876521.25000000,2498323445.00000000,False
038500,삼표시멘트,KOSDAQ,비금속,7830,15.31664212,99.27113703,19.90811639,97.26676385,8.59916782,76.02040816,0.77220077,40.45189504,77.60568513,9693218532.00000000,156365574305.00000000,False
028670,팬오션,KOSPI,운송·창고,6200,3.16139767,93.51311953,8.77192982,88.04664723,4.02684564,66.43586006,19.92263056,76.05685131,77.55102041,16843712339.00000000,27000165635.00000000,False
900110,딥커머스,KOSDAQ,금융,6340,4.79338843,95.99125364,20.99236641,97.81341108,5.49084859,69.93440233,5.59626915,53.09766764,77.53644315,49659664.25000000,278949180.00000000,False
065660,안트로젠,KOSDAQ,유통,16250,8.26115923,97.99562682,10.84583902,91.32653061,7.47354497,73.83381924,5.86319218,53.97230321,77.52551020,302517668.25000000,1424918715.00000000,False
131290,티에스이,KOSDAQ,의료·정밀기기,307500,-1.12540193,43.40379009,1.99004975,61.80758017,30.02114165,93.11224490,33.98692810,86.98979592,77.52551020,41748820662.50000000,80959907250.00000000,False
247540,에코프로비엠,KOSDAQ,전기·전자,124400,-4.74732006,11.22448980,16.37043966,95.91836735,17.35849057,85.93294461,12.24701562,66.03498542,77.47813411,41901504475.00000000,51613977250.00000000,False
168360,펨트론,KOSDAQ,기계·장비,15700,-6.65873960,4.15451895,12.30329041,92.85714286,23.23390895,90.37900875,11.66429587,64.72303207,77.36880466,2090129521.00000000,3102100190.00000000,False
041920,메디아나,KOSDAQ,의료·정밀기기,10290,0.48828125,76.93148688,5.10725230,77.80612245,21.34433962,89.13994169,5.64681725,53.31632653,77.35422741,651789557.75000000,738714510.00000000,False
002320,한진,KOSPI,운송·창고,16670,2.26993865,90.52478134,10.03300330,90.23323615,12.10490921,81.04956268,1.89486553,43.98688047,77.33965015,533915111.25000000,1232970260.00000000,False
014680,한솔케미칼,KOSPI,화학,264500,-4.33996383,13.30174927,6.86868687,83.89212828,36.97566028,95.15306122,11.13445378,63.77551020,77.31413994,12822265327.50000000,7348873500.00000000,False
322180,LS티라유텍,KOSDAQ,IT 서비스,4510,-3.21888412,21.75655977,11.22071517,91.80029155,12.60923845,81.70553936,18.37270341,74.34402332,77.26676385,264895393.09999999,190761065.00000000,False
078160,메디포스트,KOSDAQ,제약,10070,-3.17307692,22.15743440,11.76470588,92.38338192,12.89237668,82.25218659,16.28175520,72.08454810,77.24854227,418417925.25000000,658646550.00000000,False
277880,티에스아이,KOSDAQ,기계·장비,3935,-4.02439024,15.26967930,12.75071633,93.18513120,10.06993007,78.53498542,26.32423756,81.74198251,77.24489796,149778050.69999999,469194415.00000000,False
071670,에이테크솔루션,KOSDAQ,기계·장비,5500,0.36496350,75.18221574,9.34393638,88.73906706,8.48126233,75.72886297,10.88709677,63.35641399,77.10276968,79614016.45000000,88701040.00000000,False
078070,유비쿼스홀딩스,KOSDAQ,금융,9280,0.43290043,76.05685131,5.45454545,79.37317784,9.17647059,76.96793003,18.51851852,74.45335277,77.09548105,176772469.50000000,157770780.00000000,False
088280,쏘닉스,KOSDAQ,전기·전자,3225,-1.37614679,40.12390671,2.05696203,62.46355685,35.78947368,94.86151603,26.47058824,81.92419825,77.08090379,435163625.75000000,338817380.00000000,False
173130,오파스넷,KOSDAQ,IT 서비스,7860,-2.48138958,28.38921283,2.47718383,65.26967930,37.41258741,95.33527697,26.97899838,82.47084548,77.04810496,842465218.50000000,636102300.00000000,False
456010,아이씨티케이,KOSDAQ,전기·전자,24850,-12.80701754,0.29154519,1.84426230,60.78717201,67.11499664,98.90670554,69.97264022,95.99125364,77.02623907,27411156497.75000000,26804749700.00000000,False
053350,이니텍,KOSDAQ,IT 서비스,4860,0.93457944,81.65087464,1.25000000,55.52113703,14.08450704,83.67346939,54.28571429,93.47667638,76.98615160,291677815.94999999,521277545.00000000,False
102120,어보브반도체,KOSDAQ,전기·전자,8520,-5.43840178,7.98104956,6.36704120,82.21574344,23.29956585,90.41545190,20.50919378,76.74927114,76.97886297,1723500388.25000000,1644200440.00000000,False
368770,파이버프로,KOSDAQ,의료·정밀기기,13960,-4.51436389,12.28134111,8.46930847,87.64577259,18.80851064,86.98979592,17.40958789,73.14139942,76.94606414,2720937567.25000000,2812687885.00000000,False
066310,큐에스아이,KOSDAQ,전기·전자,8570,-5.61674009,7.25218659,5.80246914,80.50291545,21.90611664,89.57725948,25.65982405,81.12244898,76.93148688,848638334.25000000,817602815.00000000,False
005420,코스모화학,KOSPI,화학,11440,-4.66666667,11.51603499,12.48770895,93.00291545,10.96023278,79.91982507,23.54211663,79.55539359,76.93148688,1054606325.25000000,1332137985.00000000,False
027580,상보,KOSDAQ,화학,1920,-0.82644628,47.77696793,3.22580645,70.15306122,12.80846063,82.06997085,44.90566038,90.96209913,76.84402332,108202357.05000000,19928977.00000000,False
271940,일진하이솔루스,KOSPI,운송장비·부품,11690,-1.51642797,38.52040816,8.84543762,88.15597668,9.04850746,76.71282799,23.05263158,79.19096210,76.82215743,654670661.25000000,267815660.00000000,False
005070,코스모신소재,KOSPI,화학,46000,-3.86624869,16.39941691,5.50458716,79.50072886,17.94871795,86.26093294,28.85154062,83.67346939,76.72922741,6142012637.50000000,6226379475.00000000,False
104830,원익머트리얼즈,KOSDAQ,화학,40300,-3.93325387,15.88921283,4.81144343,76.67638484,25.93750000,91.47230321,21.20300752,77.55102041,76.69096210,2825157671.25000000,4617739300.00000000,False
023790,동일스틸럭스,KOSDAQ,금속,1543,-5.10455105,9.47521866,14.89203276,94.97084548,6.63441603,72.15743440,46.67300380,91.80029155,76.66180758,2110783572.70000005,382623074.00000000,False
166480,코아스템켐온,KOSDAQ,제약,2370,1.28205128,84.74854227,7.97266515,86.44314869,3.71991247,65.34256560,24.93410648,80.57580175,76.65998542,264792495.30000001,286237870.00000000,False
322000,HD현대에너지솔루션,KOSPI,전기·전자,146200,-3.43461030,20.26239067,19.63993453,97.12099125,5.25557955,69.27842566,38.70967742,88.88483965,76.65087464,36835375060.00000000,34987929450.00000000,False
000020,동화약품,KOSPI,제약,5530,1.65441176,87.17201166,9.72222222,89.83236152,6.14203455,71.31924198,10.15936255,62.20845481,76.63629738,2613420964.44999981,13732062195.00000000,False
419530,SAMG엔터,KOSDAQ,오락·문화,22050,22.56809339,99.59912536,25.35531552,98.57871720,16.66666667,85.40451895,-10.36585366,14.68658892,76.63265306,1699172671.25000000,18529664230.00000000,False
101170,우림피티에스,KOSDAQ,기계·장비,8970,-6.85358255,3.64431487,10.06134969,90.34256560,12.83018868,82.10641399,25.98314607,81.34110787,76.57798834,555636355.75000000,764960380.00000000,False
052900,KX하이텍,KOSDAQ,화학,1228,-0.24370431,57.83527697,6.04490501,81.23177843,26.85950413,91.80029155,3.80388842,48.46938776,76.56705539,824205864.54999995,762232829.00000000,False
059090,미코,KOSDAQ,전기·전자,22750,-5.01043841,9.76676385,2.94117647,68.47667638,25.96899225,91.50874636,48.40182648,92.16472303,76.55612245,8666754015.25000000,5818631500.00000000,False
0009K0,에임드바이오,KOSDAQ,일반서비스,25750,-0.57915058,51.71282799,20.32710280,97.37609329,9.80810235,78.17055394,5.96707819,54.33673469,76.51967930,2450833858.75000000,2802713575.00000000,False
019175,신풍제약우,KOSPI,제약,15400,7.76766970,97.81341108,9.53058321,89.32215743,1.38248848,58.01749271,27.90697674,83.16326531,76.41763848,59215369.50000000,173621310.00000000,False
290520,신도기연,KOSDAQ,기계·장비,1695,0.29585799,74.05247813,5.14888337,78.09766764,12.25165563,81.23177843,11.88118812,65.30612245,76.38848397,34690383.70000000,23007283.00000000,False
189860,서전기전,KOSDAQ,전기·전자,5040,-2.32558140,29.84693878,2.96220633,68.80466472,20.14302741,87.97376093,35.66621803,87.60932945,76.33746356,3810076078.30000019,701075560.00000000,False
099430,바이오플러스,KOSDAQ,제약,3840,2.12765957,89.83236152,14.62686567,94.67930029,13.94658754,83.34548105,-2.41423126,27.73323615,76.27186589,575274844.04999995,652564218.00000000,False
084730,팅크웨어,KOSDAQ,전기·전자,6980,0.43165468,76.02040816,5.75757576,80.21137026,9.74842767,78.06122449,12.76252019,66.76384840,76.24271137,110694386.00000000,84024485.00000000,False
377330,이지트로닉스,KOSDAQ,전기·전자,2845,3.07971014,93.36734694,4.21245421,74.48979592,5.95903166,70.88192420,24.50765864,80.35714286,76.10787172,8973680.50000000,1742780.00000000,False
093640,케이알엠,KOSDAQ,전기·전자,4780,0.10471204,70.37172012,3.23974082,70.29883382,7.77903044,74.27113703,45.50989346,91.18075802,76.07142857,141358137.69999999,66660137.00000000,False
023150,MH에탄올,KOSPI,음식료·담배,4570,0.77177508,80.39358601,11.46341463,92.09183673,11.32764921,80.28425656,0.99447514,41.36297376,76.05320700,55402336.95000000,53739860.00000000,False
322510,제이엘케이,KOSDAQ,IT 서비스,5320,-1.11524164,43.54956268,3.30097087,70.59037901,13.19148936,82.54373178,35.02538071,87.35422741,76.02040816,828034748.85000002,364650945.00000000,False
296640,이노에이엑스,KOSDAQ,IT 서비스,6470,4.69255663,95.91836735,3.85232745,72.95918367,5.37459283,69.64285714,28.37301587,83.38192420,76.01311953,52417093.50000000,107819690.00000000,False
491000,리브스메드,KOSDAQ,의료·정밀기기,37750,-2.20207254,31.08600583,25.62396007,98.72448980,9.42028986,77.55102041,9.42028986,61.15160350,75.97667638,6861255815.00000000,5926731175.00000000,False
0017J0,세미티에스,KOSDAQ,기계·장비,3405,-0.72886297,49.59912536,34.85148515,99.48979592,33.79174853,94.46064140,-8.83534137,16.83673469,75.95845481,2269376981.00000000,4027313246.00000000,False
092300,현우산업,KOSDAQ,전기·전자,2770,-1.24777184,41.72740525,8.84086444,88.10131195,9.92063492,78.31632653,14.93775934,70.00728863,75.93112245,205206522.84999999,380577219.00000000,False
254490,미래반도체,KOSDAQ,유통,18290,-4.14046122,14.43148688,5.60046189,79.66472303,19.69895288,87.60932945,21.44754316,77.69679300,75.92565598,1563248585.00000000,1585425000.00000000,False
232680,라온로보틱스,KOSDAQ,기계·장비,10840,-3.81543922,16.76384840,4.93707648,76.96793003,15.31914894,84.65743440,32.68053856,86.33381924,75.89650146,1079698488.75000000,1191220330.00000000,False
056360,코위버,KOSDAQ,전기·전자,6420,-8.15450644,2.25947522,4.05186386,73.90670554,24.17794971,90.81632653,31.55737705,85.45918367,75.81632653,1332698341.00000000,1186058510.00000000,False
109080,옵티시스,KOSDAQ,전기·전자,9750,-3.46534653,19.97084548,6.20915033,81.74198251,18.61313869,86.84402332,16.76646707,72.74052478,75.80539359,355765377.75000000,237609885.00000000,False
096870,엘디티,KOSDAQ,전기·전자,2480,-0.20120724,59.14723032,6.66666667,83.32725948,10.71428571,79.51895044,11.71171171,64.83236152,75.68695335,110750191.09999999,161113130.00000000,False
273640,와이엠텍,KOSDAQ,전기·전자,5800,-3.65448505,18.27623907,11.75337187,92.34693878,12.84046693,82.14285714,12.40310078,66.30830904,75.65051020,96224875.00000000,110562640.00000000,False
263770,유에스티,KOSDAQ,금속,1746,2.88744844,92.63848397,5.30759952,78.68075802,5.94660194,70.84548105,16.32245170,72.19387755,75.64504373,13191676.50000000,9315199.00000000,False
290650,엘앤씨바이오,KOSDAQ,제약,57400,8.30188679,98.03206997,20.84210526,97.70408163,19.83298539,87.73688047,-21.70876753,6.96064140,75.60131195,11494863247.75000000,23435396900.00000000,False
096775,SK이노베이션우,KOSPI,화학,74800,1.35501355,85.45918367,2.74725275,67.31049563,8.40579710,75.58309038,27.86324786,83.09037901,75.59037901,382804937.50000000,664969750.00000000,False
086520,에코프로,KOSDAQ,금융,91000,-5.10948905,9.40233236,14.60957179,94.64285714,10.43689320,79.15451895,16.66666667,72.66763848,75.52842566,52624654312.50000000,60918993350.00000000,False
008060,대덕,KOSPI,기타금융,16230,-1.51699029,38.48396501,6.56598818,83.05393586,11.77685950,80.68513120,16.34408602,72.23032070,75.48469388,1205658103.25000000,1219657990.00000000,False
489460,바이오비쥬,KOSDAQ,화학,11840,2.59965338,91.87317784,1.89328744,61.24271137,5.90339893,70.80903790,85.00000000,97.74052478,75.43185131,784303541.25000000,1178568330.00000000,False
009780,엠에스씨,KOSDAQ,음식료·담배,7540,-1.43790850,39.43148688,10.39531479,90.74344023,5.60224090,70.18950437,25.45757072,80.83090379,75.40816327,92009879.50000000,132602330.00000000,False
00781K,코리아써키트2우B,KOSPI,전기·전자,16120,-0.43236566,54.51895044,11.17241379,91.76384840,15.80459770,84.98542274,1.25628141,42.09183673,75.39358601,17641875.50000000,5158490.00000000,False
065690,파커스,KOSDAQ,화학,1937,1.04329682,82.72594752,3.52752539,71.39212828,3.80493033,65.70699708,76.57247037,97.04810496,75.38265306,62471181.05000000,31988515.00000000,False
070590,인티큐브,KOSDAQ,IT 서비스,2215,4.97630332,96.28279883,1.37299771,56.74198251,10.47381546,79.19096210,31.29816242,85.16763848,75.36078717,52338617.35000000,15463740.00000000,False
037350,성도이엔지,KOSDAQ,일반서비스,8380,-1.87353630,34.76676385,8.40879690,87.42711370,17.53155680,86.04227405,6.88775510,56.15889213,75.35349854,1049193180.25000000,2152024670.00000000,False
017860,DS단석,KOSPI,화학,13070,0.46118370,76.42128280,3.23854660,70.26239067,10.95076401,79.88338192,17.43036837,73.17784257,75.30976676,1089191509.75000000,1367098165.00000000,False
434480,모니터랩,KOSDAQ,IT 서비스,2980,-8.44854071,1.93148688,7.38738739,85.02186589,11.81988743,80.72157434,31.85840708,85.64139942,75.11661808,1469434433.54999995,1468509692.00000000,False
042370,비츠로테크,KOSDAQ,금융,10830,-8.76158382,1.60349854,2.55681818,65.92565598,33.53884094,94.35131195,34.70149254,87.17201166,75.11297376,16985977003.50000000,14268028035.00000000,False
37550K,DL이앤씨우,KOSPI,건설,26950,1.31578947,85.04008746,2.47148289,65.23323615,8.66935484,76.23906706,26.82352941,82.39795918,75.04919825,164612827.50000000,49285650.00000000,False
018880,한온시스템,KOSPI,기계·장비,3860,-2.15462611,31.48688047,19.68992248,97.15743440,9.50354610,77.66034985,7.97202797,58.19970845,75.00000000,22324204471.84999847,20782177583.00000000,False
475960,토모큐브,KOSDAQ,의료·정밀기기,34450,-3.50140056,19.78862974,8.16326531,86.88046647,22.59786477,89.94169096,6.16332820,54.84693878,74.98906706,1333841832.50000000,2284963550.00000000,False
424870,이뮨온시아,KOSDAQ,일반서비스,3470,-1.13960114,43.11224490,3.27380952,70.48104956,20.06920415,87.93731778,15.85976628,71.53790087,74.93804665,5129875446.14999962,1902336781.00000000,False
119830,아이텍,KOSDAQ,일반서비스,6500,0.46367852,76.56705539,4.33386838,74.81778426,6.90789474,72.81341108,22.18045113,78.35276968,74.89795918,823865604.25000000,755307690.00000000,False
272210,한화시스템,KOSPI,전기·전자,77700,-5.01222494,9.73032070,7.76699029,86.04227405,12.93604651,82.32507289,19.72265023,75.80174927,74.87609329,53009560382.50000000,55016750650.00000000,False
078150,HB테크놀러지,KOSDAQ,기계·장비,2295,-6.70731707,4.00874636,5.03432494,77.40524781,22.33475480,89.83236152,20.15706806,76.31195335,74.81778426,4110272511.69999981,3596558830.00000000,False
455900,엔젤로보틱스,KOSDAQ,기계·장비,22250,-1.54867257,37.86443149,4.70588235,76.23906706,8.53658537,75.76530612,39.23654568,89.13994169,74.79227405,998349090.00000000,1059405275.00000000,False
131030,옵투스제약,KOSDAQ,제약,6450,-2.86144578,24.70845481,9.13705584,88.48396501,12.76223776,81.99708455,11.59169550,64.65014577,74.74489796,225031584.25000000,671482015.00000000,False
378800,샤페론,KOSDAQ,제약,2720,1.30353818,84.91253644,7.50988142,85.38629738,6.66666667,72.26676385,8.15109344,58.63702624,74.74125364,75673606.15000001,94555495.00000000,False
053610,프로텍,KOSDAQ,기계·장비,80400,-5.85480094,6.30466472,2.03045685,62.17201166,34.00000000,94.49708455,36.73469388,88.08309038,74.69752187,2831807640.00000000,6632145900.00000000,False
042700,한미반도체,KOSPI,기계·장비,264000,-5.37634409,8.27259475,4.76190476,76.43950437,14.78260870,84.22011662,32.53012048,86.22448980,74.69205539,163170798913.79998779,162337348776.00000000,False
226950,올릭스,KOSDAQ,일반서비스,120600,-2.42718447,28.93586006,17.31517510,96.53790087,25.75599583,91.43586006,-1.14754098,31.23177843,74.67565598,25866730015.00000000,27188465150.00000000,True
006125,SK디스커버리우,KOSPI,기타금융,44150,1.72811060,87.79154519,4.62085308,75.98396501,6.64251208,72.19387755,15.57591623,71.04591837,74.66107872,90735498.75000000,216989900.00000000,False
009140,케이아이이,KOSPI,전기·전자,23850,-0.41753653,54.84693878,20.33299697,97.41253644,7.91855204,74.52623907,4.60526316,50.47376093,74.61370262,151632604.00000000,502853650.00000000,False
294630,서남,KOSDAQ,전기·전자,3140,0.00000000,66.01676385,3.11986864,69.69752187,9.59860384,77.84256560,23.62204724,79.73760933,74.59548105,1069841367.60000002,404451733.00000000,False
020000,한섬,KOSPI,섬유·의류,21650,0.93240093,81.55976676,6.12745098,81.48688047,39.67741935,95.80903790,-7.67590618,18.25801749,74.57725948,3151682461.25000000,1982360850.00000000,False
445090,에이직랜드,KOSDAQ,전기·전자,22900,-3.17124736,22.19387755,3.85487528,73.03206997,13.64764268,83.09037901,32.36994220,86.04227405,74.57361516,514508023.25000000,691339350.00000000,False
084010,대한제강,KOSPI,금속,9130,-1.61637931,37.17201166,14.12500000,94.42419825,5.30565167,69.46064140,17.80645161,73.65160350,74.55903790,1865933945.00000000,905233620.00000000,False
036010,아비코전자,KOSDAQ,전기·전자,8000,-4.98812352,9.91253644,4.71204188,76.27551020,14.28571429,83.85568513,31.36288998,85.24052478,74.46428571,736368935.00000000,659029050.00000000,False
037030,파워넷,KOSDAQ,전기·전자,3955,-4.69879518,11.44314869,8.20793434,86.95335277,24.56692913,91.03498542,5.89022758,54.08163265,74.46064140,1614783092.90000010,2785366071.00000000,False
460470,아이빔테크놀로지,KOSDAQ,의료·정밀기기,3110,-1.26984127,41.47230321,8.93169877,88.26530612,9.50704225,77.69679300,10.67615658,63.11953353,74.32944606,68308649.90000001,55451130.00000000,False
356680,엑스게이트,KOSDAQ,IT 서비스,18700,-8.78048780,1.56705539,0.80862534,51.42128280,63.60454943,98.68804665,71.08874657,96.13702624,74.28571429,103575648511.75000000,45687707430.00000000,False
127980,화인써키트,KOSDAQ,전기·전자,3045,3.57142857,94.27842566,15.34090909,95.22594752,8.75000000,76.31195335,-2.09003215,28.75364431,74.27113703,26238102.05000000,40727915.00000000,False
001820,삼화콘덴서,KOSPI,전기·전자,158800,-1.12079701,43.51311953,0.00000000,41.41763848,44.62659381,96.64723032,56.14552606,93.76822157,74.18913994,157855093030.00000000,125694086350.00000000,False
039030,이오테크닉스,KOSDAQ,기계·장비,517000,-5.48446069,7.76239067,2.98804781,68.91399417,16.70428894,85.45918367,49.85507246,92.63848397,74.16180758,56955203462.50000000,75204160500.00000000,False
110990,디아이티,KOSDAQ,기계·장비,18560,-4.82051282,10.78717201,6.05714286,81.26822157,17.61723701,86.11516035,15.49471064,70.91836735,74.08892128,1317498459.25000000,1292959835.00000000,False
084650,랩지노믹스,KOSDAQ,일반서비스,2885,7.85046729,97.84985423,14.25742574,94.49708455,15.40000000,84.76676385,-16.73881674,9.54810496,73.95043732,259380900.50000000,1628667107.00000000,False
274400,이노시뮬레이션,KOSDAQ,IT 서비스,2300,3.60360360,94.38775510,13.30049261,93.91399417,3.60360360,65.08746356,5.02283105,51.45772595,73.93950437,25232753.05000000,111479900.00000000,False
015860,일진홀딩스,KOSPI,기타금융,7150,-1.51515152,38.55685131,3.92441860,73.36005831,9.83102919,78.24344023,28.82882883,83.60058309,73.88119534,599249299.25000000,763084410.00000000,False
008250,이건산업,KOSPI,종이·목재,3280,2.02177294,89.43148688,5.63607085,79.81049563,5.12820513,69.00510204,12.71477663,66.72740525,73.83381924,105472154.75000000,194091660.00000000,False
243840,신흥에스이씨,KOSDAQ,전기·전자,5980,-4.92845787,10.24052478,9.52380952,89.28571429,6.02836879,71.02769679,36.37400228,87.90087464,73.80102041,880514401.00000000,1694068420.00000000,False
478560,블랙야크아이앤씨,KOSDAQ,섬유·의류,3400,1.79640719,88.17419825,1.49253731,58.12682216,8.62619808,76.05685131,31.52804642,85.42274052,73.76275510,155643825.84999999,122199485.00000000,False
049800,우진플라임,KOSPI,기계·장비,2030,1.80541625,88.37463557,3.78323108,72.66763848,6.84210526,72.66763848,15.01416431,70.11661808,73.72813411,50823300.10000000,70276153.00000000,False
003280,흥아해운,KOSPI,운송·창고,1852,2.03856749,89.50437318,3.34821429,70.84548105,7.42459397,73.72448980,15.03105590,70.15306122,73.72448980,18066540308.90000153,6215530520.00000000,False
222080,SFA넥셀,KOSDAQ,기계·장비,8400,-5.82959641,6.37755102,9.94764398,90.08746356,11.25827815,80.24781341,14.44141689,69.49708455,73.66253644,3609319632.25000000,5609695430.00000000,False
012790,신일제약,KOSDAQ,제약,6460,-0.46224961,53.79008746,4.70016207,76.20262391,6.77685950,72.52186589,26.41878669,81.85131195,73.61880466,101814209.50000000,177783590.00000000,False
005500,삼진제약,KOSPI,제약,19830,2.58665287,91.83673469,5.25477707,78.42565598,5.76000000,70.48104956,11.03023516,63.52040816,73.60787172,431223571.50000000,779688765.00000000,False
053260,금강철강,KOSDAQ,금속,6820,-4.88145049,10.49562682,3.33333333,70.75437318,13.10116086,82.43440233,46.66666667,91.76384840,73.60240525,29693197840.75000000,2131440625.00000000,False
060310,3S,KOSDAQ,의료·정밀기기,1194,0.92983939,81.48688047,9.54128440,89.39504373,5.01319261,68.76822157,6.51204282,55.43002915,73.56049563,117748482.30000000,129994664.00000000,False
089890,코세스,KOSDAQ,기계·장비,32900,-8.22873082,2.18658892,1.85758514,60.93294461,48.19819820,97.30320700,25.09505703,80.64868805,73.54956268,6350934245.00000000,8550320800.00000000,False
474610,RF시스템즈,KOSDAQ,금속,8180,-4.99419280,9.83965015,2.12234707,62.93731778,22.63868066,89.97813411,36.56093489,88.01020408,73.45845481,703856014.50000000,820871070.00000000,False
389470,인벤티지랩,KOSDAQ,일반서비스,29950,7.34767025,97.59475219,24.53222453,98.46938776,11.75373134,80.64868805,-16.92094313,9.47521866,73.45481050,3105537667.50000000,12626091150.00000000,False
388790,라이콤,KOSDAQ,전기·전자,5290,-8.79310345,1.53061224,1.73076923,60.09475219,30.45622688,93.36734694,40.13245033,89.61370262,73.45116618,5775242412.35000038,5101123800.00000000,False
052690,한전기술,KOSPI,일반서비스,125400,-3.01624130,23.68804665,2.53475061,65.81632653,16.54275093,85.34985423,32.13909378,85.93294461,73.44023324,102055024205.00000000,43157581350.00000000,False
420570,제이투케이바이오,KOSDAQ,화학,9860,7.29053319,97.52186589,2.92275574,68.40379009,4.44915254,67.60204082,24.96831432,80.61224490,73.43658892,588515531.75000000,654371480.00000000,False
066360,체리부로,KOSDAQ,음식료·담배,1518,2.01612903,89.34037901,2.56756757,66.07142857,10.15965167,78.79008746,12.11225997,65.74344023,73.42018950,41777098.70000000,31747484.00000000,False
080220,제주반도체,KOSDAQ,전기·전자,84100,-10.62699256,0.69241983,8.23680824,87.06268222,17.13091922,85.71428571,11.53846154,64.61370262,73.39650146,116069680032.50000000,176219013100.00000000,False
358570,지아이이노베이션,KOSDAQ,일반서비스,8870,-2.52747253,27.84256560,9.50617284,89.24927114,9.64153276,77.91545190,10.87500000,63.30174927,73.38556851,2946456476.50000000,1730221490.00000000,False
284740,쿠쿠홈시스,KOSPI,일반서비스,24850,1.84426230,88.55685131,3.97489540,73.50583090,5.74468085,70.44460641,15.85081585,71.50145773,73.38556851,324042795.00000000,902065900.00000000,False
226590,엠디바이스,KOSDAQ,전기·전자,14680,-2.84579749,24.85422741,1.87369882,61.11516035,24.61799660,91.07142857,24.82993197,80.53935860,73.35641399,1076809260.75000000,523377420.00000000,False
900260,로스웰,KOSDAQ,금융,1939,0.72727273,79.84693878,1.99894792,61.84402332,10.48433048,79.22740525,19.54377312,75.32798834,73.29446064,73423049.70000000,19223228.00000000,False
082210,옵트론텍,KOSDAQ,의료·정밀기기,1813,0.44321330,76.16618076,3.71853547,72.30320700,7.78834721,74.30758017,15.62500000,71.13702624,73.25801749,102156000.00000000,88946242.00000000,False
0015S0,페스카로,KOSDAQ,일반서비스,8170,-4.44444444,12.59110787,4.07643312,74.05247813,19.61932650,87.50000000,17.89321789,73.72448980,73.21975219,2286355995.00000000,448407620.00000000,False
285490,노바텍,KOSDAQ,기타제조,12750,-0.23474178,58.30903790,4.76581758,76.49416910,9.06757913,76.78571429,13.73773417,68.51311953,73.19606414,246625117.25000000,218325980.00000000,False
017180,명문제약,KOSPI,제약,1316,2.81250000,92.45626822,6.55870445,82.98104956,5.78778135,70.55393586,5.87288817,54.00874636,73.16326531,453514389.19999999,302367100.00000000,False
000390,SP삼화,KOSPI,화학,7160,2.13980029,89.94169096,1.12994350,54.44606414,11.70046802,80.50291545,21.97614991,78.13411079,73.15597668,512847961.00000000,771055410.00000000,False
001780,알루코,KOSPI,금속,1679,1.38888889,85.73250729,7.55925689,85.45918367,5.26645768,69.35131195,6.73871583,55.86734694,73.12500000,398710278.89999998,663376381.00000000,False
498390,한화플러스제5호스팩,KOSDAQ,금융,2795,-0.17857143,59.83965015,3.13653137,69.75218659,12.70161290,81.81486880,13.02062273,67.34693878,73.10495627,342465536.30000001,402512117.00000000,False
049830,승일,KOSDAQ,금속,6790,4.94590417,96.24635569,5.27131783,78.53498542,6.09375000,71.20991254,7.09779180,56.70553936,73.01020408,4970067.00000000,987880.00000000,False
113810,디젠스,KOSDAQ,운송장비·부품,3135,-4.56621005,11.98979592,6.63265306,83.23615160,7.17948718,73.43294461,34.83870968,87.24489796,72.99198251,73430997.45000000,128673805.00000000,False
101400,엔시트론,KOSDAQ,전기·전자,1822,9.16716597,98.25072886,12.81733746,93.22157434,1.22222222,57.39795918,9.42942943,61.18804665,72.98833819,281985024.94999999,90447834.00000000,False
104480,티케이케미칼,KOSDAQ,화학,1894,1.82795699,88.48396501,2.48917749,65.41545190,6.46430579,71.79300292,22.19354839,78.38921283,72.86807580,313213133.94999999,451404762.00000000,False
0088M0,메쥬,KOSDAQ,의료·정밀기기,14850,-2.36686391,29.46428571,9.35198822,88.81195335,14.49498843,84.00145773,3.48432056,47.74052478,72.73870262,1658506450.25000000,2604018475.00000000,False
010060,OCI홀딩스,KOSPI,기타금융,237500,-3.06122449,23.32361516,8.44748858,87.57288630,4.39560440,67.49271137,31.57894737,85.51384840,72.70408163,57528950002.50000000,40199811500.00000000,False
037760,쎄니트,KOSDAQ,금속,2545,1.80000000,88.24708455,6.04166667,81.19533528,6.04166667,71.06413994,6.48535565,55.32069971,72.67310496,97652335.50000000,29143990.00000000,False
291230,컴투스엔,KOSDAQ,일반서비스,2700,-1.27970750,41.29008746,4.04624277,73.87026239,6.50887574,71.93877551,36.02015113,87.71865889,72.60932945,71471203.15000001,62311300.00000000,False
010280,아이티센엔텍,KOSDAQ,IT 서비스,5770,-0.68846816,50.07288630,5.67765568,79.99271137,4.15162455,66.72740525,29.80877390,84.18367347,72.53279883,411264439.00000000,750538685.00000000,False
371950,풍원정밀,KOSDAQ,전기·전자,3685,23.65771812,99.67201166,17.17011129,96.42857143,13.38461538,82.68950437,-38.27470687,2.66034985,72.50364431,724142774.14999998,580452285.00000000,False
092730,네오팜,KOSDAQ,화학,24300,7.52212389,97.66763848,1.88679245,61.18804665,5.88235294,70.77259475,24.42396313,80.32069971,72.49635569,1256307343.75000000,1866643925.00000000,False
332290,누보,KOSDAQ,화학,4575,2.80898876,92.41982507,6.39534884,82.36151603,2.00668896,60.31341108,16.26429479,72.01166181,72.47813411,98135166.84999999,16271680.00000000,False
024900,디와이덕양,KOSPI,운송장비·부품,2200,-1.12359551,43.44023324,0.45662100,47.99562682,29.64054213,92.89358601,26.36415853,81.77842566,72.25583090,559093271.14999998,179865880.00000000,False
037370,EG,KOSDAQ,화학,4325,0.58139535,78.00655977,-0.11547344,38.44752187,19.97226075,87.90087464,38.17891374,88.66618076,72.22849854,82863340.59999999,38113340.00000000,False
479960,위너스일렉,KOSDAQ,전기·전자,6490,1.72413793,87.75510204,6.91927512,83.96501458,6.39344262,71.68367347,3.50877193,47.84985423,72.20845481,83650890.50000000,126163180.00000000,False
168330,내츄럴엔도텍,KOSDAQ,일반서비스,2385,-0.83160083,47.63119534,2.80172414,67.71137026,8.90410959,76.60349854,26.86170213,82.43440233,72.20481050,23880645.80000000,9625580.00000000,False
372910,한컴라이프케어,KOSPI,의료·정밀기기,2130,-0.93023256,46.17346939,1.67064439,59.62099125,13.96468700,83.38192420,26.11012433,81.55976676,72.16836735,2696401714.25000000,216765777.00000000,False
425420,티에프이,KOSDAQ,전기·전자,64500,-6.65701881,4.19096210,1.09717868,54.04518950,22.39089184,89.90524781,87.22786647,97.84985423,72.16472303,9217145750.00000000,12284394700.00000000,False
378340,필에너지,KOSDAQ,기계·장비,12770,-5.68685377,6.88775510,6.68337510,83.45481050,9.80223560,78.09766764,19.90610329,75.98396501,72.16107872,545484209.25000000,468980565.00000000,False
281740,레이크머티리얼즈,KOSDAQ,화학,12630,-4.31818182,13.44752187,10.40209790,90.77988338,14.19529837,83.78279883,4.38016529,49.81778426,72.05539359,4757375271.25000000,5170709525.00000000,False
393210,토마토시스템,KOSDAQ,IT 서비스,3550,0.28248588,73.79737609,-1.93370166,21.17346939,54.68409586,98.03206997,64.35185185,95.33527697,72.01166181,9175851236.35000038,1327307451.00000000,False
372320,큐로셀,KOSDAQ,일반서비스,26150,11.51385928,98.90670554,20.78521940,97.63119534,8.73180873,76.27551020,-13.98026316,11.47959184,71.98615160,726405747.50000000,5222792300.00000000,False
098660,에스티오,KOSDAQ,섬유·의류,1725,1.23239437,84.45699708,8.76418663,88.01020408,8.90151515,76.56705539,-0.80506038,32.39795918,71.95517493,17757245.95000000,9884179.00000000,False
195870,해성디에스,KOSPI,전기·전자,64200,-4.46428571,12.50000000,1.26182965,55.75801749,28.65731463,92.52915452,30.48780488,84.73032070,71.93513120,10378280032.50000000,17111480750.00000000,False
090355,노루페인트우,KOSPI,화학,12220,-0.81168831,47.99562682,5.43572045,79.26384840,5.34482759,69.56997085,20.63178677,77.00437318,71.80758017,1640363.00000000,49140.00000000,False
003000,부광약품,KOSPI,제약,4240,1.80072029,88.30174927,6.39899624,82.39795918,3.92156863,66.14431487,8.16326531,58.69169096,71.74562682,1658808650.29999995,11054124598.00000000,False
074600,원익QnC,KOSDAQ,비금속,31250,-5.01519757,9.69387755,4.34056761,74.85422741,21.35922330,89.17638484,10.42402827,62.60932945,71.61807580,5514468373.75000000,5240924050.00000000,False
367000,플래티어,KOSDAQ,IT 서비스,3620,3.42857143,93.91399417,4.17266187,74.41690962,2.11565585,60.75072886,21.47651007,77.76967930,71.57069971,17516800.65000000,6625445.00000000,False
309930,조이웍스앤코,KOSDAQ,유통,951,0.63492063,78.71720117,10.71012806,91.10787172,6.25698324,71.42857143,0.42238648,38.88483965,71.55247813,89019401.65000001,51632384.00000000,False
055490,테이팩스,KOSPI,화학,17100,2.15053763,89.97813411,13.24503311,93.84110787,-0.92699884,42.12827988,36.03818616,87.75510204,71.55247813,253473044.50000000,133813820.00000000,False
0096D0,미래에셋비전스팩9호,KOSDAQ,금융,2070,0.97560976,82.17930029,8.37696335,87.31778426,4.96957404,68.69533528,3.70741483,48.21428571,71.53425656,17995146.50000000,1514118.00000000,False
228760,지노믹트리,KOSDAQ,일반서비스,11800,-3.67346939,18.07580175,8.15765353,86.84402332,10.69418386,79.48250729,8.55565777,59.40233236,71.53425656,1171453867.00000000,793895650.00000000,False
053800,안랩,KOSDAQ,IT 서비스,76800,-14.85587583,0.21865889,0.91984231,52.40524781,33.10225303,94.20553936,42.75092937,90.48833819,71.52332362,9753616792.50000000,20151243650.00000000,False
060370,LS마린솔루션,KOSDAQ,건설,33400,-4.02298851,15.30612245,3.88802488,73.25072886,8.09061489,74.96355685,41.82590234,90.16034985,71.52332362,4819169935.00000000,7159836150.00000000,False
900070,글로벌에스엠,KOSDAQ,금융,1100,-2.22222222,30.83090379,10.33099298,90.59766764,9.23535253,77.15014577,5.16252390,51.85860058,71.49416910,706344283.75000000,107527439.00000000,False
083930,아바코,KOSDAQ,기계·장비,12670,-0.54945055,52.18658892,1.68539326,59.80320700,11.82700794,80.75801749,24.21568627,80.10204082,71.48323615,371677683.50000000,400052400.00000000,False
028300,HLB,KOSDAQ,제약,45750,-2.96924708,24.08892128,11.72161172,92.31049563,35.55555556,94.82507289,-8.68263473,17.12827988,71.45772595,52910789625.00000000,49708970600.00000000,True
095700,제넥신,KOSDAQ,일반서비스,3000,5.82010582,96.86588921,11.11111111,91.63629738,-0.66225166,43.76822157,29.03225806,83.85568513,71.45590379,777189159.85000002,6909691792.00000000,False
251120,바이오에프디엔씨,KOSDAQ,제약,9840,-0.80645161,48.10495627,3.57894737,71.75655977,9.33333333,77.47813411,15.22248244,70.59037901,71.44679300,149517452.50000000,82496000.00000000,False
053300,한국정보인증,KOSDAQ,IT 서비스,5370,-4.61811723,11.73469388,6.12648221,81.45043732,6.75944334,72.48542274,29.71014493,84.11078717,71.42492711,3285306754.75000000,1601217345.00000000,False
144510,지씨셀,KOSDAQ,일반서비스,15080,1.07238606,83.05393586,7.48396294,85.27696793,2.16802168,60.96938776,11.95248701,65.48833819,71.37390671,623094107.50000000,896710735.00000000,False
089030,테크윙,KOSDAQ,기계·장비,53100,-8.13148789,2.29591837,2.90697674,68.22157434,12.73885350,81.92419825,39.92094862,89.46793003,71.35932945,36096394226.25000000,32920377700.00000000,False
259630,엠플러스,KOSDAQ,기계·장비,10240,-4.11985019,14.63192420,12.65126513,93.11224490,8.58960764,75.94752187,7.67613039,57.68950437,71.31377551,898987205.00000000,2009501000.00000000,False
178920,PI첨단소재,KOSPI,화학,20100,-1.95121951,33.40014577,7.83261803,86.15160350,5.62270100,70.26239067,14.98855835,70.04373178,71.29919825,677517267.25000000,991042725.00000000,False
348370,엔켐,KOSDAQ,화학,23050,-6.10997963,5.43002915,13.26781327,93.87755102,11.35265700,80.35714286,5.25114155,52.07725948,71.26457726,3962770969.75000000,3761447075.00000000,False
041520,이엘씨,KOSDAQ,의료·정밀기기,12730,-2.45210728,28.71720117,1.11199365,54.11807580,13.86404293,83.19970845,57.35475896,94.38775510,71.26457726,211503427.25000000,227275520.00000000,False
222420,쎄노텍,KOSDAQ,비금속,958,-2.64227642,26.78571429,4.58515284,75.80174927,14.04761905,83.56413994,9.98851894,62.02623907,71.25000000,240485825.30000001,77251988.00000000,False
054540,삼영엠텍,KOSDAQ,금속,7040,-1.53846154,38.01020408,6.66666667,83.32725948,7.48091603,73.90670554,11.39240506,64.43148688,71.24817784,539998762.75000000,711774780.00000000,False
036220,오상헬스케어,KOSDAQ,의료·정밀기기,6730,3.69799692,94.49708455,5.15625000,78.13411079,1.35542169,57.87172012,19.53818828,75.29154519,71.09693878,2418528146.00000000,2270698970.00000000,False
317870,엔바이오니아,KOSDAQ,기타제조,5320,-1.29870130,41.05320700,7.04225352,84.32944606,2.90135397,63.22886297,26.51605232,81.96064140,71.08782799,53319302.00000000,50313040.00000000,False
140430,카티스,KOSDAQ,IT 서비스,2505,-9.40325497,1.12973761,0.40080160,47.55830904,43.47079038,96.46501458,43.47079038,90.59766764,71.08600583,2737693521.19999981,463143328.00000000,False
163280,에어레인,KOSDAQ,기계·장비,3865,-1.27713921,41.32653061,5.31335150,78.71720117,8.87323944,76.53061224,11.06321839,63.59329446,71.07871720,546058016.85000002,143041860.00000000,False
011500,한농화성,KOSPI,화학,14510,-4.41370224,12.75510204,5.14492754,78.06122449,9.17983446,77.00437318,21.32107023,77.62390671,71.02040816,972336732.00000000,1007654380.00000000,False
065170,비엘팜텍,KOSDAQ,유통,2390,7.65765766,97.70408163,10.13824885,90.48833819,12.47058824,81.48688047,-20.59800664,7.47084548,71.00583090,2103546166.09999990,3320452010.00000000,False
166090,하나머티리얼즈,KOSDAQ,전기·전자,61000,-7.01219512,3.35276968,1.83639399,60.71428571,22.24448898,89.79591837,26.81912682,82.36151603,70.94023324,8906845775.00000000,7382499450.00000000,False
389680,유디엠텍,KOSDAQ,IT 서비스,2890,-0.34482759,56.12244898,-1.70068027,23.14139942,47.14867617,97.12099125,84.66453674,97.63119534,70.92930029,393855289.44999999,167413792.00000000,False
475660,에스켐,KOSDAQ,화학,3405,12.74834437,99.05247813,12.00657895,92.56559767,3.18181818,64.06705539,0.14705882,37.97376093,70.89650146,40671361.00000000,87512875.00000000,False
210120,캔버스엔,KOSDAQ,오락·문화,1899,7.40950226,97.63119534,4.34065934,74.89067055,16.50306748,85.27696793,-4.62079357,22.70408163,70.88192420,296361748.80000001,242112030.00000000,False
090350,노루페인트,KOSPI,화학,8320,1.33982948,85.27696793,5.31645570,78.75364431,3.48258706,64.79591837,11.22994652,64.03061224,70.87827988,274857139.25000000,1291312470.00000000,False
073490,LIG아큐버,KOSDAQ,전기·전자,33200,-5.27817404,8.70991254,2.31124807,64.03061224,12.16216216,81.12244898,46.57836645,91.72740525,70.87463557,1695311456.25000000,1867579550.00000000,False
458650,성우,KOSDAQ,전기·전자,8150,2.77427491,92.27405248,7.66182299,85.75072886,3.82165605,65.77988338,3.55781449,47.95918367,70.85641399,62819346.00000000,244725115.00000000,False
046310,백금TA,KOSDAQ,전기·전자,2360,0.21231423,72.75874636,3.05676856,69.24198251,6.06741573,71.17346939,15.68627451,71.20991254,70.75983965,43261033.75000000,21130275.00000000,False
069080,웹젠,KOSDAQ,IT 서비스,12170,1.58597663,86.77113703,4.82342808,76.71282799,8.66071429,76.12973761,1.58597663,43.07580175,70.75801749,924557235.00000000,1345311445.00000000,False
420770,기가비스,KOSDAQ,기계·장비,135300,-0.14760148,60.56851312,4.88372093,76.93148688,33.69565217,94.38775510,-7.01030928,19.24198251,70.73979592,17162899080.00000000,18805494800.00000000,False
200230,텔콘RF제약,KOSDAQ,제약,2330,0.00000000,66.01676385,5.42986425,79.22740525,4.48430493,67.71137026,12.28915663,66.14431487,70.68330904,35678326.40000000,56532175.00000000,False
450950,아스테라시스,KOSDAQ,의료·정밀기기,6170,-3.29153605,21.10058309,10.57347670,91.03498542,20.27290448,88.04664723,-1.59489633,30.13848397,70.66690962,338065328.10000002,458340300.00000000,False
101000,KS인더스트리,KOSDAQ,기계·장비,1586,4.47957839,95.55393586,-3.87878788,11.47959184,44.97257770,96.75655977,59.71802618,94.78862974,70.65962099,875969485.35000002,128925067.00000000,False
000325,노루홀딩스우,KOSPI,기타금융,28950,1.04712042,82.79883382,2.65957447,66.58163265,5.27272727,69.38775510,17.44421907,73.21428571,70.65233236,2849650.00000000,1595650.00000000,False
065060,지엔코,KOSDAQ,섬유·의류,3400,0.29498525,74.01603499,4.93827160,77.00437318,2.56410256,62.19023324,20.14134276,76.27551020,70.63411079,27631708.80000000,106983095.00000000,False
054940,엑사이엔씨,KOSDAQ,건설,3870,11.84971098,98.94314869,10.57142857,90.99854227,-0.25773196,46.06413994,19.07692308,75.07288630,70.63411079,272513709.50000000,213031340.00000000,False
115180,큐리언트,KOSDAQ,일반서비스,23800,-4.60921844,11.77113703,10.44083527,90.85276968,3.25379610,64.17638484,26.79808205,82.32507289,70.56851312,2626987526.25000000,1770292725.00000000,False
001360,삼성제약,KOSPI,제약,1424,-5.06666667,9.51166181,9.53846154,89.35860058,7.96057619,74.63556851,11.51135474,64.57725948,70.52842566,645366635.45000005,1570197987.00000000,False
003380,하림지주,KOSDAQ,금융,11510,-0.94664372,45.95481050,5.98526703,81.04956268,4.44646098,67.56559767,16.97154472,72.92274052,70.52113703,4253204557.50000000,8086187545.00000000,False
011700,한신기계,KOSPI,기계·장비,2530,-1.36452242,40.19679300,5.41666667,79.19096210,9.05172414,76.74927114,8.81720430,59.98542274,70.47376093,828939678.25000000,1710689971.00000000,False
321550,티움바이오,KOSDAQ,일반서비스,4695,-0.52966102,52.51457726,2.96052632,68.73177843,7.43707094,73.76093294,19.61783439,75.47376093,70.47011662,717178725.10000002,459701064.00000000,False
256840,한국비엔씨,KOSDAQ,제약,3255,1.87793427,88.70262391,-1.21396055,27.40524781,22.36842105,89.86880466,34.22680412,87.09912536,70.45918367,16524656671.89999962,32023769424.00000000,False
0015N0,아로마티카,KOSDAQ,화학,10930,9.62888666,98.43294461,-0.27372263,36.69825073,8.00395257,74.70845481,95.17857143,98.61516035,70.45918367,13083908826.25000000,8311359100.00000000,False
086820,바이오솔루션,KOSDAQ,제약,6720,-0.59171598,51.45772595,1.97268589,61.73469388,9.62479608,77.87900875,21.96007260,78.09766764,70.43731778,365713063.00000000,158849950.00000000,False
048470,대동스틸,KOSDAQ,유통,2915,-0.17123288,60.05830904,4.66786355,76.02040816,4.48028674,67.67492711,16.60000000,72.63119534,70.40816327,117657358.84999999,63804615.00000000,False
250060,모비스,KOSDAQ,IT 서비스,3190,-1.23839009,41.80029155,3.23624595,70.22594752,6.33333333,71.61078717,27.09163347,82.54373178,70.40087464,601524431.00000000,564958038.00000000,False
047920,HLB제약,KOSDAQ,일반서비스,12550,-3.53574174,19.56997085,0.40000000,47.50364431,59.46632783,98.43294461,18.12876506,74.05247813,70.39176385,13321245372.50000000,53185390090.00000000,False
027040,서울전자통신,KOSDAQ,전기·전자,2000,-1.47783251,38.88483965,8.34236186,87.20845481,10.49723757,79.33673469,1.57440325,43.00291545,70.38629738,1032124555.50000000,633401368.00000000,False
039440,에스티아이,KOSDAQ,기계·장비,24150,-7.82442748,2.66034985,6.15384615,81.52332362,24.29233145,90.88921283,2.98507463,46.42857143,70.36443149,2456005540.50000000,4757473650.00000000,False
071090,하이스틸,KOSPI,금속,3415,-3.25779037,21.28279883,4.11585366,74.23469388,9.28000000,77.33236152,18.98954704,74.96355685,70.32434402,6283756225.39999962,1384640718.00000000,False
356890,싸이버원,KOSDAQ,IT 서비스,2625,-6.25000000,5.10204082,3.14341847,69.86151603,12.90322581,82.28862974,23.52941176,79.51895044,70.28790087,445819705.10000002,260291866.00000000,False
493280,아이엠바이오로직스,KOSDAQ,일반서비스,18700,-1.37130802,40.16034985,8.21759259,86.98979592,27.03804348,91.90962099,-8.78048780,16.98250729,70.27332362,3094119589.50000000,3577708205.00000000,False
091340,SK폴리텍,KOSDAQ,전기·전자,2705,-2.16998192,31.34110787,1.31086142,56.19533528,14.86199575,84.36588921,27.29411765,82.65306122,70.26967930,147608627.55000001,68972332.00000000,False
403550,쏘카,KOSPI,일반서비스,11500,1.32158590,85.16763848,7.07635009,84.54810496,1.50044131,58.41836735,11.32623427,64.35860058,70.12026239,160404042.75000000,219387695.00000000,False
464580,닷밀,KOSDAQ,오락·문화,1635,0.06119951,69.95262391,5.48387097,79.40962099,1.55279503,58.56413994,23.30316742,79.37317784,70.11844023,28471165.35000000,6428245.00000000,False
264450,유비쿼스,KOSDAQ,전기·전자,11600,-1.77815411,36.00583090,1.57618214,58.85568513,13.39198436,82.76239067,22.49208025,78.57142857,70.07653061,816390368.75000000,382441190.00000000,False
264850,이랜시스,KOSDAQ,전기·전자,5820,-3.64238411,18.40379009,5.24412297,78.35276968,3.37477798,64.54081633,57.93758480,94.53352770,70.06924198,3220668112.25000000,2000332885.00000000,False
018620,우진비앤지,KOSDAQ,제약,2845,4.98154982,96.31924198,4.40366972,75.10932945,1.97132616,60.02186589,14.25702811,69.20553936,70.01457726,30570414.35000000,20969215.00000000,False
012320,경동인베스트,KOSPI,기타금융,47850,8.13559322,97.95918367,9.37142857,88.92128280,0.94936709,56.26822157,6.33333333,55.10204082,70.00000000,441717193.75000000,1540778400.00000000,False
217820,원익피앤이,KOSDAQ,기계·장비,2375,-8.12379110,2.33236152,1.49572650,58.16326531,18.75000000,86.88046647,36.10315186,87.79154519,69.99271137,2947851400.40000010,720928652.00000000,False
030190,NICE평가정보,KOSPI,IT 서비스,16660,2.83950617,92.52915452,3.15789474,69.93440233,2.52307692,62.06268222,18.66096866,74.63556851,69.98542274,987836947.75000000,1412252835.00000000,False
417860,오브젠,KOSDAQ,IT 서비스,7250,-1.09140518,43.91399417,6.61764706,83.16326531,5.53129549,70.04373178,10.51829268,62.82798834,69.92346939,377348795.50000000,52138520.00000000,False
494120,큐리오시스,KOSDAQ,의료·정밀기기,10350,-1.33460439,40.74344023,15.51339286,95.37172012,20.77012835,88.62973761,-18.20768137,8.81924198,69.90160350,914074223.50000000,526395540.00000000,False
126880,제이엔케이글로벌,KOSDAQ,기계·장비,2795,-0.17857143,59.83965015,7.29366603,84.91253644,12.02404810,80.94023324,-1.58450704,30.21137026,69.87609329,112070326.20000000,45987880.00000000,False
488900,비츠로넥스텍,KOSDAQ,운송장비·부품,10680,-12.09876543,0.32798834,1.61750714,59.25655977,14.22459893,83.81924198,49.57983193,92.52915452,69.84329446,1968956022.50000000,5721536620.00000000,False
240550,동방메디컬,KOSDAQ,의료·정밀기기,6390,-0.77639752,48.61516035,4.58265139,75.76530612,6.85618729,72.70408163,12.10526316,65.70699708,69.81413994,3125314966.25000000,624947595.00000000,False
095270,웨이브일렉트로,KOSDAQ,의료·정밀기기,4520,-3.93198725,15.92565598,2.96127563,68.76822157,9.70873786,78.02478134,26.25698324,81.70553936,69.77405248,159812656.34999999,137249870.00000000,False
271830,팸텍,KOSDAQ,기계·장비,1099,-2.57092199,27.58746356,4.96657116,77.22303207,9.46215139,77.58746356,11.23481781,64.06705539,69.77405248,301577725.35000002,80409685.00000000,False
487720,키움제10호스팩,KOSDAQ,금융,2135,3.38983051,93.84110787,4.40097800,75.07288630,4.65686275,67.85714286,5.69306931,53.57142857,69.76311953,17006338.95000000,56710520.00000000,False
047310,파워로직스,KOSDAQ,전기·전자,3280,-1.05580694,44.49708455,4.45859873,75.32798834,8.07248764,74.89067055,10.99830795,63.48396501,69.70116618,301252005.25000000,247812219.00000000,False
302430,이노메트리,KOSDAQ,기계·장비,7800,-4.99390987,9.87609329,3.86151798,73.06851312,7.88381743,74.45335277,30.87248322,84.91253644,69.67201166,4533417667.00000000,607703540.00000000,False
348340,뉴로메카,KOSDAQ,기계·장비,21200,-6.60792952,4.48250729,4.95049505,77.04081633,22.96983759,90.19679300,4.43349754,50.00000000,69.63921283,7249035878.75000000,7769835950.00000000,False
038460,바이오스마트,KOSDAQ,전기·전자,2875,-0.17361111,59.98542274,2.86225403,68.03935860,7.07635009,73.25072886,14.31411531,69.24198251,69.55903790,292836356.85000002,232112755.00000000,False
081180,쎄크,KOSDAQ,기계·장비,6430,-10.69444444,0.65597668,1.57977883,58.92857143,27.57936508,92.09183673,18.85397412,74.81778426,69.54446064,857774152.75000000,704333940.00000000,False
093050,LF,KOSPI,섬유·의류,23700,0.00000000,66.01676385,8.21917808,87.02623907,5.33333333,69.53352770,2.37580994,45.04373178,69.53170554,556065273.75000000,742308550.00000000,False
006280,녹십자,KOSPI,제약,130400,1.95465207,89.10349854,6.36215334,82.17930029,2.19435737,61.04227405,7.59075908,57.61661808,69.50437318,2925286750.00000000,3506129650.00000000,False
331740,아우토크립트,KOSDAQ,IT 서비스,7110,-2.20082531,31.12244898,11.96850394,92.49271137,9.21658986,77.11370262,0.42372881,38.92128280,69.48979592,390657609.75000000,144042005.00000000,False
396470,워트,KOSDAQ,기계·장비,7100,-4.05405405,15.12390671,1.57367668,58.74635569,12.51980983,81.59620991,37.86407767,88.55685131,69.48615160,757949853.25000000,594467590.00000000,False
036570,NC,KOSPI,IT 서비스,236000,4.42477876,95.44460641,12.11401425,92.63848397,6.30630631,71.53790087,-8.70406190,17.09183673,69.36953353,26578733405.00000000,49723417750.00000000,False
264660,씨앤지하이테크,KOSDAQ,기계·장비,14740,-3.15374507,22.30320700,1.65517241,59.51166181,12.95019157,82.36151603,25.98290598,81.30466472,69.28935860,437158009.50000000,475099200.00000000,False
061970,LB세미콘,KOSDAQ,전기·전자,4675,-4.29887410,13.62973761,1.19047619,55.15670554,20.95730918,88.81195335,23.02631579,79.11807580,69.25838192,1534672322.40000010,1421060113.00000000,False
417970,모델솔루션,KOSDAQ,기계·장비,11160,-0.88809947,46.72011662,7.82608696,86.11516035,4.29906542,67.09183673,8.56031128,59.43877551,69.23104956,103317302.50000000,75615350.00000000,False
114190,강원에너지,KOSDAQ,전기·전자,9160,-4.08376963,14.94169096,12.94697904,93.47667638,3.97275823,66.32653061,12.11750306,65.81632653,69.23104956,891596373.00000000,1071964600.00000000,False
028050,삼성EA,KOSPI,일반서비스,48750,1.45681582,86.22448980,2.09424084,62.64577259,6.32497274,71.57434402,12.06896552,65.63411079,69.17274052,90926183274.64999390,92241796850.00000000,False
110020,전진바이오팜,KOSDAQ,화학,2055,1.48148148,86.33381924,2.49376559,65.50655977,4.15610745,66.76384840,15.44943820,70.84548105,69.15998542,28263988.40000000,17041580.00000000,False
171090,선익시스템,KOSDAQ,기계·장비,72300,-5.24246396,8.83746356,2.99145299,68.98688047,7.58928571,74.08892128,40.66147860,89.72303207,69.15998542,3005522480.00000000,3124862150.00000000,False
004830,덕성,KOSPI,화학,3460,1.31771596,85.09475219,7.62052877,85.56851312,4.21686747,66.90962099,0.87463557,40.77988338,69.09985423,113261655.45000000,232953235.00000000,False
003120,일성아이에스,KOSPI,제약,22200,-0.22471910,58.67346939,2.77777778,67.56559767,8.02919708,74.81778426,11.83879093,65.12390671,69.08892128,109433926.25000000,96531700.00000000,False
065510,휴비츠,KOSDAQ,의료·정밀기기,7260,2.97872340,93.07580175,8.03571429,86.66180758,2.54237288,62.13556851,2.10970464,44.53352770,69.06705539,189520242.75000000,1097319200.00000000,False
009520,포스코엠텍,KOSDAQ,금속,13140,-3.59501101,18.98688047,7.00325733,84.22011662,3.87351779,65.96209913,21.10599078,77.51457726,69.05247813,1774536920.75000000,1714187010.00000000,False
056090,시지메드텍,KOSDAQ,의료·정밀기기,6070,2.01680672,89.39504373,2.01680672,62.06268222,4.20600858,66.87317784,17.74975752,73.57871720,69.02332362,296959433.05000001,874231850.00000000,False
089860,롯데렌탈,KOSPI,일반서비스,51100,0.39292731,75.54664723,3.44129555,71.06413994,0.39292731,52.98833819,58.94245723,94.67930029,69.00510204,3717458728.75000000,3067926600.00000000,False
235980,메드팩토,KOSDAQ,일반서비스,3050,0.66006601,79.04518950,3.56536503,71.61078717,5.53633218,70.08017493,7.77385159,57.79883382,68.97959184,316566726.60000002,431281412.00000000,False
060720,KH바텍,KOSDAQ,전기·전자,11490,-2.04603581,32.68950437,4.45454545,75.25510204,5.50964187,69.97084548,19.68750000,75.69241983,68.97230321,984694699.75000000,709414160.00000000,False
089980,상아프론테크,KOSDAQ,화학,16340,-3.88235294,16.21720117,3.87794024,73.14139942,8.78828229,76.38483965,18.14895155,74.08892128,68.93586006,768509354.25000000,434033850.00000000,False
359090,씨엔알리서치,KOSDAQ,일반서비스,2330,2.19298246,90.05102041,-0.63965885,32.94460641,17.61736497,86.15160350,21.54407929,77.91545190,68.93221574,22378494.50000000,30492825.00000000,False
025900,동화기업,KOSDAQ,종이·목재,7340,-3.80078637,16.87317784,8.10014728,86.77113703,2.08623088,60.71428571,30.14184397,84.40233236,68.88483965,459852845.50000000,455203685.00000000,False
006400,삼성SDI,KOSPI,전기·전자,557000,-3.46620451,19.93440233,7.73694391,86.00583090,1.64233577,58.92857143,35.19417476,87.50000000,68.86661808,187420377675.00000000,193599625000.00000000,False
003670,포스코퓨처엠,KOSPI,전기·전자,190100,-9.04306220,1.31195335,7.64439411,85.64139942,3.54030501,64.90524781,31.37525916,85.27696793,68.84110787,61100969650.00000000,150440625050.00000000,False
065130,탑엔지니어링,KOSDAQ,기계·장비,3055,-3.62776025,18.54956268,10.88929220,91.36297376,6.63176265,72.12099125,5.70934256,53.60787172,68.83381924,92597764.65000001,199260140.00000000,False
009240,한샘,KOSPI,유통,40250,0.62500000,78.53498542,1.25786164,55.66690962,7.62032086,74.16180758,17.34693878,73.06851312,68.83199708,987051993.75000000,979573025.00000000,False
299170,더블유에스아이,KOSDAQ,유통,1470,-2.51989390,27.98833819,1.87110187,61.07871720,19.80440098,87.68221574,10.60948081,63.01020408,68.79737609,4018198118.40000010,1210835590.00000000,False
012860,모베이스전자,KOSDAQ,운송장비·부품,2455,-6.65399240,4.22740525,6.50759219,82.79883382,10.83521445,79.77405248,7.91208791,58.05393586,68.78279883,1190022175.04999995,2224837190.00000000,False
121440,골프존홀딩스,KOSDAQ,유통,7730,-0.38659794,55.39358601,1.57687254,58.89212828,9.64539007,77.95189504,16.24060150,71.90233236,68.76822157,340031510.75000000,38709710.00000000,False
043200,파루,KOSDAQ,전기·전자,1265,1.11910472,83.52769679,2.34627832,64.39504373,5.85774059,70.73615160,11.15992970,63.84839650,68.73542274,123565915.50000000,132944638.00000000,False
382840,원준,KOSDAQ,기계·장비,5320,-3.97111913,15.56122449,6.82730924,83.85568513,6.61322645,72.04810496,12.23628692,65.99854227,68.73177843,345679557.75000000,270458930.00000000,False
058110,멕아이씨에스,KOSDAQ,의료·정밀기기,1699,6.92259283,97.37609329,13.11584554,93.73177843,4.68268638,67.96647230,-8.16216216,17.82069971,68.60787172,169083188.94999999,1262210129.00000000,False
219750,한국비티비,KOSDAQ,의료·정밀기기,1809,0.50000000,77.22303207,7.42280285,85.16763848,12.08178439,81.01311953,-10.44554455,14.57725948,68.59329446,25596544.65000000,24526301.00000000,False
044450,KSS해운,KOSPI,운송·창고,12220,1.91826522,88.99416910,-1.29240711,26.60349854,19.45259042,87.28134111,29.03907075,83.89212828,68.57142857,1807048800.50000000,527460820.00000000,False
289080,SV인베스트먼트,KOSDAQ,금융,2690,-2.35934664,29.55539359,0.00000000,41.41763848,17.21132898,85.82361516,56.85131195,94.24198251,68.55867347,5956311775.55000019,1256359112.00000000,False
199480,뱅크웨어글로벌,KOSDAQ,IT 서비스,4135,-1.66468490,36.69825073,2.09876543,62.68221574,4.94923858,68.62244898,52.30202578,93.14868805,68.55320700,71495723.15000001,147704677.00000000,False
137400,피엔티,KOSDAQ,기계·장비,32050,-4.32835821,13.37463557,9.76027397,89.90524781,8.82852292,76.45772595,3.72168285,48.26895044,68.54591837,3594174413.75000000,3821893775.00000000,False
036200,유니셈,KOSDAQ,기계·장비,10560,-4.60704607,11.80758017,0.95602294,52.95189504,18.51851852,86.80758017,28.93772894,83.74635569,68.53862974,2766292157.75000000,1900075050.00000000,False
002960,한국쉘석유,KOSPI,화학,534000,2.49520154,91.32653061,3.08880309,69.38775510,6.90690691,72.77696793,3.28820116,47.23032070,68.50583090,458381200.00000000,789093500.00000000,False
015230,대창단조,KOSPI,운송장비·부품,6620,2.95489891,93.00291545,4.74683544,76.38483965,1.53374233,58.52769679,11.26050420,64.13994169,68.45481050,406968879.75000000,248394790.00000000,False
009150,삼성전기,KOSPI,전기·전자,1607000,-4.57244656,11.95335277,3.67741935,72.19387755,14.70378301,84.11078717,8.65449628,59.54810496,68.40743440,853763550962.25000000,979736014870.00000000,False
005250,녹십자홀딩스,KOSPI,일반서비스,10150,3.99590164,94.82507289,7.06751055,84.47521866,2.52525253,62.09912536,1.70340681,43.47667638,68.36005831,549165778.25000000,2608214145.00000000,False
109670,씨싸이트,KOSDAQ,섬유·의류,16060,-0.68027211,50.18221574,-4.00478183,11.15160350,295.56650246,99.96355685,292.66503667,99.92711370,68.33454810,3053088318.84999990,3218516250.00000000,False
036030,케이티알파,KOSDAQ,유통,5030,0.80160321,80.53935860,2.02839757,62.09912536,5.67226891,70.33527697,13.03370787,67.49271137,68.31632653,162227879.09999999,158048870.00000000,False
448900,한국피아이엠,KOSDAQ,운송장비·부품,54400,-6.52920962,4.66472303,4.21455939,74.52623907,8.36653386,75.51020408,19.95589857,76.16618076,68.26166181,3313793705.00000000,1977128850.00000000,False
267320,나인테크,KOSDAQ,기계·장비,2660,-8.43373494,1.96793003,0.75757576,51.16618076,20.63492063,88.37463557,33.00000000,86.51603499,68.19970845,7382266165.30000019,3251590804.00000000,False
215380,콜마바이오텍,KOSDAQ,일반서비스,2395,0.20920502,72.66763848,5.73951435,80.17492711,10.87962963,79.81049563,-3.62173038,24.67201166,68.17784257,186171970.80000001,2629540894.00000000,False
389140,포바이포,KOSDAQ,오락·문화,5560,-2.62697023,26.96793003,3.34572491,70.80903790,9.01960784,76.67638484,13.23828921,67.71137026,68.15233236,237987295.75000000,135239445.00000000,False
078860,아이오케이이엔엠,KOSDAQ,오락·문화,2930,3.16901408,93.54956268,1.20898100,55.35714286,11.19544592,80.10204082,4.64285714,50.69241983,68.14139942,205199827.25000000,40286770.00000000,False
053080,케이엔솔,KOSDAQ,기계·장비,9290,-4.52209661,12.20845481,6.29290618,81.99708455,8.27505828,75.36443149,9.29411765,60.86005831,68.13775510,372382565.25000000,490113800.00000000,False
159580,제로투세븐,KOSDAQ,유통,2255,5.86854460,96.93877551,9.46601942,89.13994169,2.73348519,62.75510204,-0.66079295,32.90816327,68.11953353,81810107.05000000,628439680.00000000,False
047560,이스트소프트,KOSDAQ,IT 서비스,8050,-4.39429929,12.90087464,6.34081902,82.14285714,10.72902338,79.59183673,5.09138381,51.63994169,68.09766764,301527809.00000000,278914465.00000000,False
383220,FF,KOSPI,섬유·의류,73300,2.94943820,92.96647230,5.77200577,80.35714286,9.56651719,77.80612245,-8.60349127,17.31049563,67.98833819,3215792132.65000010,4105105359.00000000,False
405920,나라셀라,KOSDAQ,유통,1925,-1.23140072,41.87317784,3.82955771,72.84985423,7.06340378,73.17784257,10.88709677,63.35641399,67.98469388,9970382.10000000,29186176.00000000,False
101360,에코앤드림,KOSDAQ,전기·전자,8430,-5.59910414,7.36151603,10.48492792,90.88921283,2.93040293,63.44752187,17.24617524,72.99562682,67.98104956,503974575.25000000,626454900.00000000,False
001460,BYC,KOSPI,섬유·의류,37850,5.57880056,96.57434402,6.32022472,82.06997085,0.39787798,53.02478134,10.18922853,62.28134111,67.94460641,110720846.25000000,243858150.00000000,False
007280,한국특강,KOSPI,금속,2365,3.27510917,93.69533528,2.15982721,63.21064140,1.93965517,59.87609329,21.65637860,77.98833819,67.88083090,36662109.10000000,107089345.00000000,False
452190,한빛레이저,KOSDAQ,기계·장비,6000,-8.39694656,2.04081633,-0.99009901,29.59183673,60.64257028,98.57871720,74.67248908,96.75655977,67.86443149,24013717355.04999924,8610946020.00000000,False
407400,꿈비,KOSDAQ,기타제조,2105,2.93398533,92.89358601,10.09414226,90.37900875,0.23809524,52.11370262,5.56670010,52.95189504,67.83892128,41283749.85000000,79148440.00000000,False
044990,에이치엔에스하이텍,KOSDAQ,전기·전자,11840,-2.95081967,24.23469388,8.32570906,87.17201166,7.24637681,73.50583090,4.04217926,49.12536443,67.80247813,128475739.25000000,136953120.00000000,False
084695,대상홀딩스우,KOSPI,기타금융,14010,-0.56777857,51.89504373,0.07142857,44.02332362,14.55437449,84.03790087,22.67950963,78.75364431,67.76239067,46239662.00000000,36623680.00000000,False
252500,세화피앤씨,KOSDAQ,화학,2435,6.79824561,97.30320700,6.56455142,83.01749271,6.79824561,72.59475219,-6.16570328,20.44460641,67.76239067,122625020.45000000,102709920.00000000,False
033100,제룡전기,KOSDAQ,전기·전자,49000,-3.16205534,22.23032070,2.61780105,66.25364431,10.48478016,79.26384840,14.61988304,69.75218659,67.75510204,3535640931.25000000,8079326775.00000000,False
123690,한국화장품,KOSPI,유통,6590,2.32919255,90.74344023,5.10366826,77.76967930,3.94321767,66.29008746,1.85471406,43.87755102,67.69679300,1854644841.50000000,2553620910.00000000,False
450080,에코프로머티,KOSPI,전기·전자,38100,-5.10585305,9.43877551,10.11560694,90.45189504,6.27615063,71.50145773,6.27615063,55.02915452,67.68586006,10542278083.75000000,13339395225.00000000,False
065350,신성델타테크,KOSDAQ,전기·전자,32400,-4.14201183,14.35860058,5.88235294,80.75801749,4.85436893,68.45845481,17.39130435,73.10495627,67.66763848,2733332786.25000000,2273156600.00000000,False
005257,녹십자홀딩스2우,KOSPI,일반서비스,18750,6.95949800,97.44897959,0.96930533,53.06122449,5.99208592,70.91836735,13.36154776,67.96647230,67.62390671,7345518.00000000,9687750.00000000,False
023810,인팩,KOSPI,운송장비·부품,5380,-0.73800738,49.30758017,5.07812500,77.69679300,3.86100386,65.88921283,11.73416407,64.90524781,67.57653061,62444372.25000000,52340180.00000000,False
032580,피델릭스,KOSDAQ,전기·전자,7620,-3.78787879,17.12827988,-1.55038760,24.30758017,63.69495166,98.72448980,64.40129450,95.37172012,67.56924198,5249653022.35000038,4713525965.00000000,False
289930,웨이비스,KOSDAQ,전기·전자,8120,-3.79146919,17.01895044,1.50000000,58.19970845,18.36734694,86.55247813,13.88499299,68.76822157,67.53644315,807191606.50000000,791056520.00000000,False
451220,아이엠티,KOSDAQ,기계·장비,9190,-2.02558635,32.76239067,7.99059929,86.51603499,10.58965102,79.44606414,-0.75593952,32.61661808,67.53279883,285468861.50000000,465055260.00000000,False
011320,유니크,KOSDAQ,운송장비·부품,3995,0.00000000,66.01676385,2.96391753,68.84110787,6.25000000,71.37390671,8.11907984,58.56413994,67.51639942,75491014.84999999,74541785.00000000,False
050890,쏠리드,KOSDAQ,전기·전자,9980,-6.64172123,4.26384840,4.28422153,74.67201166,17.13615023,85.75072886,5.16332982,51.89504373,67.50728863,16089062425.75000000,12887722560.00000000,False
130500,GH신소재,KOSDAQ,섬유·의류,1977,2.80811232,92.38338192,1.59301131,58.96501458,5.15957447,69.13265306,11.44306652,64.54081633,67.48906706,20771661.20000000,63285855.00000000,False
144960,뉴파워프라즈마,KOSDAQ,기계·장비,12960,-6.08695652,5.53935860,-0.99312452,29.55539359,47.94520548,97.23032070,67.65847348,95.80903790,67.47448980,12283956369.50000000,17357658815.00000000,False
448280,에코아이,KOSDAQ,일반서비스,9620,1.26315789,84.65743440,2.34042553,64.35860058,0.62761506,54.51895044,39.82558140,89.35860058,67.45262391,70146221.50000000,117256140.00000000,False
170790,파이오링크,KOSDAQ,전기·전자,8700,-0.79817560,48.28717201,4.31654676,74.78134111,4.31654676,67.27405248,12.40310078,66.30830904,67.43440233,211556857.00000000,277612440.00000000,False
078130,국일제지,KOSDAQ,종이·목재,3775,-1.94805195,33.52769679,9.42028986,88.99416910,6.94050992,72.92274052,0.93582888,41.07142857,67.43440233,294278790.30000001,434187712.00000000,False
084370,유진테크,KOSDAQ,기계·장비,168000,-7.13101161,3.24344023,0.59880240,49.67201166,23.07692308,90.26967930,24.26035503,80.21137026,67.37609329,28063717260.00000000,44753179750.00000000,False
082270,젬백스,KOSDAQ,기계·장비,11090,-1.07047279,44.35131195,8.93909627,88.30174927,5.01893939,68.80466472,2.02391904,44.35131195,67.31778426,1149284832.25000000,1079223945.00000000,False
060570,드림어스컴퍼니,KOSDAQ,오락·문화,4995,-0.10000000,61.97157434,-0.10000000,38.72084548,26.45569620,91.69096210,11.24721604,64.10349854,67.31049563,133900827.50000000,9427680.00000000,False
145720,덴티움,KOSPI,의료·정밀기기,39850,-1.36138614,40.30612245,8.43537415,87.53644315,6.12516644,71.28279883,1.27064803,42.20116618,67.24489796,495877748.75000000,712764750.00000000,False
092790,넥스틸,KOSPI,금속,13660,-4.20757363,13.99416910,3.48484848,71.20991254,5.15781370,69.09620991,29.47867299,84.07434402,67.21574344,19130270238.25000000,3707760165.00000000,False
016740,두올,KOSPI,운송장비·부품,4035,2.54129606,91.61807580,1.12781955,54.31851312,6.88741722,72.74052478,10.85164835,63.26530612,67.20663265,345238697.85000002,127844005.00000000,False
007660,이수페타시스,KOSPI,전기·전자,121300,-8.24508321,2.15014577,1.93277311,61.47959184,9.18091809,77.04081633,38.15489749,88.62973761,67.20116618,88684953778.50000000,172626365670.00000000,False
282880,코윈로보틱스,KOSDAQ,기계·장비,11050,-3.57766143,19.13265306,4.24528302,74.59912536,7.28155340,73.65160350,12.87027579,67.12827988,67.17930029,482877994.00000000,312547385.00000000,False
282720,금양그린파워,KOSDAQ,건설,7710,-2.40506329,29.00874636,4.47154472,75.43731778,4.75543478,68.18513120,15.93984962,71.57434402,67.12099125,134544516.75000000,117099120.00000000,False
067990,도이치모터스,KOSDAQ,유통,4010,0.88050314,81.04956268,4.29128739,74.70845481,6.36604775,71.64723032,0.62735257,39.65014577,67.10641399,181303382.44999999,210356157.00000000,False
078890,가온그룹,KOSDAQ,전기·전자,4525,-3.20855615,21.86588921,4.14269275,74.30758017,10.23142509,78.89941691,6.34547591,55.13848397,67.06632653,271971727.05000001,266684670.00000000,False
446840,지슨,KOSDAQ,의료·정밀기기,3635,-0.95367847,45.69970845,13.06376361,93.62244898,14.84992101,84.32944606,-31.41509434,3.27988338,67.04446064,75926043.55000000,37653470.00000000,False
389500,에스비비테크,KOSDAQ,기계·장비,42550,-6.48351648,4.70116618,1.43027414,57.43440233,12.71523179,81.88775510,27.58620690,82.87172012,67.02988338,4752201255.00000000,2569117950.00000000,False
258610,케일럼,KOSDAQ,금속,1230,2.24438903,90.37900875,2.15946844,63.15597668,3.01507538,63.73906706,13.15547378,67.60204082,67.00072886,25724048.55000000,23375876.00000000,False
047050,포스코인터내셔널,KOSPI,유통,56800,-1.21739130,42.01895044,3.83912249,72.92274052,3.83912249,65.81632653,16.51282051,72.44897959,66.89504373,30247160765.00000000,21805619800.00000000,False
263690,디알젬,KOSDAQ,의료·정밀기기,5280,1.73410405,87.86443149,3.32681018,70.69970845,3.93700787,66.25364431,5.17928287,51.93148688,66.88411079,43473067.45000000,116547005.00000000,False
306620,지아이에스,KOSDAQ,기계·장비,2135,-3.82882883,16.61807580,1.42517815,57.39795918,17.17892426,85.78717201,13.56382979,68.33090379,66.86224490,749259621.85000002,572248400.00000000,False
476040,오가노이드사이언스,KOSDAQ,일반서비스,7300,1.38888889,85.73250729,5.18731988,78.20699708,10.10558069,78.68075802,-9.20398010,16.43586006,66.79482507,163146358.25000000,127944855.00000000,False
002700,신일전자,KOSPI,유통,1052,1.74081238,87.90087464,6.37007078,82.25218659,5.51654965,70.00728863,-2.86241921,26.60349854,66.78935860,518007274.44999999,934557431.00000000,False
450330,하스,KOSDAQ,제약,5090,1.80000000,88.24708455,7.04521556,84.40233236,1.39442231,58.05393586,3.14083080,46.79300292,66.72558309,36782771.10000000,35781855.00000000,False
049470,비트플래닛,KOSDAQ,IT 서비스,2610,-1.13636364,43.16690962,0.96711799,53.02478134,4.19161677,66.80029155,101.70015456,98.87026239,66.71829446,991756898.10000002,52528695.00000000,False
003200,일신방직,KOSPI,섬유·의류,11120,1.92483960,89.06705539,2.77264325,67.52915452,6.10687023,71.24635569,2.39410681,45.11661808,66.68731778,1421670109.50000000,494758380.00000000,False
26490K,크라운제과우,KOSPI,음식료·담배,7890,4.50331126,95.62682216,2.86831812,68.07580175,3.27225131,64.28571429,6.19111709,54.91982507,66.68367347,2932309.00000000,764060.00000000,False
025550,한국선재,KOSDAQ,금속,2345,-1.88284519,34.62099125,2.62582057,66.32653061,10.35294118,79.04518950,8.06451613,58.45481050,66.66909621,144528944.59999999,147485725.00000000,False
373200,엑스플러스,KOSDAQ,기타제조,1920,-1.53846154,38.01020408,18.73840445,96.93877551,12.74221961,81.96064140,-26.15384615,4.73760933,66.61443149,168570553.59999999,102665215.00000000,False
342870,오아,KOSDAQ,유통,3850,0.00000000,66.01676385,9.68660969,89.68658892,8.14606742,75.10932945,-10.25641026,14.72303207,66.49599125,17478689.85000000,32941745.00000000,False
009070,KCTC,KOSPI,운송·창고,4195,2.44200244,91.21720117,4.87500000,76.89504373,1.32850242,57.76239067,6.74300254,55.94023324,66.48323615,480666499.64999998,1900201288.00000000,False
000227,유유제약2우B,KOSPI,제약,8120,2.52525253,91.50874636,5.59167750,79.59183673,7.12401055,73.36005831,-6.12716763,20.51749271,66.47594752,8850341.00000000,796550.00000000,False
003310,대주산업,KOSDAQ,음식료·담배,1710,1.36336692,85.56851312,3.69921164,72.26676385,1.66468490,58.96501458,10.67961165,63.15597668,66.45408163,366463291.14999998,347145995.00000000,False
001560,제일연마,KOSPI,비금속,9480,3.83351588,94.56997085,4.06147091,73.94314869,2.15517241,60.86005831,5.33333333,52.33236152,66.45043732,15711554.25000000,27616470.00000000,False
348350,위드텍,KOSDAQ,의료·정밀기기,9680,-0.30895984,56.88775510,3.08839191,69.35131195,2.00210748,60.16763848,23.31210191,79.40962099,66.44314869,218447642.00000000,115078700.00000000,False
025620,차AI헬스케어,KOSPI,화학,5490,-0.18181818,59.71209913,7.22656250,84.80320700,14.37500000,83.92857143,-21.23385940,7.21574344,66.42674927,50548576.55000000,28633210.00000000,False
148780,비큐AI,KOSDAQ,IT 서비스,3975,-2.45398773,28.68075802,1.14503817,54.71938776,5.43766578,69.86151603,69.87179487,95.91836735,66.41217201,264586135.80000001,129476840.00000000,False
143540,영우디에스피,KOSDAQ,기계·장비,1053,0.95877277,81.88775510,4.77611940,76.56705539,0.66921606,54.88338192,12.50000000,66.47230321,66.40670554,81311215.15000001,199392909.00000000,False
178320,서진시스템,KOSDAQ,전기·전자,40700,-6.00461894,5.83090379,8.67823765,87.82798834,20.95096582,88.77551020,-6.65137615,19.75218659,66.39212828,42190705195.00000000,35991827425.00000000,False
045100,한양이엔지,KOSDAQ,일반서비스,33200,-3.06569343,23.28717201,1.84049080,60.75072886,11.22278057,80.17492711,13.89365352,68.80466472,66.38483965,2659522700.00000000,2175650500.00000000,False
058610,에스피지,KOSDAQ,전기·전자,99900,-6.63551402,4.30029155,2.14723926,63.11953353,6.05095541,71.10058309,50.90634441,92.78425656,66.36297376,35334605965.00000000,20738482300.00000000,False
205470,휴마시스,KOSDAQ,제약,3135,18.75000000,99.45335277,20.57692308,97.48542274,-5.28700906,23.28717201,39.33333333,89.17638484,66.34110787,556343039.45000005,8674940119.00000000,False
088290,이원컴포텍,KOSDAQ,운송장비·부품,2515,0.19920319,72.35787172,8.40517241,87.35422741,2.86298569,63.08309038,0.19920319,38.19241983,66.31377551,16342762.25000000,10418335.00000000,False
348210,넥스틴,KOSDAQ,기계·장비,37600,-8.73786408,1.63994169,7.89096126,86.29737609,20.32000000,88.08309038,-3.34190231,25.10932945,66.30830904,3175502380.00000000,2883971825.00000000,False
100660,서암기계공업,KOSDAQ,기계·장비,3265,-2.09895052,32.10641399,6.00649351,81.12244898,3.98089172,66.36297376,9.38023451,61.04227405,66.30102041,120712864.84999999,81605514.00000000,False
322310,오로스테크놀로지,KOSDAQ,기계·장비,15900,-6.19469027,5.35714286,6.63983903,83.27259475,28.95377129,92.71137026,-7.55813953,18.36734694,66.27551020,1377336906.50000000,1396428775.00000000,False
005725,넥센우,KOSPI,화학,4490,0.00000000,66.01676385,5.77149588,80.32069971,3.57554787,64.97813411,3.45622120,47.70408163,66.22995627,4405140.00000000,539290.00000000,False
191410,육일씨엔에쓰,KOSDAQ,전기·전자,1720,0.05817336,69.89795918,22.94496069,98.25072886,-3.80313199,29.44606414,40.98360656,89.83236152,66.20991254,320321615.19999999,133636096.00000000,False
125210,아모그린텍,KOSDAQ,전기·전자,6340,-6.62739323,4.40962099,3.08943089,69.42419825,16.11721612,85.09475219,6.02006689,54.48250729,66.20262391,1583881868.25000000,1021649935.00000000,False
039860,나노엔텍,KOSDAQ,의료·정밀기기,4550,-2.15053763,31.59620991,0.88691796,51.89504373,9.24369748,77.18658892,27.09497207,82.58017493,66.11880466,1370860656.54999995,1727811193.00000000,False
161000,애경케미칼,KOSPI,화학,10790,-4.25909494,13.81195335,7.14995035,84.65743440,2.37191651,61.66180758,17.53812636,73.32361516,66.10787172,1598719140.00000000,2258712815.00000000,False
013000,세우글로벌,KOSPI,유통,1245,1.71568627,87.68221574,4.01002506,73.76093294,2.97766749,63.62973761,3.75000000,48.39650146,66.02769679,48291735.50000000,23404137.00000000,False
007460,에이프로젠,KOSPI,제약,2205,2.55813953,91.69096210,13.07692308,93.65889213,2.08333333,60.64139942,-4.95689655,22.37609329,65.99854227,369497893.75000000,1375387987.00000000,False
094360,칩스앤미디어,KOSDAQ,전기·전자,12620,-2.84834488,24.81778426,1.12179487,54.22740525,15.25114155,84.58454810,12.77926720,66.80029155,65.94387755,1620301952.50000000,1540272395.00000000,False
290090,트윔,KOSDAQ,IT 서비스,4695,-2.99586777,23.83381924,3.07354555,69.31486880,10.08206331,78.60787172,7.06955530,56.59620991,65.94023324,13514157.95000000,19926250.00000000,False
002840,미원상사,KOSPI,화학,137500,0.65885798,78.97230321,1.40117994,57.14285714,5.76923077,70.51749271,10.97659403,63.44752187,65.93658892,285850035.00000000,335457200.00000000,False
009580,무림PP,KOSPI,종이·목재,1760,-1.94986072,33.45481050,3.10486233,69.53352770,8.44115835,75.61953353,7.44810745,57.36151603,65.92565598,2971423594.34999990,592421936.00000000,False
069640,한세엠케이,KOSPI,유통,1424,2.00573066,89.28571429,0.70721358,50.51020408,1.13636364,57.03352770,60.36036036,94.93440233,65.88192420,49692070.40000000,34181511.00000000,False
413630,씨피시스템,KOSDAQ,화학,4185,-5.20951302,9.03790087,2.69938650,66.80029155,2.69938650,62.64577259,113.73850868,99.27113703,65.85641399,15214938584.50000000,2841836088.00000000,False
290720,푸드나무,KOSDAQ,유통,3240,0.00000000,66.01676385,0.46511628,48.21428571,18.89908257,87.09912536,4.34782609,49.63556851,65.83272595,202776600.09999999,331063045.00000000,False
096350,대창솔루션,KOSDAQ,금속,1908,0.52687039,77.47813411,1.59744409,59.00145773,1.76000000,59.14723032,28.05369128,83.19970845,65.74708455,358758257.25000000,235749810.00000000,False
383310,에코프로에이치엔,KOSDAQ,화학,25200,-5.97014925,5.90379009,14.02714932,94.35131195,9.80392157,78.13411079,-2.32558140,27.98833819,65.74708455,3395781512.50000000,3349363275.00000000,False
256150,한독크린텍,KOSDAQ,기계·장비,5060,0.19801980,72.26676385,1.20000000,55.30247813,5.41666667,69.75218659,15.00000000,70.08017493,65.73432945,19313346.15000000,6569365.00000000,False
054210,이랜텍,KOSDAQ,전기·전자,7150,-1.37931034,40.08746356,7.19640180,84.73032070,2.58249641,62.28134111,7.19640180,56.92419825,65.72521866,720986645.75000000,907220565.00000000,False
099190,아이센스,KOSDAQ,의료·정밀기기,16800,-0.11890606,61.40670554,5.59396606,79.62827988,2.00364299,60.24052478,7.83055199,57.94460641,65.71428571,595796553.00000000,426339345.00000000,False
220100,퓨쳐켐,KOSDAQ,제약,7170,-1.78082192,35.96938776,6.69642857,83.49125364,5.83025830,70.69970845,1.58685180,43.11224490,65.54664723,829659049.25000000,469360860.00000000,False
015590,DKME,KOSPI,기계·장비,2200,-4.76190476,11.15160350,0.68649886,50.43731778,47.45308311,97.15743440,5.26315789,52.13192420,65.53571429,274931281.25000000,267450725.00000000,False
417010,나노팀,KOSDAQ,기계·장비,6500,-4.97076023,10.09475219,6.55737705,82.92638484,0.61919505,54.44606414,39.78494624,89.32215743,65.53024781,1701879179.50000000,936562250.00000000,False
452300,캡스톤파트너스,KOSDAQ,금융,2475,-2.75049116,25.83819242,2.27272727,63.83017493,7.60869565,74.12536443,15.11627907,70.37172012,65.45736152,113442240.70000000,80167918.00000000,False
462350,이노스페이스,KOSDAQ,운송장비·부품,6560,0.76804916,80.28425656,1.54798762,58.52769679,13.69150780,83.12682216,-0.60606061,33.05393586,65.44825073,2534829132.25000000,21882129515.00000000,False
060380,동양에스텍,KOSDAQ,금속,1324,-0.30120482,57.05174927,3.51837373,71.35568513,3.59937402,65.05102041,9.51199338,61.29737609,65.39176385,13373055.00000000,6190621.00000000,False
081000,일진다이아,KOSPI,화학,9690,0.00000000,66.01676385,5.32608696,78.82653061,1.25391850,57.65306122,8.87640449,60.16763848,65.34438776,228423228.25000000,70523610.00000000,False
042520,한스바이오메드,KOSDAQ,제약,22300,-0.66815145,50.45553936,6.19047619,81.66909621,13.60163016,83.01749271,-12.37721022,12.71865889,65.29701166,2264192503.50000000,2573784600.00000000,False
046390,삼화네트웍스,KOSDAQ,오락·문화,2130,0.47169811,76.63994169,4.66830467,76.05685131,0.23529412,52.04081633,14.76293103,69.86151603,65.26967930,20622568.20000000,23606712.00000000,False
025000,KPX케미칼,KOSPI,화학,58000,0.69444444,79.50072886,0.51993068,48.94314869,6.61764706,72.08454810,13.72549020,68.47667638,65.16217201,277638590.00000000,558787100.00000000,False
054620,APS,KOSDAQ,금융,4000,1.01010101,82.50728863,6.80907877,83.74635569,3.89610390,66.07142857,-2.79465371,26.78571429,65.16034985,294869981.64999998,83907461.00000000,False
007540,샘표,KOSPI,기타금융,46800,0.86206897,80.90379009,0.42918455,47.77696793,8.83720930,76.49416910,9.09090909,60.45918367,65.11297376,4585657655.00000000,439586650.00000000,False
005720,넥센,KOSPI,화학,6200,-3.57698289,19.20553936,14.18047882,94.46064140,2.99003322,63.66618076,3.16139767,46.90233236,65.10568513,320741084.75000000,658185560.00000000,False
317830,에스피시스템스,KOSDAQ,기계·장비,4905,-4.38596491,13.01020408,4.69583778,76.16618076,7.80219780,74.34402332,6.86274510,56.04956268,65.09839650,230377621.59999999,131152730.00000000,False
016670,디모아,KOSDAQ,유통,2620,-3.67647059,18.00291545,2.74509804,67.27405248,7.81893004,74.38046647,12.68817204,66.65451895,65.06559767,24929456.65000000,24574950.00000000,False
0030R0,대신밸류리츠,KOSPI,기타금융,4005,1.39240506,85.78717201,6.94259012,84.03790087,2.16836735,61.00583090,-0.24906600,34.32944606,65.05830904,59336987.40000000,61632300.00000000,False
052260,현대바이오랜드,KOSDAQ,화학,5130,1.58415842,86.73469388,-9.52380952,3.24344023,28.73274780,92.60204082,46.36233951,91.65451895,65.01822157,10254649484.64999962,4273322252.00000000,False
031820,아이티센씨티에스,KOSPI,IT 서비스,5830,0.51724138,77.36880466,2.82186949,67.85714286,0.51724138,53.66253644,20.57911065,76.82215743,64.92346939,188497263.00000000,294771760.00000000,False
003220,대원제약,KOSPI,제약,8200,4.32569975,95.26239067,5.39845758,79.11807580,1.61090458,58.74635569,0.86100861,40.70699708,64.90160350,312840149.50000000,2844206580.00000000,False
004090,한국석유,KOSPI,비금속,11830,-0.08445946,62.06268222,2.60190807,66.18075802,4.41306267,67.52915452,8.33333333,59.14723032,64.90160350,8722770851.75000000,864896985.00000000,False
388050,지투파워,KOSDAQ,전기·전자,10080,-5.70626754,6.81486880,3.06748466,69.27842566,2.85714286,63.04664723,44.20600858,90.77988338,64.83965015,18537137950.75000000,10678886235.00000000,False
005960,동부건설,KOSPI,건설,8350,-0.83135392,47.66763848,0.11990408,44.35131195,11.03723404,79.99271137,17.93785311,73.83381924,64.83600583,446015239.75000000,141279510.00000000,False
069510,에스텍,KOSDAQ,전기·전자,13510,1.88536953,88.73906706,1.19850187,55.24781341,4.32432432,67.31049563,10.19575856,62.31778426,64.83600583,57771569.25000000,43331690.00000000,False
016100,리더스코스메틱,KOSDAQ,종이·목재,1298,-2.84431138,24.96355685,0.30911901,46.61078717,10.75085324,79.62827988,26.63414634,82.17930029,64.76676385,44343102.45000000,10929443.00000000,False
388720,유일로보틱스,KOSDAQ,기계·장비,69500,-4.00552486,15.34256560,3.88639761,73.21428571,6.92307692,72.88629738,9.10518053,60.49562682,64.75218659,2284582180.00000000,1289242400.00000000,False
094820,일진파워,KOSDAQ,건설,12090,-4.80314961,10.89650146,3.95528805,73.43294461,6.70785525,72.37609329,10.71428571,63.19241983,64.70845481,1294822813.25000000,1380032735.00000000,False
082800,비보존제약,KOSDAQ,제약,3055,2.51677852,91.43586006,8.91265597,88.19241983,-1.45161290,40.05102041,11.90476190,65.41545190,64.70481050,466328519.85000002,598209488.00000000,False
088390,이녹스,KOSDAQ,운송장비·부품,8330,-1.42011834,39.61370262,2.20858896,63.52040816,4.77987421,68.33090379,16.01671309,71.64723032,64.67930029,41516818.00000000,34486510.00000000,False
066670,디티씨,KOSDAQ,부동산,3295,-0.45317221,54.11807580,0.61068702,49.85422741,4.10742496,66.54518950,37.57828810,88.41107872,64.66836735,52244528.50000000,75493625.00000000,False
101970,우양에이치씨,KOSDAQ,금속,10200,0.69101678,79.40962099,7.70855333,85.96938776,2.20440882,61.22448980,-0.87463557,32.17930029,64.65743440,49404874.25000000,33938520.00000000,False
003240,태광산업,KOSPI,화학,919000,1.32304300,85.20408163,2.45261984,65.01457726,1.99778024,60.09475219,10.58965102,62.90087464,64.64285714,851494800.00000000,1049089000.00000000,False
145170,노브랜드,KOSDAQ,섬유·의류,3245,-3.70919881,17.78425656,1.40625000,57.21574344,18.00000000,86.37026239,6.56814450,55.57580175,64.60641399,2701855787.55000019,531856805.00000000,False
0015G0,그린광학,KOSDAQ,의료·정밀기기,15390,-5.29230769,8.63702624,4.55163043,75.69241983,9.30397727,77.44169096,4.55163043,50.25510204,64.59912536,949930471.75000000,1233950485.00000000,False
014580,태경비케이,KOSPI,비금속,3970,-0.12578616,61.22448980,5.72569907,80.13848397,3.79084967,65.63411079,0.88945362,40.85276968,64.58819242,139981095.80000001,175651785.00000000,False
146060,율촌,KOSDAQ,금속,1082,0.74487896,79.99271137,2.65654649,66.50874636,1.21608980,57.36151603,13.53620147,68.25801749,64.54810496,32784657.65000000,24756823.00000000,False
215200,메가스터디교육,KOSDAQ,일반서비스,38150,0.65963061,79.00874636,4.80769231,76.63994169,8.07365439,74.92711370,-7.62711864,18.33090379,64.52988338,1214486413.75000000,968018875.00000000,False
009835,한화솔루션우,KOSPI,화학,18670,-2.20010477,31.15889213,2.07763805,62.57288630,9.24517262,77.22303207,8.16917729,58.74635569,64.52623907,163195643.50000000,126162190.00000000,False
457550,우진엔텍,KOSDAQ,일반서비스,14130,0.00000000,66.01676385,4.51183432,75.65597668,8.77598152,76.34839650,-4.59149223,22.77696793,64.39322157,1118310323.75000000,0.00000000,False
004590,한국가구,KOSDAQ,유통,5340,1.90839695,88.92128280,2.29885057,63.99416910,5.11811024,68.95043732,1.71428571,43.51311953,64.37317784,142821291.00000000,104787480.00000000,False
050120,ES큐브,KOSDAQ,유통,3300,-1.04947526,44.53352770,3.28638498,70.51749271,2.32558140,61.55247813,15.18324607,70.51749271,64.33309038,18577916.20000000,5427794.00000000,False
042040,케이피엠테크,KOSDAQ,유통,5180,4.43548387,95.48104956,2.37154150,64.50437318,12.00000000,80.90379009,-9.91304348,15.34256560,64.32944606,32197341.05000000,40583930.00000000,False
000640,동아쏘시오홀딩스,KOSPI,기타금융,94900,2.04301075,89.54081633,1.38888889,57.06997085,2.48380130,61.98979592,12.84185493,67.01895044,64.27478134,896091547.50000000,495273950.00000000,False
036460,한국가스공사,KOSPI,전기·가스,36100,-0.13831259,60.84183673,3.14285714,69.82507289,2.84900285,62.97376093,8.73493976,59.69387755,64.15998542,5473532761.25000000,4149280050.00000000,False
453450,그리드위즈,KOSDAQ,일반서비스,13330,-1.11275964,43.62244898,4.46708464,75.36443149,3.49378882,64.83236152,6.89655172,56.19533528,64.14358601,221376457.75000000,134078380.00000000,False
441270,파인엠텍,KOSDAQ,전기·전자,9310,-2.10304942,32.06997085,5.67536890,79.95626822,-0.42780749,45.11661808,57.79661017,94.49708455,64.13994169,11171356623.00000000,3812199150.00000000,False
050960,수산아이앤티,KOSDAQ,IT 서비스,9000,-0.55248619,52.11370262,5.38641686,79.00874636,0.55865922,54.00874636,13.35012594,67.93002915,64.10349854,24846142.25000000,17671970.00000000,False
019570,GMI벤처,KOSDAQ,금융,2960,2.24525043,90.41545190,0.33898305,46.93877551,2.77777778,62.82798834,23.07692308,79.22740525,64.09985423,30878015.95000000,46031510.00000000,False
049480,오픈베이스,KOSDAQ,IT 서비스,1990,-3.63196126,18.51311953,3.91644909,73.32361516,8.15217391,75.14577259,4.73684211,50.91107872,64.08892128,470050535.80000001,451508213.00000000,False
041020,폴라리스오피스,KOSDAQ,IT 서비스,3175,-2.60736196,27.18658892,2.91734198,68.36734694,5.30679934,69.49708455,11.79577465,65.05102041,64.03790087,443951782.10000002,535198563.00000000,False
060280,큐렉소,KOSDAQ,유통,8620,-4.43458980,12.64577259,5.25030525,78.38921283,6.02706027,70.99125364,5.89680590,54.11807580,64.00145773,1652027861.75000000,2135706170.00000000,False
262260,에이프로,KOSDAQ,전기·전자,4400,-2.97684675,24.01603499,-2.43902439,17.93002915,30.17751479,93.18513120,56.58362989,94.20553936,63.89577259,218617886.30000001,184595230.00000000,False
240810,원익IPS,KOSDAQ,기계·장비,131300,-7.98878767,2.51457726,0.15255530,44.71574344,14.37282230,83.89212828,27.84810127,83.05393586,63.83381924,150022794567.20001221,161711716244.00000000,False
078340,컴투스,KOSDAQ,IT 서비스,36950,-1.07095047,44.27842566,-1.33511348,26.31195335,14.04320988,83.52769679,42.11538462,90.26967930,63.78644315,3580433990.00000000,1501141225.00000000,False
950190,고스트스튜디오,KOSDAQ,IT 서비스,9750,0.82730093,80.57580175,1.56250000,58.65524781,3.72340426,65.41545190,8.57461024,59.51166181,63.72266764,1389270436.25000000,55675990.00000000,False
115160,휴맥스,KOSDAQ,유통,5720,-3.21489002,21.82944606,4.95412844,77.07725948,7.92452830,74.56268222,1.41843972,42.63848397,63.65889213,46391064.75000000,41711560.00000000,False
460940,피앤에스로보틱스,KOSDAQ,의료·정밀기기,5160,-4.44444444,12.59110787,2.78884462,67.63848397,2.99401198,63.70262391,27.88104089,83.12682216,63.65706997,403732858.10000002,155200680.00000000,False
389260,대명에너지,KOSDAQ,건설,13530,-2.80172414,25.32798834,5.12820513,77.98833819,2.88973384,63.15597668,10.17915309,62.24489796,63.64067055,1164226870.75000000,924303195.00000000,False
261200,덴티스,KOSDAQ,의료·정밀기기,2670,0.37593985,75.32798834,2.69230769,66.72740525,2.89017341,63.19241983,5.74257426,53.71720117,63.57142857,37615231.30000000,79659772.00000000,False
054950,제이브이엠,KOSDAQ,기계·장비,24250,-0.41067762,55.06559767,1.67714885,59.69387755,4.30107527,67.12827988,12.52900232,66.50874636,63.56778426,348504157.14999998,301263175.00000000,False
417790,트루엔,KOSDAQ,전기·전자,7070,1.43472023,86.04227405,9.27357032,88.55685131,-1.53203343,39.61370262,10.46875000,62.71865889,63.56049563,94811023.75000000,130314720.00000000,False
336060,웨이버스,KOSDAQ,IT 서비스,3135,0.64205457,78.75364431,1.45631068,57.67128280,3.63636364,65.17857143,9.61538462,61.44314869,63.53680758,31545532.40000000,15579925.00000000,False
432980,엠에프씨,KOSDAQ,제약,2665,0.18796992,72.01166181,6.81362725,83.81924198,5.12820513,69.00510204,-8.10344828,17.93002915,63.53498542,117551957.84999999,15474940.00000000,False
014530,극동유화,KOSPI,화학,3385,0.14792899,71.50145773,1.34730539,56.48688047,4.31432974,67.23760933,10.44045677,62.64577259,63.52040816,1741988764.04999995,153668169.00000000,False
094840,슈프리마에이치큐,KOSDAQ,전기·전자,13170,-0.90293454,46.53790087,0.61115355,49.89067055,8.66336634,76.16618076,12.85347044,67.05539359,63.49854227,213305121.25000000,233785030.00000000,False
237880,클리오,KOSDAQ,화학,12490,4.17014178,95.08017493,3.56550580,71.64723032,0.97008892,56.45043732,4.08333333,49.27113703,63.43658892,688719915.50000000,1118451130.00000000,False
049070,인탑스,KOSDAQ,전기·전자,18730,-3.45360825,20.04373178,3.02530253,69.09620991,5.64015792,70.29883382,10.50147493,62.75510204,63.40379009,1680709200.75000000,696385195.00000000,False
438700,버넥트,KOSDAQ,IT 서비스,1836,-0.16313214,60.31341108,1.71745152,59.94897959,7.49414520,73.94314869,3.96375991,48.87026239,63.36734694,40730201.95000000,31305960.00000000,False
377480,마음AI,KOSDAQ,IT 서비스,10280,-1.81470869,35.31341108,1.48075025,57.94460641,4.36548223,67.38338192,21.08362780,77.47813411,63.36370262,490157353.00000000,282261255.00000000,False
049950,미래컴퍼니,KOSDAQ,기계·장비,11060,-3.57454228,19.24198251,2.02952030,62.13556851,7.58754864,74.05247813,12.05673759,65.59766764,63.30539359,190318470.75000000,180068065.00000000,False
446070,유니드비티플러스,KOSPI,종이·목재,3975,-0.12562814,61.26093294,2.31660232,64.06705539,0.88832487,55.79446064,22.11981567,78.20699708,63.30539359,203924834.09999999,149681905.00000000,False
033230,인성정보,KOSDAQ,IT 서비스,1120,-2.77777778,25.58309038,2.65811182,66.54518950,4.86891386,68.51311953,12.56281407,66.54518950,63.23615160,218805120.80000001,124578796.00000000,False
009470,삼화전기,KOSPI,전기·전자,27000,-3.05206463,23.39650146,0.00000000,41.41763848,18.42105263,86.66180758,13.92405063,68.91399417,63.21246356,1849030905.00000000,1089939625.00000000,False
28513K,SK케미칼우,KOSPI,화학,25650,1.18343195,84.16545190,-0.19455253,37.66399417,4.69387755,68.00291545,26.04422604,81.45043732,63.20699708,83819641.25000000,7562000.00000000,False
101160,월덱스,KOSDAQ,전기·전자,32200,-2.27617602,30.46647230,0.31152648,46.70189504,9.15254237,76.93148688,20.59925094,76.85860058,63.20153061,1390612351.25000000,1182196275.00000000,False
042110,에스씨디,KOSDAQ,전기·전자,1074,4.06976744,94.93440233,7.18562874,84.69387755,0.28011204,52.40524781,0.00000000,36.24271137,63.11224490,161214610.84999999,286824214.00000000,False
104200,NHN벅스,KOSDAQ,IT 서비스,2675,-1.10905730,43.69533528,20.76749436,97.59475219,-0.37243948,45.44460641,7.00000000,56.34110787,63.09402332,137608753.25000000,156034170.00000000,False
336680,탑런토탈솔루션,KOSDAQ,전기·전자,3020,-1.46818923,39.10349854,1.00334448,53.38921283,6.71378092,72.44897959,15.26717557,70.69970845,63.04664723,61372801.20000000,81100680.00000000,False
306040,에스제이그룹,KOSDAQ,섬유·의류,1767,-2.48344371,28.35276968,15.79292267,95.48104956,0.97142857,56.48688047,2.31615518,44.86151603,63.04664723,175263532.34999999,289031121.00000000,False
215600,신라젠,KOSDAQ,일반서비스,2380,1.06157113,83.01749271,2.80777538,67.82069971,0.63424947,54.59183673,10.44083527,62.68221574,63.02113703,1493841614.50000000,1420969502.00000000,False
950250,테라뷰,KOSDAQ,금융,4130,-4.28736964,13.68440233,-5.16647532,8.09037901,85.20179372,99.48979592,73.16561845,96.61078717,62.91362974,8668244381.75000000,2596524925.00000000,False
051370,인터플렉스,KOSDAQ,전기·전자,7130,-6.30749014,4.95626822,2.00286123,61.91690962,12.28346457,81.34110787,7.05705706,56.50510204,62.90816327,1844933732.50000000,1442261835.00000000,False
900250,크리스탈신소재,KOSDAQ,금융,1240,0.32362460,74.54446064,-0.32154341,36.11516035,7.45233969,73.79737609,19.34552454,75.21865889,62.85167638,95313840.59999999,47541232.00000000,False
138610,나이벡,KOSDAQ,제약,16040,-3.43166767,20.29883382,4.76812541,76.53061224,5.80474934,70.59037901,3.55067786,47.92274052,62.80976676,543066193.00000000,338848080.00000000,False
394280,오픈엣지테크놀로지,KOSDAQ,IT 서비스,10140,-4.69924812,11.40670554,1.70511535,59.87609329,20.57074911,88.30174927,1.19760479,41.69096210,62.76239067,1026826038.75000000,595344330.00000000,False
229000,젠큐릭스,KOSDAQ,제약,1957,0.00000000,66.01676385,0.00000000,41.41763848,4.87674169,68.54956268,26.01416613,81.41399417,62.72959184,411545608.10000002,0.00000000,False
007530,와이엠,KOSDAQ,금속,1800,1.75240249,87.93731778,1.40845070,57.27040816,14.06844106,83.60058309,-9.31989924,16.25364431,62.66581633,90238012.09999999,39013501.00000000,False
115440,우리넷,KOSDAQ,전기·전자,11360,-8.46091861,1.89504373,-3.48343246,13.22886297,58.21727019,98.39650146,67.05882353,95.73615160,62.66399417,30467582466.75000000,7152979325.00000000,False
046210,HLB파나진,KOSDAQ,제약,1354,-1.88405797,34.56632653,2.42057489,64.86880466,20.67736185,88.44752187,-5.24842547,21.82944606,62.66217201,650307769.39999998,528229509.00000000,False
365330,에스와이스틸텍,KOSDAQ,금속,1647,-1.96428571,33.27259475,6.74011666,83.60058309,9.14512922,76.89504373,-8.44913841,17.45626822,62.65670554,784423009.45000005,622531011.00000000,False
323350,다원넥스뷰,KOSDAQ,기계·장비,9680,-4.63054187,11.62536443,-0.20618557,37.42711370,30.63427800,93.54956268,11.26436782,64.21282799,62.65306122,747677802.50000000,521861130.00000000,False
108490,로보티즈,KOSDAQ,기계·장비,304000,-4.10094637,14.79591837,5.37261698,78.93586006,-0.16420361,46.57434402,56.37860082,93.95043732,62.58017493,111965973733.75000000,49793363250.00000000,False
396300,HT로보틱스,KOSDAQ,금속,5720,-6.22950820,5.21137026,2.69299820,66.76384840,0.88183422,55.68513120,97.24137931,98.76093294,62.57653061,20608551870.50000000,8420556530.00000000,False
012750,에스원,KOSPI,일반서비스,83600,-1.29870130,41.05320700,0.96618357,52.98833819,5.55555556,70.15306122,16.43454039,72.33965015,62.53097668,5752504136.35000038,11386263496.00000000,False
003720,삼영,KOSPI,화학,6440,-3.01204819,23.76093294,1.89873418,61.29737609,6.27062706,71.46501458,12.19512195,65.88921283,62.52915452,892241582.25000000,962944925.00000000,False
277070,린드먼아시아,KOSDAQ,금융,3430,-3.38028169,20.51749271,0.73421439,50.83819242,9.93589744,78.35276968,14.33333333,69.31486880,62.50728863,25157128.65000000,3714660.00000000,False
147830,제룡산업,KOSDAQ,금속,7190,-3.74832664,17.49271137,3.00859599,69.02332362,4.65793304,67.89358601,11.30030960,64.28571429,62.47084548,800738126.75000000,1421210960.00000000,False
001067,JW중외제약2우B,KOSPI,제약,50000,-1.38067061,40.05102041,2.14504597,63.04664723,2.24948875,61.33381924,19.04761905,75.03644315,62.45991254,2397372.50000000,200300.00000000,False
075180,새론오토모티브,KOSPI,운송장비·부품,3000,2.38907850,90.99854227,2.04081633,62.33600583,2.73972603,62.79154519,3.44827586,47.59475219,62.43622449,73338855.00000000,27709195.00000000,False
001465,BYC우,KOSPI,섬유·의류,27100,3.04182510,93.25801749,1.87969925,61.15160350,0.00000000,49.05247813,19.64679912,75.56486880,62.40524781,59591928.75000000,48201650.00000000,False
037070,파세코,KOSDAQ,전기·전자,6770,-0.14749263,60.60495627,1.80451128,60.53206997,10.08130081,78.57142857,-0.44117647,33.74635569,62.39795918,378196270.25000000,552160050.00000000,False
003580,HLB글로벌,KOSPI,유통,2015,-2.65700483,26.56705539,-0.98280098,29.81049563,16.00460564,85.05830904,28.83631714,83.63702624,62.35058309,1499274570.54999995,2014584891.00000000,False
187790,나노,KOSDAQ,화학,3180,-1.54798762,37.90087464,7.07070707,84.51166181,3.92156863,66.14431487,-0.46948357,33.63702624,62.32871720,733600254.39999998,262854505.00000000,False
077500,유니퀘스트,KOSPI,유통,9700,-4.43349754,12.68221574,-3.29012961,14.24927114,30.37634409,93.25801749,79.96289425,97.26676385,62.29956268,3060857543.75000000,3475982380.00000000,False
090460,비에이치,KOSPI,전기·전자,21900,-3.09734513,22.83163265,5.03597122,77.44169096,0.22883295,51.96793003,23.72881356,79.84693878,62.27223032,19232180596.50000000,14167801400.00000000,False
484870,엠앤씨솔루션,KOSPI,기계·장비,19040,-1.34715026,40.56122449,5.48476454,79.44606414,14.97584541,84.43877551,-36.21440536,2.84256560,62.23396501,2322889095.50000000,3782098230.00000000,False
339770,교촌에프앤비,KOSPI,유통,3915,0.12787724,70.84548105,2.35294118,64.43148688,3.02631579,63.81195335,4.95978552,51.31195335,62.20116618,117464531.80000000,78258164.00000000,False
036090,위지트,KOSDAQ,기계·장비,1417,-0.63113604,51.05685131,1.43163923,57.47084548,4.11462160,66.58163265,12.28209192,66.07142857,62.19387755,800618630.60000002,282156468.00000000,False
361570,알비더블유,KOSDAQ,오락·문화,1615,0.93750000,81.70553936,0.12399256,44.42419825,2.21518987,61.26093294,25.48562549,80.94023324,62.19023324,157509294.50000000,1739060.00000000,False
149950,아바텍,KOSDAQ,전기·전자,12380,-2.67295597,26.45772595,-4.10534469,10.86005831,36.19361936,95.00728863,45.64705882,91.36297376,62.17930029,2242454230.50000000,1692996715.00000000,False
067170,오텍,KOSDAQ,운송장비·부품,2715,-4.73684211,11.29737609,6.67976424,83.41836735,5.23255814,69.20553936,1.11731844,41.54518950,62.14650146,1216442132.34999990,1476210363.00000000,False
051390,YW,KOSDAQ,유통,4025,0.75093867,80.06559767,1.13065327,54.48250729,3.47043702,64.75947522,8.49056604,59.29300292,62.11370262,17477469.60000000,91830555.00000000,False
067000,조이시티,KOSDAQ,IT 서비스,1188,-0.58577406,51.56705539,3.75545852,72.52186589,0.76335878,55.35714286,11.86440678,65.23323615,62.10276968,778854957.89999998,356558786.00000000,False
049080,기가레인,KOSDAQ,전기·전자,9410,-7.83545544,2.62390671,-1.97916667,20.66326531,21.57622739,89.28571429,114.10693970,99.30758017,62.03717201,7793086097.75000000,2900922255.00000000,False
005610,삼립,KOSPI,음식료·담배,41150,0.12165450,70.69970845,5.37772087,78.97230321,1.23001230,57.47084548,0.98159509,41.29008746,62.00801749,113798512.50000000,133108400.00000000,False
077360,덕산하이메탈,KOSDAQ,전기·전자,13720,-5.37931034,8.16326531,-3.65168539,12.50000000,36.38170974,95.08017493,76.34961440,96.97521866,61.99344023,11458366080.00000000,11195934110.00000000,False
171010,램테크놀러지,KOSDAQ,화학,2725,-2.15439856,31.52332362,5.62015504,79.77405248,2.83018868,62.93731778,3.80952381,48.50583090,61.96064140,68481645.09999999,91490605.00000000,False
089850,유비벨록스,KOSDAQ,IT 서비스,4355,-0.57077626,51.82215743,1.75233645,60.38629738,4.31137725,67.16472303,8.19875776,58.78279883,61.92055394,27199166.20000000,19432539.00000000,False
067010,이씨에스,KOSDAQ,IT 서비스,2560,0.39215686,75.47376093,0.98619329,53.27988338,1.18577075,57.25218659,21.04018913,77.40524781,61.91326531,129182166.34999999,77122222.00000000,False
177900,쓰리에이로직스,KOSDAQ,전기·전자,3895,2.90620872,92.74781341,5.84239130,80.64868805,1.43229167,58.23615160,-3.22981366,25.29154519,61.82215743,67542689.15000001,103875200.00000000,False
267980,매일유업,KOSDAQ,음식료·담배,34750,-0.71428571,49.81778426,5.30303030,78.64431487,1.16448326,57.14285714,5.14372163,51.78571429,61.78935860,141607225.00000000,141709225.00000000,False
038680,에스넷,KOSDAQ,IT 서비스,3885,-1.89393939,34.43877551,7.46887967,85.20408163,-1.14503817,41.29008746,25.93192869,81.23177843,61.76749271,255942807.69999999,264900295.00000000,False
085310,엔케이,KOSPI,금속,8990,1.58192090,86.69825073,2.86041190,68.00291545,-0.99118943,41.83673469,23.65887208,79.77405248,61.76020408,90418809.00000000,126964150.00000000,False
018310,삼목에스폼,KOSDAQ,금속,14930,-0.20053476,59.22011662,1.56462585,58.70991254,8.26686004,75.32798834,0.74224022,40.34256560,61.73469388,243602600.50000000,226726380.00000000,False
024840,KBI메탈,KOSDAQ,금속,6050,-5.76323988,6.55976676,-1.14379085,28.09766764,15.67877629,84.87609329,53.55329949,93.44023324,61.72376093,16884790632.00000000,17719729985.00000000,False
090360,로보스타,KOSDAQ,기계·장비,78400,-4.85436893,10.60495627,3.43007916,71.02769679,2.61780105,62.39067055,16.14814815,71.82944606,61.69096210,7895861537.50000000,4456904000.00000000,False
170030,현대공업,KOSDAQ,운송장비·부품,4930,-1.40000000,39.97813411,3.78947368,72.74052478,2.81543274,62.86443149,5.68060021,53.53498542,61.67274052,59794685.45000000,89085925.00000000,False
123040,엠에스오토텍,KOSDAQ,운송장비·부품,1713,1.36094675,85.49562682,4.07047388,74.01603499,-0.05834306,47.15743440,8.83100381,60.09475219,61.63629738,108274710.65000001,125992650.00000000,False
008370,원풍,KOSDAQ,화학,5240,-1.13207547,43.22157434,1.94552529,61.53425656,5.01002004,68.73177843,7.15746421,56.77842566,61.63083090,65789375.60000000,93996750.00000000,False
258790,소프트캠프,KOSDAQ,IT 서비스,7290,-3.69881110,17.89358601,-4.45609436,9.62099125,32.06521739,93.84110787,75.66265060,96.90233236,61.59256560,364354982.25000000,416882890.00000000,False
092460,한라IMS,KOSDAQ,운송장비·부품,17120,0.76515597,80.24781341,2.27001195,63.77551020,-0.17492711,46.50145773,22.98850575,79.08163265,61.57434402,223174253.75000000,247472720.00000000,False
199820,제일일렉트릭,KOSDAQ,전기·전자,7730,-3.61596010,18.65889213,2.11360634,62.82798834,6.47382920,71.82944606,9.18079096,60.60495627,61.56705539,1021631300.25000000,1577640275.00000000,False
393890,더블유씨피,KOSDAQ,전기·전자,10310,-5.32598714,8.49125364,2.68924303,66.69096210,2.38331678,61.69825073,24.21686747,80.13848397,61.56341108,2434217758.50000000,3125634155.00000000,False
032820,우리기술,KOSDAQ,전기·전자,12310,-4.94208494,10.20408163,-0.48504446,34.51166181,15.80432738,84.94897959,25.48419980,80.90379009,61.53425656,92375739233.75000000,40280482855.00000000,False
201490,미투온,KOSDAQ,IT 서비스,3340,-5.51626591,7.65306122,-2.90697674,15.37900875,27.72466539,92.12827988,72.07624936,96.46501458,61.52332362,33519303998.75000000,2709444997.00000000,False
265520,AP시스템,KOSDAQ,기계·장비,19970,-4.44976077,12.53644315,3.47150259,71.17346939,6.05416888,71.13702624,5.32700422,52.25947522,61.51239067,821528129.25000000,622165330.00000000,False
126720,수산인더스트리,KOSPI,건설,21700,0.93023256,81.52332362,2.11764706,62.86443149,2.35849057,61.62536443,4.07673861,49.23469388,61.50874636,490642313.75000000,444002050.00000000,False
044820,코스맥스비티아이,KOSPI,기타금융,25600,5.78512397,96.82944606,-1.34874759,26.05685131,4.06504065,66.50874636,33.61169102,86.88046647,61.47959184,764255687.50000000,2640612975.00000000,False
039290,인포뱅크,KOSDAQ,IT 서비스,4080,0.49261084,77.00437318,-0.48780488,34.43877551,6.25000000,71.37390671,18.43251089,74.41690962,61.46501458,26317190.15000000,8265635.00000000,False
006910,보성파워텍,KOSDAQ,금속,7220,-5.00000000,9.80320700,1.54711674,58.49125364,6.48967552,71.86588921,15.52000000,70.95481050,61.46501458,8722417038.00000000,6417830070.00000000,False
002920,유성기업,KOSPI,운송장비·부품,1829,2.52242152,91.47230321,1.38580931,56.96064140,1.61111111,58.78279883,8.09692671,58.52769679,61.45408163,144052057.30000001,106701970.00000000,False
38380K,LX홀딩스1우,KOSPI,기타금융,7670,3.64864865,94.42419825,2.26666667,63.73906706,0.92105263,56.12244898,5.21262003,51.96793003,61.40670554,7622369.00000000,1652770.00000000,False
000500,가온전선,KOSPI,전기·전자,307000,-7.25075529,3.13411079,-2.53968254,17.41982507,44.81132075,96.72011662,32.04301075,85.78717201,61.38483965,93414581562.50000000,165682151250.00000000,False
469610,이노테크,KOSDAQ,기계·장비,15930,-4.09391933,14.86880466,2.24646983,63.70262391,3.24044070,64.13994169,19.59459459,75.40087464,61.33381924,1396877906.50000000,767990615.00000000,False
234030,싸이닉솔루션,KOSDAQ,전기·전자,3750,-4.21455939,13.95772595,-1.31578947,26.45772595,26.26262626,91.65451895,20.38523274,76.67638484,61.33017493,1896334017.59999990,749331769.00000000,False
006405,삼성SDI우,KOSPI,전기·전자,219500,-2.22717149,30.79446064,5.27577938,78.57142857,0.00000000,49.05247813,19.03470716,75.00000000,61.27186589,899778100.00000000,1088034250.00000000,False
033790,피노,KOSDAQ,전기·전자,9800,-4.39024390,12.93731778,16.52794293,96.10058309,-3.92156863,29.09985423,80.81180812,97.33965015,61.23177843,18589489025.50000000,14687175975.00000000,False
140670,알에스오토메이션,KOSDAQ,전기·전자,10500,-3.13653137,22.44897959,2.63929619,66.39941691,2.04081633,60.53206997,18.24324324,74.16180758,61.20991254,675238378.50000000,368954210.00000000,False
010040,한국내화,KOSPI,비금속,1691,2.17522659,90.01457726,0.71471114,50.65597668,2.92148509,63.37463557,7.98212005,58.27259475,61.20262391,45917931.35000000,89691329.00000000,False
112040,위메이드,KOSDAQ,IT 서비스,15840,0.69930070,79.59183673,4.55445545,75.72886297,4.76190476,68.23979592,-9.53740720,15.85276968,61.14431487,3088353680.00000000,3210475455.00000000,False
365340,성일하이텍,KOSDAQ,화학,37400,-5.31645570,8.60058309,9.03790087,88.37463557,0.53763441,53.89941691,9.35672515,61.00583090,61.13338192,1211880012.50000000,1007017200.00000000,False
388210,씨엠티엑스,KOSDAQ,전기·전자,88900,-5.72640509,6.70553936,-1.00222717,29.51895044,18.85026738,87.06268222,29.02757620,83.81924198,61.11516035,5283361825.00000000,6547954200.00000000,False
154040,다산솔루에타,KOSDAQ,전기·전자,10100,-1.27077224,41.43586006,17.57857974,96.61078717,-4.26540284,27.22303207,31.16883117,85.13119534,61.04227405,25138203.50000000,24385315.00000000,False
301300,바이브컴퍼니,KOSDAQ,IT 서비스,1722,2.50000000,91.36297376,12.91803279,93.40379009,-6.31120783,19.56997085,24.42196532,80.28425656,61.04227405,146210956.00000000,96974847.00000000,False
001060,JW중외제약,KOSPI,제약,27450,0.00000000,66.01676385,3.97727273,73.57871720,-0.18181818,46.39212828,13.90041494,68.84110787,61.00036443,1069438200.00000000,1450478225.00000000,False
463480,모티브링크,KOSDAQ,전기·전자,4055,2.91878173,92.82069971,4.10783055,74.19825073,1.37500000,57.98104956,-1.21802680,30.94023324,60.92201166,528103557.50000000,111295477.00000000,False
017510,세명전기,KOSDAQ,금속,7680,-4.11985019,14.63192420,1.18577075,55.06559767,7.41258741,73.68804665,12.94117647,67.27405248,60.91290087,1450164227.50000000,1360574395.00000000,False
006490,프리티,KOSPI,통신,1461,0.13708019,71.06413994,11.86830015,92.45626822,3.17796610,63.99416910,-40.22094926,2.33236152,60.90743440,546584328.50000000,53443210.00000000,False
053450,세코닉스,KOSDAQ,의료·정밀기기,3300,-1.93164933,33.78279883,4.59587956,75.87463557,7.14285714,73.39650146,-2.65486726,27.04081633,60.90743440,97036025.80000000,131849654.00000000,False
363280,티와이홀딩스,KOSPI,기타금융,2050,-0.24330900,57.90816327,0.49019608,48.61516035,2.50000000,62.02623907,22.02380952,78.17055394,60.81997085,45488305.25000000,30599862.00000000,False
190510,나무가,KOSDAQ,전기·전자,15500,-3.24594257,21.42857143,-0.89514066,30.64868805,11.67146974,80.46647230,32.47863248,86.15160350,60.75437318,3627584224.00000000,965436360.00000000,False
444530,심플랫폼,KOSDAQ,IT 서비스,4720,-1.66666667,36.58892128,1.72413793,60.00364431,5.71108623,70.40816327,6.06741573,54.59183673,60.74161808,21630843.90000000,25581025.00000000,False
021050,서원,KOSPI,금속,1122,-1.66520596,36.66180758,5.64971751,79.91982507,0.00000000,49.05247813,12.99093656,67.31049563,60.72521866,159328225.19999999,112765121.00000000,False
101670,하이드로리튬,KOSDAQ,금속,530,-2.75229358,25.76530612,11.34453782,91.94606414,8.16326531,75.21865889,-41.30675526,2.22303207,60.69241983,367920327.94999999,382615362.00000000,False
183300,코미코,KOSDAQ,기계·장비,32800,-4.23357664,13.88483965,-2.08955224,19.97084548,30.67729084,93.58600583,23.27119663,79.30029155,60.67419825,17245794445.00000000,12076419150.00000000,False
206640,바디텍메드,KOSDAQ,제약,9980,2.46406571,91.29008746,5.60846561,79.70116618,2.25409836,61.40670554,-9.92779783,15.30612245,60.66326531,252695758.50000000,589594735.00000000,False
017250,인터엠,KOSDAQ,전기·전자,1068,0.75471698,80.17492711,1.23222749,55.43002915,2.00573066,60.27696793,8.53658537,59.36588921,60.63046647,22001050.45000000,9437575.00000000,False
459510,나우로보틱스,KOSDAQ,기계·장비,15710,-4.49848024,12.39067055,0.44757033,47.84985423,6.43631436,71.75655977,26.18473896,81.59620991,60.61588921,1804860630.25000000,480918200.00000000,False
010470,오리콤,KOSDAQ,일반서비스,5080,0.00000000,66.01676385,0.99403579,53.31632653,4.74226804,68.11224490,5.83333333,53.86297376,60.61406706,20777027.45000000,17331290.00000000,False
217270,넵튠,KOSDAQ,IT 서비스,2470,-1.20000000,42.34693878,2.91666667,68.33090379,2.91666667,63.26530612,5.55555556,52.86078717,60.61224490,116162945.65000001,87032920.00000000,False
025560,미래산업,KOSPI,의료·정밀기기,7900,-9.71428571,1.02040816,2.46433204,65.08746356,25.99681021,91.54518950,-5.38922156,21.64723032,60.57580175,3529968650.25000000,5649726620.00000000,False
203450,유니온바이오메트릭스,KOSDAQ,전기·전자,2820,-4.08163265,14.99635569,0.89445438,52.00437318,11.90476190,80.79446064,6.61625709,55.68513120,60.55575802,229827052.30000001,497408150.00000000,False
459100,위츠,KOSDAQ,전기·전자,4110,1.10701107,83.38192420,4.31472081,74.74489796,1.48148148,58.30903790,-0.84439083,32.32507289,60.55029155,34116709.60000000,45008830.00000000,False
089970,브이엠,KOSDAQ,기계·장비,64800,-8.73239437,1.67638484,5.02431118,77.29591837,22.72727273,90.01457726,-23.76470588,5.90379009,60.54300292,39908606855.00000000,45844092100.00000000,False
448710,코츠테크놀로지,KOSDAQ,전기·전자,11400,-1.97764402,33.16326531,4.58715596,75.83819242,1.24333925,57.54373178,7.44580584,57.28862974,60.54300292,206002328.25000000,261048680.00000000,False
018470,조일알미늄,KOSPI,금속,5240,-1.87265918,34.80320700,0.00000000,41.41763848,7.70811922,74.23469388,18.28442438,74.19825073,60.43913994,458043298.80000001,320214285.00000000,False
147760,피엠티,KOSDAQ,의료·정밀기기,4005,-3.37756333,20.59037901,-1.95838433,20.95481050,26.94136292,91.87317784,20.27027027,76.51239067,60.39723032,623054628.50000000,563362847.00000000,False
139990,아주스틸,KOSPI,금속,2285,-0.86767896,47.01166181,2.00892857,61.95335277,2.69662921,62.57288630,8.80952381,59.94897959,60.30612245,53577308.10000000,37279685.00000000,False
045520,크린앤사이언스,KOSDAQ,기계·장비,3255,0.46296296,76.49416910,-6.73352436,5.35714286,36.19246862,94.97084548,11.85567010,65.19679300,60.28425656,158359006.09999999,25240330.00000000,False
272290,이녹스첨단소재,KOSDAQ,전기·전자,22000,-3.50877193,19.75218659,1.85185185,60.84183673,7.57946210,74.01603499,5.26315789,52.13192420,60.26056851,1767035558.50000000,1601273075.00000000,False
036620,감성코퍼레이션,KOSDAQ,유통,3840,1.99203187,89.21282799,4.34782609,74.96355685,2.67379679,62.53644315,-7.13422007,19.09620991,60.24416910,741443855.64999998,748834865.00000000,False
006660,삼성공조,KOSPI,운송장비·부품,12850,-4.88527017,10.45918367,0.39062500,47.41253644,4.38667750,67.45626822,40.28384279,89.65014577,60.18221574,4049857732.25000000,1650342875.00000000,False
083550,케이엠,KOSDAQ,섬유·의류,3315,-0.89686099,46.57434402,1.68711656,59.83965015,0.30257186,52.55102041,27.50000000,82.72594752,60.17492711,45248112.70000000,191272375.00000000,False
489500,엘케이켐,KOSDAQ,화학,22950,-4.96894410,10.13119534,-0.86393089,30.83090379,13.89578164,83.27259475,27.57087271,82.83527697,60.13848397,370669919.00000000,451547250.00000000,False
145270,케이탑리츠,KOSPI,부동산,803,0.00000000,66.01676385,2.16284987,63.26530612,1.77439797,59.25655977,5.93667546,54.24562682,60.13301749,20148906.60000000,16198291.00000000,False
004270,남성,KOSPI,유통,5590,-0.17857143,59.83965015,1.08499096,53.86297376,13.15789474,82.50728863,-3.40418179,24.92711370,60.13119534,47471356.00000000,61441440.00000000,False
005180,빙그레,KOSPI,음식료·담배,88500,6.37019231,97.23032070,1.72413793,60.00364431,-1.99335548,37.62755102,33.28313253,86.73469388,60.12208455,4620327440.00000000,5866816200.00000000,False
476080,M83,KOSDAQ,오락·문화,4100,-1.20481928,42.23760933,1.48514851,58.01749271,2.24438903,61.29737609,14.52513966,69.60641399,60.06924198,37039769.15000000,54706893.00000000,False
218410,RFHIC,KOSDAQ,전기·전자,58200,-7.47217806,2.91545190,-0.68259386,32.39795918,20.49689441,88.22886297,17.81376518,73.68804665,60.04008746,33772063090.00000000,26355769250.00000000,False
033320,제이씨현시스템,KOSDAQ,유통,3135,-2.48833593,28.20699708,2.78688525,67.60204082,0.96618357,56.41399417,16.11111111,71.79300292,60.02551020,454927073.55000001,113699785.00000000,False
252990,샘씨엔에스,KOSDAQ,전기·전자,18750,-5.68410463,6.92419825,-6.25000000,6.23177843,37.26207906,95.26239067,72.65193370,96.53790087,59.97448980,14150393647.25000000,14575807315.00000000,False
031430,신세계인터내셔날,KOSPI,유통,10850,3.33333333,93.73177843,3.33333333,70.75437318,4.22670509,66.94606414,-12.14574899,12.82798834,59.94351312,542530566.75000000,906239215.00000000,False
267850,아시아나IDT,KOSPI,IT 서비스,9400,0.96670247,82.03352770,3.98230088,73.61516035,1.62162162,58.85568513,-1.57068063,30.39358601,59.90889213,116740540.75000000,64409380.00000000,False
044960,이글벳,KOSDAQ,유통,3190,1.10935024,83.41836735,2.73752013,67.12827988,0.15698587,51.34839650,5.98006645,54.40962099,59.90160350,107756570.34999999,1248518822.00000000,False
424960,스마트레이더시스템,KOSDAQ,의료·정밀기기,3930,0.25510204,73.61516035,3.14960630,69.89795918,0.00000000,49.05247813,8.56353591,59.47521866,59.84693878,54008915.55000000,59345130.00000000,False
228850,레이언스,KOSDAQ,의료·정밀기기,8140,-2.39808153,29.11807580,-2.51497006,17.63848397,14.97175141,84.40233236,39.86254296,89.39504373,59.84329446,594402308.25000000,179487155.00000000,False
092600,앤씨앤,KOSDAQ,전기·전자,2560,0.00000000,66.01676385,-8.57142857,3.73542274,30.61224490,93.51311953,17.70114943,73.54227405,59.83600583,1048162688.10000002,121963085.00000000,False
032620,GC메디아이,KOSDAQ,IT 서비스,3220,-0.92307692,46.24635569,1.25786164,55.66690962,3.87096774,65.92565598,9.15254237,60.56851312,59.80867347,113900147.15000001,108219021.00000000,False
007390,네이처셀,KOSDAQ,제약,24650,-0.80482897,48.14139942,1.02459016,53.49854227,2.92275574,63.41107872,13.33333333,67.89358601,59.80685131,4259181316.25000000,2745880100.00000000,False
043710,코스리거글로벌,KOSDAQ,유통,3275,3.96825397,94.75218659,6.50406504,82.72594752,0.92449923,56.15889213,-10.51912568,14.50437318,59.65743440,40950377.55000000,14153830.00000000,False
007340,DN오토모티브,KOSPI,전기·전자,48750,-1.91146881,34.18367347,-1.11561866,28.42565598,8.09312639,75.00000000,37.71186441,88.52040816,59.65014577,5705486670.00000000,4767256775.00000000,False
095500,미래나노텍,KOSDAQ,화학,6990,-3.18559557,22.04810496,7.04441041,84.36588921,2.04379562,60.56851312,0.57553957,39.50437318,59.64285714,461669184.50000000,620147780.00000000,False
002230,피에스텍,KOSDAQ,의료·정밀기기,5200,-0.57361377,51.76749271,0.77519380,51.23906706,2.97029703,63.53862974,13.53711790,68.29446064,59.62281341,186947552.15000001,155077230.00000000,False
456070,이엔셀,KOSDAQ,제약,6030,-1.95121951,33.40014577,4.50606586,75.58309038,8.64864865,76.09329446,-9.59520240,15.67055394,59.58637026,1598262554.50000000,397164160.00000000,False
054670,대한뉴팜,KOSDAQ,제약,5660,2.53623188,91.54518950,3.85321101,72.99562682,0.17699115,51.60349854,0.53285968,39.39504373,59.57361516,67981764.50000000,82001220.00000000,False
026890,스틱인베스트먼트,KOSPI,기타금융,8220,4.44726811,95.51749271,3.13676286,69.78862974,-1.32052821,40.30612245,11.68478261,64.75947522,59.56268222,309643482.75000000,533458920.00000000,False
000150,두산,KOSPI,전기·전자,1392000,-5.43478261,8.01749271,-0.42918455,35.20408163,21.89141856,89.54081633,9.77917981,61.73469388,59.52623907,130890105296.85000610,87333160000.00000000,False
004650,창해에탄올,KOSDAQ,음식료·담배,9480,1.28205128,84.74854227,2.70855905,66.83673469,0.85106383,55.61224490,1.82599356,43.73177843,59.51712828,102536318.00000000,269312165.00000000,False
189300,인텔리안테크,KOSDAQ,전기·전자,68500,-8.90957447,1.38483965,2.08643815,62.60932945,8.55784469,75.80174927,4.90045942,51.20262391,59.48250729,4473696022.50000000,8245916950.00000000,False
225220,제놀루션,KOSDAQ,제약,1456,-0.20562029,59.11078717,0.20646937,45.37172012,6.43274854,71.72011662,6.98016165,56.30466472,59.47157434,41135389.55000000,89648088.00000000,False
006110,삼아알미늄,KOSPI,금속,65800,-5.59540890,7.43440233,12.86449400,93.33090379,-4.22125182,27.55102041,94.38700148,98.50583090,59.46428571,10141237087.50000000,11904729200.00000000,False
396270,넥스트칩,KOSDAQ,전기·전자,2315,-5.31697342,8.52769679,0.21645022,45.48104956,13.20293399,82.58017493,8.68544601,59.62099125,59.45335277,1364396245.40000010,419643755.00000000,False
105760,포스뱅크,KOSDAQ,기계·장비,5140,-0.96339114,45.44460641,2.39043825,64.75947522,-0.77220077,42.93002915,45.81560284,91.50874636,59.44606414,93089458.20000000,45913525.00000000,False
056080,유진로봇,KOSDAQ,기계·장비,12320,-5.66615620,7.03352770,6.11541774,81.41399417,3.61648444,65.12390671,0.90090090,40.94387755,59.36588921,5446192248.00000000,4601254015.00000000,False
056730,CNT85,KOSDAQ,건설,1322,9.80066445,98.50583090,4.25867508,74.63556851,3.52388410,64.86880466,-24.11021814,5.72157434,59.33309038,29627230.75000000,180671166.00000000,False
321260,프로이천,KOSDAQ,전기·전자,1713,-4.14101847,14.39504373,3.62976407,71.95699708,3.88114008,65.99854227,4.13373860,49.38046647,59.30211370,238769681.59999999,167654497.00000000,False
050090,비케이홀딩스,KOSDAQ,일반서비스,696,0.00000000,66.01676385,40.32258065,99.63556851,-12.34256927,7.90816327,89.13043478,97.92274052,59.24016035,182418920.15000001,0.00000000,False
086960,MDS테크,KOSDAQ,IT 서비스,2350,-4.85829960,10.55029155,-1.26050420,27.11370262,18.09045226,86.44314869,20.88477366,77.25947522,59.21829446,3134062007.40000010,1387963319.00000000,False
040610,SGG,KOSDAQ,운송장비·부품,3220,0.00000000,66.01676385,2.38473768,64.65014577,1.89873418,59.65743440,3.04000000,46.61078717,59.18185131,61385425.10000000,47103280.00000000,False
452200,민테크,KOSDAQ,의료·정밀기기,1684,-0.35502959,55.97667638,0.23809524,45.80903790,5.38172716,69.67930029,8.71530019,59.65743440,59.14358601,93543053.00000000,99978273.00000000,False
002200,한국수출포장,KOSPI,종이·목재,2785,0.90579710,81.23177843,-0.17921147,37.90087464,2.20183486,61.18804665,19.78494624,75.83819242,59.13629738,116800288.30000000,84411685.00000000,False
215090,솔디펜스,KOSDAQ,의료·정밀기기,1420,-0.07037298,62.20845481,-3.40136054,13.73906706,12.25296443,81.26822157,25.99822538,81.37755102,59.12536443,144417986.40000001,213579250.00000000,False
417310,코람코더원리츠,KOSPI,부동산,2385,-0.20920502,59.03790087,1.48936170,58.09037901,0.63291139,54.55539359,14.66346154,69.78862974,59.11078717,260970510.94999999,215112351.00000000,False
120115,코오롱인더우,KOSPI,화학,25600,-0.58252427,51.67638484,1.38613861,57.01530612,2.19560878,61.09693878,9.87124464,61.88046647,59.08709913,124212360.00000000,48918450.00000000,False
014820,동원시스템즈,KOSPI,화학,21700,-1.58730159,37.40889213,3.57995227,71.79300292,0.00000000,49.05247813,14.69344609,69.82507289,58.86479592,499461411.25000000,299287200.00000000,False
003850,보령,KOSPI,제약,8790,1.85399768,88.66618076,6.54545455,82.87172012,-2.76548673,34.32944606,7.19512195,56.88775510,58.83746356,1009309301.50000000,1174866405.00000000,False
089230,THEEM,KOSDAQ,IT 서비스,2030,0.49504950,77.07725948,-0.49019608,34.40233236,0.99502488,56.57798834,43.56435644,90.67055394,58.79373178,549527075.79999995,2651613519.00000000,False
036640,HRS,KOSDAQ,화학,5040,0.59880240,78.24344023,0.19880716,45.26239067,2.96220633,63.48396501,8.73786408,59.73032070,58.74271137,136936188.90000001,311348255.00000000,False
007980,TP,KOSPI,섬유·의류,1785,0.39370079,75.61953353,0.73363431,50.80174927,3.17919075,64.03061224,5.06180106,51.56705539,58.72813411,340376949.50000000,819762877.00000000,False
000220,유유제약,KOSPI,제약,3830,1.18890357,84.25655977,3.51351351,71.31924198,-0.26041667,46.02769679,5.36451169,52.40524781,58.71355685,376108831.19999999,546646123.00000000,False
0120G0,삼양바이오팜,KOSPI,제약,49400,-2.94695481,24.27113703,7.97814208,86.47959184,-0.90270812,42.34693878,12.78538813,66.83673469,58.67711370,1648495416.25000000,2057376650.00000000,False
086060,진바이오텍,KOSDAQ,유통,4970,-0.10050251,61.88046647,0.91370558,52.22303207,2.15827338,60.89650146,9.95575221,61.98979592,58.61151603,60551400.75000000,67669875.00000000,False
073190,듀오백,KOSDAQ,기타제조,1622,0.00000000,66.01676385,0.00000000,41.41763848,0.00000000,49.05247813,144.64555053,99.70845481,58.58965015,0.00000000,0.00000000,False
363250,진시스템,KOSDAQ,의료·정밀기기,4180,0.11976048,70.62682216,-0.71258907,32.10641399,3.46534653,64.72303207,23.85185185,79.88338192,58.56049563,42493892.45000000,16116050.00000000,False
071320,지역난방공사,KOSPI,전기·가스,78800,-0.12674271,61.15160350,-0.25316456,36.88046647,4.23280423,67.01895044,16.91394659,72.84985423,58.55685131,952149645.00000000,679998000.00000000,False
457370,한켐,KOSDAQ,화학,10830,-5.82608696,6.41399417,-6.71834625,5.46647230,37.08860759,95.18950437,44.97991968,90.99854227,58.55685131,24518456846.75000000,3446541365.00000000,False
466410,사이냅소프트,KOSDAQ,IT 서비스,8880,-0.22471910,58.67346939,1.36986301,56.70553936,0.79455165,55.46647230,12.83354511,66.98250729,58.46209913,33752707.75000000,34396950.00000000,False
014915,성문전자우,KOSPI,전기·전자,4900,-2.00000000,32.94460641,1.03092784,53.58965015,5.26315789,69.31486880,6.87022901,56.08600583,58.31450437,3961656.25000000,9865.00000000,False
006090,사조오양,KOSPI,음식료·담배,9050,0.44395117,76.20262391,0.55555556,49.27113703,0.89186176,55.86734694,13.26658323,67.78425656,58.30539359,43168783.75000000,29221510.00000000,False
900340,윙입푸드,KOSDAQ,금융,1385,-3.55153203,19.49708455,12.32765612,92.89358601,-0.71684588,43.44023324,6.53846154,55.53935860,58.30174927,341252893.75000000,86976780.00000000,False
092200,디아이씨,KOSPI,운송장비·부품,5700,-3.38983051,20.48104956,4.77941176,76.60349854,-1.89328744,38.08309038,40.91470952,89.79591837,58.22157434,1182577751.25000000,1028777340.00000000,False
408920,메쎄이상,KOSDAQ,일반서비스,3070,2.33333333,90.77988338,5.86206897,80.72157434,-2.53968254,35.24052478,5.86206897,53.93586006,58.17784257,51779251.10000000,8758169.00000000,False
45226K,한화갤러리아우,KOSPI,유통,4415,0.00000000,66.01676385,-1.88888889,21.39212828,9.28217822,77.36880466,15.57591623,71.04591837,58.17602041,24422995.75000000,26589350.00000000,False
290270,휴네시온,KOSDAQ,IT 서비스,2860,-2.38907850,29.26384840,3.81125227,72.77696793,0.35087719,52.80612245,9.57854406,61.40670554,58.16326531,91755596.65000001,100956765.00000000,False
010580,에스엠벡셀,KOSPI,운송장비·부품,2175,-2.24719101,30.68513120,-11.58536585,2.15014577,28.01648028,92.20116618,36.10763454,87.82798834,58.15962099,12930075800.64999962,798562171.00000000,False
007210,벽산,KOSPI,비금속,1461,1.24740125,84.54810496,1.95394278,61.58892128,2.16783217,60.93294461,-0.34106412,34.14723032,58.13411079,79097329.34999999,144963080.00000000,False
452260,한화갤러리아,KOSPI,유통,2620,-0.19047619,59.40233236,-8.23117338,4.08163265,13.91304348,83.30903790,36.88610240,88.15597668,58.11953353,5554608006.25000000,2732232618.00000000,False
030000,제일기획,KOSPI,일반서비스,18900,1.39484979,85.86005831,5.76385003,80.24781341,-0.15847861,46.61078717,-0.42149631,33.81924198,58.06851312,8064725346.25000000,6752156300.00000000,False
376300,디어유,KOSDAQ,IT 서비스,18920,0.85287846,80.86734694,2.77023357,67.49271137,4.76190476,68.23979592,-13.01149425,12.17201166,58.06486880,1196809586.00000000,1533504855.00000000,False
468530,프로티나,KOSDAQ,일반서비스,42900,-16.69902913,0.10932945,-20.84870849,0.58309038,39.51219512,95.77259475,84.51612903,97.59475219,58.01384840,6454165152.50000000,13548893525.00000000,False
096760,JW홀딩스,KOSPI,기타금융,4300,1.29564193,84.83965015,-0.69284065,32.25218659,2.87081340,63.11953353,17.32605730,73.03206997,58.01384840,292744947.10000002,219649761.00000000,False
026960,동서,KOSPI,유통,26250,-1.50093809,38.66618076,2.33918129,64.32215743,3.14341847,63.95772595,2.94117647,46.30102041,58.00655977,1706233012.50000000,871517800.00000000,False
462510,라메디텍,KOSDAQ,의료·정밀기기,3510,-1.95530726,33.34548105,-13.01115242,1.60349854,31.70731707,93.76822157,28.33638026,83.30903790,57.98469388,507724919.05000001,187804297.00000000,False
054220,비츠로시스,KOSDAQ,전기·전자,1700,-1.04772992,44.64285714,0.17678256,45.11661808,3.28068044,64.35860058,15.64625850,71.17346939,57.97740525,193059069.69999999,67236014.00000000,False
188040,바이오포트,KOSDAQ,음식료·담배,5120,4.70347648,95.95481050,1.38613861,57.01530612,2.19560878,61.09693878,-0.38910506,33.96501458,57.93185131,27442978.05000000,36061955.00000000,False
084110,휴온스글로벌,KOSDAQ,제약,23800,2.58620690,91.80029155,8.42824601,87.48177843,0.00000000,49.05247813,-10.52631579,14.41326531,57.92820700,697552445.00000000,635506050.00000000,False
015890,태경산업,KOSPI,화학,4825,-0.30991736,56.81486880,3.09829060,69.46064140,0.52083333,53.71720117,4.32432432,49.59912536,57.92638484,74123352.90000001,126358630.00000000,False
451250,삐아,KOSDAQ,화학,7500,1.90217391,88.84839650,4.02219140,73.83381924,0.00000000,49.05247813,0.00000000,36.24271137,57.90451895,67774834.50000000,133979540.00000000,False
052300,오션인더블유,KOSDAQ,유통,1576,0.19071837,72.08454810,-0.50505051,34.25655977,5.06666667,68.91399417,11.29943503,64.24927114,57.90087464,382384059.80000001,51607995.00000000,False
040300,YTN,KOSDAQ,오락·문화,2250,-1.53172867,38.08309038,-1.09890110,28.55320700,12.50000000,81.55976676,11.38613861,64.39504373,57.87718659,1708989966.70000005,188700972.00000000,False
064850,에프앤가이드,KOSDAQ,IT 서비스,20600,1.22850123,84.40233236,-1.43540670,25.25510204,19.55890888,87.46355685,-0.24213075,34.36588921,57.87536443,729558796.00000000,1034563210.00000000,False
011300,우성머티리얼스,KOSPI,섬유·의류,2795,-0.53380783,52.44169096,-5.09337861,8.27259475,18.43220339,86.69825073,20.99567100,77.33236152,57.87172012,295996578.00000000,89252280.00000000,False
272550,삼양패키징,KOSPI,화학,9900,0.30395137,74.27113703,1.02040816,53.46209913,0.20242915,51.89504373,13.40206186,68.07580175,57.83892128,114306780.50000000,83016320.00000000,False
041650,상신브레이크,KOSPI,운송장비·부품,2220,1.13895216,83.63702624,1.60183066,59.07434402,0.68027211,55.02915452,3.73831776,48.36005831,57.76967930,15508979.90000000,16751909.00000000,False
246710,티앤알바이오팹,KOSDAQ,제약,2230,-1.97802198,33.12682216,3.96270396,73.46938776,0.90497738,55.97667638,4.44964871,50.07288630,57.75874636,247579855.65000001,100160025.00000000,False
052860,아이앤씨,KOSDAQ,전기·전자,7440,-3.12500000,22.63119534,-7.57763975,4.51895044,18.28298887,86.47959184,83.70370370,97.55830904,57.72230321,615824037.00000000,308604100.00000000,False
002800,신신제약,KOSDAQ,제약,4575,2.34899329,90.85276968,2.92463442,68.44023324,-0.75921909,43.00291545,6.02549247,54.51895044,57.72230321,102111290.45000000,397482937.00000000,False
338220,뷰노,KOSDAQ,IT 서비스,8180,-6.93970421,3.49854227,-1.68269231,23.39650146,55.80952381,98.17784257,6.51041667,55.39358601,57.71865889,3202470800.05000019,1606346525.00000000,False
052460,아이크래프트,KOSDAQ,IT 서비스,5940,-4.96000000,10.16763848,-7.18750000,4.81049563,21.47239264,89.24927114,85.62500000,97.77696793,57.71501458,1246089507.20000005,1037174620.00000000,False
143240,사람인,KOSDAQ,IT 서비스,17500,0.34403670,74.81778426,-0.22805017,37.24489796,3.30578512,64.43148688,12.46786632,66.43586006,57.71501458,174035808.50000000,100147620.00000000,False
0004V0,엔비알모션,KOSDAQ,금속,6130,-4.21875000,13.92128280,1.82724252,60.67784257,11.25226860,80.21137026,-1.60513644,30.10204082,57.70043732,1316437735.25000000,802330470.00000000,False
071200,인피니트헬스케어,KOSDAQ,IT 서비스,11420,-4.19463087,14.03061224,-4.43514644,9.76676385,17.97520661,86.33381924,56.43835616,94.02332362,57.67128280,2464090842.50000000,1432846035.00000000,False
067570,엔브이에이치코리아,KOSDAQ,운송장비·부품,1698,3.66300366,94.46064140,3.66300366,72.15743440,0.89126560,55.83090379,-5.61423013,21.10058309,57.64577259,90495495.55000000,78533334.00000000,False
038010,제일테크노스,KOSDAQ,금속,5500,-1.78571429,35.87827988,4.96183206,77.11370262,2.42085661,61.80758017,-1.25673250,30.90379009,57.62572886,67976380.00000000,27781150.00000000,False
011330,유니켐,KOSPI,운송장비·부품,4275,1.18343195,84.16545190,5.94795539,80.94023324,-4.57589286,25.87463557,16.80327869,72.77696793,57.60386297,476365747.89999998,388809537.00000000,False
016250,SGCEC,KOSDAQ,건설,12350,0.40650407,75.69241983,0.48820179,48.46938776,3.78151261,65.59766764,2.91666667,46.17346939,57.58381924,19983066.75000000,15387195.00000000,False
432320,KB스타리츠,KOSPI,부동산,1622,-0.36855037,55.75801749,-1.57766990,24.05247813,9.37289278,77.51457726,13.90449438,68.87755102,57.57288630,704190646.20000005,313685082.00000000,False
484120,도우인시스,KOSDAQ,전기·전자,23000,0.21786492,72.84985423,-5.15463918,8.12682216,6.97674419,73.01384840,52.31788079,93.18513120,57.56559767,1466808459.25000000,830168300.00000000,False
027050,코리아나,KOSDAQ,화학,1322,2.56012413,91.72740525,3.36200156,70.88192420,0.91603053,56.08600583,-4.20289855,23.46938776,57.56559767,309620899.30000001,145269425.00000000,False
014950,삼익제약,KOSDAQ,제약,8080,-3.34928230,20.79081633,-10.22222222,2.84256560,19.52662722,87.42711370,91.92399050,98.25072886,57.55284257,44520792339.50000000,7323560810.00000000,False
000157,두산2우B,KOSPI,전기·전자,372000,-3.75161708,17.41982507,0.26954178,46.35568513,12.21719457,81.19533528,3.19001387,47.01166181,57.52915452,135033975.00000000,137577500.00000000,False
0054V0,엔에이치스팩32호,KOSDAQ,금융,2025,1.25000000,84.58454810,2.53164557,65.77988338,0.74626866,55.21137026,0.00000000,36.24271137,57.52551020,14913131.75000000,9256624.00000000,False
192390,윈하이텍,KOSDAQ,금속,1879,0.26680896,73.72448980,0.05324814,43.91399417,5.62113547,70.22594752,2.06409560,44.42419825,57.52186589,48993544.05000000,16898990.00000000,False
004360,세방,KOSPI,운송·창고,13490,1.04868914,82.83527697,1.50489090,58.23615160,0.59656972,54.19096210,4.57364341,50.36443149,57.50364431,191954915.50000000,344661520.00000000,False
140070,서플러스글로벌,KOSDAQ,유통,2225,-4.09482759,14.83236152,-1.76600442,22.48542274,10.14851485,78.75364431,38.62928349,88.84839650,57.50000000,144900525.84999999,139996325.00000000,False
212560,네오오토,KOSDAQ,운송장비·부품,10360,-6.07434270,5.61224490,2.16962525,63.37463557,13.34792123,82.65306122,-3.98517146,24.08892128,57.45262391,4185388482.50000000,1072470835.00000000,False
040910,아이씨디,KOSDAQ,기계·장비,4260,1.79211470,88.08309038,3.77588307,72.55830904,-3.40136054,31.45043732,15.76086957,71.31924198,57.41982507,33448281.75000000,27641435.00000000,False
440110,파두,KOSDAQ,전기·전자,81900,-5.86206897,6.26822157,-2.96208531,15.08746356,21.69390788,89.39504373,26.58423493,82.03352770,57.31778426,46009923862.50000000,37947007150.00000000,False
0007C0,아크릴,KOSDAQ,IT 서비스,18320,-5.22503880,8.89212828,-0.97297297,30.02915452,11.70731707,80.57580175,19.66035271,75.65597668,57.25947522,6203113685.00000000,1671617530.00000000,False
003465,유화증권우,KOSPI,증권,3155,0.00000000,66.01676385,6.76818951,83.63702624,-2.01863354,37.46355685,5.51839465,52.80612245,57.23943149,1116126.00000000,112175.00000000,False
365550,ESR켄달스퀘어리츠,KOSPI,부동산,3175,0.47468354,76.71282799,2.75080906,67.34693878,2.91734198,63.30174927,-6.61764706,19.86151603,57.16836735,725864862.95000005,390524270.00000000,False
000590,CS홀딩스,KOSPI,기타금융,70800,-0.14104372,60.75072886,0.56818182,49.38046647,5.82959641,70.66326531,0.71123755,40.05102041,57.16472303,37605542.50000000,28490000.00000000,False
226400,오스테오닉,KOSDAQ,의료·정밀기기,4205,-0.23724792,58.23615160,6.45569620,82.61661808,0.59808612,54.22740525,-3.88571429,24.30758017,57.16107872,426453971.64999998,250647430.00000000,False
046120,오르비텍,KOSDAQ,일반서비스,5140,-5.51470588,7.68950437,-0.77220077,31.45043732,18.84393064,87.02623907,9.24548353,60.71428571,57.15743440,8961168612.29999924,3155339450.00000000,False
362990,드림인사이트,KOSDAQ,일반서비스,1229,3.01760268,93.18513120,1.90713101,61.37026239,1.23558484,57.50728863,-0.88709677,32.06997085,57.14650146,27163144.25000000,33646642.00000000,False
102460,이연제약,KOSPI,제약,10120,0.69651741,79.55539359,1.20000000,55.30247813,1.50451354,58.45481050,2.84552846,46.06413994,57.14103499,213122875.50000000,449396215.00000000,False
033780,KTG,KOSPI,음식료·담배,178700,1.36131594,85.53206997,1.47643384,57.83527697,3.59420290,65.01457726,-3.03852415,26.05685131,57.12099125,38402724896.80000305,32222600250.00000000,False
032680,소프트센,KOSDAQ,IT 서비스,999,-0.39880359,55.17492711,-2.15475024,19.64285714,8.23401950,75.25510204,21.53284672,77.87900875,57.08819242,86697328.59999999,26204915.00000000,False
109960,앱토크롬,KOSDAQ,유통,1875,0.42849491,75.94752187,0.59012876,49.56268222,0.91496233,56.04956268,9.32944606,60.96938776,57.07725948,5627782.55000000,1240567.00000000,False
028100,동아지질,KOSPI,건설,19510,-1.56407669,37.71865889,-1.36501517,25.83819242,10.10158014,78.64431487,15.17119244,70.48104956,57.07725948,2497277940.75000000,337850635.00000000,False
0010V0,제이피아이헬스케어,KOSDAQ,의료·정밀기기,8820,-2.21729490,30.86734694,1.03092784,53.58965015,0.80000000,55.53935860,22.33009709,78.46209913,57.07179300,34157814.75000000,78556230.00000000,False
025320,시노펙스,KOSDAQ,전기·전자,3965,-1.49068323,38.84839650,3.93184797,73.39650146,2.85343709,63.01020408,-1.85643564,29.40962099,56.98979592,1134486579.15000010,765175577.00000000,False
413390,엠오티,KOSDAQ,기계·장비,6730,-1.60818713,37.24489796,8.02568218,86.58892128,-3.99429387,28.71720117,22.58652095,78.68075802,56.92419825,100155007.75000000,84501630.00000000,False
486990,노타,KOSDAQ,IT 서비스,20200,-3.57995227,19.09620991,-0.73710074,31.74198251,11.97339246,80.86734694,12.03549639,65.56122449,56.89139942,8163546895.50000000,3516090625.00000000,False
462310,뉴키즈온,KOSDAQ,섬유·의류,3890,-0.25641026,57.65306122,0.00000000,41.41763848,1.17035111,57.17930029,22.90679305,79.00874636,56.86406706,37347069.80000000,66266550.00000000,False
066130,하츠,KOSDAQ,전기·전자,3485,-0.14326648,60.67784257,1.60349854,59.14723032,1.01449275,56.70553936,4.96987952,51.34839650,56.76384840,39270603.55000000,50020027.00000000,False
00806K,대덕1우,KOSPI,기타금융,10950,-1.44014401,39.35860058,3.30188679,70.62682216,1.76579926,59.22011662,0.64338235,39.75947522,56.76384840,31901391.25000000,19510540.00000000,False
052790,액토즈소프트,KOSDAQ,IT 서비스,4705,-2.48704663,28.24344023,-1.05152471,28.97230321,15.17747858,84.51166181,7.29760547,57.10641399,56.74198251,422711787.64999998,191470600.00000000,False
000990,DB하이텍,KOSPI,전기·전자,133300,-5.52799433,7.58017493,-6.06060606,6.63265306,48.27586207,97.33965015,19.23076923,75.18221574,56.72011662,93332593850.64999390,75950449390.00000000,False
215360,우리산업,KOSDAQ,운송장비·부품,6500,-2.40240240,29.08163265,5.17799353,78.17055394,0.46367852,53.35276968,2.36220472,45.00728863,56.70189504,55108553.50000000,69494420.00000000,False
058860,KTis,KOSPI,IT 서비스,2620,0.19120459,72.13921283,1.35396518,56.55976676,1.35396518,57.83527697,3.14960630,46.86588921,56.68913994,867895096.85000002,204817533.00000000,False
347770,핌스,KOSDAQ,전기·전자,934,2.30010953,90.63411079,7.35632184,84.94897959,-0.42643923,45.15306122,-6.50650651,20.08017493,56.62536443,46526073.50000000,68441206.00000000,False
000545,흥국화재우,KOSPI,보험,5760,0.34843206,74.89067055,2.85714286,67.96647230,-0.68965517,43.58600583,7.06319703,56.55976676,56.62536443,1284978.00000000,413780.00000000,False
072990,에이치시티,KOSDAQ,일반서비스,3170,1.27795527,84.69387755,0.63492063,50.00000000,2.25806452,61.44314869,1.44000000,42.67492711,56.58163265,300232003.44999999,38786565.00000000,False
093520,매커스,KOSDAQ,유통,28250,-3.91156463,15.99854227,-2.07972270,20.04373178,7.82442748,74.41690962,69.16167665,95.84548105,56.54883382,487151811.25000000,510748350.00000000,False
047080,한빛소프트,KOSDAQ,IT 서비스,1081,-1.63785259,36.98979592,2.56166983,66.03498542,0.55813953,53.97230321,7.34856008,57.17930029,56.53425656,54156485.40000000,26937454.00000000,False
017650,대림제지,KOSDAQ,종이·목재,10800,0.00000000,66.01676385,0.00000000,41.41763848,0.93457944,56.23177843,18.94273128,74.92711370,56.50510204,68877227.00000000,0.00000000,False
094860,네오리진,KOSDAQ,IT 서비스,1577,-1.31414268,40.77988338,-0.56746532,33.49125364,8.01369863,74.74489796,10.20265549,62.35422741,56.49416910,169994978.50000000,144317365.00000000,False
075130,플랜티넷,KOSDAQ,IT 서비스,2140,-0.23310023,58.38192420,0.00000000,41.41763848,2.39234450,61.73469388,13.22751323,67.67492711,56.49234694,56009940.20000000,21297970.00000000,False
278280,천보,KOSDAQ,화학,38600,-2.89308176,24.48979592,9.50354610,89.21282799,-2.77078086,34.29300292,13.03074671,67.41982507,56.41399417,992990103.75000000,664290325.00000000,False
217500,러셀,KOSDAQ,기계·장비,1571,-4.14887126,14.32215743,5.43624161,79.30029155,-0.82070707,42.56559767,15.42983101,70.80903790,56.41034985,88467439.55000000,145263940.00000000,False
336570,원텍,KOSDAQ,의료·정밀기기,5080,-1.93050193,33.83746356,5.06721820,77.62390671,3.56778797,64.94169096,-7.29927007,18.76822157,56.40123907,1934089768.59999990,1970906365.00000000,False
0126Z0,삼성에피스홀딩스,KOSPI,기타금융,363000,-2.68096515,26.23906706,6.92194404,84.00145773,1.96629213,59.98542274,-4.59921156,22.74052478,56.36661808,12077775400.00000000,9726491250.00000000,False
078000,텔코웨어,KOSPI,IT 서비스,13550,-0.29433407,57.21574344,1.57421289,58.78279883,1.42215569,58.19970845,3.83141762,48.57871720,56.35204082,25069620.00000000,6706735.00000000,False
249420,일동제약,KOSPI,제약,14910,0.33647376,74.74489796,7.88712012,86.26093294,-0.79840319,42.67492711,-1.84331797,29.57361516,56.33746356,3466592301.50000000,3189505085.00000000,False
053580,웹케시,KOSDAQ,IT 서비스,7190,-0.13888889,60.78717201,1.55367232,58.56413994,-0.55325035,44.24198251,18.84297521,74.74489796,56.29373178,67791852.25000000,65731180.00000000,False
015710,코콤,KOSDAQ,전기·전자,2950,1.02739726,82.61661808,0.00000000,41.41763848,1.20068611,57.28862974,10.90225564,63.41107872,56.28462099,22815218.25000000,27824380.00000000,False
263920,휴엠앤씨,KOSDAQ,기타제조,3250,4.83870968,96.06413994,3.83386581,72.88629738,1.08864697,56.92419825,-15.58441558,10.20408163,56.28279883,6426023.40000000,14592679.00000000,False
373160,데이원컴퍼니,KOSDAQ,일반서비스,3300,1.85185185,88.59329446,-3.08370044,14.90524781,10.00000000,78.42565598,7.49185668,57.43440233,56.18804665,18499669.30000000,10704095.00000000,False
085660,차바이오텍,KOSDAQ,제약,8560,-1.49597238,38.77551020,3.63196126,72.08454810,5.80964153,70.62682216,-13.36032389,11.80758017,56.11516035,1507842994.25000000,1287192235.00000000,False
318010,팜스빌,KOSDAQ,음식료·담배,3650,0.55096419,77.73323615,3.98860399,73.65160350,-2.40641711,35.89650146,8.30860534,59.07434402,56.04227405,8260751.00000000,9831060.00000000,False
086670,비엠티,KOSDAQ,기계·장비,18890,-3.72069317,17.63848397,-3.27700973,14.28571429,12.57449344,81.66909621,33.02816901,86.58892128,56.03498542,948800108.50000000,751327840.00000000,False
009180,한솔로지스틱스,KOSPI,운송·창고,2815,0.00000000,66.01676385,1.44144144,57.54373178,0.53571429,53.82653061,5.62851782,53.17055394,56.02951895,54493246.85000000,27038772.00000000,False
066700,테라젠이텍스,KOSDAQ,제약,2270,-1.51843818,38.41107872,-0.87336245,30.75801749,7.07547170,73.21428571,13.50000000,68.22157434,55.99854227,117296639.50000000,95797935.00000000,False
051910,LG화학,KOSPI,화학,274500,-1.25899281,41.61807580,8.71287129,87.93731778,-2.65957447,34.65743440,7.64705882,57.65306122,55.93658892,51016246650.00000000,47799962250.00000000,False
014470,부방,KOSDAQ,부동산,1054,-1.40318054,39.94169096,0.19011407,45.22594752,4.77137177,68.29446064,6.46464646,55.28425656,55.93658892,73120866.84999999,89531798.00000000,False
002620,제일파마홀딩스,KOSPI,일반서비스,7630,-0.65104167,50.72886297,2.27882038,63.88483965,-0.78023407,42.82069971,16.48854962,72.41253644,55.84912536,15362388.00000000,62113820.00000000,False
200710,에이디테크놀로지,KOSDAQ,전기·전자,28200,-6.00000000,5.86734694,1.25673250,55.61224490,21.03004292,88.84839650,-10.04784689,15.05102041,55.81997085,2486685353.75000000,2556690050.00000000,False
059120,아진엑스텍,KOSDAQ,전기·전자,7420,-8.05452292,2.40524781,-0.53619303,34.00145773,3.92156863,66.14431487,58.54700855,94.60641399,55.81997085,3938229198.00000000,3598586085.00000000,False
021240,코웨이,KOSPI,일반서비스,101100,0.79760718,80.50291545,-0.09881423,38.77551020,1.71026157,59.03790087,10.25081788,62.53644315,55.80539359,20157963740.15000153,11915656250.00000000,False
031310,아이즈비전,KOSDAQ,통신,994,-0.79840319,48.25072886,4.96304118,77.15014577,-2.35756385,36.11516035,12.82633371,66.94606414,55.80539359,48145818.90000000,55709061.00000000,False
014280,금강공업,KOSPI,금속,4595,0.21810251,72.88629738,-3.05907173,15.05102041,8.37264151,75.54664723,13.87856258,68.73177843,55.76895044,4563431837.94999981,856759050.00000000,False
0129K0,신한제18호스팩,KOSDAQ,금융,1991,1.01471334,82.54373178,1.37474542,56.85131195,0.96348884,56.37755102,0.55555556,39.43148688,55.74708455,20262401.50000000,1698869.00000000,False
160980,싸이맥스,KOSDAQ,기계·장비,27200,-7.00854701,3.38921283,0.92764378,52.53279883,16.98924731,85.60495627,-2.68336315,27.00437318,55.74161808,3204146666.25000000,4200048225.00000000,False
452160,제이엔비,KOSDAQ,기계·장비,3140,-0.31746032,56.63265306,3.11986864,69.69752187,0.15948963,51.40306122,1.45395800,42.71137026,55.67602041,27015506.80000000,24786310.00000000,False
117730,티로보틱스,KOSDAQ,기계·장비,14640,-3.93700787,15.81632653,-2.33488993,18.54956268,11.33079848,80.32069971,26.20689655,81.66909621,55.60860058,1920368460.75000000,1069705280.00000000,False
005010,휴스틸,KOSPI,금속,3930,-3.55828221,19.42419825,1.94552529,61.53425656,2.61096606,62.35422741,4.93991989,51.27551020,55.59948980,3101362926.50000000,1038504000.00000000,False
330590,롯데리츠,KOSPI,부동산,4110,-0.12150668,61.33381924,-1.08303249,28.68075802,4.71337580,68.07580175,13.37931034,68.03935860,55.57580175,599277372.45000005,477214510.00000000,False
454910,두산로보틱스,KOSPI,기계·장비,71400,-5.68031704,6.96064140,3.77906977,72.63119534,4.38596491,67.41982507,-1.51724138,30.57580175,55.56851312,20796083690.00000000,24135852750.00000000,False
307930,컴퍼니케이,KOSDAQ,금융,6390,-2.73972603,25.94752187,-0.46728972,34.65743440,6.67779633,72.30320700,13.49911190,68.18513120,55.55029155,338927971.75000000,298086575.00000000,False
274090,켄코아에어로스페이스,KOSDAQ,운송장비·부품,12180,-11.09489051,0.43731778,-5.06625097,8.38192420,26.87500000,91.83673469,25.95656670,81.26822157,55.54664723,19086129024.75000000,62742095625.00000000,False
108860,셀바스AI,KOSDAQ,IT 서비스,9070,-4.72689076,11.33381924,3.18543800,70.04373178,-1.30576714,40.47011662,32.21574344,85.96938776,55.52842566,1881604786.00000000,1997476390.00000000,False
328130,루닛,KOSDAQ,IT 서비스,11160,0.08968610,70.18950437,-5.58375635,7.36151603,24.00000000,90.70699708,4.39663237,49.92711370,55.49562682,9342144999.75000000,6393853435.00000000,False
035510,신세계IC,KOSPI,IT 서비스,15080,-4.13223140,14.54081633,-1.30890052,26.49416910,8.80230880,76.42128280,21.02728732,77.36880466,55.44460641,3443521204.50000000,1086288900.00000000,False
122640,예스티,KOSDAQ,기계·장비,31700,-6.76470588,3.93586006,-3.35365854,13.88483965,16.75874770,85.53206997,28.34008097,83.34548105,55.44096210,11546337453.75000000,11398645075.00000000,False
306200,세아제강,KOSPI,금속,147300,-4.53661698,12.09912536,0.54607509,49.16180758,1.79682101,59.32944606,22.13930348,78.27988338,55.34620991,1991585360.00000000,975036700.00000000,False
119850,지엔씨에너지,KOSDAQ,전기·전자,51000,-4.13533835,14.48615160,-9.09090909,3.44387755,13.58574610,82.94460641,93.91634981,98.39650146,55.33892128,34184933285.00000000,20952036100.00000000,False
016380,KG스틸,KOSPI,금속,5660,-1.04895105,44.58819242,0.89126560,51.96793003,1.25223614,57.58017493,9.47775629,61.22448980,55.32616618,1435158448.50000000,1459402195.00000000,False
432470,케이엔에스,KOSDAQ,기계·장비,10100,-4.71698113,11.37026239,-0.29615005,36.40670554,2.43407708,61.84402332,49.62962963,92.56559767,55.30976676,3198041526.25000000,382037145.00000000,False
124560,태웅로직스,KOSDAQ,운송·창고,1989,0.96446701,81.92419825,1.63515585,59.47521866,-0.55000000,44.27842566,7.68814293,57.72594752,55.29154519,45472967.95000000,20758225.00000000,False
011200,HMM,KOSPI,운송·창고,21250,-0.93240093,46.13702624,1.43198091,57.50728863,0.95011876,56.30466472,5.98503741,54.44606414,55.27696793,15838360849.50000000,11756057175.00000000,False
037400,우리엔터프라이즈,KOSDAQ,유통,3335,0.30075188,74.12536443,-0.59612519,33.27259475,5.53797468,70.11661808,4.05616225,49.16180758,55.27332362,102019395.95000000,31795555.00000000,False
288180,케이피항공산업,KOSDAQ,운송장비·부품,7610,-1.29701686,41.14431487,2.56064690,65.99854227,7.18309859,73.46938776,-16.18942731,9.76676385,55.25510204,327238114.00000000,144760230.00000000,False
067280,멀티캠퍼스,KOSDAQ,일반서비스,25900,-1.14503817,43.03935860,-1.14503817,28.06122449,8.14196242,75.07288630,10.21276596,62.39067055,55.22959184,247229835.00000000,173966725.00000000,False
376180,피코그램,KOSDAQ,기타제조,1447,-6.22164614,5.32069971,3.65329513,72.12099125,2.69694819,62.60932945,0.69589422,39.94169096,55.20043732,46309402.10000000,37524880.00000000,False
330860,네패스아크,KOSDAQ,일반서비스,31400,-7.51104566,2.84256560,-0.94637224,30.21137026,32.76955603,94.02332362,0.96463023,41.18075802,55.19314869,6730370496.25000000,11335791650.00000000,False
332570,PS일렉트로닉스,KOSDAQ,전기·전자,8640,-7.39549839,2.98833819,-4.21286031,10.60495627,13.38582677,82.72594752,52.11267606,93.07580175,55.18586006,21694788520.50000000,11969536690.00000000,False
000230,일동홀딩스,KOSPI,제약,6260,-0.94936709,45.84548105,5.38720539,79.04518950,-0.63492063,43.98688047,2.96052632,46.35568513,55.16399417,68586054.00000000,81883890.00000000,False
309960,LB인베스트먼트,KOSDAQ,금융,4320,-0.11560694,61.47959184,0.93457944,52.62390671,2.00708383,60.34985423,2.49110320,45.40816327,55.15670554,176887123.50000000,129374640.00000000,False
064820,케이프,KOSDAQ,운송장비·부품,7780,-1.51898734,38.37463557,3.32005312,70.66326531,3.45744681,64.68658892,-5.58252427,21.13702624,55.13848397,270342258.00000000,170831755.00000000,False
094970,제이엠티,KOSDAQ,전기·전자,2755,-2.65017668,26.74927114,2.99065421,68.95043732,1.10091743,56.96064140,2.22634508,44.75218659,55.09475219,181674166.80000001,130971200.00000000,False
012620,원일특강,KOSDAQ,금속,7260,-0.41152263,54.99271137,0.13793103,44.56997085,3.27169275,64.24927114,5.37010160,52.44169096,55.05830904,29070562.50000000,21632970.00000000,False
293480,하나제약,KOSPI,제약,8520,0.59031877,78.06122449,3.27272727,70.44460641,0.00000000,49.05247813,-0.81490105,32.36151603,55.03279883,116477913.50000000,87281110.00000000,False
187660,페니트리움바이오,KOSDAQ,일반서비스,6680,-3.18840580,22.01166181,-10.81441923,2.40524781,14.18803419,83.74635569,51.81818182,92.96647230,55.01457726,18207220766.25000000,4072049360.00000000,False
058970,엠로,KOSDAQ,IT 서비스,16500,-4.18118467,14.10349854,1.41364474,57.32507289,2.29386237,61.51603499,8.26771654,58.92857143,55.00000000,330367764.50000000,315682770.00000000,False
0011A0,액스비스,KOSDAQ,전기·전자,11000,-9.31574608,1.20262391,-5.66037736,7.32507289,32.21153846,93.95043732,19.56521739,75.36443149,54.97084548,17629998443.25000000,2064400940.00000000,False
302440,SK바이오사이언스,KOSPI,제약,37750,0.00000000,66.01676385,5.29986053,78.60787172,-0.39577836,45.29883382,-0.52700922,33.30903790,54.96537901,2304509380.00000000,3130653100.00000000,False
200670,휴메딕스,KOSDAQ,제약,26000,-0.57361377,51.76749271,4.00000000,73.70626822,0.58027079,54.11807580,-1.70132325,29.77405248,54.89067055,689789940.00000000,412875200.00000000,False
262840,아이퀘스트,KOSDAQ,IT 서비스,2885,-0.17301038,60.02186589,0.00000000,41.41763848,5.67765568,70.37172012,1.05078809,41.47230321,54.87062682,59158556.10000000,74515560.00000000,False
451800,한화리츠,KOSPI,부동산,5340,-0.18691589,59.58454810,0.56497175,49.34402332,0.56497175,54.04518950,10.21671827,62.42711370,54.86516035,384729415.75000000,228471770.00000000,False
197140,디지캡,KOSDAQ,IT 서비스,2395,2.78969957,92.34693878,1.48305085,57.98104956,-2.24489796,36.66180758,13.23877069,67.74781341,54.84329446,38208129.85000000,30345570.00000000,False
068930,디지털대성,KOSDAQ,일반서비스,9230,0.10845987,70.40816327,-6.10376399,6.48688047,6.95249131,72.95918367,27.83933518,83.01749271,54.77405248,896562832.50000000,270488450.00000000,False
381620,제닉스로보틱스,KOSDAQ,기계·장비,6000,-4.91283677,10.31341108,1.86757216,61.04227405,0.33444816,52.66034985,15.83011583,71.46501458,54.70116618,269188997.25000000,276344145.00000000,False
365270,큐라클,KOSDAQ,일반서비스,10140,-0.78277886,48.43294461,2.94416244,68.51311953,0.89552239,55.90379009,-0.09852217,34.69387755,54.69752187,482599396.75000000,299010130.00000000,False
489480,키움제11호스팩,KOSDAQ,금융,2200,0.00000000,66.01676385,0.00000000,41.41763848,1.85185185,59.51166181,8.37438424,59.18367347,54.66836735,15354501.25000000,0.00000000,False
336260,두산퓨얼셀,KOSPI,전기·전자,45200,-5.43933054,7.94460641,1.45903479,57.76239067,3.07867731,63.92128280,5.97889801,54.37317784,54.56632653,50828622438.75000000,21876055250.00000000,False
0105P0,유진스팩12호,KOSDAQ,금융,2005,1.31379485,84.98542274,1.67342799,59.65743440,0.25000000,52.29591837,0.00000000,36.24271137,54.56268222,13531401.70000000,505447.00000000,False
33637K,솔루스첨단소재1우,KOSPI,전기·전자,1542,-3.74531835,17.52915452,2.52659574,65.74344023,6.71280277,72.41253644,-6.14729154,20.48104956,54.53717201,17868365.10000000,5386069.00000000,False
044490,태웅,KOSDAQ,금속,36150,-5.24246396,8.83746356,-3.85638298,11.51603499,11.57407407,80.43002915,41.21093750,89.90524781,54.49161808,9546232465.00000000,3874919400.00000000,False
051630,진양화학,KOSPI,화학,1686,19.32059448,99.48979592,-7.10743802,4.95626822,17.32776618,85.89650146,1.68878166,43.44023324,54.48250729,1182771467.95000005,3419842849.00000000,False
049550,잉크테크,KOSDAQ,화학,3465,1.91176471,88.95772595,0.14450867,44.60641399,-0.14409222,46.72011662,13.05057096,67.52915452,54.47157434,21177484.75000000,49830480.00000000,False
129890,앱코,KOSDAQ,전기·전자,970,2.21285564,90.23323615,4.07725322,74.08892128,-4.33925049,26.93148688,10.10215664,62.17201166,54.45699708,78719890.84999999,73646562.00000000,False
009450,경동나비엔,KOSPI,전기·전자,61700,0.65252855,78.93586006,1.48026316,57.90816327,1.14754098,57.10641399,-0.96308186,31.66909621,54.44241983,1646325777.50000000,1349943950.00000000,False
004410,서울식품,KOSPI,음식료·담배,1226,0.40950041,75.72886297,0.65681445,50.21865889,-1.20870266,40.88921283,20.78817734,77.18658892,54.43148688,133926119.20000000,156518256.00000000,False
194700,노바렉스,KOSDAQ,음식료·담배,10630,0.09416196,70.22594752,4.21568627,74.56268222,1.52817574,58.49125364,-19.46969697,8.19970845,54.42784257,457678352.75000000,498289610.00000000,False
095340,ISC,KOSDAQ,유통,200500,-3.60576923,18.76822157,-4.75059382,9.00145773,10.16483516,78.82653061,45.92430859,91.54518950,54.41690962,32710438512.50000000,32327074250.00000000,False
351870,차이커뮤니케이션,KOSDAQ,일반서비스,2395,-6.44531250,4.81049563,0.20920502,45.44460641,1.91489362,59.76676385,26.45195354,81.88775510,54.39868805,46151172.25000000,103785577.00000000,False
040160,누리플렉스,KOSDAQ,IT 서비스,6500,4.33386838,95.29883382,4.00000000,73.70626822,-4.55212922,25.94752187,9.79729730,61.77113703,54.37500000,106075934.25000000,69172230.00000000,False
131220,대한과학,KOSDAQ,유통,3725,-0.66666667,50.52842566,4.34173669,74.92711370,-0.66666667,43.73177843,3.04287690,46.64723032,54.35313411,20764655.95000000,26087947.00000000,False
217330,싸이토젠,KOSDAQ,일반서비스,3095,-1.90174326,34.29300292,0.97879282,53.17055394,2.65339967,62.50000000,4.38448567,49.85422741,54.35131195,181451663.94999999,132634619.00000000,False
0101C0,하나36호스팩,KOSDAQ,금융,1990,0.55583628,77.80612245,1.73824131,60.20408163,0.60667341,54.33673469,-0.50000000,33.41836735,54.26020408,9232623.85000000,29006859.00000000,False
004490,세방전지,KOSPI,전기·전자,62700,-2.63975155,26.82215743,4.50000000,75.54664723,-2.63975155,34.73032070,18.75000000,74.67201166,54.17274052,4595920217.50000000,2165776400.00000000,False
066970,엘앤에프,KOSPI,전기·전자,117100,-5.94377510,5.97667638,6.26134301,81.88775510,-3.46248969,31.12244898,27.55991285,82.79883382,54.17274052,60325052757.50000000,51394752250.00000000,False
042600,새로닉스,KOSDAQ,전기·전자,11900,-1.40845070,39.77769679,1.62254483,59.36588921,-1.65289256,39.17638484,28.50971922,83.45481050,54.14905248,250658159.00000000,259052180.00000000,False
035000,HS애드,KOSPI,일반서비스,6390,3.39805825,93.87755102,5.61983471,79.73760933,-2.88753799,33.85568513,0.00000000,36.24271137,54.09985423,1128685682.75000000,825834760.00000000,False
008730,율촌화학,KOSPI,화학,15640,-1.82046453,35.27696793,7.56533700,85.49562682,-3.81303813,29.40962099,12.11469534,65.77988338,54.09620991,781889782.50000000,806233770.00000000,False
205500,넥써쓰,KOSDAQ,IT 서비스,1763,-1.06621773,44.42419825,2.50000000,65.61588921,-2.21852468,36.77113703,19.68771215,75.72886297,53.98141399,275888867.05000001,235841363.00000000,False
256630,포인트엔지니어링,KOSDAQ,금속,4360,1.51338766,86.58892128,0.22988506,45.62682216,0.46082949,53.31632653,5.06024096,51.53061224,53.97959184,12898442.30000000,71176550.00000000,False
0011T0,채비,KOSDAQ,전기·전자,5350,-3.07971014,23.14139942,0.00000000,41.41763848,17.45334797,86.00583090,-3.94973070,24.16180758,53.97412536,1467666686.70000005,669665115.00000000,False
204620,글로벌텍스프리,KOSDAQ,금융,5740,4.55373406,95.77259475,-4.96688742,8.52769679,6.49350649,71.90233236,11.89083821,65.34256560,53.96501458,3897875377.00000000,5135433670.00000000,False
0134X0,대신밸런스제20호스팩,KOSDAQ,금융,1985,0.71029934,79.70116618,1.12073357,54.19096210,0.60821085,54.37317784,0.65922921,39.86880466,53.95043732,25345406.85000000,17836743.00000000,False
214330,금호에이치티,KOSPI,운송장비·부품,6930,-1.84135977,34.98542274,0.58055152,49.52623907,17.25888325,85.86005831,-23.25581395,6.08600583,53.91763848,814455001.75000000,100610580.00000000,False
230240,에치에프알,KOSDAQ,전기·전자,13830,-4.62068966,11.66180758,1.09649123,54.00874636,15.82914573,85.02186589,-12.46835443,12.64577259,53.90670554,2583016898.75000000,1735741570.00000000,False
391710,코닉오토메이션,KOSDAQ,기계·장비,1249,-3.55212355,19.46064140,-1.73092054,22.66763848,10.33568905,79.00874636,13.03167421,67.45626822,53.84110787,1123577628.65000010,142600962.00000000,False
033830,티비씨,KOSDAQ,오락·문화,1703,0.35356511,75.03644315,0.17647059,45.08017493,1.06824926,56.81486880,4.54266421,50.21865889,53.79737609,18767546.50000000,4336154.00000000,False
457600,벡트,KOSDAQ,전기·전자,4175,1.70523752,87.57288630,5.96446701,80.97667638,-17.16269841,4.30029155,60.57692308,94.97084548,53.76457726,441710499.50000000,236332010.00000000,False
000240,한국앤컴퍼니,KOSPI,기타금융,25200,-0.39525692,55.24781341,1.40845070,57.27040816,2.64765784,62.42711370,-1.56250000,30.43002915,53.76275510,1550243391.65000010,890611350.00000000,False
075970,동국알앤에스,KOSDAQ,비금속,1664,-0.47846890,53.38921283,1.77370031,60.45918367,2.02329859,60.42274052,-1.53846154,30.52113703,53.75000000,29621752.40000000,5736553.00000000,False
148250,알엔투테크놀로지,KOSDAQ,전기·전자,2010,-1.47058824,39.04883382,0.24937656,46.17346939,13.43115124,82.83527697,-10.66666667,14.21282799,53.73360058,118505539.15000001,45187943.00000000,False
048830,엔피케이,KOSDAQ,화학,1045,2.25048924,90.45189504,-1.13528855,28.24344023,0.67437380,54.95626822,15.59734513,71.10058309,53.72084548,102616102.70000000,52333954.00000000,False
0010F0,보원케미칼,KOSDAQ,화학,2760,-5.96252129,5.94023324,-13.07086614,1.56705539,28.67132867,92.56559767,21.58590308,77.95189504,53.68075802,5616858922.35000038,836847556.00000000,False
117580,대성에너지,KOSPI,전기·가스,7100,0.70921986,79.66472303,0.00000000,41.41763848,2.01149425,60.38629738,2.60115607,45.55393586,53.65706997,3126079070.75000000,498742235.00000000,False
030210,다올투자증권,KOSPI,증권,3925,0.00000000,66.01676385,0.25542784,46.20991254,-0.12722646,46.86588921,16.29629630,72.12099125,53.63520408,276212372.10000002,430765770.00000000,False
403850,더핑크퐁컴퍼니,KOSDAQ,오락·문화,12640,1.85334408,88.62973761,0.47694754,48.25072886,-2.16718266,36.91690962,21.07279693,77.44169096,53.59329446,1010121153.25000000,3820611960.00000000,False
0130H0,엔에이치스팩33호,KOSDAQ,금융,1995,0.45317221,76.34839650,2.04603581,62.39067055,0.15060241,51.27551020,-0.49875312,33.45481050,53.55320700,8081202.55000000,2291556.00000000,False
402490,그린리소스,KOSDAQ,전기·전자,7550,-6.67490729,4.08163265,-1.04849279,29.00874636,19.65134707,87.53644315,3.14207650,46.82944606,53.49125364,1369496560.25000000,1333089955.00000000,False
487570,HS효성,KOSPI,기타금융,50300,0.19920319,72.35787172,-2.51937984,17.56559767,4.57380457,67.82069971,14.31818182,69.27842566,53.48943149,166198493.75000000,65135550.00000000,False
453340,현대그린푸드,KOSPI,유통,18990,0.79617834,80.46647230,0.05268704,43.87755102,1.06439596,56.77842566,3.48773842,47.77696793,53.47667638,703742823.75000000,684753580.00000000,False
493330,지에프아이,KOSDAQ,기계·장비,13130,-0.53030303,52.47813411,4.45505171,75.29154519,-5.87813620,21.24635569,31.82730924,85.60495627,53.45481050,888621525.25000000,396213660.00000000,False
439090,마녀공장,KOSDAQ,화학,15920,0.88719899,81.12244898,6.20413609,81.70553936,-0.56214866,44.16909621,-9.54545455,15.81632653,53.45481050,2342188556.75000000,2595141930.00000000,False
489210,교보17호스팩,KOSDAQ,금융,2060,0.00000000,66.01676385,0.98039216,53.20699708,0.73349633,55.10204082,1.98019802,44.15087464,53.43476676,25866754.70000000,10795490.00000000,False
015360,INVENI,KOSPI,일반서비스,14610,0.06849315,70.04373178,-0.13670540,38.26530612,3.76420455,65.52478134,1.74094708,43.62244898,53.41836735,191962207.50000000,147965990.00000000,False
419080,엔젯,KOSDAQ,기계·장비,4960,-3.87596899,16.25364431,2.79792746,67.67492711,-1.78217822,38.52040816,24.00000000,80.02915452,53.34183673,111352983.09999999,78850215.00000000,False
466690,키움히어로제1호스팩,KOSDAQ,금융,2015,-1.22549020,41.90962099,2.80612245,67.74781341,0.24875622,52.25947522,0.49875312,39.19460641,53.25801749,8427823.85000000,23115435.00000000,False
0091W0,신영스팩11호,KOSDAQ,금융,2050,-0.24330900,57.90816327,0.73710074,50.91107872,1.48514851,58.34548105,1.99004975,44.22376093,53.24708455,32643462.10000000,378180.00000000,False
000860,강남제비스코,KOSPI,화학,12480,1.46341463,86.26093294,2.37899918,64.54081633,-1.34387352,40.23323615,2.71604938,45.80903790,53.24344023,79617467.75000000,74020660.00000000,False
0007J0,인벤테라,KOSDAQ,일반서비스,9820,-2.67591675,26.34839650,-26.93452381,0.25510204,19.90231990,87.79154519,20.63882064,77.04081633,53.23615160,5702826176.25000000,670479440.00000000,False
382150,온코크로스,KOSDAQ,일반서비스,3735,0.13404826,70.95481050,-2.73437500,16.39941691,8.10419682,75.03644315,6.71428571,55.83090379,53.19606414,469328271.39999998,112024880.00000000,False
419050,삼기에너지솔루션즈,KOSDAQ,운송장비·부품,1765,-3.02197802,23.61516035,-0.61936937,33.09037901,4.49970397,67.74781341,14.01808786,68.98688047,53.18513120,6262006378.69999981,1278885000.00000000,False
0093G0,미래에셋비전스팩8호,KOSDAQ,금융,1988,0.05032713,69.75218659,1.53217569,58.38192420,0.35335689,52.84256560,0.05032713,37.75510204,53.17784257,11274675.70000000,23697071.00000000,False
042500,링네트,KOSDAQ,IT 서비스,4345,-0.22962113,58.52769679,3.57568534,71.72011662,-2.57847534,34.98542274,8.21917808,58.85568513,53.13411079,334753137.50000000,167310275.00000000,False
376980,원티드랩,KOSDAQ,IT 서비스,3160,-1.40405616,39.86880466,-2.01550388,20.55393586,2.59740260,62.31778426,42.02247191,90.23323615,53.12682216,17548233.15000000,12284750.00000000,False
179900,유티아이,KOSDAQ,전기·전자,2460,-5.01930502,9.62099125,6.72451193,83.56413994,4.01691332,66.39941691,-39.92673993,2.44169096,53.07944606,640968695.14999998,530281330.00000000,False
003610,방림,KOSPI,섬유·의류,5480,-0.18214936,59.65743440,1.85873606,60.96938776,-0.36363636,45.51749271,5.58766859,53.06122449,53.07580175,387575532.25000000,329644960.00000000,False
333620,엔시스,KOSDAQ,전기·전자,5240,0.19120459,72.13921283,1.74757282,60.31341108,-1.13207547,41.32653061,6.82976555,56.01311953,53.04118076,386829085.75000000,93484160.00000000,False
000440,중앙에너비스,KOSDAQ,유통,12400,-0.32154341,56.52332362,1.14192496,54.66472303,4.20168067,66.83673469,-5.55978675,21.20991254,53.02842566,1317899872.25000000,151790880.00000000,False
002600,조흥,KOSPI,음식료·담배,139000,0.00000000,66.01676385,1.09090909,53.93586006,0.79767948,55.50291545,0.72463768,40.19679300,53.02295918,3429755.00000000,2904500.00000000,False
051490,나라엠앤디,KOSDAQ,기계·장비,2650,0.00000000,66.01676385,5.78842315,80.43002915,-1.48698885,39.83236152,-0.93457944,31.74198251,53.01202624,47987510.60000000,27906090.00000000,False
009900,명신산업,KOSPI,운송장비·부품,8420,-3.55097365,19.53352770,3.69458128,72.23032070,-2.43337196,35.75072886,19.60227273,75.43731778,53.01020408,1986895978.50000000,1005049140.00000000,False
004430,송원산업,KOSPI,화학,11780,1.90311419,88.88483965,4.43262411,75.18221574,-1.09151973,41.54518950,-3.67947670,24.52623907,52.96647230,1071601440.75000000,1482709940.00000000,False
083420,그린케미칼,KOSPI,화학,4765,-0.20942408,59.00145773,1.59914712,59.03790087,-0.93555094,42.01895044,10.04618938,62.09912536,52.83892128,78568150.09999999,101091805.00000000,False
107600,새빗켐,KOSDAQ,화학,14440,-3.66911274,18.11224490,15.70512821,95.40816327,-5.43549443,22.66763848,12.63650546,66.61807580,52.82434402,259604575.25000000,387501520.00000000,False
007575,일양약품우,KOSPI,제약,7890,0.25412961,73.57871720,-0.75471698,31.59620991,1.93798450,59.83965015,8.82758621,60.02186589,52.77696793,2333202.00000000,4127590.00000000,False
004140,동방,KOSPI,운송·창고,1818,-0.81833061,47.92274052,2.65386787,66.47230321,0.38652678,52.95189504,-0.27427318,34.18367347,52.75145773,175074043.75000000,233985882.00000000,False
214370,케어젠,KOSDAQ,제약,44250,2.07612457,89.72303207,6.62650602,83.19970845,-0.56179775,44.20553936,-25.37942664,5.21137026,52.65670554,2649557793.75000000,4411119250.00000000,False
001275,부국증권우,KOSPI,증권,30450,0.32948929,74.63556851,0.99502488,53.35276968,0.49504950,53.55320700,0.32948929,38.52040816,52.59475219,14704720.00000000,9619200.00000000,False
271980,제일약품,KOSPI,제약,10250,2.19341974,90.08746356,3.53535354,71.42857143,-2.56653992,35.13119534,0.78662734,40.52478134,52.59475219,196797744.00000000,895943560.00000000,False
478440,미래에셋비전스팩6호,KOSDAQ,금융,2075,0.48426150,76.84037901,0.72815534,50.72886297,0.24154589,52.15014577,1.71568627,43.54956268,52.47266764,24385613.55000000,514244.00000000,False
303810,동국생명과학,KOSDAQ,제약,2740,-2.83687943,25.07288630,-9.86842105,3.09766764,20.17543860,88.01020408,14.16666667,69.13265306,52.46720117,11835035911.04999924,2965376084.00000000,False
380550,뉴로핏,KOSDAQ,IT 서비스,7820,-5.21212121,9.00145773,2.49017038,65.45189504,6.53950954,71.97521866,-9.59537572,15.63411079,52.45262391,1516057280.50000000,528481935.00000000,False
0115H0,삼성스팩13호,KOSDAQ,금융,1996,0.30150754,74.16180758,1.16573746,54.84693878,0.30150754,52.47813411,0.10030090,37.86443149,52.43440233,8481457.05000000,10712789.00000000,False
061040,알에프텍,KOSDAQ,전기·전자,7470,0.67385445,79.30029155,2.04918033,62.42711370,-0.40000000,45.22594752,0.26845638,38.37463557,52.42346939,28398385.25000000,31227440.00000000,False
36328K,티와이홀딩스우,KOSPI,기타금융,2910,-1.35593220,40.45189504,-2.83806344,15.85276968,6.78899083,72.55830904,16.86746988,72.81341108,52.38702624,51893186.45000000,4193640.00000000,False
084690,대상홀딩스,KOSPI,기타금융,7870,-0.75662043,49.01603499,0.89743590,52.11370262,0.89743590,55.94023324,3.28083990,47.15743440,52.34329446,212747637.25000000,232729930.00000000,False
114810,한솔아이원스,KOSDAQ,기계·장비,14590,-5.44394038,7.90816327,-3.69636964,12.24489796,9.28838951,77.40524781,30.15165031,84.51166181,52.32871720,3034973584.25000000,2611995550.00000000,False
290670,대보마그네틱,KOSDAQ,전기·전자,5580,-3.62694301,18.58600583,6.48854962,82.68950437,-4.12371134,28.11588921,16.25000000,71.97521866,52.30685131,57788190.00000000,43845135.00000000,False
064760,티씨케이,KOSDAQ,비금속,281500,-5.37815126,8.23615160,-5.53691275,7.47084548,11.70634921,80.53935860,30.93023256,84.98542274,52.27769679,19554803525.00000000,21449382500.00000000,False
095660,네오위즈,KOSDAQ,IT 서비스,18120,-0.33003300,56.43221574,1.17252931,54.95626822,1.17252931,57.21574344,0.00000000,36.24271137,52.26494169,666578875.75000000,526565560.00000000,False
009300,삼아제약,KOSDAQ,제약,14000,-0.14265335,60.71428571,0.28653295,46.50145773,0.00000000,49.05247813,10.67193676,63.08309038,52.25947522,16295667.25000000,7938770.00000000,False
002355,넥센타이어1우B,KOSPI,화학,3960,0.00000000,66.01676385,0.50761421,48.76093294,1.27877238,57.72594752,0.63532402,39.68658892,52.25765306,55982336.90000000,397810.00000000,False
022100,포스코DX,KOSPI,일반서비스,21100,-4.52488688,12.15379009,6.19023654,81.63265306,-2.54041570,35.20408163,9.66735967,61.55247813,52.09730321,6020952442.25000000,4290932750.00000000,False
402340,SK스퀘어,KOSPI,기타금융,1136000,-2.40549828,28.97230321,0.88809947,51.93148688,9.12584054,76.85860058,-10.55118110,14.35860058,52.09183673,576817531455.55004883,632786200500.00000000,False
035760,CJENM,KOSDAQ,오락·문화,35450,3.05232558,93.33090379,-9.56632653,3.17055394,7.26172466,73.54227405,9.92248062,61.95335277,52.09183673,2866846406.25000000,1754380400.00000000,False
317690,퀀타매트릭스,KOSDAQ,의료·정밀기기,2380,0.84745763,80.83090379,3.25379610,70.33527697,-3.25203252,32.25218659,4.38596491,49.89067055,52.06268222,124598921.55000000,183774370.00000000,False
225530,HC보광산업,KOSDAQ,비금속,2140,0.94339623,81.77842566,1.90476190,61.33381924,1.42180095,58.16326531,-14.57085828,11.07871720,52.05903790,19220953.20000000,26757195.00000000,False
122900,아이마켓코리아,KOSPI,유통,8220,0.48899756,76.96793003,-1.32052821,26.42128280,1.35635018,57.90816327,12.44870041,66.36297376,52.05903790,381872961.25000000,415355040.00000000,False
215790,이노인스트루먼트,KOSDAQ,전기·전자,666,4.55259027,95.73615160,0.45248869,47.88629738,3.73831776,65.45189504,-16.75000000,9.51166181,52.02259475,1960220104.25000000,2259943650.00000000,False
0008Z0,에스엔시스,KOSDAQ,전기·전자,23650,-0.42105263,54.81049563,3.05010893,69.20553936,-3.86178862,29.30029155,15.08515815,70.29883382,52.02259475,364008951.25000000,511289075.00000000,False
004150,한솔홀딩스,KOSPI,기타금융,3545,-0.28129395,57.39795918,-1.52777778,24.52623907,1.72166428,59.07434402,20.16949153,76.38483965,52.00437318,233557104.34999999,117539945.00000000,False
001520,동양,KOSPI,비금속,1118,-0.26761820,57.54373178,-0.35650624,35.71428571,4.29104478,67.05539359,1.63636364,43.25801749,51.94241983,1461959334.00000000,298045526.00000000,False
099750,이지케어텍,KOSDAQ,IT 서비스,7230,-3.08310992,23.06851312,-2.95302013,15.16034985,8.55855856,75.83819242,17.75244300,73.61516035,51.91326531,1383720240.00000000,333392900.00000000,False
136480,하림,KOSDAQ,음식료·담배,2680,0.75187970,80.12026239,0.75187970,51.12973761,1.13207547,56.99708455,-2.18978102,28.38921283,51.82762391,425554699.64999998,723160867.00000000,False
004700,조광피혁,KOSPI,섬유·의류,66500,-0.74626866,49.23469388,-0.59790732,33.23615160,3.74414977,65.48833819,5.72337043,53.64431487,51.81851312,48586302.50000000,116293600.00000000,False
081580,성우전자,KOSDAQ,전기·전자,2390,-2.24948875,30.64868805,0.00000000,41.41763848,3.68763557,65.26967930,4.82456140,51.02040816,51.80211370,111262993.30000000,201659747.00000000,False
215100,로보로보,KOSDAQ,전기·전자,4130,-4.06504065,15.08746356,2.10135970,62.71865889,-0.60168472,44.09620991,14.08839779,69.05976676,51.77478134,267028468.05000001,239873527.00000000,False
098070,한텍,KOSDAQ,금속,23650,0.00000000,66.01676385,2.38095238,64.59548105,-1.45833333,40.01457726,3.95604396,48.83381924,51.75291545,2537601440.00000000,1979155325.00000000,False
278470,에이피알,KOSPI,화학,380500,5.25587828,96.46501458,5.11049724,77.84256560,-3.42639594,31.34110787,-1.29701686,30.79446064,51.69460641,87305982698.89999390,141864605250.00000000,False
488060,유진스팩11호,KOSDAQ,금융,2050,0.00000000,66.01676385,0.73710074,50.91107872,0.49019608,53.46209913,1.23456790,42.01895044,51.66362974,29250980.00000000,9622710.00000000,False
288620,에스프리즘,KOSDAQ,전기·전자,3910,-2.49376559,28.17055394,1.55844156,58.60058309,6.97674419,73.01384840,-15.64185545,10.16763848,51.63629738,234811384.09999999,43993997.00000000,False
014990,인디에프,KOSPI,섬유·의류,3810,-4.51127820,12.31778426,11.40350877,91.98250729,-12.61467890,7.61661808,100.73761855,98.79737609,51.63265306,2056639451.04999995,515308058.00000000,False
399720,가온칩스,KOSDAQ,전기·전자,46000,-5.15463918,9.18367347,-1.18152524,27.66034985,9.26365796,77.29591837,7.47663551,57.39795918,51.61443149,5779321925.00000000,3271352450.00000000,False
033270,유나이티드제약,KOSPI,제약,18020,1.69300226,87.42711370,2.03850510,62.28134111,-2.59459459,34.87609329,4.70656595,50.87463557,51.55247813,494811996.50000000,406997750.00000000,False
014970,삼륭물산,KOSDAQ,종이·목재,4415,-0.11312217,61.51603499,2.19907407,63.44752187,0.34090909,52.73323615,-2.96703297,26.23906706,51.52696793,519601864.44999999,53059106.00000000,False
110790,크리스에프앤씨,KOSDAQ,섬유·의류,2985,0.00000000,66.01676385,0.84459459,51.63994169,1.35823430,57.94460641,-1.15894040,31.19533528,51.51056851,9619295.00000000,21156795.00000000,False
0097F0,미래에셋비전스팩10호,KOSDAQ,금융,1990,0.25188917,73.54227405,1.06653123,53.71720117,0.40363269,53.09766764,-0.40040040,33.92857143,51.49416910,10921423.60000000,6807381.00000000,False
063440,SMLifeDesign,KOSDAQ,출판·매체복제,1083,-1.00548446,44.89795918,0.27777778,46.42857143,5.24781341,69.24198251,-2.86995516,26.56705539,51.42857143,79386444.25000000,64269353.00000000,False
000850,화천기공,KOSPI,기계·장비,36800,1.09890110,83.30903790,-2.90237467,15.41545190,3.22580645,64.10349854,11.17824773,63.95772595,51.38848397,273580770.00000000,115026825.00000000,False
131090,시큐브,KOSDAQ,IT 서비스,4310,-2.26757370,30.57580175,-0.91954023,30.35714286,2.25385528,61.37026239,17.59890859,73.36005831,51.38483965,68556529.40000001,98595360.00000000,False
018000,유니슨,KOSDAQ,기계·장비,1174,-1.59262364,37.31778426,2.98245614,68.87755102,-5.32258065,23.17784257,37.63188746,88.44752187,51.35568513,1752358107.95000005,1091762789.00000000,False
333430,일승,KOSDAQ,운송장비·부품,3745,-3.85109114,16.43586006,2.32240437,64.10349854,-2.47395833,35.56851312,25.88235294,81.19533528,51.34110787,804564345.89999998,406918500.00000000,False
006620,동구바이오제약,KOSDAQ,제약,3595,1.41043724,85.93294461,2.56776034,66.10787172,-0.27739251,45.95481050,-4.89417989,22.52186589,51.31195335,163304035.40000001,244848724.00000000,False
464080,에스오에스랩,KOSDAQ,의료·정밀기기,10410,-5.53539020,7.54373178,-0.38277512,35.49562682,2.46062992,61.88046647,19.65517241,75.61953353,51.27915452,1019524133.00000000,1063914320.00000000,False
464490,쿼드메디슨,KOSDAQ,제약,4955,-3.78640777,17.16472303,4.97881356,77.25947522,1.22574055,57.43440233,-8.74769797,17.05539359,51.27915452,260468410.50000000,147230005.00000000,False
0068Y0,비엔케이제3호스팩,KOSDAQ,금융,1992,0.00000000,66.01676385,0.60606061,49.78134111,0.65689742,54.70116618,0.50454087,39.28571429,51.27368805,22190772.45000000,3992857.00000000,False
025890,한국주강,KOSPI,기계·장비,2620,-1.50375940,38.59329446,-1.13207547,28.31632653,1.94552529,59.91253644,18.55203620,74.52623907,51.22448980,80618062.59999999,31583895.00000000,False
088130,동아엘텍,KOSDAQ,기계·장비,5540,-3.98613518,15.45189504,-0.35971223,35.67784257,2.02578269,60.45918367,17.99787007,73.94314869,51.22084548,397013252.00000000,347899915.00000000,False
073010,케이에스피,KOSDAQ,기계·장비,3100,-4.90797546,10.36807580,-4.76190476,8.92857143,12.31884058,81.41399417,18.54684512,74.48979592,51.17893586,2352795215.30000019,539627803.00000000,False
239610,에이치엘사이언스,KOSDAQ,음식료·담배,5290,1.73076923,87.82798834,1.14722753,54.77405248,-0.75046904,43.09402332,1.73076923,43.58600583,51.16982507,4817745.00000000,6670110.00000000,False
496070,신한제16호스팩,KOSDAQ,금융,2015,0.00000000,66.01676385,0.49875312,48.72448980,0.75000000,55.26603499,0.49875312,39.19460641,51.16435860,14341504.05000000,23540967.00000000,False
011040,경동제약,KOSDAQ,제약,5090,0.59288538,78.13411079,1.19284294,55.21137026,-0.39138943,45.37172012,1.59680639,43.18513120,51.16253644,130865657.75000000,282265335.00000000,False
123420,위메이드플레이,KOSDAQ,IT 서비스,6370,-1.84899846,34.94897959,0.15723270,44.78862974,1.59489633,58.67346939,5.81395349,53.77186589,51.15524781,210867793.00000000,627741250.00000000,False
120240,대정화금,KOSDAQ,화학,14830,-0.33602151,56.26822157,-0.33602151,35.89650146,0.88435374,55.75801749,10.09651076,62.13556851,51.12609329,96731966.25000000,47839090.00000000,False
008350,남선알미늄,KOSPI,금속,1069,-0.37278658,55.72157434,-0.09345794,38.84839650,1.61596958,58.81924198,5.11307768,51.71282799,51.09693878,729401581.39999998,650758027.00000000,False
008490,서흥,KOSPI,화학,20600,1.98019802,89.13994169,2.74314214,67.20116618,-3.05882353,32.94460641,1.98019802,44.15087464,51.08236152,281871870.50000000,381287000.00000000,False
054090,삼진엘앤디,KOSDAQ,기타제조,1011,0.59701493,78.20699708,-0.39408867,35.38629738,-0.09881423,47.08454810,13.97970688,68.95043732,51.06049563,81247306.20000000,87306475.00000000,False
0131D0,키움히어로제2호스팩,KOSDAQ,금융,1968,0.10172940,70.33527697,1.02669405,53.53498542,0.30581040,52.58746356,-0.20283976,34.51166181,51.03134111,32151972.35000000,33260682.00000000,False
082850,우리바이오,KOSDAQ,음식료·담배,4580,-2.13675214,31.74198251,3.73725934,72.48542274,2.11817168,60.78717201,-18.14119750,8.89212828,51.01311953,595357166.75000000,69669055.00000000,False
099220,SDN,KOSDAQ,유통,5300,0.56925996,77.84256560,1.14503817,54.71938776,3.71819961,65.30612245,-31.16883117,3.42565598,51.00765306,69672122.75000000,56472555.00000000,False
005800,신영와코루,KOSPI,섬유·의류,13600,1.79640719,88.17419825,-1.01892285,29.26384840,0.36900369,52.87900875,9.50080515,61.26093294,51.00036443,52019484.50000000,96951530.00000000,False
340570,티앤엘,KOSDAQ,제약,28550,-0.52264808,52.58746356,3.62976407,71.95699708,-3.70994941,29.84693878,9.32832963,60.93294461,50.97120991,1762329465.00000000,1489194500.00000000,False
008355,남선알미우,KOSPI,금속,7180,-0.27777778,57.47084548,2.27920228,63.92128280,-1.37362637,40.16034985,4.36046512,49.70845481,50.92930029,3275841.00000000,2062870.00000000,False
023960,에쓰씨엔지니어링,KOSPI,건설,1025,-1.91387560,34.14723032,2.50000000,65.61588921,-0.38872692,45.40816327,3.64004044,48.14139942,50.89103499,27274481.70000000,20742489.00000000,False
095570,AJ네트웍스,KOSPI,일반서비스,4295,1.05882353,82.90816327,-0.11627907,38.41107872,1.05882353,56.74198251,1.17785630,41.65451895,50.84183673,292844730.19999999,177183550.00000000,False
106240,파인테크닉스,KOSDAQ,전기·전자,1273,-3.63361090,18.47667638,-1.54679041,24.38046647,16.25570776,85.16763848,0.15735641,38.01020408,50.83090379,89884983.45000000,29689579.00000000,False
005880,대한해운,KOSPI,운송·창고,2065,0.73170732,79.88338192,0.97799511,53.13411079,-1.90023753,38.01020408,8.05860806,58.41836735,50.81632653,2694641102.30000019,2350007519.00000000,False
206650,유바이오로직스,KOSDAQ,제약,8520,0.11750881,70.51749271,2.89855072,68.18513120,-3.07167235,32.87172012,4.66830467,50.80174927,50.81632653,664267171.50000000,642622940.00000000,False
131370,알서포트,KOSDAQ,IT 서비스,1511,-1.56351792,37.75510204,2.16362407,63.30174927,-0.39551747,45.33527697,4.27881297,49.52623907,50.80539359,81665176.20000000,104464182.00000000,False
489730,디비금융제13호스팩,KOSDAQ,금융,2050,-0.24330900,57.90816327,0.73710074,50.91107872,0.24449878,52.22303207,1.99004975,44.22376093,50.79810496,33970633.85000000,13352167.00000000,False
041190,우리기술투자,KOSDAQ,금융,6000,-5.36277603,8.34548105,2.73972603,67.16472303,-3.53697749,30.53935860,36.51877133,87.93731778,50.78717201,19022538924.75000000,9899988870.00000000,False
182360,큐브엔터,KOSDAQ,오락·문화,6340,-0.78247261,48.46938776,-7.58017493,4.48250729,10.06944444,78.49854227,12.21238938,65.96209913,50.78352770,119404652.75000000,114396205.00000000,False
054050,NH농우바이오,KOSDAQ,농업 임업 및 어업,7070,-0.56258790,52.00437318,0.42613636,47.74052478,0.71225071,55.06559767,2.91120815,46.13702624,50.77623907,121683377.25000000,61026435.00000000,False
067390,아스트,KOSDAQ,운송장비·부품,5650,-2.07972270,32.28862974,-6.14617940,6.45043732,11.00196464,79.95626822,13.45381526,68.11224490,50.76895044,496486734.00000000,185252555.00000000,False
010120,LSELECTRIC,KOSPI,전기·전자,205000,-5.74712644,6.61443149,-0.72639225,31.99708455,4.96671787,68.65889213,11.71662125,64.86880466,50.69788630,83296983675.00000000,185856018750.00000000,False
033290,로젠,KOSDAQ,유통,1529,0.59210526,78.09766764,0.65832785,50.25510204,0.32808399,52.62390671,-0.45572917,33.67346939,50.67055394,23631467.25000000,31411891.00000000,False
484590,삼양컴텍,KOSDAQ,금속,7120,-3.26086957,21.24635569,-2.06327373,20.29883382,4.55212922,67.78425656,20.27027027,76.51239067,50.63046647,1408288851.00000000,816167075.00000000,False
009730,이렘,KOSDAQ,금속,1993,0.00000000,66.01676385,-1.82266010,22.04810496,0.45362903,53.27988338,24.56250000,80.43002915,50.61406706,108170111.15000001,93490514.00000000,False
219550,디와이디,KOSDAQ,유통,1197,-0.25000000,57.72594752,1.18343195,55.02915452,-3.07692308,32.83527697,19.70000000,75.76530612,50.56851312,35641635.75000000,14117058.00000000,False
473050,유안타제15호스팩,KOSDAQ,금융,2110,0.23752969,73.10495627,0.23752969,45.75437318,0.23752969,52.07725948,1.68674699,43.38556851,50.54482507,261278568.75000000,94169305.00000000,False
353590,오토앤,KOSDAQ,유통,1579,2.20064725,90.12390671,7.41496599,85.13119534,-6.73360898,18.47667638,1.47814910,42.89358601,50.52113703,14691210.25000000,13237041.00000000,False
277810,레인보우로보틱스,KOSDAQ,기계·장비,447500,-3.96995708,15.59766764,6.42092747,82.47084548,-2.50544662,35.45918367,4.43407235,50.03644315,50.49198251,28219485525.00000000,18454511750.00000000,False
0098T0,교보19호스팩,KOSDAQ,금융,2005,0.25000000,73.43294461,0.35035035,47.15743440,0.45090180,53.24344023,0.30015008,38.41107872,50.47011662,9933292.30000000,20748730.00000000,False
063570,NICE인프라,KOSDAQ,일반서비스,3315,-0.45045045,54.15451895,3.27102804,70.40816327,-3.91304348,29.19096210,9.40594059,61.11516035,50.43731778,40206095.95000000,16928674.00000000,False
196700,웹스,KOSDAQ,화학,1292,2.53968254,91.58163265,0.54474708,49.12536443,-5.27859238,23.32361516,32.10633947,85.89650146,50.40451895,44776987.50000000,24638437.00000000,False
054450,텔레칩스,KOSDAQ,전기·전자,10140,-3.52045671,19.71574344,-1.07317073,28.82653061,7.98722045,74.67201166,4.32098765,49.56268222,50.40087464,557046301.75000000,687875940.00000000,False
351330,이삭엔지니어링,KOSDAQ,IT 서비스,3545,-0.97765363,45.11661808,5.03703704,77.47813411,-0.14084507,46.79300292,-6.71052632,19.64285714,50.40087464,154157786.40000001,63412525.00000000,False
298830,슈어소프트테크,KOSDAQ,IT 서비스,4300,-3.91061453,16.03498542,3.36538462,70.95481050,-1.82648402,38.37463557,9.27573062,60.78717201,50.39723032,708031120.50000000,799784824.00000000,False
007370,진양제약,KOSDAQ,제약,4020,0.75187970,80.12026239,0.00000000,41.41763848,0.00000000,49.05247813,5.09803922,51.67638484,50.39358601,28243977.50000000,85827925.00000000,False
009200,무림페이퍼,KOSPI,종이·목재,1511,-0.46113307,53.82653061,0.73333333,50.76530612,-0.26402640,45.99125364,7.16312057,56.81486880,50.37172012,169477712.59999999,20827665.00000000,False
472230,에스케이증권제11호스팩,KOSDAQ,금융,2110,0.00000000,66.01676385,0.23752969,45.75437318,0.47619048,53.38921283,1.68674699,43.38556851,50.36078717,108330304.00000000,100763100.00000000,False
478110,이베스트스팩6호,KOSDAQ,금융,2062,0.09708738,70.26239067,0.34063260,47.01166181,0.34063260,52.69679300,0.83129584,40.59766764,50.32798834,21983196.50000000,1412480.00000000,False
0041L0,하나35호스팩,KOSDAQ,금융,2000,-0.49751244,52.89723032,1.31712259,56.26822157,0.50251256,53.60787172,-0.49751244,33.49125364,50.31158892,23076489.75000000,99574761.00000000,False
136540,윈스테크넷,KOSDAQ,IT 서비스,10930,-3.35985853,20.69970845,0.64456722,50.14577259,0.73732719,55.17492711,6.53021442,55.46647230,50.27696793,172355806.00000000,345535420.00000000,False
090080,평화산업,KOSPI,운송장비·부품,1000,-0.49751244,52.89723032,-2.53411306,17.49271137,2.14504597,60.82361516,20.62726176,76.96793003,50.26056851,107054327.30000000,97490975.00000000,False
009320,아진전자부품,KOSPI,운송장비·부품,964,-0.31023785,56.74198251,-0.31023785,36.29737609,1.58061117,58.63702624,4.89662677,51.16618076,50.25145773,67965696.25000000,260860474.00000000,False
080530,코디,KOSDAQ,화학,2480,0.00000000,66.01676385,1.22448980,55.39358601,-0.99800399,41.76384840,5.08474576,51.60349854,50.24599125,20030306.55000000,26944405.00000000,False
130660,한전산업,KOSPI,일반서비스,12120,-2.65060241,26.71282799,-0.08244023,38.92128280,1.00000000,56.63265306,12.32622799,66.21720117,50.24416910,9254206389.25000000,2127502345.00000000,False
108320,LX세미콘,KOSPI,전기·전자,37300,-2.99089727,23.90670554,1.63487738,59.43877551,3.03867403,63.84839650,-4.96815287,22.33965015,50.22959184,3632968493.75000000,2093839300.00000000,False
026150,특수건설,KOSDAQ,건설,3915,-0.88607595,46.75655977,1.29366106,56.01311953,2.08604954,60.67784257,-5.20581114,21.90233236,50.13119534,96850759.09999999,85756280.00000000,False
439260,대한조선,KOSPI,운송장비·부품,46900,-2.29166667,30.28425656,4.10654828,74.16180758,-0.10649627,46.90233236,-1.57397692,30.32069971,50.10204082,1439765072.50000000,1640861425.00000000,False
475430,키스트론,KOSDAQ,전기·전자,4385,-1.79171333,35.82361516,-0.56689342,33.52769679,5.15587530,69.05976676,1.97674419,44.09620991,50.08381924,547650617.75000000,485588205.00000000,False
122310,제노레이,KOSDAQ,의료·정밀기기,3355,0.90225564,81.19533528,1.35951662,56.66909621,-0.14880952,46.64723032,-1.03244838,31.48688047,50.07653061,20946015.00000000,71599032.00000000,False
188260,세니젠,KOSDAQ,기타제조,2100,-0.23752969,58.19970845,-1.40845070,25.47376093,5.05252626,68.87755102,2.43902439,45.26239067,50.06559767,28463118.45000000,4791212.00000000,False
171120,라이온켐텍,KOSDAQ,화학,2030,-0.24570025,57.79883382,0.74441687,51.09329446,0.99502488,56.57798834,-0.97560976,31.63265306,50.06559767,78137433.34999999,58934475.00000000,False
484130,하나34호스팩,KOSDAQ,금융,2040,0.00000000,66.01676385,0.74074074,50.98396501,0.49261084,53.49854227,-0.48780488,33.56413994,50.00911079,16837523.50000000,389575.00000000,False
000155,두산우,KOSPI,전기·전자,458000,-4.78170478,11.04227405,-3.78151261,11.84402332,14.07222914,83.63702624,8.53080569,59.32944606,49.97813411,4729027601.94999981,3192491500.00000000,False
023770,플레이위드,KOSDAQ,IT 서비스,2675,-1.65441176,36.88046647,6.57370518,83.09037901,-6.79442509,18.25801749,15.05376344,70.26239067,49.97084548,60131306.30000000,33254880.00000000,False
212710,아이에스티이,KOSDAQ,전기·전자,7390,-2.63504611,26.93148688,2.07182320,62.53644315,3.64656381,65.23323615,-13.05882353,12.09912536,49.96720117,413854926.75000000,834283185.00000000,False
068760,셀트리온제약,KOSDAQ,제약,39950,0.62972292,78.60787172,3.63164721,72.04810496,-2.20318237,36.80758017,-2.08333333,28.79008746,49.95626822,3244013353.75000000,1815928450.00000000,False
007690,국도화학,KOSPI,화학,38350,0.00000000,66.01676385,1.32100396,56.30466472,-2.16836735,36.88046647,8.02816901,58.34548105,49.91435860,566871556.25000000,133754150.00000000,False
263810,상신전자,KOSDAQ,전기·전자,2575,-1.34099617,40.63411079,-0.57915058,33.41836735,1.77865613,59.29300292,9.11016949,60.53206997,49.91253644,65635466.20000000,129792175.00000000,False
034230,파라다이스,KOSPI,오락·문화,9940,5.52016985,96.53790087,4.85232068,76.80393586,-1.48662042,39.90524781,-23.06501548,6.15889213,49.88884840,2654501795.25000000,7112435495.00000000,False
277410,인산가,KOSDAQ,음식료·담배,5650,0.00000000,66.01676385,2.54083485,65.85276968,1.07334526,56.88775510,-29.37500000,3.86297376,49.88520408,24036825.00000000,24348180.00000000,False
455180,케이지에이,KOSDAQ,기계·장비,1289,-0.76982294,48.72448980,1.41620771,57.36151603,1.25687353,57.68950437,-4.30586488,23.28717201,49.81413994,45421219.30000000,19893718.00000000,False
109070,주성코퍼레이션,KOSPI,전기·전자,7190,1.12517581,83.60058309,3.90173410,73.28717201,-7.22580645,17.05539359,10.61538462,63.04664723,49.77769679,97405737.00000000,108250785.00000000,False
293940,신한알파리츠,KOSPI,부동산,5530,-0.18050542,59.76676385,-1.42602496,25.36443149,3.36448598,64.50437318,5.13307985,51.74927114,49.73760933,520703240.00000000,310297765.00000000,False
095610,테스,KOSDAQ,기계·장비,162600,-8.65168539,1.78571429,-5.07880911,8.34548105,10.76294278,79.66472303,19.82313928,75.87463557,49.72303207,58633872050.00000000,67578248150.00000000,False
006980,우성,KOSPI,음식료·담배,16660,1.33819951,85.24052478,-3.58796296,12.82798834,4.45141066,67.63848397,4.97794581,51.38483965,49.70481050,194491731.00000000,9721410.00000000,False
046890,서울반도체,KOSDAQ,전기·전자,10380,-5.63636364,7.14285714,-2.71790066,16.54518950,8.35073069,75.47376093,14.19141914,69.16909621,49.70116618,2778061973.25000000,1669073025.00000000,False
045060,오공,KOSDAQ,화학,2130,1.67064439,87.28134111,1.18764846,55.10204082,-0.23419204,46.31924198,-1.84331797,29.57361516,49.70116618,50898519.75000000,130355467.00000000,False
032560,황금에스티,KOSPI,금속,5570,0.00000000,66.01676385,1.45719490,57.72594752,-2.28070175,36.47959184,6.70498084,55.79446064,49.67018950,70401662.75000000,43026610.00000000,False
189690,포시에스,KOSDAQ,IT 서비스,1532,0.13071895,70.91836735,2.95698925,68.65889213,-0.51948052,44.42419825,-6.01226994,20.73615160,49.60641399,35475987.30000000,99820174.00000000,False
026040,제이에스티나,KOSDAQ,기타제조,2175,0.00000000,66.01676385,7.67326733,85.78717201,-17.30038023,4.22740525,21.50837989,77.84256560,49.59730321,294271414.64999998,109109595.00000000,False
368600,아이씨에이치,KOSDAQ,전기·전자,956,0.00000000,66.01676385,0.00000000,41.41763848,-3.91959799,29.15451895,56.46481178,94.09620991,49.50801749,1230016261.59999990,0.00000000,False
208140,정다운,KOSDAQ,음식료·담배,2280,0.66225166,79.08163265,0.66225166,50.32798834,-0.43668122,45.04373178,1.33333333,42.38338192,49.50072886,41811892.35000000,20934232.00000000,False
0164H0,한국제16호스팩,KOSDAQ,금융,1953,0.30816641,74.38046647,0.82601962,51.53061224,0.00000000,49.05247813,-0.05117707,34.73032070,49.46428571,54312899.80000000,12162144.00000000,False
003080,SB성보,KOSPI,화학,2245,0.67264574,79.26384840,0.44742729,47.81341108,0.22321429,51.93148688,-0.88300221,32.10641399,49.46428571,39879565.10000000,9014245.00000000,False
0088D0,메리츠제1호스팩,KOSDAQ,금융,2075,-0.24038462,58.10860058,2.46913580,65.16034985,-0.24038462,46.20991254,-2.35294118,27.84256560,49.41144315,8279492.80000000,359810.00000000,False
000910,유니온,KOSPI,비금속,2950,-0.33783784,56.23177843,0.00000000,41.41763848,0.16977929,51.53061224,5.73476703,53.68075802,49.39686589,134150626.84999999,114923625.00000000,False
051915,LG화학우,KOSPI,화학,121800,0.74441687,79.95626822,7.59717314,85.53206997,-5.43478261,22.72230321,-0.65252855,32.94460641,49.33309038,2596213212.19999981,4110460000.00000000,False
474490,유안타제16호스팩,KOSDAQ,금융,2080,0.00000000,66.01676385,0.48309179,48.39650146,0.00000000,49.05247813,1.46341463,42.85714286,49.31304665,24524095.25000000,8808545.00000000,False
475250,하나33호스팩,KOSDAQ,금융,2090,0.00000000,66.01676385,0.48076923,48.32361516,0.00000000,49.05247813,1.45631068,42.74781341,49.26931487,19863760.85000000,2108590.00000000,False
179530,애드바이오텍,KOSDAQ,제약,2215,1.60550459,86.91690962,21.03825137,97.84985423,-11.92842942,8.41836735,0.45351474,39.06705539,49.22740525,359131223.64999998,247830905.00000000,False
009620,삼보산업,KOSDAQ,금속,4635,-2.21518987,30.90379009,-17.67317940,0.94752187,6.55172414,72.01166181,31.11739745,85.05830904,49.19096210,125411410.75000000,121892005.00000000,False
486630,KB제30호스팩,KOSDAQ,금융,2055,0.00000000,66.01676385,0.48899756,48.54227405,0.00000000,49.05247813,1.23152709,41.98250729,49.18185131,37127561.25000000,74097095.00000000,False
067830,세이브존IC,KOSPI,유통,2360,-1.66666667,36.58892128,3.50877193,71.28279883,-1.66666667,39.10349854,1.28755365,42.25583090,49.13629738,56234227.60000000,43022440.00000000,False
001430,세아베스틸지주,KOSPI,금속,43950,-7.08245243,3.31632653,-3.30033003,14.21282799,3.77804014,65.56122449,45.77114428,91.47230321,49.11443149,6183600277.50000000,6544053600.00000000,False
134380,미원화학,KOSPI,화학,10260,-0.67763795,50.21865889,1.08374384,53.82653061,-0.29154519,45.91836735,3.53178607,47.88629738,49.11443149,44405161.00000000,6984360.00000000,False
100790,미래에셋벤처투자,KOSDAQ,금융,16770,-8.85869565,1.45772595,-3.50978136,13.08309038,11.94926569,80.83090379,11.05960265,63.55685131,49.11443149,9886413404.75000000,9989921315.00000000,False
016580,환인제약,KOSPI,제약,10180,0.00000000,66.01676385,1.29353234,55.97667638,-1.73745174,38.73906706,4.62487153,50.58309038,49.00692420,221786773.00000000,60377430.00000000,False
482520,교보16호스팩,KOSDAQ,금융,2065,0.00000000,66.01676385,0.00000000,41.41763848,0.24271845,52.18658892,2.48138958,45.37172012,48.97594752,21285582.35000000,0.00000000,False
241690,유니테크노,KOSDAQ,운송장비·부품,2600,-0.95238095,45.73615160,2.76679842,67.45626822,-2.25563910,36.58892128,3.37972167,47.48542274,48.94314869,62516772.50000000,26305325.00000000,False
004060,SG세계물산,KOSPI,유통,2210,5.99520384,96.97521866,5.99520384,81.08600583,-3.70370370,29.90160350,-10.16260163,14.79591837,48.94314869,191985650.44999999,1688559325.00000000,False
011280,태림포장,KOSPI,종이·목재,1535,3.02013423,93.22157434,10.03584229,90.26967930,-5.24691358,23.39650146,-9.54625810,15.77988338,48.91763848,82722447.25000000,76660664.00000000,False
115570,스타플렉스,KOSDAQ,화학,2700,-0.91743119,46.35568513,-1.09890110,28.55320700,2.46679317,61.95335277,6.09037328,54.62827988,48.90852770,36431452.60000000,12509715.00000000,False
477380,미래에셋비전스팩4호,KOSDAQ,금융,2085,0.24038462,73.17784257,0.48192771,48.36005831,-0.23923445,46.24635569,1.45985401,42.78425656,48.88119534,28258504.80000000,19842485.00000000,False
125020,티씨머티리얼즈,KOSDAQ,전기·전자,6030,-3.67412141,18.03935860,-0.33057851,35.98760933,-0.16556291,46.53790087,37.04545455,88.22886297,48.86115160,5305703240.50000000,10104109610.00000000,False
318020,포인트모바일,KOSDAQ,전기·전자,2580,0.00000000,66.01676385,0.38910506,47.37609329,-4.44444444,26.60349854,34.02597403,87.02623907,48.86115160,21305444.00000000,10852910.00000000,False
095190,신화프리텍,KOSDAQ,금속,1880,0.53475936,77.58746356,0.64239829,50.07288630,0.91250671,56.01311953,-8.06845966,18.00291545,48.78644315,178488030.55000001,55821226.00000000,False
287840,인투셀,KOSDAQ,일반서비스,18150,-1.78571429,35.87827988,8.10005956,86.73469388,-0.60240964,44.05976676,-20.21978022,7.72594752,48.77733236,536977394.50000000,361784920.00000000,False
032800,판타지오,KOSDAQ,오락·문화,1491,-0.20080321,59.18367347,0.74324324,51.05685131,0.67521945,54.99271137,-2.42146597,27.69679300,48.77186589,22507204.95000000,2995911.00000000,False
400760,NH올원리츠,KOSPI,부동산,2810,-0.17761989,59.91253644,1.26126126,55.72157434,0.53667263,53.86297376,-4.90693739,22.46720117,48.74635569,263075523.19999999,88291750.00000000,False
214390,경보제약,KOSPI,제약,5430,0.55555556,77.76967930,-0.73126143,31.88775510,0.18450185,51.85860058,5.64202335,53.24344023,48.73542274,98136894.75000000,137625025.00000000,False
031330,에스에이엠티,KOSDAQ,유통,8570,-3.92376682,15.96209913,1.06132075,53.68075802,7.52823087,73.97959184,-21.37614679,7.14285714,48.72084548,3205142468.50000000,3160908740.00000000,False
038110,에코플라스틱,KOSDAQ,운송장비·부품,2055,-1.20192308,42.27405248,1.73267327,60.13119534,-0.72463768,43.40379009,2.49376559,45.44460641,48.71720117,284296746.94999999,229929552.00000000,False
482690,대신밸런스제19호스팩,KOSDAQ,금융,2075,0.48426150,76.84037901,0.24154589,45.91836735,-0.09629273,47.12099125,1.21951220,41.83673469,48.67529155,37575034.20000000,243420.00000000,False
465480,인스피언,KOSDAQ,IT 서비스,3790,-5.60398506,7.28862974,-5.95533499,6.85131195,11.47058824,80.39358601,13.81381381,68.58600583,48.65889213,49332832.45000000,54767775.00000000,False
307180,아이엘,KOSDAQ,전기·전자,5690,-3.55932203,19.38775510,-0.52447552,34.11078717,-0.17543860,46.46501458,39.97539975,89.50437318,48.65889213,1433651753.00000000,1717166190.00000000,False
048530,인트론바이오,KOSDAQ,제약,2865,-0.86505190,47.08454810,-0.52083333,34.14723032,-0.34782609,45.59037901,20.88607595,77.29591837,48.64795918,191059084.69999999,823812285.00000000,False
0099W0,미래에셋비전스팩11호,KOSDAQ,금융,1982,-0.10080645,61.84402332,0.91649695,52.25947522,0.05047956,50.94752187,-0.90000000,31.96064140,48.63338192,10350920.35000000,1079399.00000000,False
053050,지에스이,KOSDAQ,전기·가스·수도,1891,-0.05285412,62.31778426,-0.47368421,34.62099125,0.53163211,53.79008746,5.28953229,52.22303207,48.57871720,753705823.20000005,137942189.00000000,False
451760,컨텍,KOSDAQ,IT 서비스,8030,-8.54214123,1.85860058,-1.71358629,22.99562682,15.20803443,84.54810496,0.24968789,38.33819242,48.57142857,1314959648.25000000,1990141360.00000000,False
094800,맵스리얼티,KOSPI,기타금융,7500,-2.84974093,24.78134111,-5.77889447,7.03352770,4.31154381,67.20116618,31.57894737,85.51384840,48.57142857,1070070687.75000000,616993350.00000000,False
002460,HS화성,KOSPI,건설,11090,0.54397099,77.69679300,-0.53811659,33.92857143,3.25884544,64.21282799,-3.64900087,24.59912536,48.55320700,62161976.25000000,26380060.00000000,False
317450,명인제약,KOSPI,제약,43400,0.00000000,66.01676385,2.72189349,66.90962099,-2.79955207,34.14723032,0.93023256,41.03498542,48.54045190,467941685.00000000,266724150.00000000,False
475240,하나32호스팩,KOSDAQ,금융,2095,0.23923445,73.14139942,0.23923445,45.84548105,0.00000000,49.05247813,0.47961631,39.13994169,48.51676385,35341327.40000000,77098170.00000000,False
068270,셀트리온,KOSPI,제약,182600,0.10964912,70.44460641,2.01117318,62.02623907,-2.92397661,33.60058309,3.28054299,47.12099125,48.51676385,69047032515.75000000,46577101900.00000000,False
057030,YBM넷,KOSDAQ,일반서비스,2115,-0.70422535,49.96355685,3.17073171,69.97084548,-0.47058824,44.77040816,-4.51467269,22.92274052,48.48032070,45321940.65000000,17346150.00000000,False
080420,모다이노칩,KOSDAQ,유통,1595,-0.49906425,52.84256560,2.24358974,63.66618076,-5.11600238,23.87026239,16.67885881,72.70408163,48.47303207,3900025.50000000,447208.00000000,False
00279K,아모레퍼시픽홀딩스3우C,KOSPI,화학,21550,3.35731415,93.76822157,-1.14678899,28.02478134,0.23255814,52.00437318,4.10628019,49.34402332,48.45481050,68409347.25000000,164962225.00000000,False
001540,안국약품,KOSDAQ,제약,10170,2.41691843,91.07142857,2.52016129,65.70699708,-3.05052431,33.01749271,-0.87719298,32.14285714,48.45481050,308598432.00000000,493519860.00000000,False
474650,링크솔루션,KOSDAQ,기계·장비,26500,-7.98611111,2.55102041,-1.11940299,28.35276968,4.33070866,67.34693878,11.11111111,63.66618076,48.43294461,1000642691.25000000,759708150.00000000,False
389030,지니너스,KOSDAQ,일반서비스,2080,-2.11764706,31.81486880,-6.30630631,6.15889213,23.22274882,90.34256560,0.00000000,36.24271137,48.41472303,1025568933.50000000,283578957.00000000,False
002795,아모레퍼시픽홀딩스우,KOSPI,화학,11210,1.53985507,86.66180758,-1.58033363,24.01603499,0.44802867,53.20699708,6.96564885,56.26822157,48.40743440,70604472.50000000,39370430.00000000,False
126560,현대퓨처넷,KOSPI,통신,3375,-0.44247788,54.26384840,-0.44247788,34.96720117,-0.14792899,46.68367347,14.02027027,69.02332362,48.39467930,197911334.44999999,89046876.00000000,False
115310,인포바인,KOSDAQ,통신,9460,-1.14942529,43.00291545,-3.07377049,14.94169096,0.63829787,54.66472303,38.30409357,88.70262391,48.38921283,46897804.50000000,16401420.00000000,False
073110,엘엠에스,KOSDAQ,전기·전자,5200,-3.70370370,17.83892128,-0.19193858,37.71865889,2.97029703,63.53862974,4.10410410,49.30758017,48.37645773,12393463.75000000,16705800.00000000,False
475400,씨메스로보틱스,KOSDAQ,기계·장비,18250,-5.63598759,7.17930029,-0.54495913,33.80102041,1.84151786,59.43877551,13.84903306,68.69533528,48.37281341,1998291259.50000000,672901995.00000000,False
009970,영원무역홀딩스,KOSPI,기타금융,168900,4.00246305,94.86151603,2.17785844,63.41107872,-1.17027501,41.10787172,-8.80129590,16.94606414,48.34183673,1571609637.50000000,2537695400.00000000,False
492220,KB제31호스팩,KOSDAQ,금융,2035,0.00000000,66.01676385,0.24630542,46.02769679,0.00000000,49.05247813,0.99255583,41.32653061,48.29628280,57278192.20000000,13380180.00000000,False
025880,케이씨피드,KOSDAQ,음식료·담배,2340,1.29870130,84.87609329,1.73913043,60.24052478,-0.63694268,43.95043732,-6.02409639,20.69970845,48.27988338,83052376.95000000,27919525.00000000,False
038390,레드캡투어,KOSDAQ,일반서비스,9980,-0.10010010,61.91690962,0.20080321,45.33527697,0.10030090,51.09329446,0.70635721,40.01457726,48.23250729,81379023.50000000,39051925.00000000,False
011390,부산산업,KOSPI,비금속,47900,-0.41580042,54.88338192,6.44444444,82.58017493,-10.29962547,10.89650146,13.37278107,68.00291545,48.22157434,229611417.50000000,73975900.00000000,False
072020,중앙백신,KOSDAQ,제약,9240,0.00000000,66.01676385,1.09409190,53.97230321,-0.53821313,44.31486880,0.32573290,38.48396501,48.21610787,67362034.50000000,89828220.00000000,False
307870,비투엔,KOSDAQ,IT 서비스,1250,-1.65224233,36.91690962,3.39123242,70.99125364,-6.85543964,17.93002915,24.25447316,80.17492711,48.19606414,768611478.10000002,383483343.00000000,False
352700,씨앤투스,KOSDAQ,화학,1480,-1.20160214,42.31049563,-1.72642762,22.81341108,1.99862164,60.13119534,11.86696901,65.26967930,48.18148688,23174894.35000000,15989494.00000000,False
060540,에스에이티,KOSDAQ,의료·정밀기기,1348,0.74738416,80.02915452,-1.17302053,27.69679300,-1.89228530,38.11953353,27.53074740,82.76239067,48.11224490,90563919.70000000,18593909.00000000,False
038870,에코심플렉스,KOSDAQ,일반서비스,2105,-2.77136259,25.61953353,-4.31818182,10.16763848,17.07452725,85.67784257,0.95923261,41.10787172,48.10495627,115835369.45000000,17101500.00000000,False
050760,에스폴리텍,KOSDAQ,화학,1218,-0.49019608,53.15233236,2.01005025,61.98979592,0.49504950,53.55320700,-11.22448980,13.84839650,48.10313411,97823775.70000000,107310135.00000000,False
018680,서울제약,KOSDAQ,제약,1935,0.99164927,82.32507289,1.25588697,55.57580175,0.15527950,51.31195335,-11.64383562,13.22886297,48.07580175,9298442.70000000,10940328.00000000,False
227950,엔투텍,KOSDAQ,기계·장비,1265,-3.72907154,17.56559767,4.71854305,76.31195335,-4.09401061,28.35276968,9.05172414,60.38629738,48.06851312,126092094.09999999,61861562.00000000,False
024070,WISCOM,KOSPI,화학,1974,-0.10121457,61.73469388,-2.27722772,19.02332362,1.91017037,59.69387755,9.66666667,61.51603499,48.06122449,27165440.00000000,8657843.00000000,False
413640,비아이매트릭스,KOSDAQ,IT 서비스,5940,0.50761421,77.29591837,0.16863406,44.97084548,0.16863406,51.49416910,-1.16472546,31.15889213,48.05029155,73409910.25000000,43390750.00000000,False
037330,인지디스플레,KOSDAQ,전기·전자,726,0.13793103,71.17346939,4.76190476,76.43950437,-0.81967213,42.60204082,-26.29441624,4.66472303,48.02295918,29117067.05000000,30974626.00000000,False
030520,한컴,KOSDAQ,IT 서비스,17580,-4.30048993,13.55685131,0.57208238,49.45335277,0.97645032,56.52332362,2.74693162,45.88192420,47.97740525,2450566610.00000000,2632418785.00000000,False
067730,로지시스,KOSDAQ,IT 서비스,2195,0.68807339,79.37317784,0.45766590,48.10495627,-1.56950673,39.50437318,4.02843602,49.01603499,47.97376093,19088172.55000000,19818660.00000000,False
394800,쓰리빌리언,KOSDAQ,일반서비스,5910,-6.92913386,3.53498542,-11.52694611,2.18658892,22.23371251,89.72303207,6.29496403,55.06559767,47.91180758,5862798894.39999962,3420056485.00000000,False
059210,메타바이오메드,KOSDAQ,제약,3765,-0.39682540,55.21137026,2.72851296,66.98250729,-2.58732212,34.91253644,1.07382550,41.50874636,47.88265306,260932230.59999999,165955525.00000000,False
101680,한국정밀기계,KOSDAQ,기계·장비,2840,-3.23679727,21.57434402,-4.21585160,10.56851312,2.34234234,61.58892128,39.90147783,89.43148688,47.84985423,48000024.60000000,20272675.00000000,False
487360,신한제14호스팩,KOSDAQ,금융,2035,0.24630542,73.32361516,0.00000000,41.41763848,0.00000000,49.05247813,1.24378109,42.05539359,47.78972303,24190291.35000000,619770.00000000,False
004250,NPC,KOSPI,화학,2925,2.63157895,92.01895044,3.72340426,72.37609329,-3.46534653,31.04956268,-5.03246753,22.26676385,47.78790087,45437561.05000000,86053958.00000000,False
310870,디와이씨,KOSDAQ,운송장비·부품,1532,-2.60648442,27.22303207,-0.26041667,36.80758017,-0.96961862,41.94606414,32.52595156,86.18804665,47.78061224,185530560.15000001,175349373.00000000,False
038070,서린바이오,KOSDAQ,유통,4110,0.36630037,75.21865889,5.11508951,77.91545190,-3.63423212,30.13848397,-3.97196262,24.12536443,47.77696793,49935370.00000000,61715720.00000000,False
170920,엘티씨,KOSDAQ,화학,40700,-8.02259887,2.44169096,-2.63157895,16.92784257,13.21279555,82.61661808,3.16856781,46.93877551,47.75692420,7552556995.00000000,9998127225.00000000,False
025980,아난티,KOSDAQ,일반서비스,4950,-2.36686391,29.46428571,7.02702703,84.29300292,-13.30998249,6.81486880,29.07431551,83.92857143,47.74599125,8510655528.89999962,3436060950.00000000,False
039240,경남스틸,KOSDAQ,금속,1921,-1.43663417,39.46793003,1.15850448,54.81049563,0.73413739,55.13848397,-2.97979798,26.16618076,47.67857143,98918298.05000000,35526851.00000000,False
020560,아시아나항공,KOSPI,운송·창고,8230,-0.84337349,47.37609329,-1.67264038,23.46938776,1.85643564,59.54810496,9.00662252,60.34985423,47.66763848,1084247105.75000000,609486570.00000000,False
012160,영흥,KOSPI,금속,2175,0.69444444,79.50072886,5.83941606,80.61224490,-7.44680851,16.54518950,2.11267606,44.56997085,47.66581633,70238157.25000000,13107855.00000000,False
015750,성우하이텍,KOSDAQ,운송장비·부품,5920,-1.98675497,32.99927114,1.89328744,61.24271137,-0.83752094,42.49271137,2.24525043,44.82507289,47.63483965,1006054086.75000000,664743905.00000000,False
481890,엔에이치스팩31호,KOSDAQ,금융,2070,0.00000000,66.01676385,0.48543689,48.43294461,0.00000000,49.05247813,-0.24096386,34.40233236,47.63301749,33478951.75000000,4161860.00000000,False
311690,CJ바이오사이언스,KOSDAQ,일반서비스,3880,1.43790850,86.07871720,4.02144772,73.79737609,-2.63488080,34.80320700,-10.39260970,14.65014577,47.59839650,17342469.50000000,22700340.00000000,False
048770,TPC로보틱스,KOSDAQ,기계·장비,4040,-4.37869822,13.04664723,-2.88461538,15.45189504,1.89155107,59.62099125,38.83161512,88.99416910,47.58746356,7131562406.39999962,1165391739.00000000,False
001440,대한전선,KOSPI,전기·전자,29750,-6.59340659,4.51895044,-1.97693575,20.69970845,8.57664234,75.87463557,5.49645390,52.73323615,47.55830904,88411434650.00000000,122114833775.00000000,False
058850,KTcs,KOSPI,IT 서비스,2200,-0.22675737,58.56413994,0.91743119,52.31413994,0.00000000,49.05247813,-0.90090090,31.90597668,47.55284257,218105262.59999999,102800380.00000000,False
069730,DSR제강,KOSPI,금속,5500,1.10294118,83.34548105,0.91743119,52.31413994,-0.90090090,42.38338192,-0.72202166,32.76239067,47.53462099,142554763.25000000,118679075.00000000,False
004780,대륙제관,KOSDAQ,금속,4235,-1.28205128,41.23542274,-0.81967213,31.19533528,0.83333333,55.57580175,8.31202046,59.11078717,47.53462099,100273272.30000000,29481695.00000000,False
004080,신흥,KOSPI,유통,14400,0.27855153,73.76093294,-2.37288136,18.33090379,2.71041369,62.71865889,3.37401292,47.44897959,47.45262391,61700335.25000000,16163290.00000000,False
005965,동부건설우,KOSPI,건설,17100,0.23446659,73.06851312,-0.63916328,32.98104956,0.17574692,51.56705539,3.63636364,48.10495627,47.44897959,3816595.50000000,992360.00000000,False
950130,엑세스바이오,KOSDAQ,제약,2360,7.27272727,97.48542274,6.30630631,82.03352770,-6.71936759,18.54956268,-2.27743271,28.13411079,47.40524781,229328974.59999999,1176727830.00000000,False
002390,한독,KOSPI,제약,8780,0.11402509,70.48104956,3.29411765,70.55393586,-7.86988458,15.59766764,11.42131980,64.50437318,47.35422741,75770477.00000000,98981010.00000000,False
376900,로킷헬스케어,KOSDAQ,제약,27750,-3.81282496,16.80029155,0.18050542,45.18950437,9.25196850,77.25947522,-23.34254144,6.04956268,47.35058309,4324577058.75000000,3309784950.00000000,False
260930,씨티케이,KOSDAQ,화학,2385,1.70575693,87.60932945,4.60526316,75.91107872,-3.04878049,33.05393586,-11.99261993,12.90087464,47.33600583,53601128.25000000,58156495.00000000,False
001685,대상우,KOSPI,음식료·담배,14670,0.06821282,70.00728863,0.34199726,47.04810496,-0.74424899,43.14868805,2.22996516,44.78862974,47.33236152,16240099.75000000,3451130.00000000,False
025530,SJM홀딩스,KOSPI,유통,3650,0.41265475,75.80174927,-0.68027211,32.54373178,-0.13679891,46.82944606,6.88140556,56.12244898,47.29956268,18722445.25000000,12424460.00000000,False
120110,코오롱인더,KOSPI,화학,55900,-3.95189003,15.63411079,1.82149362,60.62317784,0.17921147,51.78571429,-0.35650624,34.03790087,47.27223032,10420557060.00000000,6615451650.00000000,False
377740,바이오노트,KOSPI,제약,4695,0.64308682,78.79008746,0.85929108,51.82215743,-1.98329854,37.68221574,1.84381779,43.76822157,47.25218659,181845810.15000001,290535205.00000000,False
000725,현대건설우,KOSPI,건설,52000,0.77519380,80.43002915,0.00000000,41.41763848,-1.88679245,38.15597668,7.54912099,57.54373178,47.23943149,113546485.00000000,103713900.00000000,False
004310,현대약품,KOSPI,제약,8080,-3.34928230,20.79081633,-5.71761960,7.21574344,1.63522013,58.89212828,78.36644592,97.12099125,47.22485423,72758789543.75000000,8967723200.00000000,False
0004Y0,디비금융제14호스팩,KOSDAQ,금융,2000,0.00000000,66.01676385,0.10010010,44.13265306,0.15022534,51.23906706,-0.24937656,34.29300292,47.19569971,23552775.45000000,36298383.00000000,False
099440,스맥,KOSDAQ,기계·장비,3825,-1.54440154,37.93731778,-3.77358491,11.95335277,0.65789474,54.73760933,40.10989011,89.57725948,47.19023324,1246640178.75000000,480203972.00000000,False
009160,SIMPAC,KOSPI,금속,4915,-1.40421264,39.83236152,3.36487907,70.91836735,-0.90725806,42.27405248,-3.43811395,24.85422741,47.13921283,269734348.89999998,194998825.00000000,False
357550,석경에이티,KOSDAQ,화학,32500,-3.27380952,21.17346939,6.55737705,82.92638484,-1.21580547,40.81632653,-7.14285714,19.05976676,47.13374636,73227886.25000000,49303675.00000000,False
010770,평화홀딩스,KOSPI,운송장비·부품,3540,0.14144272,71.28279883,0.85470085,51.74927114,0.28328612,52.44169096,-8.40879690,17.49271137,47.12827988,65553579.35000000,45887220.00000000,False
002220,한일철강,KOSPI,금속,2905,2.28873239,90.59766764,6.80147059,83.70991254,-3.64842454,30.10204082,-26.45569620,4.48250729,47.11005831,340253101.80000001,252577635.00000000,False
170900,동아에스티,KOSPI,제약,35450,1.14122682,83.70991254,2.45664740,65.05102041,-4.05953992,28.57142857,0.42492918,38.95772595,47.10641399,278273040.00000000,218842725.00000000,False
052020,에스티큐브,KOSDAQ,유통,7730,-2.88944724,24.56268222,5.02717391,77.33236152,-3.97515528,28.89941691,4.17789757,49.41690962,47.09912536,1243484175.00000000,688268210.00000000,False
032540,TJ미디어,KOSDAQ,전기·전자,3700,-1.98675497,32.99927114,-2.63157895,16.92784257,2.92072323,63.33819242,12.80487805,66.87317784,47.08819242,35573970.05000000,7705510.00000000,False
040420,정상제이엘에스,KOSDAQ,일반서비스,5830,0.00000000,66.01676385,-0.17123288,37.97376093,0.51724138,53.66253644,0.17182131,38.11953353,47.08272595,62492770.00000000,47632605.00000000,False
474170,루미르,KOSDAQ,운송장비·부품,6900,-8.00000000,2.47813411,-3.08988764,14.86880466,10.04784689,78.46209913,6.15384615,54.81049563,47.05539359,482612928.25000000,1085129250.00000000,False
037270,YGPLUS,KOSPI,IT 서비스,3145,1.28824477,84.80320700,1.45161290,57.61661808,-0.78864353,42.74781341,-5.97907324,20.77259475,47.01895044,314627473.80000001,733973354.00000000,False
435570,에르코스,KOSDAQ,음식료·담배,7050,0.14204545,71.31924198,-0.56417489,33.60058309,-1.26050420,40.61588921,13.16211878,67.63848397,46.98615160,19508145.00000000,24466140.00000000,False
086040,바이오톡스텍,KOSDAQ,일반서비스,2290,0.43859649,76.09329446,2.23214286,63.55685131,-4.18410042,27.66034985,2.92134831,46.20991254,46.98250729,17429722.90000000,10953335.00000000,False
028080,휴맥스홀딩스,KOSDAQ,IT 서비스,5170,0.00000000,66.01676385,0.00000000,41.41763848,2.57936508,62.24489796,-9.93031359,15.26967930,46.97886297,9166592.25000000,0.00000000,False
002030,아세아,KOSPI,일반서비스,205000,0.24449878,73.28717201,-0.48543689,34.47521866,-0.72639225,43.36734694,8.75331565,59.76676385,46.97157434,382329025.00000000,306615000.00000000,False
311390,네오크레마,KOSDAQ,음식료·담배,2515,1.20724346,84.29300292,-1.56555773,24.16180758,3.92561983,66.21720117,-4.00763359,23.94314869,46.95335277,65085907.45000000,133065205.00000000,False
263700,케어랩스,KOSDAQ,일반서비스,2170,-1.80995475,35.42274052,-6.66666667,5.52113703,13.61256545,83.05393586,1.40186916,42.56559767,46.93330904,58156051.65000000,19660822.00000000,False
090710,휴림로봇,KOSDAQ,기계·장비,6280,-5.27903469,8.67346939,2.95081967,68.58600583,0.15948963,51.40306122,-3.68098160,24.48979592,46.90233236,7832172424.00000000,6034974500.00000000,False
024910,경창산업,KOSDAQ,운송장비·부품,1523,0.26333114,73.68804665,2.55892256,65.96209913,-4.15355570,27.73323615,1.60106738,43.22157434,46.89504373,52809863.50000000,46702847.00000000,False
000430,대원강업,KOSPI,운송장비·부품,4445,0.90805902,81.26822157,-4.91978610,8.60058309,1.25284738,57.61661808,11.96473552,65.52478134,46.85860058,560034070.35000002,268288525.00000000,False
476830,알지노믹스,KOSDAQ,일반서비스,27750,-8.11258278,2.36880466,14.66942149,94.75218659,-1.59574468,39.35860058,-13.00940439,12.20845481,46.84766764,7838256290.00000000,11220527375.00000000,False
195500,마니커에프앤지,KOSDAQ,음식료·담배,1723,-0.28935185,57.32507289,1.35294118,56.52332362,-2.87485908,33.89212828,5.44675643,52.69679300,46.78571429,56354178.75000000,17880693.00000000,False
016360,삼성증권,KOSPI,증권,88900,-0.44792833,54.19096210,0.67950170,50.40087464,2.41935484,61.77113703,-20.41181737,7.65306122,46.77842566,24756720435.40000153,21372879600.00000000,False
001130,대한제분,KOSPI,음식료·담배,11210,1.44796380,86.18804665,2.46800731,65.12390671,-4.18803419,27.62390671,0.08928571,37.82798834,46.77113703,143596273.75000000,180533280.00000000,False
076610,해성옵틱스,KOSDAQ,의료·정밀기기,1149,-2.54452926,27.69679300,2.13333333,62.97376093,-4.96277916,24.63556851,20.06269592,76.23906706,46.76384840,915574574.29999995,699283069.00000000,False
0041J0,엘에스스팩1호,KOSDAQ,금융,1987,-0.35105316,56.01311953,1.06815870,53.75364431,-0.35105316,45.55393586,-0.40100251,33.89212828,46.72740525,10345654.00000000,3419108.00000000,False
053030,바이넥스,KOSDAQ,제약,6580,-0.60422961,51.31195335,5.44871795,79.33673469,-2.94985251,33.52769679,-5.32374101,21.75655977,46.69460641,366961086.50000000,224157400.00000000,False
004440,삼일씨엔에스,KOSPI,비금속,5440,-0.91074681,46.42857143,0.92764378,52.53279883,0.92764378,56.19533528,-7.16723549,19.02332362,46.68549563,543176205.54999995,136966280.00000000,False
078930,GS,KOSPI,기타금융,109800,3.48727615,93.98688047,0.91911765,52.36880466,-11.38014528,9.25655977,39.69465649,89.28571429,46.66909621,44343292089.75000000,49934677400.00000000,False
001620,케이비아이동국실업,KOSPI,운송장비·부품,2200,0.91743119,81.45043732,1.85185185,60.84183673,-2.65486726,34.69387755,-0.90090090,31.90597668,46.65634111,29261954.65000000,23593505.00000000,False
034020,두산에너빌리티,KOSPI,기계·장비,79900,-2.08333333,32.23396501,-0.74534161,31.63265306,0.88383838,55.72157434,7.97297297,58.23615160,46.64905248,239585427295.00000000,188144958900.00000000,False
222110,팬젠,KOSDAQ,제약,4790,0.31413613,74.41690962,1.37566138,56.92419825,-4.10410410,28.31632653,5.85635359,53.89941691,46.62536443,29253158.25000000,14764020.00000000,False
049630,재영솔루텍,KOSDAQ,의료·정밀기기,7050,-4.85829960,10.55029155,0.71428571,50.60131195,-1.26050420,40.61588921,15.19607843,70.55393586,46.59256560,1425421874.75000000,1292829135.00000000,False
031510,오스템,KOSDAQ,운송장비·부품,1131,0.44404973,76.23906706,-1.48083624,24.92711370,0.17714792,51.63994169,5.89887640,54.15451895,46.58892128,62744546.95000000,58496058.00000000,False
092040,아미코젠,KOSDAQ,음식료·담배,996,0.20120724,72.55830904,3.10559006,69.56997085,-1.67818361,39.06705539,-10.67264574,14.17638484,46.58892128,390080550.10000002,261655604.00000000,False
217730,강스템바이오텍,KOSDAQ,제약,2230,-2.62008734,27.07725948,7.21153846,84.76676385,-1.54525386,39.57725948,-11.85770751,13.04664723,46.57798834,499792322.75000000,543899307.00000000,False
200780,비씨월드제약,KOSDAQ,제약,3040,-0.16420361,60.25874636,0.33003300,46.90233236,0.66225166,54.77405248,-4.70219436,22.66763848,46.53972303,14938886.25000000,13374705.00000000,False
010660,화천기계,KOSPI,기계·장비,3025,-2.10355987,31.96064140,-0.16501650,38.04664723,-0.49342105,44.49708455,15.23809524,70.62682216,46.53425656,200539174.05000001,85061735.00000000,False
023410,유진기업,KOSDAQ,비금속,3235,-1.07033639,44.38775510,0.93603744,52.69679300,1.41065831,58.12682216,-10.01390821,15.16034985,46.53061224,668015622.45000005,528853633.00000000,False
310200,애니플러스,KOSDAQ,오락·문화,2115,-5.36912752,8.30903790,0.95465394,52.91545190,3.42298289,64.65014577,-6.62251656,19.82507289,46.53061224,407148223.64999998,529516610.00000000,False
018250,애경산업,KOSPI,화학,11310,1.25335721,84.62099125,0.98214286,53.24344023,-3.25064157,32.28862974,2.72479564,45.84548105,46.51967930,209110600.25000000,222295940.00000000,False
475580,에이럭스,KOSDAQ,기타제조,7290,-2.80000000,25.36443149,-0.68119891,32.50728863,1.95804196,59.94897959,4.74137931,50.94752187,46.45772595,1776601535.00000000,262343250.00000000,False
161890,한국콜마,KOSPI,화학,144100,4.34467777,95.33527697,-3.67647059,12.39067055,-1.16598080,41.18075802,28.54594112,83.49125364,46.42128280,43838473160.00000000,73919939800.00000000,False
032280,삼일,KOSDAQ,운송·창고,1327,0.30234316,74.19825073,0.45420136,47.95918367,-3.35032775,31.59620991,8.77049180,59.80320700,46.40670554,39664492.50000000,5574656.00000000,False
053700,삼보모터스,KOSDAQ,운송장비·부품,3945,-2.35148515,29.73760933,1.54440154,58.45481050,-2.35148515,36.15160350,7.20108696,56.99708455,46.37026239,369634359.39999998,287250615.00000000,False
000700,유수홀딩스,KOSPI,일반서비스,6570,-0.60514372,51.27551020,-0.45454545,34.82142857,-1.05421687,41.61807580,15.26315789,70.66326531,46.35386297,156995212.50000000,131292290.00000000,False
236200,슈프리마,KOSDAQ,전기·전자,54200,-9.96677741,0.83819242,-3.21428571,14.54081633,4.23076923,66.98250729,19.64679912,75.56486880,46.35204082,1461091922.50000000,2608099350.00000000,False
012280,영화금속,KOSPI,운송장비·부품,3835,4.21195652,95.22594752,5.06849315,77.66034985,-4.48318804,26.31195335,-10.08206331,14.90524781,46.32653061,65746119.05000000,83442570.00000000,False
175140,아고스,KOSDAQ,전기·전자,2345,1.07758621,83.12682216,2.85087719,67.93002915,-4.86815416,24.92711370,0.21367521,38.22886297,46.30830904,53766837.15000000,35485636.00000000,False
000050,경방,KOSPI,유통,8030,1.00628931,82.39795918,1.13350126,54.55539359,-1.59313725,39.43148688,-1.83374083,29.62827988,46.30466472,201202304.00000000,1082113965.00000000,False
016710,대성홀딩스,KOSPI,일반서비스,6910,0.14492754,71.39212828,-1.28571429,26.82215743,0.58224163,54.15451895,3.28849028,47.26676385,46.30102041,81213633.75000000,60302430.00000000,False
033530,SJG세종,KOSPI,운송장비·부품,6790,-0.58565154,51.60349854,0.14749263,44.67930029,-3.00000000,33.38192420,16.06837607,71.75655977,46.26822157,210290124.00000000,185721420.00000000,False
100700,세운메디칼,KOSDAQ,제약,2355,1.50862069,86.55247813,2.39130435,64.79591837,-4.65587045,25.54664723,0.64102564,39.72303207,46.25728863,166590260.94999999,180835368.00000000,False
092190,서울바이오시스,KOSDAQ,전기·전자,8000,-5.88235294,6.15889213,-5.10083037,8.23615160,2.82776350,62.90087464,41.59292035,90.01457726,46.25000000,1545369739.75000000,1628228950.00000000,False
013570,디와이,KOSPI,기타금융,4210,0.00000000,66.01676385,1.08043217,53.79008746,-3.88127854,29.26384840,8.22622108,58.89212828,46.22266764,133413542.84999999,56029849.00000000,False
036190,금화피에스시,KOSDAQ,건설,33500,-0.14903130,60.53206997,-1.47058824,25.01822157,1.20845921,57.32507289,3.87596899,48.65160350,46.21902332,122995131.25000000,152372225.00000000,False
373110,엑셀세라퓨틱스,KOSDAQ,제약,1056,0.57142857,77.87900875,5.81162325,80.53935860,-4.52079566,26.16618076,-7.20562390,18.91399417,46.19897959,90459725.05000000,66870589.00000000,False
900290,GRT,KOSDAQ,금융,3390,1.64917541,87.13556851,1.34529148,56.45043732,-14.28571429,6.15889213,42.43697479,90.34256560,46.18075802,885601045.60000002,433063628.00000000,False
221980,케이디켐,KOSDAQ,화학,9510,1.60256410,86.84402332,-1.04058273,29.11807580,1.60256410,58.70991254,-2.95918367,26.31195335,46.16618076,7597739.50000000,7015960.00000000,False
097520,엠씨넥스,KOSPI,전기·전자,19120,-1.89840944,34.32944606,-0.20876827,37.39067055,0.42016807,53.17055394,4.93962678,51.23906706,46.16618076,520850501.50000000,571334730.00000000,False
023160,태광,KOSDAQ,금속,26650,-1.66051661,36.84402332,-2.91438980,15.30612245,1.91204589,59.73032070,14.87068966,69.93440233,46.15524781,6137999522.50000000,3973395575.00000000,False
021040,대호특수강,KOSDAQ,금속,937,0.64446831,78.82653061,-0.31914894,36.15160350,-0.31914894,45.69970845,2.62869660,45.69970845,46.14795918,23695617.20000000,16939760.00000000,False
195940,HK이노엔,KOSDAQ,제약,40650,-1.45454545,39.28571429,2.91139241,68.29446064,-3.32936980,31.77842566,2.13567839,44.67930029,46.06413994,3478514946.25000000,3601679875.00000000,False
461030,아이엠비디엑스,KOSDAQ,일반서비스,2920,-3.78912685,17.09183673,2.63620387,66.36297376,0.34364261,52.76967930,-9.17573872,16.50874636,46.02769679,58601443.00000000,36291732.00000000,False
493790,유안타제17호스팩,KOSDAQ,금융,2020,0.00000000,66.01676385,0.24813896,46.10058309,-0.49261084,44.53352770,0.39761431,38.77551020,46.00036443,19366847.95000000,4208265.00000000,False
330350,위더스제약,KOSDAQ,제약,7140,-0.97087379,45.31705539,0.28089888,46.46501458,-2.85714286,33.96501458,14.60674157,69.71574344,46.00036443,2568512889.75000000,429572250.00000000,False
003520,영진약품,KOSPI,제약,1070,3.58180058,94.31486880,3.88349515,73.17784257,-4.12186380,28.17055394,-9.01360544,16.72740525,45.99854227,420456988.50000000,347509735.00000000,False
474660,신한제12호스팩,KOSDAQ,금융,2090,-0.09560229,62.02623907,0.00000000,41.41763848,-0.23866348,46.28279883,1.95121951,44.05976676,45.95298834,54946364.00000000,178290982.00000000,False
000300,DH오토넥스,KOSPI,운송장비·부품,4200,0.00000000,66.01676385,0.00000000,41.41763848,0.00000000,49.05247813,0.00000000,36.24271137,45.89650146,0.00000000,0.00000000,False
001470,삼부토건,KOSPI,건설,5820,0.00000000,66.01676385,0.00000000,41.41763848,0.00000000,49.05247813,0.00000000,36.24271137,45.89650146,0.00000000,0.00000000,False
001570,금양,KOSPI,화학,9900,0.00000000,66.01676385,0.00000000,41.41763848,0.00000000,49.05247813,0.00000000,36.24271137,45.89650146,0.00000000,0.00000000,False
001840,이화공영,KOSDAQ,건설,2215,0.00000000,66.01676385,0.00000000,41.41763848,0.00000000,49.05247813,0.00000000,36.24271137,45.89650146,0.00000000,0.00000000,False
002410,범양건영,KOSPI,건설,1935,0.00000000,66.01676385,0.00000000,41.41763848,0.00000000,49.05247813,0.00000000,36.24271137,45.89650146,0.00000000,0.00000000,False
008600,윌비스,KOSPI,유통,2620,0.00000000,66.01676385,0.00000000,41.41763848,0.00000000,49.05247813,0.00000000,36.24271137,45.89650146,0.00000000,0.00000000,False
009310,참엔지니어링,KOSPI,기계·장비,5330,0.00000000,66.01676385,0.00000000,41.41763848,0.00000000,49.05247813,0.00000000,36.24271137,45.89650146,0.00000000,0.00000000,False
009440,KC그린홀딩스,KOSPI,기타금융,756,0.00000000,66.01676385,0.00000000,41.41763848,0.00000000,49.05247813,0.00000000,36.24271137,45.89650146,0.00000000,0.00000000,False
011000,진원생명과학,KOSPI,제약,2670,0.00000000,66.01676385,0.00000000,41.41763848,0.00000000,49.05247813,0.00000000,36.24271137,45.89650146,0.00000000,0.00000000,False
011810,STX,KOSPI,유통,3530,0.00000000,66.01676385,0.00000000,41.41763848,0.00000000,49.05247813,0.00000000,36.24271137,45.89650146,0.00000000,0.00000000,False
015020,이스타코,KOSPI,부동산,928,0.00000000,66.01676385,0.00000000,41.41763848,0.00000000,49.05247813,0.00000000,36.24271137,45.89650146,0.00000000,0.00000000,False
016790,현대사료,KOSDAQ,음식료·담배,994,0.00000000,66.01676385,0.00000000,41.41763848,0.00000000,49.05247813,0.00000000,36.24271137,45.89650146,0.00000000,0.00000000,False
017040,광명전기,KOSPI,전기·전자,932,0.00000000,66.01676385,0.00000000,41.41763848,0.00000000,49.05247813,0.00000000,36.24271137,45.89650146,0.00000000,0.00000000,False
019490,엑시큐어하이트론,KOSPI,전기·전자,541,0.00000000,66.01676385,0.00000000,41.41763848,0.00000000,49.05247813,0.00000000,36.24271137,45.89650146,0.00000000,0.00000000,False
020760,일진디스플,KOSPI,전기·전자,902,0.00000000,66.01676385,0.00000000,41.41763848,0.00000000,49.05247813,0.00000000,36.24271137,45.89650146,0.00000000,0.00000000,False
023440,제이스코홀딩스,KOSDAQ,금속,521,0.00000000,66.01676385,0.00000000,41.41763848,0.00000000,49.05247813,0.00000000,36.24271137,45.89650146,0.00000000,0.00000000,False
030350,드래곤플라이,KOSDAQ,IT 서비스,973,0.00000000,66.01676385,0.00000000,41.41763848,0.00000000,49.05247813,0.00000000,36.24271137,45.89650146,0.00000000,0.00000000,False
031860,디에이치엑스컴퍼니,KOSDAQ,유통,6930,0.00000000,66.01676385,0.00000000,41.41763848,0.00000000,49.05247813,0.00000000,36.24271137,45.89650146,0.00000000,0.00000000,False
036690,코맥스,KOSDAQ,전기·전자,2885,0.00000000,66.01676385,0.00000000,41.41763848,0.00000000,49.05247813,0.00000000,36.24271137,45.89650146,0.00000000,0.00000000,False
041590,플래스크,KOSDAQ,건설,2370,0.00000000,66.01676385,0.00000000,41.41763848,0.00000000,49.05247813,0.00000000,36.24271137,45.89650146,0.00000000,0.00000000,False
043100,알파AI,KOSDAQ,의료·정밀기기,520,0.00000000,66.01676385,0.00000000,41.41763848,0.00000000,49.05247813,0.00000000,36.24271137,45.89650146,0.00000000,0.00000000,False
043220,티에스넥스젠,KOSDAQ,기계·장비,1710,0.00000000,66.01676385,0.00000000,41.41763848,0.00000000,49.05247813,0.00000000,36.24271137,45.89650146,0.00000000,0.00000000,False
044180,KD,KOSDAQ,건설,205,0.00000000,66.01676385,0.00000000,41.41763848,0.00000000,49.05247813,0.00000000,36.24271137,45.89650146,0.00000000,0.00000000,False
049180,셀루메드,KOSDAQ,제약,1009,0.00000000,66.01676385,0.00000000,41.41763848,0.00000000,49.05247813,0.00000000,36.24271137,45.89650146,0.00000000,0.00000000,False
052770,아이톡시,KOSDAQ,IT 서비스,312,0.00000000,66.01676385,0.00000000,41.41763848,0.00000000,49.05247813,0.00000000,36.24271137,45.89650146,0.00000000,0.00000000,False
054180,메디콕스,KOSDAQ,운송장비·부품,2295,0.00000000,66.01676385,0.00000000,41.41763848,0.00000000,49.05247813,0.00000000,36.24271137,45.89650146,0.00000000,0.00000000,False
064090,인크레더블버즈,KOSDAQ,유통,798,0.00000000,66.01676385,0.00000000,41.41763848,0.00000000,49.05247813,0.00000000,36.24271137,45.89650146,0.00000000,0.00000000,False
065570,삼영이엔씨,KOSDAQ,전기·전자,764,0.00000000,66.01676385,0.00000000,41.41763848,0.00000000,49.05247813,0.00000000,36.24271137,45.89650146,0.00000000,0.00000000,False
066410,버킷스튜디오,KOSDAQ,통신,1153,0.00000000,66.01676385,0.00000000,41.41763848,0.00000000,49.05247813,0.00000000,36.24271137,45.89650146,0.00000000,0.00000000,False
066790,씨씨에스,KOSDAQ,오락·문화,2205,0.00000000,66.01676385,0.00000000,41.41763848,0.00000000,49.05247813,0.00000000,36.24271137,45.89650146,0.00000000,0.00000000,False
068240,다원시스,KOSDAQ,전기·전자,2530,0.00000000,66.01676385,0.00000000,41.41763848,0.00000000,49.05247813,0.00000000,36.24271137,45.89650146,0.00000000,0.00000000,False
068940,셀피글로벌,KOSDAQ,전기·전자,778,0.00000000,66.01676385,0.00000000,41.41763848,0.00000000,49.05247813,0.00000000,36.24271137,45.89650146,0.00000000,0.00000000,False
069460,대호에이엘,KOSPI,금속,2660,0.00000000,66.01676385,0.00000000,41.41763848,0.00000000,49.05247813,0.00000000,36.24271137,45.89650146,0.00000000,0.00000000,False
073640,테라사이언스,KOSDAQ,금속,654,0.00000000,66.01676385,0.00000000,41.41763848,0.00000000,49.05247813,0.00000000,36.24271137,45.89650146,0.00000000,0.00000000,False
074610,이엔플러스,KOSPI,기계·장비,5110,0.00000000,66.01676385,0.00000000,41.41763848,0.00000000,49.05247813,0.00000000,36.24271137,45.89650146,0.00000000,0.00000000,False
079970,투비소프트,KOSDAQ,IT 서비스,596,0.00000000,66.01676385,0.00000000,41.41763848,0.00000000,49.05247813,0.00000000,36.24271137,45.89650146,0.00000000,0.00000000,False
080720,한국유니온제약,KOSDAQ,제약,2410,0.00000000,66.01676385,0.00000000,41.41763848,0.00000000,49.05247813,0.00000000,36.24271137,45.89650146,0.00000000,0.00000000,False
099520,DGI,KOSDAQ,전기·전자,1284,0.00000000,66.01676385,0.00000000,41.41763848,0.00000000,49.05247813,0.00000000,36.24271137,45.89650146,0.00000000,0.00000000,False
106080,케이이엠텍,KOSDAQ,전기·전자,1650,0.00000000,66.01676385,0.00000000,41.41763848,0.00000000,49.05247813,0.00000000,36.24271137,45.89650146,0.00000000,0.00000000,False
119650,KC코트렐,KOSPI,기계·장비,918,0.00000000,66.01676385,0.00000000,41.41763848,0.00000000,49.05247813,0.00000000,36.24271137,45.89650146,0.00000000,0.00000000,False
121800,비덴트,KOSDAQ,전기·전자,3320,0.00000000,66.01676385,0.00000000,41.41763848,0.00000000,49.05247813,0.00000000,36.24271137,45.89650146,0.00000000,0.00000000,False
143210,핸즈코퍼레이션,KOSPI,운송장비·부품,1199,0.00000000,66.01676385,0.00000000,41.41763848,0.00000000,49.05247813,0.00000000,36.24271137,45.89650146,0.00000000,0.00000000,False
145210,다이나믹디자인,KOSPI,기계·장비,2240,0.00000000,66.01676385,0.00000000,41.41763848,0.00000000,49.05247813,0.00000000,36.24271137,45.89650146,0.00000000,0.00000000,False
182400,엔케이젠바이오텍코리아,KOSDAQ,제약,3670,0.00000000,66.01676385,0.00000000,41.41763848,0.00000000,49.05247813,0.00000000,36.24271137,45.89650146,0.00000000,0.00000000,False
183490,엔지켐생명과학,KOSDAQ,제약,990,0.00000000,66.01676385,0.00000000,41.41763848,0.00000000,49.05247813,0.00000000,36.24271137,45.89650146,0.00000000,0.00000000,False
214610,롤링스톤,KOSDAQ,의료·정밀기기,2290,0.00000000,66.01676385,0.00000000,41.41763848,0.00000000,49.05247813,0.00000000,36.24271137,45.89650146,0.00000000,0.00000000,False
217480,에스디생명공학,KOSDAQ,화학,499,0.00000000,66.01676385,0.00000000,41.41763848,0.00000000,49.05247813,0.00000000,36.24271137,45.89650146,0.00000000,0.00000000,False
234920,자이글,KOSDAQ,전기·전자,5310,0.00000000,66.01676385,0.00000000,41.41763848,0.00000000,49.05247813,0.00000000,36.24271137,45.89650146,0.00000000,0.00000000,False
241820,피씨엘,KOSDAQ,제약,6040,0.00000000,66.01676385,0.00000000,41.41763848,0.00000000,49.05247813,0.00000000,36.24271137,45.89650146,0.00000000,0.00000000,False
244460,올리패스,KOSDAQ,제약,1651,0.00000000,66.01676385,0.00000000,41.41763848,0.00000000,49.05247813,0.00000000,36.24271137,45.89650146,0.00000000,0.00000000,False
245620,EDGC,KOSDAQ,일반서비스,741,0.00000000,66.01676385,0.00000000,41.41763848,0.00000000,49.05247813,0.00000000,36.24271137,45.89650146,0.00000000,0.00000000,False
246250,에스엘에스바이오,KOSDAQ,일반서비스,1969,0.00000000,66.01676385,0.00000000,41.41763848,0.00000000,49.05247813,0.00000000,36.24271137,45.89650146,0.00000000,0.00000000,False
246720,아스타,KOSDAQ,제약,6070,0.00000000,66.01676385,0.00000000,41.41763848,0.00000000,49.05247813,0.00000000,36.24271137,45.89650146,0.00000000,0.00000000,False
258830,세종메디칼,KOSDAQ,의료·정밀기기,412,0.00000000,66.01676385,0.00000000,41.41763848,0.00000000,49.05247813,0.00000000,36.24271137,45.89650146,0.00000000,0.00000000,False
263050,유틸렉스,KOSDAQ,제약,959,0.00000000,66.01676385,0.00000000,41.41763848,0.00000000,49.05247813,0.00000000,36.24271137,45.89650146,0.00000000,0.00000000,False
276040,스코넥,KOSDAQ,IT 서비스,327,0.00000000,66.01676385,0.00000000,41.41763848,0.00000000,49.05247813,0.00000000,36.24271137,45.89650146,0.00000000,0.00000000,False
284620,카이노스메드,KOSDAQ,일반서비스,1087,0.00000000,66.01676385,0.00000000,41.41763848,0.00000000,49.05247813,0.00000000,36.24271137,45.89650146,0.00000000,0.00000000,False
288330,파라택시스코리아,KOSDAQ,일반서비스,416,0.00000000,66.01676385,0.00000000,41.41763848,0.00000000,49.05247813,0.00000000,36.24271137,45.89650146,0.00000000,0.00000000,False
294090,이오플로우,KOSDAQ,의료·정밀기기,1490,0.00000000,66.01676385,0.00000000,41.41763848,0.00000000,49.05247813,0.00000000,36.24271137,45.89650146,0.00000000,0.00000000,False
309710,아이티켐,KOSDAQ,제약,21000,0.00000000,66.01676385,0.00000000,41.41763848,0.00000000,49.05247813,0.00000000,36.24271137,45.89650146,0.00000000,0.00000000,False
313760,캐리,KOSDAQ,전기·전자,468,0.00000000,66.01676385,0.00000000,41.41763848,0.00000000,49.05247813,0.00000000,36.24271137,45.89650146,0.00000000,0.00000000,False
340930,성원에너텍,KOSDAQ,기계·장비,806,0.00000000,66.01676385,0.00000000,41.41763848,0.00000000,49.05247813,0.00000000,36.24271137,45.89650146,0.00000000,0.00000000,False
348950,제이알글로벌리츠,KOSPI,부동산,1182,0.00000000,66.01676385,0.00000000,41.41763848,0.00000000,49.05247813,0.00000000,36.24271137,45.89650146,0.00000000,0.00000000,False
352770,셀레스트라,KOSDAQ,일반서비스,5250,0.00000000,66.01676385,0.00000000,41.41763848,0.00000000,49.05247813,0.00000000,36.24271137,45.89650146,0.00000000,0.00000000,False
377460,큐에이드,KOSDAQ,일반서비스,4080,0.00000000,66.01676385,0.00000000,41.41763848,0.00000000,49.05247813,0.00000000,36.24271137,45.89650146,0.00000000,0.00000000,False
380540,옵티코어,KOSDAQ,전기·전자,8450,0.00000000,66.01676385,0.00000000,41.41763848,0.00000000,49.05247813,0.00000000,36.24271137,45.89650146,0.00000000,0.00000000,False
393970,대진첨단소재,KOSDAQ,화학,2825,0.00000000,66.01676385,0.00000000,41.41763848,0.00000000,49.05247813,0.00000000,36.24271137,45.89650146,0.00000000,0.00000000,False
412540,제일엠앤에스,KOSDAQ,기계·장비,3935,0.00000000,66.01676385,0.00000000,41.41763848,0.00000000,49.05247813,0.00000000,36.24271137,45.89650146,0.00000000,0.00000000,False
418250,시큐레터,KOSDAQ,IT 서비스,6550,0.00000000,66.01676385,0.00000000,41.41763848,0.00000000,49.05247813,0.00000000,36.24271137,45.89650146,0.00000000,0.00000000,False
468760,유진스팩10호,KOSDAQ,금융,2080,0.00000000,66.01676385,0.00000000,41.41763848,0.00000000,49.05247813,0.00000000,36.24271137,45.89650146,0.00000000,0.00000000,False
482680,미래에셋비전스팩7호,KOSDAQ,금융,2055,0.00000000,66.01676385,0.00000000,41.41763848,0.00000000,49.05247813,0.00000000,36.24271137,45.89650146,0.00000000,0.00000000,False
034950,한국기업평가,KOSDAQ,일반서비스,103400,0.97656250,82.23396501,-0.09661836,38.81195335,-0.48123195,44.64285714,0.87804878,40.81632653,45.88739067,74454170.00000000,118689300.00000000,False
260660,알리코제약,KOSDAQ,제약,2355,2.83842795,92.49271137,2.61437908,66.21720117,-4.26829268,27.18658892,-1.87500000,29.37317784,45.86370262,212186702.75000000,84284820.00000000,False
478390,KB제29호스팩,KOSDAQ,금융,2065,-0.48192771,53.31632653,0.24271845,45.99125364,-0.24154589,46.17346939,0.97799511,41.23542274,45.84548105,31230539.95000000,23566935.00000000,False
000225,유유제약1우,KOSPI,제약,3640,0.41379310,75.83819242,-0.27397260,36.66180758,0.13755158,51.20262391,-0.41039672,33.85568513,45.83454810,14883520.75000000,22565530.00000000,False
003620,KG모빌리티,KOSPI,운송장비·부품,2590,-0.38461538,55.50291545,3.60000000,71.82944606,-1.70777989,38.84839650,-9.44055944,15.92565598,45.82361516,1124300247.25000000,1193638903.00000000,False
066900,디에이피,KOSDAQ,전기·전자,1784,-0.83379655,47.55830904,-0.66815145,32.61661808,3.42028986,64.61370262,-2.77929155,26.82215743,45.75072886,14589969.40000000,7111125.00000000,False
0037T0,KB제32호스팩,KOSDAQ,금융,1993,-0.30015008,57.10641399,0.45362903,47.92274052,-0.10025063,47.01166181,-0.35000000,34.11078717,45.71428571,28265376.25000000,10992534.00000000,False
473000,에스케이증권제12호스팩,KOSDAQ,금융,2080,0.00000000,66.01676385,-0.23980815,37.09912536,0.00000000,49.05247813,1.21654501,41.80029155,45.71246356,17008602.60000000,651055.00000000,False
014940,오리엔탈정공,KOSDAQ,기계·장비,4485,-1.96721311,33.21793003,2.16400911,63.33819242,-2.71149675,34.47521866,3.57967667,47.99562682,45.71246356,532012907.85000002,482915850.00000000,False
097950,CJ제일제당,KOSPI,음식료·담배,181700,1.16926503,84.00145773,1.33853876,56.37755102,-0.92693566,42.16472303,-8.32492432,17.52915452,45.68513120,8553568112.50000000,11960176200.00000000,False
009155,삼성전기우,KOSPI,전기·전자,528000,-2.40295749,29.04518950,-0.93808630,30.24781341,5.38922156,69.71574344,-2.04081633,28.91763848,45.64868805,15010119737.50000000,7111206500.00000000,False
080010,이상네트웍스,KOSDAQ,유통,7390,-0.26990553,57.50728863,-2.24867725,19.16909621,0.95628415,56.34110787,7.88321168,58.01749271,45.64139942,21693445.75000000,4990950.00000000,False
027410,BGF,KOSPI,기타금융,3785,1.61073826,86.95335277,1.74731183,60.27696793,-2.57400257,35.02186589,-3.93401015,24.27113703,45.64139942,223695504.65000001,823664160.00000000,False
286940,롯데이노베이트,KOSPI,IT 서비스,17600,0.97532989,82.14285714,2.68378063,66.65451895,-5.93265633,21.02769679,2.32558140,44.89795918,45.60131195,151086080.75000000,242155810.00000000,False
019770,서연탑메탈,KOSDAQ,기계·장비,3265,-0.91047041,46.46501458,1.39751553,57.10641399,-2.24550898,36.62536443,2.67295597,45.77259475,45.58309038,25226890.00000000,17282985.00000000,False
471820,셀로맥스사이언스,KOSDAQ,음식료·담배,4080,-2.39234450,29.19096210,1.11524164,54.15451895,0.61652281,54.40962099,-4.33763189,23.25072886,45.57944606,19386379.15000000,9091485.00000000,False
011370,서한,KOSDAQ,건설,3785,0.66489362,79.11807580,2.57452575,66.14431487,-2.69922879,34.58454810,-6.54320988,19.93440233,45.57580175,71593376.55000000,94891532.00000000,False
102260,동성케미컬,KOSPI,화학,3695,-0.13513514,60.96938776,0.13550136,44.53352770,-1.72872340,38.77551020,5.57142857,52.98833819,45.56486880,232123484.55000001,205627870.00000000,False
025770,한국정보통신,KOSDAQ,통신,7840,-1.25944584,41.58163265,0.51282051,48.83381924,-0.88495575,42.41982507,3.97877984,48.90670554,45.55758017,184611694.75000000,82602800.00000000,False
092220,KEC,KOSPI,전기·전자,3065,-6.83890578,3.71720117,-3.15955766,14.65014577,17.88461538,86.22448980,-1.12903226,31.34110787,45.52478134,2184389068.80000019,1390198458.00000000,False
038290,마크로젠,KOSDAQ,일반서비스,12360,-1.74880763,36.18804665,-0.24213075,37.02623907,0.48780488,53.42565598,3.25814536,47.08454810,45.51384840,171377370.50000000,365186490.00000000,False
102940,코오롱생명과학,KOSDAQ,제약,14670,-0.81135903,48.03206997,5.84415584,80.68513120,-1.21212121,40.85276968,-64.21951220,0.58309038,45.46647230,672292120.25000000,985148710.00000000,False
323990,박셀바이오,KOSDAQ,일반서비스,4390,-0.34052213,56.15889213,1.85614849,60.89650146,-4.14847162,27.80612245,5.27577938,52.18658892,45.44460641,640847261.79999995,392655250.00000000,False
241770,메카로,KOSDAQ,전기·전자,39000,-4.41176471,12.79154519,-3.82244143,11.58892128,4.13885180,66.69096210,14.87481591,69.97084548,45.42638484,799603382.50000000,482149875.00000000,False
025950,동신건설,KOSDAQ,건설,10110,0.89820359,81.15889213,2.95315682,68.62244898,-1.36585366,40.19679300,-32.64490340,3.20699708,45.42274052,162574317.00000000,201084100.00000000,False
045660,에이텍,KOSDAQ,기계·장비,8660,0.00000000,66.01676385,2.48520710,65.34256560,-8.06794055,14.83236152,12.46753247,66.39941691,45.41727405,91189030.25000000,179433770.00000000,False
950160,코오롱티슈진,KOSDAQ,제약,16820,-2.83073368,25.10932945,10.22280472,90.52478134,-1.63742690,39.24927114,-80.66666667,0.18221574,45.40451895,10433915857.25000000,10442732495.00000000,False
477760,DB금융스팩12호,KOSDAQ,금융,2070,-0.71942446,49.72667638,0.00000000,41.41763848,0.00000000,49.05247813,1.22249389,41.87317784,45.39358601,26549615.35000000,3645009.00000000,False
024740,한일단조,KOSDAQ,운송장비·부품,2140,-1.83486239,35.13119534,-2.50569476,17.71137026,3.88349515,66.03498542,4.64547677,50.72886297,45.38629738,449945302.19999999,169704010.00000000,False
053210,스카이라이프,KOSPI,오락·문화,4045,1.12500000,83.56413994,1.12500000,54.26384840,-1.34146341,40.26967930,-4.37352246,23.21428571,45.38629738,107335211.65000001,146007385.00000000,False
458870,씨어스,KOSDAQ,의료·정밀기기,25750,-4.98154982,10.02186589,-1.34099617,26.20262391,20.60889930,88.33819242,-23.81656805,5.83090379,45.36443149,4587002311.25000000,2659420175.00000000,False
078935,GS우,KOSPI,기타금융,60000,1.18043845,84.11078717,0.16694491,44.89795918,-4.45859873,26.53061224,11.31725417,64.32215743,45.35714286,296090547.50000000,190079350.00000000,False
246690,TS인베스트먼트,KOSDAQ,금융,2115,-2.53456221,27.80612245,-1.85614849,21.86588921,-0.47058824,44.77040816,42.71255061,90.45189504,45.33892128,143146513.80000001,106433545.00000000,False
010820,퍼스텍,KOSPI,금속,5980,-4.77707006,11.07871720,-2.76422764,16.29008746,5.46737213,69.89795918,7.16845878,56.85131195,45.32434402,2742019082.25000000,2512390305.00000000,False
0072Z0,KB제33호스팩,KOSDAQ,금융,1978,-0.10101010,61.78935860,0.45708481,48.03206997,-0.40281974,45.18950437,-0.70281124,32.83527697,45.23141399,43386798.25000000,10409848.00000000,False
004255,NPC우,KOSPI,화학,1895,-1.66061235,36.80758017,0.26455026,46.31924198,1.33689840,57.79883382,-4.72599296,22.63119534,45.22230321,16153264.00000000,3720842.00000000,False
096240,크레버스,KOSDAQ,일반서비스,8470,0.11820331,70.55393586,0.71343639,50.54664723,-2.08092486,37.31778426,0.71343639,40.08746356,45.16399417,54117613.25000000,19763580.00000000,False
092230,KPX홀딩스,KOSPI,화학,96000,0.84033613,80.75801749,-0.41493776,35.31341108,-2.63691684,34.76676385,10.59907834,62.93731778,45.16399417,168037317.50000000,82776000.00000000,False
082920,비츠로셀,KOSDAQ,전기·전자,29450,-2.80528053,25.27332362,4.06360424,73.97959184,-1.17449664,41.03498542,-6.50793651,20.04373178,45.14395044,8374628707.50000000,5483506575.00000000,False
347890,엠엑스온,KOSDAQ,의료·정밀기기,4345,-2.35955056,29.51895044,2.71867612,66.87317784,-4.18963616,27.58746356,6.36474908,55.21137026,45.09110787,56765436.95000000,47523826.00000000,False
014710,사조씨푸드,KOSPI,음식료·담배,9950,0.00000000,66.01676385,0.60667341,49.81778426,-4.96657116,24.59912536,13.71428571,68.44023324,45.07470845,48855851.00000000,50035730.00000000,False
052420,오성첨단소재,KOSDAQ,화학,9610,-1.63766633,37.02623907,-0.51759834,34.18367347,-0.92783505,42.09183673,15.78313253,71.35568513,45.06559767,226856480.75000000,133714005.00000000,False
068290,삼성출판사,KOSPI,오락·문화,6230,-0.47923323,53.35276968,1.30081301,56.04956268,-1.11111111,41.39941691,-0.95389507,31.70553936,45.05102041,49333020.75000000,59278770.00000000,False
460850,동국씨엠,KOSPI,금속,5260,-2.59259259,27.31413994,-1.86567164,21.73833819,0.76628352,55.39358601,13.48435814,68.14868805,45.04008746,345498717.50000000,167572785.00000000,False
096250,와이즈넛,KOSDAQ,IT 서비스,5640,-1.57068063,37.66399417,1.80505415,60.56851312,0.17761989,51.69460641,-13.23076923,11.98979592,45.01275510,118030019.50000000,170086340.00000000,False
084870,TBH글로벌,KOSPI,섬유·의류,2185,-1.13122172,43.29446064,-0.68181818,32.47084548,-0.68181818,43.65889213,12.91989664,67.23760933,44.98177843,71392710.59999999,9666735.00000000,False
0165X0,메리츠제2호스팩,KOSDAQ,금융,1938,0.20682523,72.63119534,0.31055901,46.64723032,-0.81883316,42.63848397,-0.51334702,33.34548105,44.98177843,49804152.80000000,22499237.00000000,False
203400,에이비온,KOSDAQ,일반서비스,676,0.00000000,66.01676385,0.00000000,41.41763848,0.00000000,49.05247813,-1.02489019,31.52332362,44.95262391,0.00000000,0.00000000,False
268280,미원에스씨,KOSPI,화학,127600,3.73983740,94.53352770,-2.07214121,20.15306122,-2.37184392,36.07871720,19.14098973,75.10932945,44.95262391,166002125.00000000,122828100.00000000,False
469900,하나31호스팩,KOSDAQ,금융,2095,-0.23809524,58.16326531,-0.23809524,37.17201166,0.00000000,49.05247813,1.20772947,41.72740525,44.93440233,159735505.34999999,595680440.00000000,False
009810,MDS스피어,KOSPI,유통,1947,0.00000000,66.01676385,-4.79217604,8.78279883,2.04402516,60.60495627,7.33186329,57.14285714,44.90706997,17592640.10000000,4367046.00000000,False
079810,APS이노베이션,KOSDAQ,전기·전자,3650,-3.56671070,19.35131195,3.10734463,69.60641399,-9.09090909,12.64577259,30.82437276,84.87609329,44.85058309,232404273.65000001,179028942.00000000,False
087260,모바일어플라이언스,KOSDAQ,IT 서비스,247,0.00000000,66.01676385,0.00000000,41.41763848,0.00000000,49.05247813,-1.20000000,30.97667638,44.84329446,0.00000000,0.00000000,False
347000,센코,KOSDAQ,의료·정밀기기,1875,-1.21180190,42.20116618,0.00000000,41.41763848,-1.31578947,40.36078717,8.88501742,60.24052478,44.83782799,109862285.95000000,238281373.00000000,False
007590,동방아그로,KOSPI,화학,5560,0.36101083,75.14577259,0.18018018,45.15306122,-0.53667263,44.35131195,-1.59292035,30.17492711,44.83600583,13623758.50000000,8718590.00000000,False
273060,와이즈버즈,KOSDAQ,일반서비스,4000,0.25062657,73.50583090,7.52688172,85.42274052,-7.40740741,16.67274052,-3.14769976,25.58309038,44.76311953,90101287.00000000,17535275.00000000,False
053270,구영테크,KOSDAQ,운송장비·부품,1960,0.40983607,75.76530612,0.35842294,47.26676385,-3.92156863,29.09985423,7.04533042,56.45043732,44.68658892,59372694.95000000,27199413.00000000,False
003690,코리안리,KOSPI,보험,14580,0.96952909,82.10641399,-3.50761085,13.11953353,0.55172414,53.93586006,6.11353712,54.70116618,44.66107872,2865357151.75000000,1291264945.00000000,False
0096B0,삼성스팩12호,KOSDAQ,금융,1982,-0.30181087,56.99708455,0.10101010,44.20553936,-0.10080645,46.97521866,-0.25163563,34.25655977,44.60276968,10489752.00000000,7633785.00000000,False
003030,세아제강지주,KOSPI,기타금융,108000,-4.59363958,11.84402332,-1.72884440,22.74052478,4.85436893,68.45845481,2.75927688,45.95481050,44.58090379,2189627992.50000000,1289746100.00000000,False
094940,푸른로보틱스,KOSDAQ,전기·전자,6130,-2.38853503,29.30029155,3.72250423,72.33965015,-9.45347120,12.20845481,19.49317739,75.25510204,44.56632653,276091855.50000000,137601855.00000000,False
0041B0,교보18호스팩,KOSDAQ,금융,2007,-0.14925373,60.49562682,0.35000000,47.12099125,-0.39702233,45.26239067,-1.13300493,31.30466472,44.55174927,11072719.30000000,1482373.00000000,False
005305,롯데칠성우,KOSPI,음식료·담배,66200,0.30303030,74.23469388,0.30303030,46.57434402,-0.45112782,44.97084548,-3.07467057,25.83819242,44.55174927,36415120.00000000,10277000.00000000,False
464280,티디에스팜,KOSDAQ,제약,5590,2.56880734,91.76384840,1.82149362,60.62317784,-5.41455161,22.88629738,0.72072072,40.12390671,44.54263848,66793230.50000000,93013410.00000000,False
005935,삼성전자우,KOSPI,전기·전자,197300,-0.75452716,49.12536443,-3.75609756,12.02623907,2.97494781,63.59329446,5.56447298,52.91545190,44.54081633,775187390338.55004883,542405320700.00000000,False
300720,한일시멘트,KOSPI,비금속,16090,0.62539087,78.57142857,-0.12414649,38.33819242,-3.47930414,30.94023324,11.19557706,63.99416910,44.53352770,779600018.50000000,577194810.00000000,False
460930,현대힘스,KOSDAQ,운송장비·부품,12770,-3.25757576,21.31924198,1.10847189,54.08163265,-3.69532428,29.99271137,15.14878269,70.44460641,44.44241983,1448091321.25000000,926540865.00000000,False
011170,롯데케미칼,KOSPI,화학,60400,-1.94805195,33.52769679,0.00000000,41.41763848,0.66666667,54.84693878,-0.49423394,33.52769679,44.42237609,12061184772.50000000,5776238150.00000000,False
090150,아이윈,KOSDAQ,운송장비·부품,5910,-1.66389351,36.73469388,0.16949153,45.04373178,-3.74592834,29.70116618,20.36659878,76.63994169,44.39504373,66488905.50000000,20000960.00000000,False
023450,동남합성,KOSPI,화학,31500,0.00000000,66.01676385,-2.32558140,18.64067055,-0.31645570,45.75437318,14.33756806,69.38775510,44.37317784,27746977.50000000,3659050.00000000,False
365590,하이딥,KOSDAQ,전기·전자,1503,-2.27568270,30.50291545,18.62667719,96.68367347,-4.02298851,28.66253644,-27.03883495,4.22740525,44.36588921,400924786.10000002,165590262.00000000,False
140410,메지온,KOSDAQ,일반서비스,67500,-4.66101695,11.55247813,-8.53658537,3.82653061,3.84615385,65.85276968,22.50453721,78.60787172,44.36588921,7329043780.00000000,5075017600.00000000,False
034940,조아제약,KOSDAQ,제약,2690,4.87329435,96.13702624,2.67175573,66.61807580,-5.11463845,23.94314869,-3.06306306,25.92930029,44.36224490,220038013.75000000,292068642.00000000,False
0082N0,카나프테라퓨틱스,KOSDAQ,일반서비스,13060,0.46153846,76.45772595,5.83468395,80.57580175,-16.28205128,4.84693878,5.57801132,53.02478134,44.36224490,898837957.50000000,564716760.00000000,False
020710,시공테크,KOSDAQ,일반서비스,3605,0.13888889,71.20991254,0.00000000,41.41763848,-1.63710778,39.28571429,2.41477273,45.18950437,44.29846939,1173256056.40000010,125582550.00000000,False
057540,옴니시스템,KOSDAQ,의료·정밀기기,602,0.00000000,66.01676385,0.00000000,41.41763848,2.03389831,60.49562682,-24.93765586,5.35714286,44.29664723,34352325.55000000,0.00000000,False
016610,DB증권,KOSPI,증권,10120,-3.61904762,18.62244898,-1.65208941,23.65160350,1.70854271,59.00145773,8.11965812,58.60058309,44.27842566,546385145.50000000,318749850.00000000,False
215480,토박스코리아,KOSDAQ,유통,2070,-1.19331742,42.45626822,-1.42857143,25.32798834,-1.19331742,40.96209913,24.10071942,80.06559767,44.24198251,25086031.95000000,50591386.00000000,False
089600,KT나스미디어,KOSDAQ,일반서비스,12360,-0.64308682,50.89285714,0.40617384,47.63119534,-5.35987749,22.99562682,22.13438735,78.24344023,44.22558309,237704372.50000000,67480980.00000000,False
066980,한성크린텍,KOSDAQ,일반서비스,1550,-4.90797546,10.36807580,5.94668489,80.90379009,-0.76824584,42.96647230,-18.89063318,8.56413994,44.20736152,452073837.35000002,783331317.00000000,False
234300,에스트래픽,KOSDAQ,IT 서비스,3135,0.96618357,81.99708455,-1.56985871,24.08892128,-1.72413793,38.81195335,12.36559140,66.25364431,44.20189504,532288852.14999998,107546757.00000000,False
477470,미래에셋비전스팩5호,KOSDAQ,금융,2070,-0.24096386,58.03571429,0.24213075,45.95481050,-0.48076923,44.67930029,-0.48076923,33.60058309,44.18185131,25219482.80000000,4547176.00000000,False
474930,신한제13호스팩,KOSDAQ,금융,2090,0.00000000,66.01676385,0.00000000,41.41763848,-0.47619048,44.71574344,0.00000000,36.24271137,44.16180758,34636609.85000000,24848310.00000000,False
036000,예림당,KOSDAQ,오락·문화,2750,2.23048327,90.30612245,2.04081633,62.33600583,-5.00863558,24.38046647,-0.54249548,33.23615160,44.13083090,37499678.85000000,41469037.00000000,False
069140,누리플랜,KOSDAQ,금속,1760,-0.67720090,50.25510204,0.39931546,47.44897959,-3.34980780,31.63265306,9.38471100,61.07871720,44.12900875,40424299.75000000,15605476.00000000,False
307280,원바이오젠,KOSDAQ,제약,6020,-0.66006601,50.65597668,-0.98684211,29.70116618,-0.82372323,42.52915452,12.10428305,65.67055394,44.12172012,128062589.50000000,40043950.00000000,False
047040,대우건설,KOSPI,건설,17220,-3.20404722,21.93877551,-2.38095238,18.29446064,2.19584570,61.15160350,8.78079596,59.83965015,44.11078717,151856178325.75000000,66239800220.00000000,False
0001A0,덕양에너젠,KOSDAQ,전기·가스·수도,8600,-2.27272727,30.53935860,1.77514793,60.49562682,-3.47923681,30.97667638,5.39215686,52.58746356,44.11078717,1281921124.50000000,400136680.00000000,False
304100,솔트룩스,KOSDAQ,IT 서비스,14820,-5.12163892,9.32944606,0.40650407,47.68586006,-3.70370370,29.90160350,30.11413521,84.36588921,44.07252187,1094055036.25000000,1009245075.00000000,False
105630,한세실업,KOSPI,섬유·의류,8790,-1.01351351,44.82507289,2.80701754,67.78425656,-3.51262349,30.72157434,-0.11363636,34.65743440,44.03790087,376227952.00000000,184122200.00000000,False
005950,이수화학,KOSPI,화학,11390,-4.04380792,15.19679300,7.14957667,84.62099125,-3.31069610,31.99708455,-5.39867110,21.61078717,44.02696793,3458847215.25000000,2137688260.00000000,False
331520,밸로프,KOSDAQ,IT 서비스,2215,0.00000000,66.01676385,1.14155251,54.62827988,-7.90020790,15.52478134,18.19637140,74.12536443,44.02514577,58180177.05000000,22474665.00000000,False
479880,한국제15호스팩,KOSDAQ,금융,2065,-0.72115385,49.67201166,-0.24154589,37.06268222,0.00000000,49.05247813,0.97799511,41.23542274,43.95408163,26456888.05000000,6893185.00000000,False
185750,종근당,KOSPI,제약,65800,0.30487805,74.30758017,2.33281493,64.21282799,-3.23529412,32.36151603,-5.45977011,21.50145773,43.93950437,1076994262.50000000,945872150.00000000,False
154030,아시아종묘,KOSDAQ,농업 임업 및 어업,1622,1.05919003,82.98104956,0.62034739,49.92711370,-3.96684429,28.93586006,2.39898990,45.15306122,43.88119534,25220989.35000000,14247701.00000000,False
009410,태영건설,KOSPI,건설,1635,0.06119951,69.95262391,0.80147965,51.38483965,-3.08239478,32.79883382,1.17574257,41.61807580,43.85386297,477156249.35000002,482214683.00000000,False
093920,서원인텍,KOSDAQ,전기·전자,4845,-0.20597322,59.07434402,0.10330579,44.24198251,-0.92024540,42.20116618,0.41450777,38.84839650,43.83017493,36854574.05000000,42131192.00000000,False
216050,인크로스,KOSDAQ,일반서비스,5010,0.20000000,72.41253644,2.14067278,63.01020408,-4.02298851,28.66253644,-1.18343195,31.08600583,43.82653061,44429819.50000000,32339055.00000000,False
129260,인터지스,KOSPI,운송·창고,1907,-0.78043704,48.54227405,0.84611317,51.67638484,-0.36572623,45.48104956,-2.95165394,26.34839650,43.81924198,39360210.00000000,23331699.00000000,False
179290,엠아이텍,KOSDAQ,의료·정밀기기,4720,0.21231423,72.75874636,1.61463940,59.22011662,-7.45098039,16.50874636,9.25925926,60.75072886,43.79555394,146961220.19999999,62687163.00000000,False
003780,진양산업,KOSPI,화학,4175,5.03144654,96.35568513,-5.54298643,7.39795918,7.05128205,73.14139942,-11.64021164,13.26530612,43.76457726,852411564.85000002,6852255678.00000000,False
109860,동일금속,KOSDAQ,금속,7520,-2.21066320,31.01311953,3.01369863,69.05976676,-4.44726811,26.56705539,3.01369863,46.50145773,43.74635569,20337539.50000000,38725980.00000000,False
086710,선진뷰티사이언스,KOSDAQ,화학,7020,-0.42553191,54.66472303,1.44508671,57.58017493,-2.09205021,37.24489796,-1.54277700,30.46647230,43.73177843,42850255.50000000,59876930.00000000,False
270660,에브리봇,KOSDAQ,전기·전자,13460,-3.71959943,17.67492711,0.89955022,52.15014577,-5.27797326,23.36005831,30.42635659,84.69387755,43.69533528,334096767.25000000,222090340.00000000,False
298690,에어부산,KOSPI,운송·창고,1509,-0.33025099,56.37755102,0.06631300,43.98688047,-1.69381107,38.95772595,2.93315143,46.24635569,43.66618076,95815004.84999999,35175512.00000000,False
143160,아이디스,KOSDAQ,전기·전자,15990,-0.18726592,59.54810496,-0.92936803,30.28425656,-0.68322981,43.62244898,6.60000000,55.64868805,43.61880466,53011733.00000000,39084660.00000000,False
489790,한화비전,KOSPI,전기·전자,49050,-5.67307692,6.99708455,-0.10183299,38.66618076,-0.70850202,43.51311953,14.33566434,69.35131195,43.57507289,8479224455.00000000,6176992975.00000000,False
051980,중앙첨단소재,KOSDAQ,전기·전자,9990,0.00000000,66.01676385,-3.47826087,13.26530612,-0.10000000,47.04810496,15.35796767,70.77259475,43.55502915,1139398428.20000005,577640340.00000000,False
003490,대한항공,KOSPI,운송·창고,30650,-1.92000000,34.00145773,-2.85261490,15.74344023,1.49006623,58.38192420,8.88099467,60.20408163,43.51676385,76325903120.00000000,39077432150.00000000,False
068330,일신바이오,KOSDAQ,기계·장비,1030,0.88148874,81.08600583,2.48756219,65.37900875,-8.03571429,14.90524781,4.04040404,49.07069971,43.49854227,70713632.20000000,35792117.00000000,False
048870,시너지이노베이션,KOSDAQ,의료·정밀기기,1601,0.25046963,73.46938776,-0.49720323,34.36588921,0.37617555,52.91545190,-4.24641148,23.36005831,43.49489796,350025166.05000001,170171777.00000000,False
047770,코데즈컴바인,KOSDAQ,섬유·의류,3475,-3.60610264,18.73177843,4.51127820,75.61953353,-15.96130593,5.10204082,30.14981273,84.47521866,43.49489796,4614830785.35000038,1076667853.00000000,False
002290,삼일기업공사,KOSDAQ,건설,3350,0.29940120,74.08892128,-0.14903130,38.22886297,-0.44576523,45.00728863,-0.74074074,32.68950437,43.41836735,33857136.45000000,14769854.00000000,False
002790,아모레퍼시픽홀딩스,KOSPI,화학,26200,3.55731225,94.24198251,-2.05607477,20.33527697,-0.75757576,43.03935860,5.64516129,53.27988338,43.39650146,2998045690.00000000,3571134100.00000000,False
100220,비상교육,KOSPI,오락·문화,4990,-0.79522863,48.32361516,-0.20000000,37.53644315,0.60483871,54.30029155,-2.34833659,27.87900875,43.38921283,113977540.75000000,72098230.00000000,False
001230,동국홀딩스,KOSPI,기타금융,2010,-1.47058824,39.04883382,-1.47058824,25.01822157,-0.98522167,41.89139942,19.92840095,76.09329446,43.38556851,1762485172.59999990,787391612.00000000,False
011560,세보엠이씨,KOSDAQ,건설,23600,-3.08008214,23.10495627,1.28755365,55.94023324,-2.27743271,36.51603499,3.73626374,48.32361516,43.36370262,1611901015.00000000,1401051450.00000000,False
035900,JYPEnt.,KOSDAQ,오락·문화,38700,1.44167759,86.15160350,1.70827858,59.91253644,-1.52671756,39.65014577,-26.42585551,4.51895044,43.35276968,5985977780.00000000,7944977350.00000000,False
013030,하이록코리아,KOSDAQ,금속,34800,-2.52100840,27.91545190,-5.30612245,7.79883382,1.75438596,59.11078717,16.58291457,72.59475219,43.29446064,1139977968.90000010,487622900.00000000,False
487830,신한제15호스팩,KOSDAQ,금융,2040,-0.72992701,49.52623907,0.00000000,41.41763848,-0.48780488,44.60641399,0.74074074,40.30612245,43.28170554,20146152.40000000,6277295.00000000,False
033050,제이엠아이,KOSDAQ,화학,806,-0.73891626,49.27113703,0.24875622,46.13702624,-2.89156627,33.78279883,6.19235837,54.95626822,43.27259475,15716108.80000000,5366666.00000000,False
370090,퓨런티어,KOSDAQ,의료·정밀기기,6250,-1.41955836,39.65014577,6.29251701,81.96064140,-4.58015267,25.81997085,-5.30303030,21.79300292,43.23979592,102551167.25000000,87344550.00000000,False
192400,쿠쿠홀딩스,KOSPI,기타금융,27250,1.67910448,87.31778426,-0.72859745,31.96064140,-2.15439856,36.98979592,4.60652591,50.51020408,43.21793003,303986175.00000000,342741650.00000000,False
311320,지오엘리먼트,KOSDAQ,전기·전자,8800,-3.40285401,20.40816327,5.26315789,78.46209913,-2.86975717,33.92857143,-6.38297872,20.26239067,43.20335277,308372115.50000000,330985555.00000000,False
279600,미디어젠,KOSDAQ,IT 서비스,3875,-1.52477764,38.22886297,0.12919897,44.46064140,-1.89873418,38.04664723,5.87431694,54.04518950,43.18877551,8227737.10000000,4838805.00000000,False
011070,LG이노텍,KOSPI,전기·전자,591000,-9.77099237,0.94752187,0.33955857,46.97521866,5.16014235,69.16909621,-22.54259502,6.48688047,43.15233236,118108041961.00000000,199371658000.00000000,False
084440,유비온,KOSDAQ,IT 서비스,5100,5.59006211,96.61078717,3.97553517,73.54227405,-14.71571906,5.72157434,2.61569416,45.59037901,43.13046647,19731149.30000000,33446315.00000000,False
242040,나무AX,KOSDAQ,IT 서비스,3130,-5.15151515,9.22011662,0.64308682,50.10932945,3.30033003,64.39504373,-21.75000000,6.88775510,43.09037901,896140319.00000000,845634417.00000000,False
122990,와이솔,KOSDAQ,전기·전자,6400,-1.53846154,38.01020408,-4.61997019,9.29300292,2.56410256,62.19023324,7.92580101,58.12682216,43.09037901,508207443.75000000,160899230.00000000,False
317850,대모,KOSDAQ,기계·장비,6050,-2.57648953,27.51457726,-2.73311897,16.43586006,4.13080895,66.65451895,1.68067227,43.33090379,43.01020408,1917071764.50000000,388351060.00000000,False
036560,KZ정밀,KOSDAQ,기계·장비,11970,-0.16680567,60.16763848,-0.25000000,36.91690962,-1.48148148,39.94169096,4.35919791,49.67201166,43.00291545,54832466.50000000,54217500.00000000,False
018700,졸스,KOSDAQ,유통,1288,-0.23237800,58.41836735,0.94043887,52.73323615,-8.65248227,13.41107872,23.60844530,79.62827988,42.95189504,17632927.50000000,9873136.00000000,False
018120,진로발효,KOSDAQ,음식료·담배,16670,-0.89179548,46.64723032,-1.36094675,25.94752187,0.66425121,54.81049563,1.46074254,42.82069971,42.93731778,10360477.75000000,9692190.00000000,False
300120,라온피플,KOSDAQ,IT 서비스,3035,-1.30081301,40.99854227,1.16666667,54.88338192,-8.72180451,13.26530612,31.38528139,85.31341108,42.93367347,569087505.10000002,45026565.00000000,False
476060,온코닉테라퓨틱스,KOSDAQ,일반서비스,15370,-2.28862047,30.32069971,0.45751634,48.06851312,-6.50851582,18.91399417,40.10938924,89.54081633,42.92638484,3848180067.50000000,2461597570.00000000,False
477340,에이치엠씨제7호스팩,KOSDAQ,금융,2055,-0.48426150,53.24344023,-0.24271845,36.98979592,-0.24271845,46.13702624,0.73529412,40.23323615,42.92274052,30436017.95000000,3739780.00000000,False
191420,테고사이언스,KOSDAQ,제약,7260,-0.54794521,52.22303207,0.55401662,49.21647230,-4.22163588,27.51457726,8.68263473,59.58454810,42.90998542,37196737.25000000,8591990.00000000,False
241520,DSC인베스트먼트,KOSDAQ,금융,8150,-4.34272300,13.26530612,-0.73081608,31.92419825,2.00250313,60.20408163,0.61728395,39.57725948,42.90087464,877620630.75000000,788294025.00000000,False
027710,팜스토리,KOSDAQ,음식료·담배,1109,0.90991811,81.30466472,-0.89365505,30.68513120,-2.88966725,33.81924198,8.83218842,60.13119534,42.88994169,248201532.25000000,172180689.00000000,False
180400,DXVX,KOSDAQ,일반서비스,2310,-1.28205128,41.23542274,1.31578947,56.23177843,-0.64516129,43.87755102,-5.32786885,21.72011662,42.88811953,83442639.05000000,42066930.00000000,False
065450,빅텍,KOSDAQ,의료·정밀기기,2950,-2.31788079,29.88338192,-3.75203915,12.06268222,8.45588235,75.65597668,-1.66666667,29.95626822,42.86078717,2934291814.65000010,1162514879.00000000,False
352480,씨앤씨인터내셔널,KOSDAQ,화학,21050,2.43309002,91.14431487,-0.70754717,32.14285714,-3.44036697,31.26822157,7.78289811,57.87172012,42.83892128,272311139.75000000,355360450.00000000,False
395400,SK리츠,KOSPI,부동산,5300,0.18903592,72.04810496,1.33843212,56.34110787,-1.48698885,39.83236152,-11.07382550,13.95772595,42.83163265,1090410533.50000000,768788960.00000000,False
348150,고바이오랩,KOSDAQ,일반서비스,2875,-3.52348993,19.67930029,3.60360360,71.90233236,-1.20274914,40.92565598,-10.43613707,14.61370262,42.83163265,61517484.40000000,61518310.00000000,False
064520,테크엘,KOSDAQ,전기·전자,1500,0.67114094,79.20918367,0.20040080,45.29883382,-1.31578947,40.36078717,-3.16333118,25.51020408,42.75692420,9567046.85000000,15571288.00000000,False
005930,삼성전자,KOSPI,전기·전자,269000,-1.46520147,39.17638484,-2.18181818,19.49708455,5.28375734,69.42419825,-3.06306306,25.92930029,42.72230321,4481562639103.00000000,4471785088086.00000000,False
214270,FSN,KOSDAQ,IT 서비스,1355,-3.90070922,16.10787172,-1.16703136,27.73323615,2.65151515,62.46355685,0.44477391,39.03061224,42.72230321,48096556.50000000,54707551.00000000,False
024120,KB오토시스,KOSDAQ,운송장비·부품,3060,0.00000000,66.01676385,0.32786885,46.82944606,-1.29032258,40.56122449,-1.92307692,29.22740525,42.72048105,19001956.15000000,11643060.00000000,False
108380,대양전기공업,KOSDAQ,운송장비·부품,18130,-4.07407407,15.05102041,-0.38461538,35.45918367,-0.87479497,42.45626822,13.31250000,67.85714286,42.69679300,490118776.75000000,293687750.00000000,False
0130D0,신한제17호스팩,KOSDAQ,금융,1964,-0.30456853,56.92419825,-0.05089059,39.06705539,-0.10172940,46.93877551,-0.85815245,32.28862974,42.64577259,5746361.00000000,8559384.00000000,False
000680,LS네트웍스,KOSPI,유통,2945,-1.00840336,44.86151603,0.51194539,48.79737609,-2.80528053,34.07434402,4.24778761,49.45335277,42.64577259,145072812.69999999,98072835.00000000,False
066575,LG전자우,KOSPI,전기·전자,74300,-9.72053463,0.98396501,0.95108696,52.84256560,-0.66844920,43.69533528,2.76625173,45.99125364,42.62755102,5632989155.00000000,12719530300.00000000,False
108230,톱텍,KOSDAQ,기계·장비,3220,-2.57186082,27.55102041,-0.15503876,38.15597668,-2.57186082,35.05830904,16.24548736,71.93877551,42.61297376,1013692057.10000002,371443190.00000000,False
045340,토탈소프트,KOSDAQ,IT 서비스,6830,0.44117647,76.12973761,-0.43731778,35.07653061,-1.01449275,41.69096210,0.44117647,38.99416910,42.61115160,103430885.50000000,55694195.00000000,False
100840,SNT에너지,KOSPI,기계·장비,33050,-4.75504323,11.18804665,-9.82264666,3.13411079,1.07033639,56.85131195,38.86554622,89.03061224,42.60568513,9997519898.75000000,4527475225.00000000,False
024940,PN풍년,KOSDAQ,유통,2040,-1.68674699,36.44314869,-2.39234450,18.22157434,5.42635659,69.82507289,-2.39234450,27.76967930,42.59475219,246420224.30000001,55851775.00000000,False
285800,진영,KOSDAQ,화학,4270,-2.06422018,32.43440233,-7.17391304,4.84693878,16.50750341,85.31341108,-7.27470141,18.84110787,42.59110787,1525714158.75000000,72976210.00000000,False
136490,선진,KOSPI,음식료·담배,10160,0.69375619,79.44606414,0.69375619,50.47376093,-7.55232029,16.29008746,11.77117712,64.94169096,42.59110787,643147907.25000000,403705690.00000000,False
032750,삼진,KOSDAQ,전기·전자,2925,0.34305317,74.78134111,-0.34071550,35.86005831,-2.98507463,33.41836735,6.17059891,54.88338192,42.58017493,14916525.75000000,6299435.00000000,False
064960,SNT모티브,KOSPI,운송장비·부품,26550,-1.30111524,40.96209913,-1.66666667,23.50583090,1.14285714,57.06997085,1.52963671,42.93002915,42.56195335,1505198480.00000000,824932150.00000000,False
007160,사조산업,KOSPI,음식료·담배,48300,0.94043887,81.74198251,0.52029136,48.97959184,-3.97614314,28.86297376,0.83507307,40.63411079,42.54008746,85269060.00000000,150640400.00000000,False
002760,보락,KOSPI,화학,999,-0.10000000,61.97157434,-0.39880359,35.34985423,-1.76991150,38.59329446,5.04731861,51.49416910,42.53826531,54972651.80000000,50884104.00000000,False
064800,포니링크,KOSDAQ,유통,2150,-0.23201856,58.45481050,6.96517413,84.12900875,-15.85127202,5.24781341,3.11750600,46.75655977,42.53462099,113793393.09999999,114683575.00000000,False
001755,한양증권우,KOSPI,증권,19290,0.05186722,69.78862974,-0.31007752,36.33381924,0.05186722,50.98396501,-5.67237164,20.99125364,42.47084548,44304050.25000000,1948280.00000000,False
013520,화승코퍼레이션,KOSPI,운송장비·부품,2540,-1.93050193,33.83746356,0.59405941,49.59912536,-1.16731518,41.14431487,0.39525692,38.73906706,42.46902332,149231635.15000001,144874105.00000000,False
382480,지아이텍,KOSDAQ,기계·장비,1620,-1.51975684,38.33819242,1.25000000,55.52113703,-0.43023970,45.08017493,-6.68202765,19.69752187,42.46173469,94646580.20000000,64436324.00000000,False
072470,우리산업홀딩스,KOSDAQ,운송장비·부품,2370,1.49892934,86.47959184,-1.04384134,29.08163265,-1.25000000,40.68877551,1.93548387,44.02332362,42.45262391,16142337.05000000,5751440.00000000,False
137950,제이씨케미칼,KOSDAQ,화학,3635,1.39470014,85.82361516,-0.27434842,36.62536443,-9.12500000,12.57288630,39.00573614,89.10349854,42.41982507,242618103.94999999,66804875.00000000,False
000670,영풍,KOSPI,금속,40200,-3.01568154,23.72448980,-4.28571429,10.38629738,2.29007634,61.47959184,9.68622101,61.66180758,42.41253644,5374722806.25000000,992124850.00000000,False
101240,씨큐브,KOSDAQ,화학,3365,0.44776119,76.27551020,-0.73746313,31.70553936,-4.13105413,28.06122449,15.04273504,70.18950437,42.40160350,31558780.00000000,56725210.00000000,False
950220,네오이뮨텍,KOSDAQ,일반서비스,1946,-0.51124744,52.69679300,1.51278039,58.30903790,-24.42718447,2.25947522,54.44444444,93.54956268,42.37609329,941751122.64999998,593475442.00000000,False
0044K0,삼성스팩10호,KOSDAQ,금융,1982,-0.85042521,47.26676385,0.05047956,43.76822157,-0.45203415,44.93440233,-0.75112669,32.65306122,42.36151603,19999665.30000000,2137644.00000000,False
000100,유한양행,KOSPI,제약,75200,-1.57068063,37.66399417,2.73224044,67.03717201,-7.61670762,16.14431487,8.82778582,60.05830904,42.34693878,15283995522.50000000,12648135000.00000000,False
012690,모나리자,KOSPI,종이·목재,1424,1.20824449,84.32944606,0.92133239,52.44169096,-5.31914894,23.21428571,2.07885305,44.46064140,42.34329446,113897711.59999999,136780331.00000000,False
173940,에프엔씨엔터,KOSDAQ,오락·문화,2025,1.50375940,86.51603499,2.47975709,65.30612245,-4.48113208,26.34839650,-8.16326531,17.78425656,42.33965015,25329405.45000000,49298172.00000000,False
003480,한진중공업홀딩스,KOSPI,전기·가스,4685,0.42872454,75.98396501,-0.84656085,30.90379009,-1.16033755,41.25364431,1.84782609,43.84110787,42.13921283,103435219.30000000,94763485.00000000,False
443060,HD현대마린솔루션,KOSPI,일반서비스,218500,-3.53200883,19.60641399,-7.61099366,4.40962099,3.80047506,65.67055394,10.57692308,62.86443149,42.12463557,26237715875.95000076,18472871250.00000000,False
200130,콜마비앤에이치,KOSDAQ,제약,8140,0.49382716,77.04081633,4.09207161,74.12536443,-6.97142857,17.74781341,-3.21046373,25.36443149,42.11370262,457436796.25000000,260669690.00000000,False
034590,인천도시가스,KOSPI,전기·가스,26250,0.00000000,66.01676385,-0.19011407,37.75510204,-1.12994350,41.36297376,0.19083969,38.15597668,42.10459184,20510813.75000000,21141600.00000000,False
128540,에코캡,KOSDAQ,운송장비·부품,1116,2.85714286,92.60204082,2.38532110,64.68658892,-4.12371134,28.11588921,-14.67889908,10.86005831,42.08454810,70069829.80000000,42038497.00000000,False
043370,피에이치에이,KOSDAQ,운송장비·부품,11200,0.08936550,70.15306122,-1.06007067,28.89941691,0.17889088,51.74927114,-2.18340611,28.42565598,42.06997085,166653921.75000000,313099490.00000000,False
475230,엔알비,KOSDAQ,금속,9620,-2.23577236,30.72157434,-1.43442623,25.29154519,-3.31658291,31.88775510,50.31250000,92.74781341,41.96428571,943427663.75000000,563616650.00000000,False
297890,HB솔루션,KOSDAQ,기계·장비,1618,-2.70595310,26.02040816,2.46991767,65.19679300,-3.05572199,32.98104956,-0.61425061,32.98104956,41.94970845,428794676.14999998,260100671.00000000,False
317240,TS트릴리온,KOSDAQ,화학,999,1.11336032,83.49125364,-0.29940120,36.37026239,-9.59276018,11.73469388,41.10169492,89.86880466,41.92784257,86969842.05000000,187215231.00000000,False
000087,하이트진로2우B,KOSPI,음식료·담배,12310,-0.64568200,50.76530612,-0.08116883,38.95772595,-0.64568200,43.84110787,0.16273393,38.04664723,41.90962099,7216884.50000000,1050100.00000000,False
000215,DL우,KOSPI,화학,24200,-0.61601643,51.20262391,-1.42566191,25.40087464,-2.41935484,35.78717201,18.04878049,74.01603499,41.85860058,51821972.50000000,27782600.00000000,False
002880,디와이에이,KOSPI,운송장비·부품,3655,-2.79255319,25.40087464,5.33141210,78.86297376,-2.92164675,33.63702624,-14.60280374,10.96938776,41.84766764,53390258.50000000,17041312.00000000,False
361390,제노코,KOSDAQ,전기·전자,12800,-6.22710623,5.28425656,-1.15830116,27.84256560,5.34979424,69.60641399,-3.17700454,25.47376093,41.81851312,392639121.25000000,580487220.00000000,False
004560,현대비앤지스틸,KOSPI,금속,11880,-3.57142857,19.27842566,-3.57142857,12.90087464,1.97424893,60.05830904,8.79120879,59.87609329,41.79664723,553275788.25000000,422966090.00000000,False
038540,상상인,KOSDAQ,IT 서비스,1978,-0.60301508,51.34839650,5.54962647,79.55539359,-5.58472554,22.26676385,-6.91764706,19.42419825,41.79300292,99346334.05000000,54981767.00000000,False
039980,폴라리스AI,KOSDAQ,IT 서비스,4995,-4.31034483,13.52040816,2.35655738,64.46793003,-7.50000000,16.41763848,16.56942824,72.55830904,41.77113703,414742149.00000000,243165225.00000000,False
002810,삼영무역,KOSPI,유통,21350,-0.46620047,53.68075802,-0.46620047,34.69387755,-3.17460317,32.47084548,11.78010471,64.97813411,41.76020408,343268667.50000000,309593700.00000000,False
016090,대현,KOSPI,섬유·의류,1416,0.42553191,75.91107872,0.49680625,48.68804665,-1.93905817,37.82798834,-5.09383378,22.12099125,41.75291545,55437908.50000000,75718584.00000000,False
066570,LG전자,KOSPI,전기·전자,209000,-10.30042918,0.72886297,-3.24074074,14.43148688,3.72208437,65.37900875,6.74157303,55.90379009,41.73469388,162496806900.00000000,395411086500.00000000,False
036670,삼양케이씨아이,KOSDAQ,화학,5070,0.59523810,78.17055394,-0.19685039,37.60932945,-0.78277886,42.78425656,-2.50000000,27.56924198,41.72740525,44513867.85000000,122702980.00000000,False
365900,브이씨,KOSDAQ,기타제조,2485,-2.92968750,24.30758017,-1.77865613,22.44897959,1.84426230,59.47521866,1.84426230,43.80466472,41.71647230,97933548.90000001,14138600.00000000,False
133750,메가엠디,KOSDAQ,일반서비스,1374,1.62721893,87.06268222,3.54182366,71.46501458,-9.00662252,12.79154519,-0.86580087,32.25218659,41.71282799,13502096.15000000,19972644.00000000,False
101530,해태제과식품,KOSPI,음식료·담배,5530,0.00000000,66.01676385,0.00000000,41.41763848,-1.25000000,40.68877551,-0.89605735,31.99708455,41.70189504,48834876.25000000,0.00000000,False
003570,SNT다이내믹스,KOSPI,운송장비·부품,30250,-4.12044374,14.57725948,-1.46579805,25.07288630,7.26950355,73.57871720,-9.29535232,16.32653061,41.67638484,3219001252.50000000,1847521850.00000000,False
004720,팜젠사이언스,KOSPI,제약,2975,2.76338515,92.23760933,0.84745763,51.71282799,-3.09446254,32.72594752,-7.03125000,19.16909621,41.66180758,43042492.35000000,95862710.00000000,False
006340,대원전선,KOSPI,전기·전자,12900,-3.94638868,15.67055394,-2.86144578,15.67055394,-0.23201856,46.35568513,30.04032258,84.25655977,41.66180758,34210503641.75000000,31428191550.00000000,False
068100,케이웨더,KOSDAQ,기계·장비,2335,-0.84925690,47.30320700,-1.05932203,28.93586006,-0.63829787,43.91399417,5.65610860,53.38921283,41.65451895,16342006.20000000,3590330.00000000,False
004450,삼화왕관,KOSPI,금속,27700,-1.94690265,33.60058309,-2.12014134,19.82507289,0.18083183,51.82215743,7.78210117,57.83527697,41.60349854,37154527.50000000,21042600.00000000,False
064550,바이오니아,KOSDAQ,제약,8610,-3.04054054,23.50583090,2.74463007,67.23760933,-17.13185756,4.33673469,33.07573416,86.66180758,41.58892128,5617477355.50000000,1930033785.00000000,False
140520,대창스틸,KOSDAQ,금속,1999,-0.54726368,52.29591837,-0.79404467,31.30466472,-0.29925187,45.88192420,1.57520325,43.03935860,41.58163265,27616544.20000000,7524297.00000000,False
473950,에스케이증권제13호스팩,KOSDAQ,금융,2050,-1.44230769,39.32215743,-0.24330900,36.95335277,-0.24330900,46.10058309,0.73710074,40.26967930,41.51239067,18945591.00000000,318505.00000000,False
178780,일월지엠엘,KOSDAQ,유통,2425,1.46443515,86.29737609,-3.19361277,14.57725948,0.41407867,53.13411079,0.00000000,36.24271137,41.50510204,49556414.25000000,13724818.00000000,False
352090,스톰테크,KOSDAQ,화학,3650,0.13717421,71.10058309,-1.35135135,26.02040816,-0.94979647,41.98250729,3.98860399,48.94314869,41.49781341,193867839.25000000,75760444.00000000,False
181710,NHN,KOSPI,IT 서비스,56400,-3.75426621,17.38338192,2.73224044,67.03717201,-21.11888112,3.24344023,45.73643411,91.43586006,41.43403790,11720230310.00000000,4260639800.00000000,False
0117P0,피스피스스튜디오,KOSDAQ,유통,5520,-0.71942446,49.72667638,-1.95381883,21.02769679,-2.12765957,37.13556851,20.26143791,76.45772595,41.42674927,494116200.50000000,190127780.00000000,False
007330,푸른저축은행,KOSDAQ,금융,9990,0.20060181,72.52186589,-0.10000000,38.72084548,-0.79443893,42.71137026,-2.53658537,27.33236152,41.41946064,76975307.50000000,62282110.00000000,False
087600,픽셀플러스,KOSDAQ,전기·전자,3890,0.12870013,70.88192420,-0.25641026,36.84402332,-1.64348925,39.21282799,0.12870013,37.93731778,41.41399417,13236230.00000000,1051535.00000000,False
148930,에이치와이티씨,KOSDAQ,금속,3180,1.92307692,89.03061224,0.79239303,51.34839650,-3.34346505,31.66909621,-5.07462687,22.17565598,41.41034985,24542786.95000000,26912765.00000000,False
131180,딜리,KOSDAQ,전기·전자,4185,-1.29716981,41.10787172,-2.67441860,16.69096210,0.11961722,51.16618076,8.27943079,59.00145773,41.38483965,21581926.75000000,19910500.00000000,False
000760,이화산업,KOSPI,유통,12330,-0.08103728,62.09912536,2.49376559,65.50655977,-9.33823529,12.39067055,5.38461538,52.49635569,41.31741983,13810817.50000000,9023720.00000000,False
352820,하이브,KOSPI,오락·문화,167000,6.09911055,97.01166181,4.96543055,77.18658892,-6.44257703,19.09620991,-27.39130435,4.08163265,41.31195335,31864867001.65000153,74556768950.00000000,False
424760,벨로크,KOSDAQ,IT 서비스,2210,-5.35331906,8.38192420,7.02179177,84.25655977,-14.50676983,5.94023324,11.16700201,63.92128280,41.27551020,109276666.30000000,60154202.00000000,False
33637L,솔루스첨단소재2우B,KOSPI,전기·전자,2270,-3.60934183,18.69533528,0.00000000,41.41763848,-1.30434783,40.52478134,5.82750583,53.82653061,41.27004373,3693401.75000000,1588920.00000000,False
33626K,두산퓨얼셀1우,KOSPI,전기·전자,6190,-2.21169036,30.95845481,0.16181230,44.82507289,0.00000000,49.05247813,-3.28125000,25.18221574,41.20080175,262148427.75000000,38421640.00000000,False
373170,엠아이큐브솔루션,KOSDAQ,IT 서비스,1879,-2.38961039,29.22740525,5.26610644,78.49854227,-9.66346154,11.62536443,4.56316082,50.32798834,41.18804665,153935231.15000001,57170378.00000000,False
418420,라온텍,KOSDAQ,전기·전자,4105,-2.95508274,24.19825073,-5.19630485,8.05393586,0.85995086,55.64868805,15.14726508,70.40816327,41.17711370,594645784.00000000,543034315.00000000,False
039310,세중,KOSDAQ,IT 서비스,1213,4.20962199,95.18950437,0.24793388,46.06413994,-12.41877256,7.83527697,17.65276431,73.46938776,41.16618076,41391410.20000000,45085940.00000000,False
000145,하이트진로홀딩스우,KOSPI,기타금융,9140,0.00000000,66.01676385,0.32930845,46.86588921,-1.50862069,39.72303207,-4.49320794,22.95918367,41.14249271,1543001.50000000,72880.00000000,False
058630,엠게임,KOSDAQ,IT 서비스,3990,-0.12515645,61.29737609,1.91570881,61.44314869,-2.08588957,37.28134111,-19.23076923,8.30903790,41.13702624,177951689.05000001,58927131.00000000,False
464500,아이언디바이스,KOSDAQ,전기·전자,1715,-3.10734463,22.70408163,2.38805970,64.72303207,-1.66284404,39.13994169,-7.34737979,18.69533528,41.08236152,66384509.00000000,48671702.00000000,False
114840,아이패밀리에스씨,KOSDAQ,화학,8460,1.07526882,83.09037901,3.04506699,69.16909621,-8.83620690,13.01020408,-0.35335689,34.07434402,41.07871720,218662968.75000000,168170270.00000000,False
037460,삼지전자,KOSDAQ,전기·전자,31000,-5.63165906,7.21574344,-0.48154093,34.58454810,3.33333333,64.46793003,-5.91805766,20.84548105,41.05320700,1438368953.75000000,1240594950.00000000,False
316140,우리금융지주,KOSPI,기타금융,33400,-0.14947683,60.45918367,-7.86206897,4.33673469,0.60240964,54.26384840,8.79478827,59.91253644,41.03498542,121751083199.14999390,48437613425.00000000,False
001340,PKC,KOSPI,화학,5070,-3.24427481,21.50145773,1.60320641,59.11078717,-0.58823529,44.13265306,-8.48375451,17.41982507,41.02040816,431687576.50000000,377836085.00000000,False
031210,서울보증보험,KOSPI,보험,42800,2.02622169,89.46793003,-0.69605568,32.21574344,-1.94730813,37.79154519,0.00000000,36.24271137,40.97667638,1799248579.15000010,1688170800.00000000,False
317400,자이에스앤디,KOSPI,부동산,9860,-3.89863548,16.14431487,1.12820513,54.37317784,-12.19946572,8.05393586,106.70859539,99.08892128,40.96574344,9614386656.25000000,3796351260.00000000,False
043650,국순당,KOSDAQ,음식료·담배,3490,0.28735632,73.87026239,0.00000000,41.41763848,-1.82841069,38.33819242,-1.96629213,29.08163265,40.96392128,697334754.39999998,70333533.00000000,False
211270,AP위성,KOSDAQ,전기·전자,8510,-12.80737705,0.25510204,-5.12820513,8.19970845,4.67404674,67.93002915,7.04402516,56.41399417,40.94023324,1155393925.25000000,5033584635.00000000,False
049960,쎌바이오텍,KOSDAQ,제약,15230,-1.23216602,41.83673469,1.12881806,54.40962099,-3.60759494,30.28425656,1.12881806,41.58163265,40.93658892,113171082.75000000,96618910.00000000,False
330730,스톤브릿지벤처스,KOSDAQ,금융,4645,-1.17021277,42.74781341,1.30861505,56.15889213,-4.62012320,25.61953353,3.45211581,47.63119534,40.89650146,134686099.05000001,118096140.00000000,False
013310,아진산업,KOSDAQ,운송장비·부품,2325,-1.06382979,44.46064140,1.75054705,60.34985423,-2.10526316,37.20845481,-8.64440079,17.23760933,40.88192420,177414282.05000001,122751015.00000000,False
389650,넥스트바이오메디컬,KOSDAQ,의료·정밀기기,31100,-1.58227848,37.50000000,0.64724919,50.18221574,0.16103060,51.45772595,-20.96569250,7.28862974,40.84548105,790154298.75000000,236432700.00000000,False
397810,애드포러스,KOSDAQ,일반서비스,6460,-5.69343066,6.85131195,-0.46224961,34.73032070,-3.29341317,32.14285714,29.97987928,84.22011662,40.80539359,56992376.25000000,4721510.00000000,False
133820,화인베스틸,KOSPI,금속,989,-0.10101010,61.78935860,0.40609137,47.59475219,-2.27272727,36.55247813,-2.17606330,28.49854227,40.77806122,41333219.55000000,15817651.00000000,False
085810,알티캐스트,KOSDAQ,IT 서비스,1428,1.63701068,87.09912536,2.14592275,63.08309038,-4.67289720,25.51020408,-10.58234189,14.28571429,40.69606414,29109355.80000000,9837062.00000000,False
357880,SKAI,KOSDAQ,IT 서비스,1792,0.61763054,78.42565598,-1.48433205,24.89067055,1.93401593,59.80320700,-21.05726872,7.25218659,40.68148688,1335193863.59999990,1161171295.00000000,False
080520,오디텍,KOSDAQ,전기·전자,2850,-2.39726027,29.15451895,-6.09555189,6.52332362,3.63636364,65.17857143,3.82513661,48.54227405,40.65233236,27202105.75000000,46765700.00000000,False
032790,엠젠솔루션,KOSDAQ,유통,1198,-3.23101777,21.61078717,-5.96546311,6.81486880,0.67226891,54.91982507,16.31067961,72.15743440,40.60495627,436229449.19999999,167982804.00000000,False
208370,셀바스헬스케어,KOSDAQ,의료·정밀기기,2675,-3.77697842,17.20116618,-6.30472855,6.19533528,8.96130346,76.63994169,-0.92592593,31.81486880,40.59766764,1880034060.45000005,704383645.00000000,False
003800,에이스침대,KOSDAQ,기타제조,32400,0.93457944,81.65087464,-1.21951220,27.31413994,-1.21951220,40.77988338,0.62111801,39.61370262,40.59402332,52149392.50000000,67277900.00000000,False
041460,한국전자인증,KOSDAQ,IT 서비스,3385,-1.88405797,34.56632653,1.95783133,61.62536443,-4.91573034,24.78134111,1.80451128,43.65889213,40.58855685,164624578.19999999,135047455.00000000,False
036420,콘텐트리중앙,KOSPI,오락·문화,1528,-2.67515924,26.38483965,-1.35571336,25.98396501,-1.86255620,38.22886297,17.99227799,73.90670554,40.50655977,57858384.65000000,31022502.00000000,False
059270,해성에어로보틱스,KOSDAQ,금속,5300,-3.63636364,18.44023324,1.53256705,58.41836735,-1.48698885,39.83236152,-3.10786106,25.76530612,40.45553936,365890485.39999998,122602910.00000000,False
950170,JTC,KOSDAQ,유통,4300,1.41509434,85.96938776,1.17647059,54.99271137,-3.37078652,31.55976676,-11.34020619,13.66618076,40.45189504,36113572.40000000,9819625.00000000,False
250930,예선테크,KOSDAQ,화학,893,29.98544396,99.89067055,70.41984733,99.96355685,-52.39872068,0.54664723,-51.72972973,1.20262391,40.43731778,71466089.25000000,146492185.00000000,False
045390,대아티아이,KOSDAQ,전기·전자,3000,-1.96078431,33.30903790,3.44827586,71.11880466,-20.94861660,3.27988338,16.27906977,72.04810496,40.38811953,2756068289.44999981,1237245013.00000000,False
187220,디티앤씨,KOSDAQ,일반서비스,1998,-3.94230769,15.77988338,0.35158212,47.19387755,1.01112235,56.66909621,-16.05042017,9.83965015,40.37172012,19760063.75000000,36087732.00000000,False
263750,펄어비스,KOSDAQ,IT 서비스,33200,0.15082956,71.57434402,1.68453292,59.76676385,-3.76811594,29.59183673,-8.66574966,17.16472303,40.35714286,7926176216.25000000,3846850025.00000000,False
027360,아주IB투자,KOSDAQ,금융,3615,-10.74074074,0.58309038,-6.46830530,5.79446064,13.50078493,82.87172012,-2.69179004,26.93148688,40.33163265,14681358964.64999962,10253701706.00000000,False
006220,제주은행,KOSPI,은행,9660,-0.30959752,56.85131195,0.31152648,46.70189504,-4.07149950,28.49854227,2.87539936,46.10058309,40.31523324,1648663166.25000000,423345670.00000000,False
001630,종근당홀딩스,KOSPI,제약,37550,0.40106952,75.65597668,0.94086022,52.76967930,-3.47043702,31.01311953,-4.93670886,22.41253644,40.28425656,71120308.75000000,170687400.00000000,False
134060,이퓨쳐,KOSDAQ,오락·문화,5380,0.00000000,66.01676385,-1.28440367,26.85860058,-3.58422939,30.35714286,12.90661070,67.20116618,40.24234694,12169151.50000000,27587345.00000000,False
069620,대웅제약,KOSPI,제약,110300,1.00732601,82.47084548,2.89179104,68.14868805,-4.99569337,24.45335277,-18.23573017,8.78279883,40.22959184,1653425337.50000000,1108900100.00000000,False
053980,오상자이엘,KOSDAQ,IT 서비스,2430,0.00000000,66.01676385,0.82987552,51.56705539,-2.80000000,34.11078717,-4.89236791,22.55830904,40.22776968,89926674.84999999,136662469.00000000,False
093190,빅솔론,KOSDAQ,전기·전자,8220,0.61199510,78.38921283,-0.96385542,30.06559767,-3.29411765,32.10641399,5.38461538,52.49635569,40.20043732,96553822.00000000,115525240.00000000,False
041930,SY동아,KOSDAQ,화학,4925,-1.89243028,34.47521866,-1.69660679,23.17784257,-1.00502513,41.72740525,11.93181818,65.45189504,40.18221574,2039598415.79999995,58820460.00000000,False
340810,시선AI,KOSDAQ,IT 서비스,3680,1.65745856,87.24489796,-3.79084967,11.80758017,-5.64102564,22.12099125,62.11453744,95.15306122,40.14577259,1312662978.70000005,334545781.00000000,False
036630,세종텔레콤,KOSDAQ,건설,8050,2.67857143,92.16472303,3.73711340,72.44897959,-8.31435080,14.21282799,-8.62656073,17.27405248,40.09110787,85690596.50000000,15660325.00000000,False
0132G0,교보20호스팩,KOSDAQ,금융,1977,-0.95190381,45.77259475,-0.15151515,38.19241983,-0.70316424,43.54956268,-0.55331992,33.16326531,40.08746356,6406945.80000000,243877.00000000,False
462520,조선내화,KOSPI,비금속,12810,-1.83908046,35.02186589,1.26482213,55.79446064,-0.31128405,45.80903790,-20.43478261,7.58017493,40.08017493,547423541.50000000,535083800.00000000,False
238200,비피도,KOSDAQ,음식료·담배,2725,-2.67857143,26.29373178,-2.50447227,17.74781341,-0.72859745,43.33090379,17.96536797,73.87026239,40.06013120,10635595.25000000,5270680.00000000,False
005940,NH투자증권,KOSPI,증권,26450,-0.93632959,46.02769679,0.95419847,52.87900875,-0.75046904,43.09402332,-13.70309951,11.66180758,40.03644315,11211734020.64999962,10093593100.00000000,False
091440,한울소재과학,KOSDAQ,전기·전자,2770,0.00000000,66.01676385,-14.76923077,1.20262391,-0.18018018,46.42857143,16.38655462,72.30320700,39.99453353,875197971.89999998,295854970.00000000,False
402030,코난테크놀로지,KOSDAQ,IT 서비스,12820,-2.28658537,30.35714286,0.62794349,49.96355685,-6.83139535,18.11224490,17.61467890,73.43294461,39.95626822,230670737.75000000,156640930.00000000,False
205100,엑셈,KOSDAQ,IT 서비스,1387,1.24087591,84.51166181,-3.81414702,11.62536443,3.27624721,64.32215743,-14.01115933,11.40670554,39.94897959,736152503.25000000,683890506.00000000,False
005830,DB손해보험,KOSPI,보험,186400,1.80229383,88.33819242,-2.61233020,17.09183673,-4.75217169,25.32798834,23.11756935,79.26384840,39.94533528,38983008141.30000305,29042334350.00000000,False
440290,HB인베스트먼트,KOSDAQ,금융,1710,-0.17513135,59.94897959,-0.34965035,35.78717201,-2.17391304,36.84402332,1.30331754,42.31049563,39.93075802,46561367.95000000,26854800.00000000,False
128660,피제이메탈,KOSDAQ,금속,2850,-1.21317158,42.14650146,0.52910053,49.01603499,-4.52261307,26.09329446,5.55555556,52.86078717,39.92893586,141020507.40000001,196751555.00000000,False
460860,동국제강,KOSPI,금속,9590,-2.44150560,28.79008746,1.37420719,56.77842566,-8.75356803,13.15597668,17.52450980,73.28717201,39.83236152,3310414388.00000000,2061625665.00000000,False
310210,보로노이,KOSDAQ,일반서비스,145300,-7.39324410,3.02478134,8.92053973,88.22886297,-5.03267974,24.34402332,-9.35745477,16.18075802,39.74489796,11529713932.50000000,8499178000.00000000,False
198080,캐프,KOSDAQ,전기·전자,2095,-0.71090047,49.89067055,0.72115385,50.69241983,-2.55813953,35.16763848,-2.55813953,27.29591837,39.72303207,82066459.30000000,159625290.00000000,False
060150,인선이엔티,KOSDAQ,일반서비스,2985,-1.15894040,42.93002915,1.35823430,56.63265306,-1.80921053,38.44752187,-9.95475113,15.23323615,39.70845481,96902563.80000000,39685235.00000000,False
138040,메리츠금융지주,KOSPI,기타금융,130100,0.46332046,76.53061224,-1.81132075,22.19387755,-3.98523985,28.75364431,14.42392260,69.46064140,39.70481050,23935817187.50000000,14733909700.00000000,False
458350,에스팀,KOSDAQ,일반서비스,3080,1.31578947,85.04008746,5.11945392,77.95189504,-7.50750751,16.36297376,-22.71016311,6.30466472,39.69569971,79168273.25000000,38390070.00000000,False
303530,이노뎁,KOSDAQ,IT 서비스,3020,-0.33003300,56.43221574,-2.26537217,19.13265306,-1.30718954,40.41545190,9.22242315,60.67784257,39.68476676,22752714.95000000,17981365.00000000,False
090430,아모레퍼시픽,KOSPI,화학,138300,3.98496241,94.78862974,-2.67417312,16.72740525,-3.48918353,30.86734694,11.26307321,64.17638484,39.67930029,29177213473.90000153,33714861650.00000000,False
003535,한화투자증권우,KOSPI,증권,6460,-3.58208955,19.05976676,0.15503876,44.75218659,-4.71976401,25.40087464,15.35714286,70.73615160,39.63921283,86649575.50000000,46146510.00000000,False
352910,오비고,KOSDAQ,IT 서비스,4775,0.52631579,77.44169096,-4.21263791,10.64139942,-3.53535354,30.57580175,26.65782493,82.21574344,39.61005831,38039539.65000000,17917945.00000000,False
304840,피플바이오,KOSDAQ,제약,561,0.00000000,66.01676385,0.00000000,41.41763848,0.00000000,49.05247813,-26.08695652,4.77405248,39.60276968,0.00000000,0.00000000,False
017550,수산세보틱스,KOSPI,기계·장비,1815,-2.15633423,31.45043732,0.55401662,49.21647230,-4.12044374,28.20699708,5.15643105,51.82215743,39.55721574,328812327.89999998,218134860.00000000,False
088260,이리츠코크렙,KOSPI,부동산,3230,0.15503876,71.64723032,-1.97268589,20.77259475,0.78003120,55.43002915,-6.64739884,19.78862974,39.52623907,177480567.15000001,60909520.00000000,False
151860,KG에코솔루션,KOSDAQ,운송장비·부품,5380,-0.18552876,59.62099125,1.12781955,54.31851312,-3.75670841,29.62827988,-2.71247740,26.85860058,39.48068513,504008386.25000000,155299265.00000000,False
275630,에스에스알,KOSDAQ,IT 서비스,3990,0.12547051,70.77259475,3.10077519,69.49708455,-12.50000000,7.79883382,1.26903553,42.16472303,39.47886297,60732959.00000000,8777915.00000000,False
014790,HLDI,KOSPI,건설,2505,0.00000000,66.01676385,-1.18343195,27.62390671,-1.95694716,37.75510204,3.29896907,47.37609329,39.46610787,91330446.59999999,69684735.00000000,False
003460,유화증권,KOSPI,증권,2995,0.00000000,66.01676385,0.16722408,44.93440233,-2.28384992,36.44314869,-4.00641026,24.01603499,39.46246356,83275859.34999999,81873405.00000000,False
007770,한일화학,KOSDAQ,화학,7870,-0.12690355,61.11516035,-1.50187735,24.81778426,-4.25790754,27.33236152,18.88217523,74.85422741,39.46064140,16996200.75000000,2319950.00000000,False
004380,삼익THK,KOSPI,기계·장비,7690,-2.78128951,25.54664723,3.77867746,72.59475219,-5.06172840,24.12536443,-2.53485425,27.36880466,39.45699708,170863071.50000000,93082750.00000000,False
034120,SBS,KOSPI,오락·문화,11730,0.51413882,77.33236152,0.51413882,48.87026239,-3.45679012,31.15889213,-4.55655004,22.84985423,39.42784257,64973719.50000000,12220110.00000000,False
099320,쎄트렉아이,KOSDAQ,운송장비·부품,75400,-9.59232614,1.09329446,-4.91803279,8.63702624,6.64780764,72.23032070,0.39946738,38.81195335,39.35495627,4503677337.50000000,10802652650.00000000,False
041510,에스엠,KOSDAQ,오락·문화,79200,1.02040816,82.58017493,-5.48926014,7.50728863,0.25316456,52.36880466,0.50761421,39.32215743,39.32215743,10386954775.00000000,6251706950.00000000,False
017940,E1,KOSPI,유통,91500,1.44124169,86.11516035,-0.10917031,38.59329446,-6.34595701,19.46064140,7.14285714,56.74198251,39.32215743,806937222.50000000,700154550.00000000,False
419120,산돌,KOSDAQ,IT 서비스,2285,-0.43572985,54.37317784,2.23713647,63.59329446,-3.58649789,30.32069971,-11.77606178,13.15597668,39.27478134,36526796.05000000,46173488.00000000,False
006840,AK홀딩스,KOSPI,기타금융,6830,-2.14899713,31.63265306,1.48588410,58.05393586,-11.41374838,9.22011662,18.57638889,74.59912536,39.18731778,47798646.25000000,19375640.00000000,False
005870,휴니드,KOSPI,전기·전자,4380,-3.09734513,22.83163265,-2.55839822,17.38338192,1.86046512,59.58454810,0.45871560,39.10349854,39.15269679,176927111.05000001,197680437.00000000,False
021320,KCC건설,KOSDAQ,건설,5640,-0.87873462,46.82944606,-3.25900515,14.35860058,0.17761989,51.69460641,3.29670330,47.33965015,39.13629738,137073306.75000000,42511710.00000000,False
007610,선도전기,KOSPI,전기·전자,4220,-3.65296804,18.33090379,-3.98179750,11.29737609,7.10659898,73.32361516,-4.52488688,22.88629738,39.12900875,4227031909.34999990,2254829939.00000000,False
017370,우신시스템,KOSPI,기계·장비,3575,-0.83217753,47.59475219,1.56250000,58.65524781,-2.05479452,37.39067055,-17.81609195,9.07434402,39.12718659,41944725.10000000,26764208.00000000,False
101140,인바이오젠,KOSPI,유통,5080,-2.30769231,30.08381924,14.67268623,94.78862974,-8.79712747,13.08309038,-13.31058020,11.88046647,39.05430029,35539673.50000000,10825350.00000000,False
039010,현대에이치티,KOSDAQ,전기·전자,7950,-2.69277846,26.12973761,-1.97287300,20.73615160,0.25220681,52.33236152,2.97927461,46.39212828,39.04518950,273986855.75000000,691184600.00000000,False
025820,이구산업,KOSPI,금속,4185,-3.79310345,16.94606414,-0.23837902,37.13556851,-2.21962617,36.73469388,7.58354756,57.58017493,39.04518950,748644033.39999998,541565972.00000000,False
353190,휴럼,KOSDAQ,음식료·담배,2605,0.38535645,75.36443149,0.77369439,51.20262391,-3.51851852,30.64868805,-6.96428571,19.35131195,39.02696793,11747429.60000000,10682035.00000000,False
384470,코어라인소프트,KOSDAQ,IT 서비스,2585,-2.08333333,32.23396501,-1.71102662,23.03206997,3.81526104,65.74344023,-11.92504259,12.97376093,39.02514577,145187723.00000000,81676904.00000000,False
270870,뉴트리,KOSDAQ,음식료·담배,3660,-0.94722598,45.91836735,5.32374101,78.79008746,-5.30401035,23.25072886,-20.86486486,7.36151603,39.00145773,26235180.60000000,4117045.00000000,False
065420,에스아이리소스,KOSDAQ,화학,940,0.00000000,66.01676385,0.00000000,41.41763848,0.00000000,49.05247813,-47.19101124,1.56705539,38.96137026,0.00000000,0.00000000,False
049520,유아이엘,KOSDAQ,전기·전자,3710,-0.13458950,61.00583090,-0.53619303,34.00145773,-3.88601036,29.22740525,6.15164521,54.77405248,38.94679300,151431075.40000001,153485895.00000000,False
005850,에스엘,KOSPI,운송장비·부품,50600,-3.43511450,20.22594752,1.91339376,61.40670554,-1.55642023,39.54081633,-11.84668990,13.08309038,38.87755102,3319034685.00000000,1788093250.00000000,False
008830,대동기어,KOSDAQ,기계·장비,6300,-3.81679389,16.72740525,1.28617363,55.90379009,-0.31645570,45.75437318,-15.20861373,10.53206997,38.85204082,1781484809.75000000,1295842225.00000000,False
305090,마이크로디지탈,KOSDAQ,의료·정밀기기,538,0.00000000,66.01676385,0.00000000,41.41763848,0.00000000,49.05247813,-74.74178404,0.40087464,38.72813411,0.00000000,0.00000000,False
114630,폴라리스우노,KOSDAQ,화학,1565,-2.67412935,26.42128280,-2.06508135,20.26239067,4.75234270,68.14868805,-11.38165345,13.59329446,38.69897959,108974300.40000001,19069796.00000000,False
008775,호텔신라우,KOSPI,유통,28100,0.35714286,75.10932945,0.35714286,47.23032070,-3.43642612,31.30466472,-4.90693739,22.46720117,38.69533528,20498911.25000000,22759750.00000000,False
024880,케이피에프,KOSDAQ,금속,3840,-2.53807107,27.76967930,-1.03092784,29.15451895,-0.77519380,42.85714286,4.48979592,50.14577259,38.69533528,163767363.55000001,173077555.00000000,False
010690,화신,KOSPI,운송장비·부품,7550,-2.95629820,24.16180758,2.44233379,64.94169096,-2.58064516,34.94897959,-10.86186541,13.99416910,38.67711370,864127024.25000000,722151750.00000000,False
003495,대한항공우,KOSPI,운송·창고,22000,0.00000000,66.01676385,-1.34529148,26.12973761,-0.45248869,44.89795918,-1.12359551,31.37755102,38.67529155,43701546.25000000,29590500.00000000,False
095910,에스에너지,KOSDAQ,전기·전자,583,0.00000000,66.01676385,5.04504505,77.55102041,-6.42054575,19.16909621,-24.48186528,5.53935860,38.64249271,92634137.09999999,0.00000000,False
059100,아이컴포넌트,KOSDAQ,전기·전자,6650,-0.59790732,51.40306122,-4.31654676,10.20408163,-3.62318841,30.17492711,46.31463146,91.61807580,38.59511662,173304241.25000000,147603230.00000000,False
002900,TYM,KOSPI,기계·장비,6570,0.00000000,66.01676385,1.86046512,61.00583090,-12.63297872,7.58017493,5.62700965,53.13411079,38.56231778,1236113108.25000000,755034605.00000000,False
111110,호전실업,KOSPI,섬유·의류,6390,-0.31201248,56.66909621,-0.77639752,31.34110787,-0.46728972,44.82507289,-2.44274809,27.66034985,38.53134111,34112225.50000000,9284365.00000000,False
004540,깨끗한나라,KOSPI,종이·목재,1232,-0.24291498,57.98104956,-1.20288693,27.51457726,0.57142857,54.08163265,-11.30309575,13.77551020,38.44023324,32298705.50000000,17465900.00000000,False
185490,아이진,KOSDAQ,일반서비스,1893,-0.21085925,58.96501458,-2.37235688,18.36734694,-4.87437186,24.89067055,31.45833333,85.38629738,38.44023324,179935819.09999999,81598806.00000000,False
221800,지구홀딩스,KOSDAQ,일반서비스,3830,0.39318480,75.58309038,3.23450135,70.18950437,-5.43209877,22.77696793,-30.36363636,3.53498542,38.43294461,150146807.55000001,97475099.00000000,False
0071M0,삼성스팩11호,KOSDAQ,금융,1955,-2.10315473,32.03352770,0.05117707,43.80466472,-1.16279070,41.21720117,-2.49376559,27.62390671,38.35641399,13363280.95000000,15108247.00000000,False
119500,포메탈,KOSDAQ,금속,2375,0.21097046,72.70408163,-0.21008403,37.33600583,-2.46406571,35.60495627,-2.26337449,28.20699708,38.35459184,89770279.84999999,83053008.00000000,False
002350,넥센타이어,KOSPI,화학,5780,0.34722222,74.85422741,2.12014134,62.90087464,-4.93421053,24.74489796,-15.24926686,10.49562682,38.35276968,827432406.75000000,372198385.00000000,False
016880,웅진,KOSPI,기타금융,1828,0.21929825,72.92274052,1.66852058,59.54810496,-6.73469388,18.44023324,-1.98391421,29.04518950,38.34183673,173492634.00000000,101994711.00000000,False
244920,에이플러스에셋,KOSPI,기타금융,12940,2.45447348,91.25364431,-1.89537528,21.31924198,-7.30659026,16.90962099,24.30355427,80.24781341,38.33454810,299994285.75000000,146276980.00000000,False
039420,케이엘넷,KOSDAQ,통신,2645,-1.12149533,43.47667638,-0.37664783,35.56851312,-2.39852399,35.96938776,2.12355212,44.60641399,38.32725948,37397031.25000000,85901465.00000000,False
025860,남해화학,KOSPI,화학,6060,0.49751244,77.15014577,-0.98039216,29.88338192,-4.71698113,25.43731778,7.44680851,57.32507289,38.31997085,1579311715.25000000,751031425.00000000,False
481850,신한글로벌액티브리츠,KOSPI,기타금융,973,-0.10266940,61.69825073,-0.81549439,31.23177843,-0.71428571,43.47667638,-2.79720280,26.74927114,38.27988338,16737102.55000000,12353279.00000000,False
079170,한창산업,KOSDAQ,금속,5600,1.08303249,83.19970845,-4.76190476,8.92857143,-4.10958904,28.27988338,23.62030905,79.70116618,38.25072886,44013732.75000000,7886380.00000000,False
450520,인스웨이브,KOSDAQ,IT 서비스,1871,-1.16217644,42.89358601,-1.47446024,24.96355685,-1.52631579,39.68658892,5.40845070,52.62390671,38.17784257,38508358.50000000,55993180.00000000,False
192410,오늘이엔엠,KOSDAQ,전기·전자,3500,1.59651669,86.80758017,1.30246020,56.08600583,-31.64062500,1.31195335,9.20436817,60.64139942,38.15962099,280566399.10000002,98664895.00000000,False
123750,알톤,KOSDAQ,운송장비·부품,1731,0.00000000,66.01676385,-1.87074830,21.68367347,1.76366843,59.18367347,-21.85101580,6.85131195,38.15051020,37577684.60000000,13506662.00000000,False
003545,대신증권우,KOSPI,증권,20050,-0.49627792,52.98833819,-0.98765432,29.66472303,-1.47420147,39.97813411,0.65261044,39.79591837,38.14868805,690292239.00000000,685764520.00000000,False
004840,DRB동일,KOSPI,화학,3985,-0.37500000,55.64868805,0.37783375,47.33965015,-2.32843137,36.18804665,-7.00116686,19.31486880,38.10495627,77959533.59999999,177236367.00000000,False
086900,메디톡스,KOSDAQ,제약,67500,0.14836795,71.53790087,0.29717682,46.53790087,-3.01724138,33.23615160,-7.53424658,18.44023324,38.09766764,1010037100.00000000,675227950.00000000,False
298050,HS효성첨단소재,KOSPI,화학,162100,-1.63834951,36.95335277,0.55831266,49.30758017,-6.19212963,19.97084548,7.92276964,58.09037901,38.09402332,1261718090.00000000,807466150.00000000,False
009680,모토닉,KOSPI,운송장비·부품,10050,-0.19860973,59.29300292,-0.59347181,33.34548105,-3.08582449,32.76239067,2.34215886,44.97084548,38.03206997,123446711.75000000,51470550.00000000,False
035610,솔본,KOSDAQ,일반서비스,4880,-1.01419878,44.78862974,-2.78884462,16.14431487,-3.55731225,30.43002915,27.08333333,82.50728863,37.99562682,306263419.44999999,35443215.00000000,False
452430,사피엔반도체,KOSDAQ,전기·전자,34950,-4.11522634,14.68658892,-12.18592965,1.96793003,-0.14285714,46.75655977,32.38636364,86.07871720,37.97740525,2095758683.75000000,925387325.00000000,False
016450,한세예스24홀딩스,KOSPI,섬유·의류,4300,-0.11614402,61.44314869,0.23310023,45.66326531,-3.69540873,29.95626822,-1.37614679,30.72157434,37.97011662,41782904.70000000,55061775.00000000,False
024090,디씨엠,KOSPI,금속,11360,-1.13141862,43.25801749,-0.17574692,37.93731778,-3.15430520,32.61661808,2.80542986,46.02769679,37.95918367,22077343.00000000,42682540.00000000,False
328380,솔트웨어,KOSDAQ,IT 서비스,3820,-4.73815461,11.26093294,-2.67515924,16.65451895,-3.16856781,32.50728863,56.55737705,94.16909621,37.95918367,53614030.85000000,42764025.00000000,False
013120,동원개발,KOSDAQ,건설,2090,0.00000000,66.01676385,1.45631068,57.67128280,-3.46420323,31.08600583,-19.61538462,8.09037901,37.95553936,128418509.65000001,83393370.00000000,False
123570,이엠넷,KOSDAQ,일반서비스,1627,0.12307692,70.73615160,-0.12277471,38.37463557,-1.86972256,38.19241983,-6.38665132,20.22594752,37.90816327,4905587.45000000,2773635.00000000,False
035150,백산,KOSPI,화학,10380,-1.51802657,38.44752187,0.87463557,51.85860058,-4.77064220,25.18221574,1.26829268,42.12827988,37.90087464,142316809.75000000,187546750.00000000,False
066620,국보디자인,KOSDAQ,건설,24800,2.05761317,89.57725948,-0.20120724,37.50000000,-6.41509434,19.24198251,4.42105263,49.96355685,37.89723032,100092103.75000000,404011350.00000000,False
032850,비트컴퓨터,KOSDAQ,IT 서비스,3965,-3.05623472,23.36005831,-5.36992840,7.72594752,5.03311258,68.84110787,-2.21948212,28.27988338,37.84620991,279236553.19999999,269971605.00000000,False
308080,바이젠셀,KOSDAQ,일반서비스,5850,-0.51020408,52.76967930,3.17460317,70.00728863,-11.09422492,9.80320700,0.17123288,38.08309038,37.81705539,700497853.25000000,418025845.00000000,False
308430,셀비온,KOSDAQ,제약,13800,-3.08988764,22.94096210,-7.13324361,4.91982507,8.23529412,75.29154519,-6.75675676,19.56997085,37.80065598,495871703.25000000,302403810.00000000,False
005680,삼영전자,KOSPI,전기·전자,12500,-1.49724192,38.70262391,-1.72955975,22.70408163,3.05028854,63.88483965,-20.02559181,7.79883382,37.79518950,272996099.75000000,233192310.00000000,False
001450,현대해상,KOSPI,보험,48050,2.67094017,92.05539359,-3.61083250,12.64577259,-5.96868885,20.88192420,26.61396574,82.10641399,37.77332362,19847307371.29999924,13878025000.00000000,False
035080,그래디언트,KOSDAQ,유통,11450,-0.86580087,47.04810496,-1.96917808,20.80903790,-4.42404007,26.67638484,25.27352298,80.72157434,37.76239067,358698727.25000000,603316345.00000000,False
089470,HDC현대EP,KOSPI,화학,3820,-0.39113429,55.32069971,-0.26109661,36.77113703,-3.41340076,31.41399417,1.59574468,43.14868805,37.75874636,150240763.34999999,153286330.00000000,False
049720,고려신용정보,KOSDAQ,일반서비스,9060,-0.22026432,58.81924198,-0.98360656,29.77405248,-0.33003300,45.66326531,-4.22832981,23.39650146,37.75874636,156706962.75000000,95170830.00000000,False
263020,디케이앤디,KOSDAQ,화학,3095,-2.21169036,30.95845481,-0.64205457,32.88994169,-1.43312102,40.08746356,1.80921053,43.69533528,37.73688047,67725656.15000001,151664325.00000000,False
092130,이크레더블,KOSDAQ,IT 서비스,14190,-0.49088359,53.09766764,-0.28109628,36.58892128,-2.07039337,37.35422741,-0.76923077,32.54373178,37.73688047,40801290.50000000,50632065.00000000,False
417180,핑거스토리,KOSDAQ,IT 서비스,4015,-0.86419753,47.12099125,2.03303685,62.20845481,-11.75824176,8.78279883,5.93667546,54.24562682,37.73688047,23486791.20000000,6748460.00000000,False
060560,HC홈센타,KOSDAQ,유통,1955,-0.45824847,53.93586006,0.25641026,46.24635569,-2.05410822,37.42711370,-8.64485981,17.20116618,37.67857143,12619378.25000000,12741741.00000000,False
003100,선광,KOSDAQ,운송·창고,20300,-1.21654501,42.05539359,-0.73349633,31.77842566,-3.56294537,30.39358601,8.20895522,58.81924198,37.66034985,130968517.50000000,232248800.00000000,False
023760,한국캐피탈,KOSDAQ,금융,1407,-0.42462845,54.75583090,-0.98522167,29.73760933,-0.98522167,41.89139942,-0.77574048,32.50728863,37.65488338,63336961.20000000,55606683.00000000,False
383800,LX홀딩스,KOSPI,기타금융,8000,-0.37359900,55.68513120,-1.71990172,22.90451895,-2.31990232,36.26093294,5.68031704,53.49854227,37.64395044,580392225.50000000,506421550.00000000,False
004365,세방우,KOSPI,운송·창고,9100,-0.10976948,61.58892128,-0.76335878,31.55976676,-2.77777778,34.22011662,0.99889012,41.43586006,37.60204082,23018618.50000000,11187340.00000000,False
214180,헥토이노베이션,KOSDAQ,IT 서비스,14110,-2.75671950,25.69241983,0.78571429,51.31195335,-6.12109115,20.26239067,7.54573171,57.50728863,37.56924198,609052719.00000000,451400685.00000000,False
000950,전방,KOSPI,섬유·의류,30100,1.34680135,85.34985423,-0.66006601,32.72594752,-7.95107034,15.34256560,11.89591078,65.37900875,37.56559767,21752430.00000000,7046800.00000000,False
950140,잉글우드랩,KOSDAQ,화학,8230,1.35467980,85.42274052,0.48840049,48.50583090,-4.52436195,26.05685131,-6.47727273,20.11661808,37.54008746,103710423.75000000,104277850.00000000,False
001795,대한제당우,KOSPI,음식료·담배,2135,0.00000000,66.01676385,-0.23364486,37.20845481,-2.51141553,35.38629738,-2.28832952,28.09766764,37.53826531,17436239.40000000,7754845.00000000,False
006880,신송홀딩스,KOSPI,유통,4230,0.47505938,76.74927114,0.00000000,41.41763848,-2.75862069,34.36588921,-7.64192140,18.29446064,37.50546647,490504325.44999999,61894775.00000000,False
221840,하이즈항공,KOSDAQ,운송장비·부품,2025,-0.97799511,45.08017493,-3.11004785,14.81413994,-0.73529412,43.22157434,6.91657867,56.23177843,37.48724490,18690059.55000000,119748897.00000000,False
227840,현대코퍼레이션홀딩스,KOSPI,유통,12790,-0.31176929,56.70553936,-1.15919629,27.80612245,-3.68975904,30.02915452,7.38874895,57.21574344,37.46720117,93808007.75000000,54668290.00000000,False
005300,롯데칠성,KOSPI,음식료·담배,95400,0.73917635,79.91982507,-0.10471204,38.62973761,-2.95015259,33.49125364,-5.07462687,22.17565598,37.41253644,1170824788.15000010,811725200.00000000,False
006345,대원전선우,KOSPI,전기·전자,9820,-0.80808081,48.06851312,-0.90817356,30.53935860,0.10193680,51.12973761,-10.07326007,14.94169096,37.40889213,443253792.75000000,318521290.00000000,False
001380,SG글로벌,KOSPI,운송장비·부품,1105,5.74162679,96.75655977,5.13796384,78.02478134,-15.51987768,5.39358601,-15.45524101,10.34985423,37.31049563,103795939.25000000,0.00000000,False
290560,파라택시스이더리움,KOSDAQ,IT 서비스,1249,-3.77503852,17.23760933,-0.08000000,38.99416910,-4.14428243,27.84256560,11.12099644,63.73906706,37.30685131,320745083.35000002,266302586.00000000,False
058400,KNN,KOSDAQ,오락·문화,5890,-2.15946844,31.41399417,-1.34003350,26.23906706,-2.32172471,36.22448980,8.27205882,58.96501458,37.29591837,140752061.75000000,15163970.00000000,False
290690,아리바이오홀딩스,KOSDAQ,전기·전자,3175,2.91734198,92.78425656,6.90235690,83.92857143,-22.93689320,2.62390671,-18.27541828,8.74635569,37.25583090,3478232926.09999990,1949112171.00000000,False
092780,DYP,KOSPI,운송장비·부품,3320,-2.35294118,29.68294461,-3.48837209,13.19241983,0.75872534,55.32069971,0.91185410,40.99854227,37.25400875,495863732.89999998,96375242.00000000,False
073560,우리손에프앤지,KOSDAQ,음식료·담배,1505,-0.19893899,59.25655977,-0.59445178,33.30903790,-2.01822917,37.50000000,-0.98684211,31.59620991,37.23760933,83113776.00000000,38210665.00000000,False
094280,효성ITX,KOSPI,일반서비스,11840,-0.75440067,49.16180758,-1.00334448,29.46428571,-1.49750416,39.75947522,0.08453085,37.79154519,37.21756560,61522667.50000000,185184670.00000000,False
214420,토니모리,KOSPI,화학,5060,0.00000000,66.01676385,1.40280561,57.17930029,-4.34782609,26.85860058,-11.38353765,13.55685131,37.21027697,250718963.59999999,385686095.00000000,False
0099X0,IBKS제25호스팩,KOSDAQ,금융,2230,-0.66815145,50.45553936,0.22471910,45.59037901,-3.04347826,33.12682216,-3.04347826,26.02040816,37.17747813,194325026.75000000,114745830.00000000,False
010640,진양폴리,KOSPI,화학,2050,3.58767054,94.35131195,-7.02947846,5.13848397,-3.30188679,32.03352770,12.82333517,66.90962099,37.17201166,246411510.55000001,542314839.00000000,False
088980,맥쿼리인프라,KOSPI,기타금융,9780,0.00000000,66.01676385,-1.01214575,29.40962099,-1.41129032,40.12390671,-2.20000000,28.31632653,37.13739067,6720561022.25000000,6185274675.00000000,False
007700,FF홀딩스,KOSPI,기타금융,13520,1.04633782,82.76239067,0.97087379,53.09766764,-4.72163495,25.36443149,-11.28608924,13.81195335,37.11370262,93540749.50000000,44703580.00000000,False
237690,에스티팜,KOSDAQ,제약,96100,-0.82559340,47.81341108,3.22234157,70.11661808,-5.03952569,24.27113703,-20.04991681,7.76239067,37.07725948,9311300945.00000000,8802971800.00000000,False
484810,티엑스알로보틱스,KOSDAQ,기계·장비,11930,-4.17670683,14.13994169,0.67510549,50.36443149,-13.29941860,6.88775510,38.72093023,88.92128280,37.06268222,2125836627.75000000,762968395.00000000,False
211050,인카금융서비스,KOSDAQ,금융,9920,2.37358101,90.96209913,0.81300813,51.49416910,-6.85446009,17.96647230,-2.93542074,26.45772595,37.02259475,676612583.00000000,391108270.00000000,False
023600,삼보판지,KOSDAQ,종이·목재,9010,-0.22148394,58.78279883,-0.66152150,32.65306122,-5.15789474,23.83381924,8.29326923,59.03790087,37.01530612,78198777.50000000,36782310.00000000,False
051360,토비스,KOSDAQ,전기·전자,11590,-2.35888795,29.59183673,-1.94585448,21.10058309,-2.93132328,33.56413994,15.78421578,71.39212828,36.99344023,140038783.50000000,95448650.00000000,False
089590,제주항공,KOSPI,운송·창고,4550,1.11111111,83.45481050,-1.72786177,22.77696793,-3.49946978,30.75801749,3.40909091,47.55830904,36.99344023,1173959469.54999995,1084270120.00000000,False
023000,삼원강재,KOSPI,운송장비·부품,2195,-1.12612613,43.36734694,-0.67873303,32.58017493,-0.90293454,42.31049563,-1.78970917,29.66472303,36.96793003,27477495.30000000,27693412.00000000,False
056700,신화인터텍,KOSDAQ,화학,1409,-0.56457304,51.96793003,-0.28308563,36.55247813,-0.91420534,42.23760933,-6.93527081,19.38775510,36.93513120,56752004.00000000,54574037.00000000,False
290740,액트로,KOSDAQ,전기·전자,11300,-0.26478376,57.58017493,-4.31837426,10.13119534,-5.04201681,24.23469388,47.51958225,92.09183673,36.90962099,825067463.50000000,544001040.00000000,False
131760,파인텍,KOSDAQ,기계·장비,1285,0.07788162,70.08017493,6.11065235,81.37755102,-11.25690608,9.47521866,-19.02961563,8.49125364,36.90962099,287418439.44999999,90343752.00000000,False
000480,CR홀딩스,KOSPI,비금속,4330,0.46403712,76.60349854,0.93240093,52.58746356,-4.30939227,27.04081633,-11.99186992,12.93731778,36.84037901,163120857.75000000,44816730.00000000,False
050860,아세아텍,KOSDAQ,기계·장비,1706,-0.81395349,47.95918367,-1.50115473,24.85422741,0.00000000,49.05247813,-3.94144144,24.23469388,36.72011662,18913473.50000000,9824284.00000000,False
090370,메타랩스,KOSPI,섬유·의류,1148,-0.43365134,54.48250729,-1.20481928,27.45991254,-3.61041142,30.21137026,6.09981516,54.66472303,36.70371720,79864918.00000000,32594170.00000000,False
285130,SK케미칼,KOSPI,화학,51000,-1.92307692,33.96501458,-0.39062500,35.42274052,-7.60869565,16.18075802,25.61576355,81.01311953,36.69825073,2276826442.50000000,939418600.00000000,False
189980,흥국에프엔비,KOSDAQ,음식료·담배,1147,-0.34752389,56.04956268,-1.29087780,26.67638484,-2.29982964,36.40670554,1.41467728,42.60204082,36.69096210,42468769.25000000,28783206.00000000,False
005860,한일사료,KOSDAQ,음식료·담배,2335,0.64655172,78.86297376,-0.84925690,30.86734694,-2.70833333,34.51166181,-2.09643606,28.68075802,36.68731778,2152441998.09999990,628767681.00000000,False
008700,아남전자,KOSPI,전기·전자,1246,0.16077170,71.72011662,-2.95950156,15.12390671,-2.12097408,37.17201166,4.61796809,50.54664723,36.68731778,230373273.80000001,157974159.00000000,False
013580,계룡건설,KOSPI,건설,21450,-0.46403712,53.71720117,-2.27790433,18.98688047,-2.50000000,35.49562682,7.25000000,57.06997085,36.68002915,1113554535.00000000,407692550.00000000,False
318160,셀바이오휴먼텍,KOSDAQ,섬유·의류,6510,-4.40528634,12.86443149,-11.06557377,2.33236152,1.40186916,58.09037901,7.42574257,57.25218659,36.67274052,315638500.75000000,62690450.00000000,False
034730,SK,KOSPI,기타금융,576000,-1.70648464,36.40670554,-1.87393526,21.61078717,0.52356021,53.75364431,-3.35570470,25.07288630,36.63994169,71146185825.00000000,56858384000.00000000,False
058650,세아홀딩스,KOSPI,금속,126300,-1.94099379,33.63702624,0.07923930,44.05976676,-5.46407186,22.59475219,6.22371741,54.99271137,36.61807580,106004012.50000000,143867100.00000000,False
017670,SK텔레콤,KOSPI,통신,86900,-1.91873589,34.07434402,0.81206497,51.45772595,-6.05405405,20.59037901,3.45238095,47.66763848,36.61443149,60190665840.00000000,22613273300.00000000,False
009460,한창제지,KOSPI,종이·목재,2710,-3.04114490,23.46938776,-1.09489051,28.60787172,-1.09489051,41.47230321,2.45746692,45.33527697,36.58527697,21911718.60000000,19706430.00000000,False
145990,삼양사,KOSPI,음식료·담배,45750,-0.10917031,61.62536443,-1.08108108,28.71720117,-1.82403433,38.41107872,-0.86673889,32.21574344,36.58527697,446118777.50000000,214208100.00000000,False
023900,풍국주정,KOSDAQ,음식료·담배,7080,-1.52990264,38.11953353,-0.56179775,33.63702624,-2.47933884,35.53206997,1.28755365,42.25583090,36.56705539,83059622.50000000,45593130.00000000,False
093380,풍강,KOSDAQ,금속,3015,2.20338983,90.16034985,-6.07476636,6.55976676,-4.13354531,28.00655977,16.18497110,71.86588921,36.55976676,104667735.70000000,4355435.00000000,False
064260,다날,KOSDAQ,IT 서비스,4480,-4.98409332,9.98542274,2.40000000,64.83236152,-13.84615385,6.45043732,13.13131313,67.56559767,36.54154519,4907205467.10000038,2287717730.00000000,False
108675,LX하우시스우,KOSPI,화학,18270,-1.72135557,36.33381924,-1.13636364,28.18877551,-4.39560440,26.74927114,13.83177570,68.65889213,36.52150146,13706038.50000000,21288810.00000000,False
200880,서연이화,KOSPI,운송장비·부품,10970,-2.31522707,29.99271137,1.01289134,53.42565598,-5.67497850,21.93877551,1.66821131,43.29446064,36.46137026,266327002.50000000,221157445.00000000,False
003555,LG우,KOSPI,기타금융,68100,-0.29282577,57.25218659,-1.01744186,29.30029155,-4.08450704,28.42565598,5.41795666,52.66034985,36.41763848,354049822.50000000,176439550.00000000,False
000120,CJ대한통운,KOSPI,운송·창고,70500,0.71428571,79.73760933,0.00000000,41.41763848,-3.95095368,28.97230321,-5.11440108,22.08454810,36.40488338,3122733280.00000000,2800930350.00000000,False
009770,삼정펄프,KOSPI,종이·목재,27800,-0.35842294,55.86734694,-0.71428571,32.06997085,-1.76678445,38.66618076,-2.11267606,28.60787172,36.39577259,36856792.50000000,14202600.00000000,False
443250,레뷰코퍼레이션,KOSDAQ,일반서비스,5280,4.34782609,95.38994169,2.72373541,66.94606414,-10.50847458,10.67784257,-12.87128713,12.28134111,36.35021866,57687651.20000000,54568870.00000000,False
004985,성신양회우,KOSPI,비금속,8880,-2.84463895,24.89067055,-1.66112957,23.57871720,1.83486239,59.36588921,-10.12145749,14.86880466,36.28279883,10412103.50000000,8057270.00000000,False
381970,KG모빌리티플랫폼,KOSPI,유통,6300,0.31847134,74.45335277,-0.31645570,36.18804665,-1.09890110,41.43586006,-21.54420922,6.99708455,36.27551020,365723819.25000000,357877210.00000000,False
198940,한주라이트메탈,KOSDAQ,금속,1362,-2.99145299,23.87026239,-5.93922652,6.88775510,4.84988453,68.40379009,-5.21920668,21.86588921,36.18804665,83032471.09999999,43436569.00000000,False
033200,모아텍,KOSDAQ,전기·전자,2435,-0.40899796,55.10204082,1.03734440,53.64431487,-4.13385827,27.95189504,-8.80149813,16.90962099,36.16618076,15867299.00000000,3188060.00000000,False
472850,폰드그룹,KOSDAQ,유통,4660,0.32292788,74.48979592,-3.61944157,12.60932945,-5.18819939,23.72448980,20.72538860,77.11370262,36.14431487,135617425.30000001,219667400.00000000,False
036480,대성미생물,KOSDAQ,제약,6030,1.17449664,84.03790087,-1.14754098,27.95189504,-4.13354531,28.00655977,0.83612040,40.67055394,36.12609329,22493179.00000000,24424720.00000000,False
047820,초록뱀미디어,KOSDAQ,오락·문화,3130,-1.72684458,36.29737609,-2.94573643,15.23323615,1.45867099,58.27259475,-4.42748092,23.03206997,36.11516035,39648965.45000000,10236165.00000000,False
027970,한국제지,KOSPI,종이·목재,2720,-0.72992701,49.52623907,-1.44927536,25.16399417,-0.72992701,43.29446064,-1.09090909,31.45043732,36.10969388,47116507.50000000,33078335.00000000,False
338100,NH프라임리츠,KOSPI,부동산,3785,-0.52562418,52.55102041,-0.65616798,32.79883382,-1.68831169,39.03061224,-2.69922879,26.89504373,36.08600583,213311930.94999999,575331962.00000000,False
079980,휴비스,KOSPI,화학,1925,-0.92640247,46.20991254,-0.77319588,31.41399417,-2.77777778,34.22011662,1.20925342,41.76384840,36.08600583,57720285.35000000,45629091.00000000,False
123890,한국자산신탁,KOSPI,기타금융,2425,0.41407867,75.87463557,-0.61475410,33.16326531,-6.73076923,18.51311953,6.59340659,55.61224490,36.06413994,326075962.55000001,155777224.00000000,False
387570,파인메딕스,KOSDAQ,의료·정밀기기,6190,-3.12989045,22.55830904,-1.11821086,28.38921283,-6.91729323,17.82069971,42.95612009,90.52478134,36.00583090,35888824.50000000,59560500.00000000,False
017810,풀무원,KOSPI,음식료·담배,8850,0.22650057,72.95918367,1.37457045,56.81486880,-7.13536201,17.27405248,-4.11700975,23.76093294,36.00218659,199248110.75000000,123096210.00000000,False
033240,자화전자,KOSPI,전기·전자,27300,-3.87323944,16.29008746,2.43902439,64.90524781,-10.78431373,10.31341108,5.81395349,53.77186589,35.98032070,2005363243.75000000,1969135550.00000000,False
022220,티케이지애강,KOSDAQ,화학,823,-0.12135922,61.37026239,-2.60355030,17.12827988,-7.94183445,15.41545190,49.63636364,92.60204082,35.96209913,68844665.70000000,6314228.00000000,False
001740,SK네트웍스,KOSPI,유통,6330,-3.94537178,15.70699708,1.28000000,55.86734694,-1.09375000,41.50874636,-25.61692127,5.06559767,35.94752187,4395773772.00000000,3761258550.00000000,False
290120,DH오토리드,KOSDAQ,운송장비·부품,2180,-0.90909091,46.50145773,0.46082949,48.14139942,-2.89532294,33.74635569,-9.16666667,16.54518950,35.90014577,70672175.00000000,7100910.00000000,False
014190,원익큐브,KOSDAQ,유통,1283,-1.61042945,37.20845481,-6.00732601,6.74198251,-0.77339520,42.89358601,11.66231506,64.68658892,35.83819242,136477025.05000001,94000940.00000000,False
005710,대원산업,KOSDAQ,운송장비·부품,10420,0.87124879,80.97667638,-1.88323917,21.42857143,-2.15962441,36.95335277,-0.76190476,32.58017493,35.82361516,116937964.00000000,198623400.00000000,False
005440,현대지에프홀딩스,KOSPI,기타금융,12270,-1.52487961,38.19241983,-3.46184107,13.37463557,3.02267003,63.77551020,-12.85511364,12.35422741,35.81268222,4475732316.75000000,4356919050.00000000,False
023590,다우기술,KOSPI,IT 서비스,37650,-1.82529335,35.20408163,-1.82529335,22.01166181,-1.69712794,38.92128280,4.58333333,50.40087464,35.77259475,1755527217.50000000,1818476475.00000000,False
448730,삼성FN리츠,KOSPI,부동산,5000,0.00000000,66.01676385,0.90817356,52.18658892,-4.58015267,25.81997085,-9.58408680,15.70699708,35.72704082,570641607.20000005,163711080.00000000,False
049120,파인디앤씨,KOSDAQ,전기·전자,2900,-3.33333333,20.88192420,-1.86125212,21.79300292,-5.84415584,21.35568513,50.02586653,92.71137026,35.71064140,30338117.15000000,27235925.00000000,False
012800,대창,KOSPI,금속,1160,-3.09106099,22.88629738,-1.69491525,23.23250729,-1.19250426,40.99854227,4.50450450,50.18221574,35.69424198,381405608.25000000,536023638.00000000,False
017480,삼현철강,KOSDAQ,금속,4660,-0.32085561,56.55976676,-1.37566138,25.72886297,-2.51046025,35.42274052,0.86580087,40.74344023,35.69241983,98154821.34999999,166284555.00000000,False
294870,IPARK현대산업개발,KOSPI,건설,22000,1.14942529,83.81924198,-4.76190476,8.92857143,-5.57939914,22.30320700,22.22222222,78.42565598,35.66690962,3294305088.75000000,1606064175.00000000,False
002420,우양피앤엘,KOSPI,유통,5750,-3.68509213,17.96647230,-5.27182867,7.94460641,-0.51903114,44.46064140,13.63636364,68.40379009,35.64504373,85728433.00000000,52397690.00000000,False
404990,신한서부티엔디리츠,KOSPI,부동산,3860,-0.64350064,50.83819242,-2.40202276,18.16690962,-1.78117048,38.55685131,3.76344086,48.43294461,35.64322157,183273803.75000000,145711625.00000000,False
318060,그래피,KOSDAQ,화학,16050,0.50093926,77.25947522,4.15314731,74.34402332,-11.57024793,8.96501458,-15.65948502,10.13119534,35.64139942,791234452.00000000,1228829095.00000000,False
012700,리드코프,KOSDAQ,유통,2895,-1.19453925,42.40160350,-0.68610635,32.32507289,-3.01507538,33.27259475,1.22377622,41.90962099,35.62864431,39620631.30000000,42744345.00000000,False
100090,SK오션플랜트,KOSPI,금속,12440,-3.49107836,19.86151603,7.70562771,85.93294461,-10.24531025,10.96938776,-8.59662013,17.34693878,35.62317784,6510792483.50000000,6308371530.00000000,False
218150,미래생명자원,KOSDAQ,음식료·담배,1905,-0.78125000,48.50583090,-0.05246590,39.03061224,-7.97101449,15.26967930,11.40350877,64.46793003,35.56122449,460520758.19999999,116573850.00000000,False
004970,신라교역,KOSPI,농업 임업 및 어업,8940,-0.66666667,50.52842566,-0.11173184,38.52040816,-2.40174672,35.93294461,-4.58911419,22.81341108,35.54482507,81915261.75000000,66808040.00000000,False
060590,씨티씨바이오,KOSDAQ,제약,3025,-1.30505710,40.92565598,-1.78571429,22.41253644,-2.73311897,34.43877551,6.14035088,54.73760933,35.53935860,91417234.25000000,77332789.00000000,False
314930,바이오다인,KOSDAQ,의료·정밀기기,6680,-2.05278592,32.61661808,2.29709035,63.95772595,-3.74639769,29.66472303,-23.21839080,6.12244898,35.53935860,150933533.75000000,68593130.00000000,False
104620,노랑풍선,KOSDAQ,일반서비스,3100,-1.58730159,37.40889213,0.00000000,41.41763848,-1.58730159,39.46793003,-8.14814815,17.87536443,35.52842566,981033302.60000002,121845145.00000000,False
037950,엘컴텍,KOSDAQ,전기·전자,2740,-1.79211470,35.76895044,2.62172285,66.29008746,-5.51724138,22.44897959,-9.86842105,15.41545190,35.52660350,63282682.30000000,34475280.00000000,False
017390,서울가스,KOSPI,전기·가스,54100,-0.73394495,49.45335277,-0.18450185,37.82798834,-2.52252252,35.34985423,-3.22003578,25.32798834,35.49927114,277645615.00000000,106389250.00000000,False
081660,미스토홀딩스,KOSPI,유통,39000,0.00000000,66.01676385,1.96078431,61.69825073,-5.79710145,21.57434402,-18.49529781,8.67346939,35.47558309,4913710625.00000000,6568188950.00000000,False
012630,HDC,KOSPI,기타금융,22650,-2.58064516,27.44169096,-10.65088757,2.51457726,0.00000000,49.05247813,9.68523002,61.62536443,35.44460641,2691366532.50000000,1050813400.00000000,False
002240,고려제강,KOSPI,금속,16700,-1.35853514,40.37900875,0.24009604,45.88192420,-3.01974448,33.19970845,-5.54298643,21.24635569,35.33163265,620822080.00000000,472752120.00000000,False
002140,고려산업,KOSPI,음식료·담배,1920,0.05211047,69.82507289,-1.53846154,24.45335277,-6.79611650,18.22157434,13.60946746,68.36734694,35.28061224,578713881.75000000,102764552.00000000,False
003070,코오롱글로벌,KOSPI,건설,9150,-0.43525571,54.40962099,-0.97402597,29.99271137,-2.13903743,37.06268222,-1.61290323,30.06559767,35.27696793,77865763.00000000,60805210.00000000,False
002100,경농,KOSPI,화학,9020,-0.66079295,50.61953353,-0.11074197,38.55685131,-3.32261522,31.85131195,-1.84983678,29.44606414,35.25874636,147545315.75000000,71014740.00000000,False
083790,CG인바이츠,KOSDAQ,일반서비스,912,-2.35546039,29.62827988,-7.50507099,4.55539359,2.70270270,62.68221574,-1.93548387,29.19096210,35.24052478,146783960.34999999,67464679.00000000,False
344820,KCC글라스,KOSPI,비금속,23750,-1.85950413,34.87609329,-0.21008403,37.33600583,-5.18962076,23.61516035,6.50224215,55.35714286,35.20590379,307850010.00000000,164553250.00000000,False
122870,와이지엔터테인먼트,KOSDAQ,오락·문화,41500,1.34310134,85.31341108,-3.60046458,12.68221574,-1.07270560,41.58163265,-1.19047619,31.04956268,35.17857143,4741907386.25000000,3181513675.00000000,False
032080,아즈텍WB,KOSDAQ,섬유·의류,1010,0.00000000,66.01676385,0.00000000,41.41763848,-6.22098422,19.89795918,0.89910090,40.88921283,35.16399417,3507495.20000000,0.00000000,False
002380,KCC,KOSPI,화학,467500,-1.88877230,34.51166181,-1.16279070,27.76967930,-3.00829876,33.30903790,4.46927374,50.10932945,35.12755102,10337155897.10000038,5938499750.00000000,False
013870,지엠비코리아,KOSPI,운송장비·부품,3800,-0.78328982,48.39650146,-1.55440415,24.25291545,-1.17035111,41.07142857,-0.78328982,32.47084548,35.03826531,50507867.65000000,17495972.00000000,False
033310,엠투엔,KOSDAQ,전기·전자,1433,-0.76177285,48.94314869,-3.69623656,12.28134111,-2.45064670,35.64139942,9.30587338,60.89650146,35.01457726,69938803.15000001,36215409.00000000,False
054040,한국컴퓨터,KOSDAQ,전기·전자,4415,-0.22598870,58.60058309,-0.45095829,34.87609329,-1.99778024,37.57288630,-7.73249739,18.22157434,34.99635569,86298332.40000001,19871265.00000000,False
001515,SK증권우,KOSPI,증권,3985,-0.87064677,46.97521866,-0.37500000,35.60495627,-3.74396135,29.73760933,0.37783375,38.59329446,34.99271137,21100513.00000000,19027920.00000000,False
187270,신화콘텍,KOSDAQ,전기·전자,2855,-2.89115646,24.52623907,2.51346499,65.67055394,-9.50871632,12.09912536,0.70546737,39.97813411,34.98906706,18954677.75000000,89436710.00000000,False
254120,자비스,KOSDAQ,기계·장비,910,0.00000000,66.01676385,0.00000000,41.41763848,-13.16793893,6.92419825,12.20715166,65.92565598,34.98177843,35160684.25000000,0.00000000,False
228670,레이,KOSDAQ,의료·정밀기기,4360,1.98830409,89.17638484,-0.11454754,38.48396501,-6.03448276,20.62682216,-1.13378685,31.26822157,34.96720117,152191735.05000001,114241870.00000000,False
051380,피씨디렉트,KOSDAQ,유통,1505,-0.92165899,46.28279883,2.03389831,62.24489796,-5.64263323,22.08454810,-10.73546856,14.10349854,34.95626822,22848239.75000000,10358666.00000000,False
035810,이지홀딩스,KOSDAQ,음식료·담배,4470,0.00000000,66.01676385,-1.21546961,27.36880466,-4.79233227,25.10932945,4.56140351,50.29154519,34.91435860,572442556.04999995,597702012.00000000,False
225430,케이엠제약,KOSDAQ,화학,698,0.00000000,66.01676385,0.00000000,41.41763848,-1.69014085,38.99416910,-49.82027318,1.31195335,34.88702624,409613937.60000002,0.00000000,False
067900,와이엔텍,KOSDAQ,일반서비스,5900,-0.16920474,60.13119534,-0.84033613,31.01311953,-1.99335548,37.62755102,-4.83870968,22.59475219,34.88702624,101123428.25000000,84193380.00000000,False
010960,삼호개발,KOSPI,건설,3080,0.00000000,66.01676385,0.16260163,44.86151603,-2.53164557,35.27696793,-30.94170404,3.49854227,34.87062682,208857530.05000001,61201750.00000000,False
319660,피에스케이,KOSDAQ,기계·장비,137200,-10.90909091,0.51020408,-7.79569892,4.37317784,8.45849802,75.69241983,-9.37912814,16.10787172,34.86151603,50366489575.00000000,72107219750.00000000,False
279570,케이뱅크,KOSPI,은행,5420,-1.81159420,35.38629738,-0.73260073,31.83309038,-3.21428571,32.43440233,1.87969925,43.95043732,34.85240525,3200976737.25000000,1291386445.00000000,False
039340,한국경제TV,KOSDAQ,오락·문화,4815,-0.41365047,54.95626822,-1.63432074,23.72448980,-1.83486239,38.30174927,-0.20725389,34.47521866,34.82871720,36615014.95000000,4287690.00000000,False
021820,세원정공,KOSPI,운송장비·부품,10400,-1.97926484,33.09037901,-1.60832545,23.94314869,-2.53045923,35.31341108,4.62776660,50.61953353,34.74125364,58951603.75000000,67180570.00000000,False
092440,기신정기,KOSPI,기계·장비,1870,1.68569875,87.39067055,0.37573806,47.30320700,-7.42574257,16.61807580,-3.10880829,25.72886297,34.72303207,169021705.40000001,18426692.00000000,False
001390,KG케미칼,KOSPI,화학,4200,-0.70921986,49.92711370,0.47846890,48.28717201,-7.07964602,17.49271137,0.96153846,41.14431487,34.70481050,422266622.25000000,491767190.00000000,False
122350,삼기,KOSDAQ,운송장비·부품,1601,-0.98948670,45.04373178,2.95819936,68.69533528,-7.45664740,16.47230321,-10.05617978,15.01457726,34.70481050,1805526148.25000000,495756018.00000000,False
001045,CJ우,KOSPI,기타금융,66500,-0.59790732,51.40306122,-1.33531157,26.27551020,-3.48330914,30.90379009,2.94117647,46.30102041,34.64467930,393374155.00000000,55746500.00000000,False
335810,프리시젼바이오,KOSDAQ,의료·정밀기기,1516,-0.45961917,53.89941691,-2.63326911,16.87317784,-2.63326911,34.83965015,4.84094053,51.05685131,34.59912536,29356440.30000000,10006587.00000000,False
001290,상상인증권,KOSPI,증권,4180,-1.87793427,34.67565598,0.84439083,51.60349854,-17.22772277,4.26384840,14.52054795,69.56997085,34.56814869,267633630.00000000,166681950.00000000,False
134790,시디즈,KOSPI,기타제조,18560,0.05390836,69.86151603,0.05390836,43.95043732,-6.02531646,20.66326531,-1.53846154,30.52113703,34.54081633,4736444.50000000,6539500.00000000,False
078140,대봉엘에스,KOSDAQ,제약,7640,-1.79948586,35.64139942,-1.54639175,24.41690962,-3.04568528,33.09037901,5.23415978,52.04081633,34.53352770,220767807.00000000,104120890.00000000,False
037560,LG헬로비전,KOSPI,오락·문화,1548,-1.27551020,41.36297376,0.51948052,48.90670554,-5.60975610,22.19387755,-0.25773196,34.22011662,34.52988338,143310887.59999999,109446013.00000000,False
051780,큐로홀딩스,KOSDAQ,유통,2305,-7.24346076,3.17055394,10.55155875,90.96209913,-7.98403194,15.19679300,-27.51572327,4.04518950,34.49344023,82288755.59999999,84679149.00000000,False
027740,마니커,KOSPI,음식료·담배,1140,0.17574692,71.90233236,0.00000000,41.41763848,-26.45161290,2.11370262,14.57286432,69.67930029,34.39686589,153931137.15000001,33169927.00000000,False
466100,클로봇,KOSDAQ,IT 서비스,23150,-4.92813142,10.27696793,3.11804009,69.64285714,-6.08519270,20.37172012,-5.51020408,21.31924198,34.33309038,5627355306.25000000,3520625450.00000000,False
079940,가비아,KOSDAQ,IT 서비스,38900,0.38709677,75.43731778,-2.87141074,15.63411079,-8.25471698,14.35860058,26.09400324,81.48688047,34.27478134,3892782362.50000000,493849450.00000000,False
308170,씨티알모빌리티,KOSPI,운송장비·부품,3395,0.14749263,71.46501458,-0.43988270,35.02186589,-4.36619718,26.82215743,-1.87861272,29.33673469,34.24927114,17811762.65000000,10899585.00000000,False
418470,KT밀리의서재,KOSDAQ,IT 서비스,9330,-0.32051282,56.59620991,-0.21390374,37.28134111,-3.31606218,31.92419825,-4.40573770,23.06851312,34.22740525,158894716.50000000,90550420.00000000,False
071840,롯데하이마트,KOSPI,유통,6030,0.83612040,80.72157434,-0.33057851,35.98760933,-4.58860759,25.72886297,-3.36538462,25.03644315,34.16727405,67198426.75000000,64820145.00000000,False
207760,미스터블루,KOSDAQ,IT 서비스,2150,-0.46296296,53.75364431,5.39215686,79.08163265,-14.51292247,5.90379009,-11.52263374,13.44752187,34.15087464,181614177.90000001,25253795.00000000,False
950210,프레스티지바이오파마,KOSPI,일반서비스,5980,1.18443316,84.22011662,-0.33333333,35.93294461,-8.00000000,15.05102041,2.04778157,44.38775510,34.09985423,178685002.25000000,165884635.00000000,False
375500,DL이앤씨,KOSPI,건설,72000,-2.96495957,24.12536443,-8.62944162,3.68075802,-1.90735695,37.93731778,20.60301508,76.89504373,34.07069971,35069135060.00000000,13944106000.00000000,False
007820,엠엑스로보틱스,KOSDAQ,기계·장비,3450,-3.08988764,22.94096210,-0.28901734,36.47959184,-10.85271318,10.20408163,27.77777778,82.98104956,33.91581633,417010614.55000001,198889775.00000000,False
014830,유니드,KOSPI,화학,60800,-0.16420361,60.25874636,0.49586777,48.65160350,-6.17283951,20.08017493,-3.03030303,26.09329446,33.87208455,630499240.00000000,316816000.00000000,False
079160,CJCGV,KOSPI,오락·문화,5030,1.61616162,87.02623907,-2.33009709,18.58600583,-6.85185185,18.00291545,9.82532751,61.80758017,33.84110787,1790885894.40000010,934179890.00000000,False
001260,남광토건,KOSPI,건설,8060,-0.86100861,47.23032070,-2.06561361,20.22594752,0.75000000,55.26603499,-26.19047619,4.70116618,33.83746356,666497850.00000000,234195355.00000000,False
000970,한국주철관,KOSPI,금속,6480,0.00000000,66.01676385,-1.51975684,24.67201166,-2.70270270,34.54810496,-1.66919575,29.91982507,33.80648688,104228943.75000000,199875090.00000000,False
263800,데이타솔루션,KOSDAQ,유통,4585,-4.27974948,13.77551020,2.00222469,61.88046647,-3.37197050,31.52332362,-22.81144781,6.23177843,33.79737609,634725413.20000005,653487167.00000000,False
006650,대한유화,KOSPI,화학,89700,0.33557047,74.70845481,1.35593220,56.59620991,-7.23888314,16.94606414,-12.57309942,12.46355685,33.72084548,4901369847.50000000,3695278450.00000000,False
069260,TKG휴켐스,KOSPI,화학,15830,-0.56532663,51.93148688,-1.79900744,22.30320700,-3.00245098,33.34548105,1.34443022,42.41982507,33.70626822,841435690.00000000,649560725.00000000,False
352940,인바이오,KOSDAQ,화학,2030,-0.97560976,45.17128280,-3.79146919,11.77113703,-0.73349633,43.25801749,0.99502488,41.39941691,33.63155977,88831467.95000000,10142581.00000000,False
104700,한국철강,KOSPI,금속,9380,-0.42462845,54.75583090,-1.98537095,20.62682216,-3.29896907,32.06997085,2.62582057,45.62682216,33.61698251,218091855.75000000,118165280.00000000,False
403490,우듬지팜,KOSDAQ,음식료·담배,2055,0.24390244,73.25072886,3.63086233,72.01166181,-12.73885350,7.50728863,-19.09448819,8.41836735,33.61516035,44531234.80000000,28156036.00000000,False
014160,대영포장,KOSPI,종이·목재,655,0.00000000,66.01676385,0.00000000,41.41763848,-5.07246377,24.05247813,-3.53460972,24.78134111,33.60422741,36359369.25000000,0.00000000,False
000490,대동,KOSPI,기계·장비,7550,-1.94805195,33.52769679,0.13262599,44.49708455,-10.11904762,11.22448980,9.89810771,61.91690962,33.57507289,983287819.25000000,798052550.00000000,False
234080,JW생명과학,KOSPI,제약,10940,-0.54545455,52.33236152,-0.54545455,33.74635569,-2.84191829,34.00145773,-4.45414847,22.99562682,33.55685131,112320825.00000000,201203105.00000000,False
160550,NEW,KOSDAQ,오락·문화,999,0.10020040,70.29883382,-3.66441659,12.46355685,0.10020040,51.05685131,-13.65600691,11.69825073,33.53134111,60122927.00000000,29939106.00000000,False
014825,동원시스템즈우,KOSPI,화학,13510,-2.31381056,30.02915452,1.27436282,55.83090379,-6.50519031,18.95043732,-1.38686131,30.68513120,33.46938776,1598712.00000000,881270.00000000,False
357230,에이치피오,KOSDAQ,음식료·담배,2120,-0.46948357,53.60787172,-2.07852194,20.08017493,-0.93457944,42.05539359,-2.97482838,26.20262391,33.44752187,49947365.45000000,27063967.00000000,False
006060,화승인더,KOSPI,유통,2255,0.66964286,79.15451895,0.89485459,52.04081633,-8.14663951,14.72303207,-6.43153527,20.15306122,33.44752187,130087359.30000000,70667150.00000000,False
289220,자이언트스텝,KOSDAQ,오락·문화,922,0.21739130,72.81341108,2.33074362,64.17638484,-7.89210789,15.56122449,-31.19402985,3.38921283,33.43658892,39090581.40000000,126529138.00000000,False
064480,브리지텍,KOSDAQ,IT 서비스,2580,-0.38610039,55.44825073,1.57480315,58.81924198,-7.02702703,17.63848397,-9.47368421,15.88921283,33.42383382,59102718.20000000,43107780.00000000,False
105560,KB금융,KOSPI,기타금융,168300,0.53763441,77.62390671,-2.82909931,15.92565598,-2.15116279,37.02623907,-1.57894737,30.24781341,33.40014577,154355444452.95001221,89573388350.00000000,False
081150,티플랙스,KOSDAQ,금속,2595,-0.76481836,48.85204082,-0.76481836,31.52332362,-2.80898876,34.03790087,-2.62664165,27.09548105,33.37645773,144009132.90000001,123776880.00000000,False
079550,LIG디펜스앤에어로스페이스,KOSPI,금속,664000,-6.74157303,3.97230321,-2.49632893,17.82069971,1.84049080,59.40233236,-7.00280112,19.27842566,33.36005831,61383090475.00000000,120718833000.00000000,False
000660,SK하이닉스,KOSPI,전기·전자,1715000,-3.86771300,16.36297376,-4.18994413,10.67784257,4.12871888,66.61807580,-17.38921002,9.22011662,33.33090379,5725005880463.79980469,4558872296270.00000000,False
219420,링크제니시스,KOSDAQ,IT 서비스,3175,-2.30769231,30.08381924,-0.31397174,36.22448980,-1.70278638,38.88483965,-6.89149560,19.46064140,33.32179300,57934228.35000000,83217742.00000000,False
293580,나우IB,KOSDAQ,금융,1285,0.86342229,80.94023324,0.94265515,52.80612245,-11.13416321,9.69387755,-2.50379363,27.51457726,33.31632653,677745544.85000002,410698457.00000000,False
043150,바텍,KOSDAQ,의료·정밀기기,17490,-1.13058225,43.33090379,0.34423408,47.08454810,-5.20325203,23.54227405,-2.61692650,27.15014577,33.30539359,389395801.50000000,537816545.00000000,False
272450,진에어,KOSPI,운송·창고,5830,-0.51194539,52.66034985,-1.85185185,21.90233236,-5.04885993,24.19825073,8.16326531,58.69169096,33.25437318,589836693.75000000,221519350.00000000,False
001750,한양증권,KOSPI,증권,19120,-0.36477332,55.79446064,-1.39247035,25.58309038,-1.59547092,39.39504373,-5.58024691,21.17346939,33.24708455,125994059.00000000,132687590.00000000,False
014440,영보화학,KOSPI,화학,4620,-1.07066381,44.31486880,-1.38740662,25.61953353,-3.64963504,30.06559767,2.55271920,45.48104956,33.23979592,45466165.05000000,54374100.00000000,False
216080,제테마,KOSDAQ,제약,6010,-1.79738562,35.67784257,-12.26277372,1.89504373,-3.06451613,32.90816327,23.28205128,79.33673469,33.16690962,1382951404.00000000,318261880.00000000,False
039740,한국정보공학,KOSDAQ,유통,2945,0.00000000,66.01676385,-0.84175084,30.97667638,-4.22764228,27.47813411,-1.17449664,31.12244898,33.11042274,27751944.75000000,34656910.00000000,False
065500,오리엔트정공,KOSDAQ,운송장비·부품,1038,3.38645418,93.80466472,0.09643202,44.09620991,-8.86742757,12.93731778,-2.99065421,26.12973761,33.01020408,81678543.75000000,196060933.00000000,False
023800,인지컨트롤스,KOSPI,운송장비·부품,5050,-0.39447732,55.28425656,0.59760956,49.63556851,-5.95903166,20.91836735,-5.78358209,20.95481050,32.97740525,119119877.75000000,89398410.00000000,False
473980,노머스,KOSDAQ,오락·문화,10390,0.58083253,77.95189504,1.76297747,60.42274052,-12.54208754,7.76239067,-6.73249551,19.60641399,32.94825073,290334091.50000000,212402380.00000000,False
058430,포스코스틸리온,KOSPI,금속,4505,-3.32618026,20.91836735,0.11111111,44.27842566,-3.32618026,31.81486880,-3.94456290,24.19825073,32.94096210,1015332053.20000005,1043014201.00000000,False
243070,휴온스,KOSDAQ,제약,19440,-0.15408320,60.42274052,2.63991552,66.43586006,-8.08510638,14.79591837,-26.08365019,4.81049563,32.85349854,462210786.50000000,229856630.00000000,False
006360,GS건설,KOSPI,건설,32800,-0.75642965,49.05247813,-4.65116279,9.25655977,-4.23357664,27.40524781,15.49295775,70.88192420,32.82069971,56168108196.25000000,23122138425.00000000,False
004370,농심,KOSPI,음식료·담배,399000,0.63051702,78.64431487,-2.32558140,18.64067055,-7.20930233,17.12827988,10.22099448,62.46355685,32.80065598,9209110907.00000000,6033867250.00000000,False
001040,CJ,KOSPI,기타금융,130800,0.77041602,80.32069971,-4.17582418,10.71428571,-0.45662100,44.86151603,-8.08151792,17.96647230,32.78425656,13566901445.00000000,8894065350.00000000,False
035250,강원랜드,KOSPI,오락·문화,14270,-0.27952481,57.43440233,-0.90277778,30.61224490,-3.25423729,32.21574344,-3.45060893,24.81778426,32.77696793,3133832731.50000000,2213049980.00000000,False
038530,케이바이오랩스,KOSDAQ,유통,3870,-0.51413882,52.62390671,4.17227456,74.38046647,-22.52252252,2.66034985,-6.06796117,20.59037901,32.75874636,28768891.25000000,20646092.00000000,False
075580,세진중공업,KOSPI,운송장비·부품,9820,-2.09371884,32.14285714,1.23711340,55.46647230,-4.47470817,26.45772595,-13.78402107,11.58892128,32.75510204,1051283673.00000000,867522155.00000000,False
18064K,한진칼우,KOSPI,기타금융,29950,0.33500838,74.67201166,-0.82781457,31.15889213,-7.13178295,17.31049563,2.39316239,45.08017493,32.75510204,37813195.00000000,40358300.00000000,False
162300,신스틸,KOSDAQ,금속,2015,-2.18446602,31.30466472,-4.50236967,9.47521866,-4.27553444,27.15014577,23.54383814,79.59183673,32.75145773,13184102691.60000038,518274905.00000000,False
005740,크라운해태홀딩스,KOSPI,기타금융,5260,-0.18975332,59.45699708,0.57361377,49.48979592,-7.06713781,17.52915452,-3.66300366,24.56268222,32.71683673,125286038.75000000,7953260.00000000,False
214320,이노션,KOSPI,일반서비스,18030,-0.05543237,62.28134111,-0.71585903,32.03352770,-3.94246137,29.04518950,-2.96017223,26.27551020,32.71137026,958893716.75000000,755916015.00000000,False
234340,헥토파이낸셜,KOSDAQ,금융,22500,-5.46218487,7.83527697,-0.44247788,34.96720117,-10.89108911,10.16763848,33.37285122,86.80758017,32.70225948,11144686608.75000000,4754776875.00000000,False
072130,유엔젤,KOSPI,IT 서비스,4700,-0.10626993,61.66180758,-1.87891441,21.53790087,-0.73917635,43.18513120,-11.32075472,13.70262391,32.64212828,126059197.09999999,146215780.00000000,False
280360,롯데웰푸드,KOSPI,음식료·담배,122300,2.00166806,89.24927114,-1.52979066,24.48979592,-15.94501718,5.13848397,15.81439394,71.42857143,32.61297376,2364479345.00000000,1268559250.00000000,False
006570,대림통상,KOSPI,금속,1890,0.47846890,76.78571429,-1.66493236,23.54227405,-1.76715177,38.62973761,-13.10344828,12.06268222,32.60568513,46508467.00000000,13296690.00000000,False
069330,유아이디,KOSDAQ,전기·전자,1194,2.22602740,90.26967930,-4.78468900,8.81924198,-8.15384615,14.57725948,19.63927856,75.51020408,32.60568513,43996848.80000000,32111640.00000000,False
000105,유한양행우,KOSPI,제약,64100,-1.08024691,44.16909621,-0.62015504,33.05393586,-8.29756795,14.24927114,10.51724138,62.79154519,32.59110787,31651750.00000000,21256100.00000000,False
163560,동일고무벨트,KOSPI,화학,5490,-1.43626571,39.50437318,-0.54347826,33.85568513,-3.51493849,30.68513120,-1.43626571,30.64868805,32.51093294,84117609.50000000,166768960.00000000,False
001530,DI동일,KOSPI,유통,25300,-2.31660232,29.95626822,-0.19723866,37.57288630,-8.33333333,14.17638484,10.23965142,62.50000000,32.43804665,702619797.50000000,411566250.00000000,False
192080,더블유게임즈,KOSPI,IT 서비스,56900,0.35273369,75.00000000,-3.06643952,15.01457726,-0.52447552,44.38775510,-11.78294574,13.11953353,32.38338192,2513047252.50000000,3213648400.00000000,False
090850,현대이지웰,KOSDAQ,IT 서비스,4910,0.30643514,74.34402332,-1.40562249,25.51020408,-2.38568588,36.00583090,-10.56466302,14.32215743,32.35422741,128744433.50000000,80126162.00000000,False
054800,아이디스홀딩스,KOSDAQ,일반서비스,14530,-1.35777325,40.41545190,-1.02179837,29.19096210,-4.97056900,24.56268222,3.85989993,48.61516035,32.34693878,104488803.75000000,92795010.00000000,False
282330,BGF리테일,KOSPI,유통,130500,2.67505901,92.12827988,-0.68493151,32.36151603,-11.58536585,8.92857143,4.06698565,49.19825073,32.33236152,5840211070.00000000,5839188650.00000000,False
161390,한국타이어앤테크놀로지,KOSPI,화학,60300,0.16611296,71.79300292,1.34453782,56.41399417,-7.79816514,15.88921283,-17.39726027,9.18367347,32.29591837,15382438042.50000000,9082888450.00000000,False
032190,다우데이타,KOSDAQ,유통,19000,-1.34994808,40.48833819,-1.55440415,24.25291545,-5.00000000,24.41690962,6.80157392,55.97667638,32.28680758,1005015186.00000000,714027735.00000000,False
009270,신원,KOSPI,섬유·의류,1072,-1.01569714,44.75218659,-0.55658627,33.70991254,-7.82459157,15.74344023,7.20000000,56.96064140,32.27769679,291816471.69999999,123225498.00000000,False
030610,교보증권,KOSPI,증권,9780,-1.41129032,39.72303207,-1.60965795,23.90670554,-3.16831683,32.54373178,0.82474227,40.56122449,32.27405248,342399487.75000000,344521645.00000000,False
077970,STX엔진,KOSPI,기계·장비,22100,-4.32900433,13.33819242,2.55220418,65.88921283,-6.15711253,20.11661808,-9.61145194,15.59766764,32.26676385,3179682336.25000000,2779274475.00000000,False
058450,한주에이알티,KOSDAQ,오락·문화,599,4.53752182,95.69970845,4.35540070,75.00000000,-60.48812665,0.40087464,-87.09051724,0.14577259,32.25947522,121572344.40000001,147303194.00000000,False
215000,골프존,KOSDAQ,IT 서비스,35900,0.13947001,71.24635569,-1.37362637,25.76530612,-2.44565217,35.67784257,-9.68553459,15.48833819,32.22303207,516867381.25000000,269057950.00000000,False
432430,와이랩,KOSDAQ,오락·문화,2025,-0.73529412,49.38046647,-1.21951220,27.31413994,-1.93704600,37.86443149,-6.68202765,19.69752187,32.21756560,75957444.05000000,74812781.00000000,False
475040,스트라드비젼,KOSDAQ,IT 서비스,2905,-3.48837209,19.89795918,-3.64842454,12.53644315,3.38078292,64.57725948,-34.86547085,2.95189504,32.17201166,7368052256.69999981,883278999.00000000,False
046440,KG파이낸셜,KOSDAQ,IT 서비스,4020,-0.49504950,53.02478134,-0.74074074,31.66909621,-5.18867925,23.66982507,0.50000000,39.24927114,32.12099125,167073957.75000000,103966885.00000000,False
024720,콜마홀딩스,KOSPI,기타금융,9250,-0.43057051,54.55539359,-1.28068303,26.89504373,-7.12851406,17.34693878,7.93465578,58.16326531,32.09548105,176028175.75000000,91371310.00000000,False
03481K,해성산업1우,KOSDAQ,금융,5860,-0.34013605,56.19533528,-1.34680135,26.09329446,-5.17799353,23.76093294,2.62697023,45.66326531,32.08454810,2417923.75000000,204190.00000000,False
032640,LG유플러스,KOSPI,통신,14470,-0.61813187,51.12973761,-1.96476965,20.88192420,-1.96476965,37.71865889,-2.29574612,28.06122449,32.07725948,12636261658.85000038,8375419340.00000000,False
024950,삼천리자전거,KOSDAQ,유통,4160,0.72639225,79.81049563,-4.36781609,9.91253644,-10.34482759,10.82361516,29.19254658,83.96501458,32.07725948,153697051.55000001,48663920.00000000,False
039570,HDC랩스,KOSPI,건설,7420,-0.93457944,46.06413994,-1.46082337,25.10932945,-1.85185185,38.26530612,-4.38144330,23.10495627,32.06632653,45064761.25000000,35975455.00000000,False
159910,에코글로우,KOSDAQ,화학,3035,-0.16447368,60.20408163,-2.09677419,19.93440233,-4.70957614,25.47376093,3.93835616,48.79737609,31.94970845,20413670.05000000,73010610.00000000,False
003920,남양유업,KOSPI,음식료·담배,41750,-0.35799523,55.92201166,-1.06635071,28.86297376,-3.80184332,29.48250729,-1.88014101,29.26384840,31.89686589,129213371.25000000,46673675.00000000,False
001080,만호제강,KOSPI,금속,3920,-1.87734668,34.73032070,-0.12738854,38.30174927,-2.24438903,36.69825073,-14.50381679,11.15160350,31.87317784,185919668.19999999,133936210.00000000,False
002170,SYTS,KOSPI,섬유·의류,52000,0.38610039,75.40087464,-0.95238095,30.17492711,-4.23572744,27.36880466,-5.45454545,21.53790087,31.84766764,50887812.50000000,177440550.00000000,False
100030,인지소프트,KOSDAQ,IT 서비스,19090,0.47368421,76.67638484,-5.02487562,8.49125364,-5.49504950,22.52186589,10.60254925,62.97376093,31.81851312,128402316.00000000,165564910.00000000,False
063170,서울옥션,KOSDAQ,유통,5580,-0.71174377,49.85422741,-1.76056338,22.52186589,-8.52459016,13.66618076,16.98113208,72.95918367,31.80029155,127199652.00000000,64504240.00000000,False
123840,뉴온,KOSDAQ,음식료·담배,1660,-9.24002187,1.23906706,-1.01371497,29.33673469,0.30211480,52.51457726,-17.20698254,9.29300292,31.78935860,44892488.25000000,12361753.00000000,False
088350,한화생명,KOSPI,보험,5320,0.75757576,80.21137026,-8.11744387,4.19096210,-7.31707317,16.87317784,22.72202999,78.79008746,31.78571429,17297557046.75000000,8792421875.00000000,False
017800,현대엘리베이터,KOSPI,기계·장비,72100,-1.50273224,38.62973761,-2.03804348,20.44460641,-3.73831776,29.77405248,4.04040404,49.07069971,31.72011662,5680966983.75000000,5119176900.00000000,False
010100,한국무브넥스,KOSPI,운송장비·부품,3415,-2.00860832,32.90816327,0.14662757,44.64285714,-4.60893855,25.69241983,-4.07303371,23.79737609,31.72011662,168792493.40000001,169221860.00000000,False
462870,시프트업,KOSPI,IT 서비스,31000,0.32362460,74.54446064,-1.27388535,26.96793003,-2.66875981,34.62099125,-13.88888889,11.51603499,31.69642857,976939372.50000000,910869250.00000000,False
357250,미래에셋맵스리츠,KOSPI,부동산,1834,-1.18534483,42.63848397,-0.27188690,36.73469388,-3.97905759,28.82653061,-4.02930403,23.90670554,31.59620991,51275100.40000000,27608696.00000000,False
241710,코스메카코리아,KOSDAQ,화학,117000,6.36363636,97.19387755,-10.55045872,2.62390671,-13.01115242,7.10641399,45.52238806,91.21720117,31.59256560,16314029225.00000000,21614222000.00000000,False
091700,파트론,KOSDAQ,전기·전자,5210,-0.76190476,48.90670554,-0.38240918,35.53206997,-3.33951763,31.74198251,-9.07504363,16.65451895,31.57798834,433907106.75000000,268448805.00000000,False
190650,코리아에셋투자증권,KOSDAQ,금융,6480,-0.46082949,53.86297376,-0.46082949,34.76676385,-4.84581498,25.07288630,-2.11480363,28.57142857,31.55976676,25872465.50000000,12900120.00000000,False
155660,DSR,KOSPI,금속,4265,-0.23391813,58.34548105,-0.69848661,32.17930029,-4.58612975,25.76530612,-2.17889908,28.46209913,31.48688047,60676752.20000000,130175765.00000000,False
213420,덕산네오룩스,KOSDAQ,전기·전자,29600,-3.26797386,21.20991254,0.16920474,45.00728863,-8.21705426,14.43148688,4.59363958,50.43731778,31.48323615,5383237023.75000000,2227779100.00000000,False
253450,스튜디오드래곤,KOSDAQ,오락·문화,20600,0.24330900,73.21428571,-0.48309179,34.54810496,-4.84988453,25.03644315,-7.41573034,18.58600583,31.41763848,853386555.00000000,621564525.00000000,False
011230,삼화전자,KOSPI,전기·전자,2615,-2.78810409,25.51020408,-4.03669725,11.00583090,1.55339806,58.60058309,-15.09740260,10.60495627,31.41399417,1212775925.04999995,274132478.00000000,False
001940,KISCO홀딩스,KOSPI,금속,25500,-0.97087379,45.31705539,-0.58479532,33.38192420,-6.25000000,19.78862974,2.20440882,44.71574344,31.40488338,155987776.25000000,101338500.00000000,False
183190,아세아시멘트,KOSPI,비금속,10030,0.60180542,78.27988338,-2.52672498,17.52915452,-7.04355885,17.56559767,7.04375667,56.37755102,31.38848397,347746659.75000000,341088775.00000000,False
003925,남양유업우,KOSPI,음식료·담배,29800,-2.29508197,30.24781341,-2.61437908,17.05539359,-0.33444816,45.62682216,-3.55987055,24.74489796,31.34110787,63142332.50000000,25488650.00000000,False
083660,CSA코스믹,KOSDAQ,화학,1422,-0.83682008,47.46720117,3.49344978,71.24635569,-11.67701863,8.85568513,-19.47904870,8.16326531,31.29555394,59685228.60000000,35936897.00000000,False
475150,SK이터닉스,KOSPI,건설,49000,-2.97029703,24.05247813,-2.58449304,17.27405248,-5.76923077,21.64723032,18.93203883,74.89067055,31.22448980,42458940471.25000000,23892880475.00000000,False
247660,나노씨엠에스,KOSDAQ,전기·전자,3890,1.69934641,87.46355685,-6.93779904,5.24781341,-8.68544601,13.33819242,21.37285491,77.66034985,31.18804665,290807757.64999998,836403541.00000000,False
005670,푸드웰,KOSDAQ,음식료·담배,6150,-0.16233766,60.34985423,-1.75718850,22.55830904,-5.23882897,23.43294461,2.32945092,44.93440233,31.16253644,158540487.25000000,16744500.00000000,False
347850,디앤디파마텍,KOSDAQ,일반서비스,44950,-5.86387435,6.23177843,6.39053254,82.32507289,-8.63821138,13.48396501,-45.31630170,1.74927114,31.06413994,24381292007.50000000,37633330450.00000000,False
043910,자연과환경,KOSDAQ,비금속,3215,0.15576324,71.68367347,-0.77160494,31.48688047,-9.05233380,12.71865889,3.04487179,46.68367347,31.03862974,150512591.55000001,48155435.00000000,False
408900,스튜디오미르,KOSDAQ,오락·문화,1007,0.49900200,77.18658892,0.59940060,49.70845481,-10.32947462,10.86005831,-6.41263941,20.18950437,31.01311953,31449429.80000000,26391385.00000000,False
003060,에이프로젠바이오로직스,KOSPI,제약,1560,-0.38314176,55.53935860,3.44827586,71.11880466,-13.81215470,6.48688047,-20.52980132,7.50728863,30.98578717,339589543.05000001,215233396.00000000,False
006890,태경케미컬,KOSPI,화학,4850,-0.91930541,46.31924198,0.20661157,45.40816327,-4.90196078,24.85422741,-11.17216117,13.92128280,30.98032070,106715245.55000000,73190317.00000000,False
259960,크래프톤,KOSPI,IT 서비스,200000,0.20040080,72.46720117,0.85728694,51.78571429,-7.62124711,16.10787172,-18.36734694,8.70991254,30.96756560,14999391515.60000038,15477792000.00000000,False
082740,한화엔진,KOSPI,기계·장비,45300,-5.13089005,9.29300292,-3.41151386,13.66618076,-0.65789474,43.80466472,1.22905028,41.94606414,30.94023324,38768113715.00000000,22125952950.00000000,False
208640,썸에이지,KOSDAQ,IT 서비스,666,-4.17266187,14.21282799,-17.67614339,0.91107872,2.46153846,61.91690962,-4.99286733,22.30320700,30.92201166,501242750.60000002,120989415.00000000,False
002025,코오롱우,KOSPI,기타금융,12980,-1.74110522,36.26093294,0.46439628,48.17784257,-3.49442379,30.79446064,-38.91764706,2.62390671,30.92201166,16031171.50000000,8885000.00000000,False
001500,현대차증권,KOSPI,증권,7700,-1.40845070,39.77769679,-1.15532734,27.87900875,-2.77777778,34.22011662,-3.75000000,24.41690962,30.91290087,496696951.25000000,330461240.00000000,False
000890,보해양조,KOSPI,음식료·담배,1309,-0.38051750,55.61224490,1.47286822,57.79883382,-6.89900427,17.85714286,-26.58440830,4.33673469,30.91107872,301395910.50000000,104631296.00000000,False
091810,트리니티항공,KOSPI,운송·창고,2640,-0.18903592,59.51166181,0.57142857,49.41690962,-5.71428571,21.82944606,-22.35294118,6.66909621,30.84183673,158199330.44999999,124259570.00000000,False
003547,대신증권2우B,KOSPI,증권,19050,-1.03896104,44.67930029,-2.20739220,19.35131195,-2.40778689,35.86005831,-1.19294606,31.01311953,30.81997085,197170679.25000000,110188735.00000000,False
248170,샘표식품,KOSPI,음식료·담배,21900,-0.45454545,54.08163265,-0.45454545,34.82142857,-5.60344828,22.23032070,-1.57303371,30.35714286,30.81814869,7158540008.75000000,223665750.00000000,False
049430,코메론,KOSDAQ,의료·정밀기기,21750,-4.81400438,10.82361516,-3.54767184,12.97376093,-3.11804009,32.68950437,11.13949923,63.81195335,30.81268222,703566957.50000000,548760450.00000000,False
298540,더네이쳐홀딩스,KOSDAQ,섬유·의류,6540,-2.67857143,26.29373178,-1.80180180,22.23032070,-3.53982301,30.50291545,2.99212598,46.46501458,30.79263848,87083947.75000000,89869915.00000000,False
083650,비에이치아이,KOSDAQ,기계·장비,56600,-3.57751278,19.16909621,-3.57751278,12.86443149,-5.66666667,21.97521866,25.63817980,81.08600583,30.78352770,28029591492.50000000,15103361200.00000000,False
039840,디오,KOSDAQ,의료·정밀기기,9760,-2.78884462,25.47376093,4.60878885,75.94752187,-10.54078827,10.64139942,-23.80952381,5.86734694,30.76166181,605363778.25000000,440937150.00000000,False
357120,코람코라이프인프라리츠,KOSPI,부동산,4055,-0.73439412,49.41690962,-5.14619883,8.16326531,-0.49079755,44.56997085,-2.52403846,27.44169096,30.70699708,287028038.60000002,265628000.00000000,False
107590,미원홀딩스,KOSPI,기타금융,59200,-0.67114094,50.34620991,-2.95081967,15.19679300,-5.73248408,21.73833819,9.83302412,61.84402332,30.65779883,5005085.00000000,2553700.00000000,False
00499K,롯데지주우,KOSPI,기타금융,24100,-3.01810865,23.65160350,-1.63265306,23.76093294,-3.98406375,28.79008746,3.65591398,48.17784257,30.64504373,6390296.25000000,3749050.00000000,False
123700,SJM,KOSPI,운송장비·부품,3265,-0.75987842,48.97959184,-0.91047041,30.50291545,-4.94905386,24.70845481,-0.60882801,33.01749271,30.53571429,31670017.00000000,54134975.00000000,False
003960,사조대림,KOSPI,음식료·담배,27250,-0.54744526,52.25947522,1.67910448,59.73032070,-11.52597403,9.03790087,-7.31292517,18.73177843,30.50655977,80097506.25000000,49770800.00000000,False
005490,POSCO홀딩스,KOSPI,금속,308000,-3.44827586,20.15306122,0.48939641,48.57871720,-8.60534125,13.52040816,1.31578947,42.34693878,30.46647230,65889181337.50000000,64711670500.00000000,False
900300,오가닉티코스메틱,KOSDAQ,금융,2905,-5.06535948,9.54810496,-0.51369863,34.22011662,-19.97245179,3.57142857,38.99521531,89.06705539,30.46282799,513115592.39999998,241941790.00000000,False
0039P0,매드업,KOSDAQ,일반서비스,7970,-2.08845209,32.17930029,-4.43645084,9.73032070,-2.56723716,35.09475219,4.86842105,51.12973761,30.40087464,25703003949.00000000,5162630845.00000000,False
069410,엔텔스,KOSDAQ,IT 서비스,2565,2.60000000,91.90962099,-0.19455253,37.66399417,-6.21572212,19.93440233,-17.12439418,9.36588921,30.33709913,37520281.00000000,37452675.00000000,False
153710,옵티팜,KOSDAQ,제약,4515,1.00671141,82.43440233,-1.41921397,25.43731778,-5.83941606,21.39212828,-1.84782609,29.48250729,30.32798834,35260485.35000000,12717155.00000000,False
251270,넷마블,KOSPI,IT 서비스,34450,0.29112082,73.94314869,-0.43352601,35.13119534,-5.09641873,23.97959184,-11.21134021,13.88483965,30.30247813,23370595620.50000000,5231122075.00000000,False
106190,하이텍팜,KOSDAQ,제약,9930,-0.30120482,57.05174927,0.10080645,44.16909621,-4.97607656,24.48979592,-20.43269231,7.61661808,30.27514577,210515202.75000000,386135945.00000000,False
377450,리파인,KOSDAQ,IT 서비스,14170,0.49645390,77.11370262,-4.45043830,9.65743440,-16.45047170,4.77405248,38.10916179,88.59329446,30.23688047,1528754835.00000000,100825610.00000000,False
078020,LS증권,KOSDAQ,금융,6450,-0.61633282,51.16618076,-1.82648402,21.97521866,-4.30267062,27.07725948,0.31104199,38.44752187,30.22959184,239380992.50000000,163462455.00000000,False
014620,성광벤드,KOSDAQ,금속,29350,-3.13531353,22.52186589,-4.24143556,10.45918367,-4.86223663,24.96355685,18.34677419,74.27113703,30.22959184,6272530646.25000000,3740793250.00000000,False
004910,조광페인트,KOSPI,화학,3425,0.14619883,71.42857143,-2.14285714,19.67930029,-3.24858757,32.32507289,-5.64738292,21.06413994,30.18950437,30154607.85000000,34692425.00000000,False
053060,세동,KOSDAQ,운송장비·부품,1230,0.00000000,66.01676385,-1.52121697,24.63556851,-2.30341541,36.37026239,-19.86970684,7.87172012,30.11479592,33220533.70000000,46418452.00000000,False
109610,에스와이,KOSDAQ,금속,1861,-1.22080679,41.94606414,-0.79957356,31.26822157,-1.74234424,38.70262391,-25.70858283,5.02915452,30.06195335,176093166.05000001,157408978.00000000,False
072870,메가스터디,KOSDAQ,오락·문화,13050,-1.43504532,39.57725948,-1.87969925,21.50145773,-2.75707899,34.40233236,-1.87969925,29.30029155,30.02915452,198091631.00000000,88052600.00000000,False
093320,케이아이엔엑스,KOSDAQ,IT 서비스,130400,-0.38197097,55.57580175,-1.95488722,20.99125364,-4.53879941,26.02040816,0.38491147,38.70262391,30.00364431,1469843060.00000000,853771000.00000000,False
065150,대산FB,KOSDAQ,유통,1230,-2.07006369,32.36151603,5.03842869,77.51457726,-12.14285714,8.16326531,-57.51295337,0.98396501,29.95262391,111954373.20000000,115996070.00000000,False
334890,이지스밸류플러스리츠,KOSPI,부동산,3610,-0.13831259,60.84183673,-1.63487738,23.68804665,-6.83870968,18.07580175,3.29041488,47.30320700,29.88155977,285092250.85000002,122127995.00000000,False
007860,서연,KOSPI,기타금융,7480,-2.47718383,28.42565598,-0.92715232,30.32069971,-3.60824742,30.24781341,-1.96592398,29.11807580,29.86151603,174504698.75000000,111775060.00000000,False
000370,한화손해보험,KOSPI,보험,7340,1.38121547,85.67784257,-6.37755102,6.01311953,-12.82660333,7.36151603,27.20970537,82.61661808,29.83965015,4525889475.75000000,1973859840.00000000,False
004690,삼천리,KOSPI,전기·가스,127000,-0.47021944,53.53498542,-2.83091048,15.88921283,-7.09583029,17.41982507,11.11111111,63.66618076,29.82142857,725108145.00000000,631153900.00000000,False
005990,매일홀딩스,KOSDAQ,음식료·담배,10470,-0.19065777,59.36588921,-3.32409972,14.06705539,-4.47080292,26.49416910,2.44618395,45.29883382,29.81413994,32529738.75000000,6901920.00000000,False
003475,유안타증권우,KOSPI,증권,4150,-0.24038462,58.10860058,-2.12264151,19.78862974,-4.04624277,28.60787172,-0.59880240,33.09037901,29.80867347,41493149.70000000,22281742.00000000,False
362320,청담글로벌,KOSDAQ,유통,4245,0.83135392,80.61224490,-1.27906977,26.93148688,-4.39189189,26.78571429,-10.25369979,14.75947522,29.80685131,418725743.85000002,188317980.00000000,False
267290,경동도시가스,KOSPI,전기·가스,20800,-0.71599045,49.78134111,-2.57611241,17.31049563,-6.09480813,20.33527697,7.49354005,57.47084548,29.79956268,103773476.25000000,88440600.00000000,False
105550,엣지파운드리,KOSDAQ,전기·전자,1648,-0.30248034,56.96064140,1.98019802,61.77113703,-12.05976521,8.27259475,-14.38961039,11.26093294,29.78862974,60218751.60000000,20322750.00000000,False
003230,삼양식품,KOSPI,음식료·담배,1211000,0.58139535,78.00655977,-0.98119379,29.84693878,-14.53775582,5.83090379,5.67190227,53.46209913,29.77951895,58586719275.00000000,30159030500.00000000,False
067290,JW신약,KOSDAQ,제약,2870,-2.71186441,25.98396501,-3.36700337,13.81195335,-12.09800919,8.19970845,96.57534247,98.68804665,29.75947522,54982193026.50000000,22777664829.00000000,False
002210,동성제약,KOSPI,제약,1290,-0.76923077,48.77915452,2.38095238,64.59548105,-9.47368421,12.17201166,-33.71017472,3.13411079,29.75218659,128831241.75000000,64598503.00000000,False
139130,iM금융지주,KOSPI,기타금융,18010,-3.89541089,16.18075802,-3.63830926,12.57288630,-0.60706402,44.02332362,-0.44223328,33.70991254,29.74125364,7280322582.94999981,10364561913.00000000,False
039020,이건홀딩스,KOSDAQ,종이·목재,2595,-0.76481836,48.85204082,-2.62664165,17.01895044,-2.44360902,35.71428571,-2.62664165,27.09548105,29.69569971,247556903.59999999,259472856.00000000,False
314140,알피바이오,KOSDAQ,제약,5840,-0.51107325,52.73323615,-1.84873950,21.93877551,-6.70926518,18.58600583,5.22522523,52.00437318,29.69023324,108628584.50000000,17227580.00000000,False
263720,디앤씨미디어,KOSDAQ,오락·문화,6830,-1.15774240,42.96647230,-0.43731778,35.07653061,-4.47552448,26.42128280,-5.53250346,21.28279883,29.64467930,51084454.50000000,72650240.00000000,False
046940,우원개발,KOSDAQ,건설,2735,-1.61870504,37.13556851,0.92250923,52.47813411,-5.68965517,21.86588921,-21.29496403,7.17930029,29.63921283,187255806.34999999,109201390.00000000,False
318000,KBG,KOSDAQ,화학,2715,-1.80831826,35.53206997,-0.18382353,37.86443149,-4.06360424,28.53498542,-9.19732441,16.47230321,29.62099125,19592644.35000000,25827360.00000000,False
003830,대한화섬,KOSPI,화학,107700,-1.19266055,42.52915452,-0.82872928,31.12244898,-6.18466899,20.04373178,0.65420561,39.83236152,29.57361516,15979537.50000000,1406800.00000000,False
007310,오뚜기,KOSPI,음식료·담배,313500,-0.47619048,53.42565598,-0.63391442,33.01749271,-6.13772455,20.22594752,-1.25984252,30.86734694,29.51166181,954751112.50000000,766650250.00000000,False
005820,원림,KOSPI,섬유·의류,14420,-0.55172414,52.15014577,-1.70415815,23.06851312,-5.19395135,23.57871720,0.55788006,39.46793003,29.46064140,22222140.00000000,25273540.00000000,False
238090,앤디포스,KOSDAQ,화학,1775,-0.56022409,52.07725948,-6.72622176,5.43002915,0.62358277,54.48250729,-29.00000000,3.89941691,29.40962099,52006296.35000000,48456434.00000000,False
153460,네이블,KOSDAQ,IT 서비스,5440,-1.80505415,35.60495627,1.30353818,56.12244898,-7.95262267,15.30612245,-10.52631579,14.41326531,29.40233236,21307457.75000000,11900050.00000000,False
097230,HJ중공업,KOSPI,건설,14850,-3.75891121,17.31049563,2.06185567,62.50000000,-7.82122905,15.77988338,-12.13017751,12.86443149,29.36588921,3735172811.50000000,2908672810.00000000,False
063080,컴투스홀딩스,KOSDAQ,IT 서비스,12280,-1.91693291,34.11078717,-1.36546185,25.80174927,-5.68356375,21.90233236,3.19327731,47.04810496,29.32215743,251816522.75000000,175501810.00000000,False
000140,하이트진로홀딩스,KOSPI,기타금융,7720,0.00000000,66.01676385,-1.65605096,23.61516035,-3.86052304,29.33673469,-6.87575392,19.49708455,29.32033528,40674712.25000000,10422760.00000000,False
008470,부스타,KOSDAQ,금속,1640,-0.60606061,51.23906706,-1.20481928,27.45991254,-3.52941176,30.61224490,-7.44920993,18.51311953,29.30940233,33566792.70000000,15683047.00000000,False
148150,세경하이테크,KOSDAQ,전기·전자,3900,-2.62172285,27.00437318,-5.22478736,7.98104956,-6.36254502,19.38775510,26.62337662,82.14285714,29.27842566,252168212.59999999,334956602.00000000,False
012205,계양전기우,KOSPI,기계·장비,4940,-0.80321285,48.17784257,0.40650407,47.68586006,-5.36398467,22.95918367,-25.94813371,4.84693878,29.27660350,58198330.50000000,12979810.00000000,False
005750,대림바스,KOSPI,비금속,4230,-0.23584906,58.27259475,0.23696682,45.69970845,-10.66525871,10.56851312,-2.53456221,27.40524781,29.24562682,109984870.95000000,82922205.00000000,False
044780,에이치케이,KOSDAQ,기계·장비,1321,-1.49142431,38.81195335,-2.50922509,17.67492711,-5.91168091,21.13702624,7.83673469,57.98104956,29.23469388,53046948.70000000,15155829.00000000,False
338840,와이바이오로직스,KOSDAQ,일반서비스,8190,-4.32242991,13.41107872,1.61290323,59.18367347,-5.64516129,22.04810496,-22.51655629,6.55976676,29.22740525,214872042.00000000,186820030.00000000,False
042940,상지건설,KOSDAQ,건설,5370,1.70454545,87.51822157,-0.18587361,37.79154519,-7.02908587,17.60204082,-15.35308953,10.45918367,29.22193878,162841887.75000000,172642680.00000000,False
072710,농심홀딩스,KOSPI,기타금융,88800,-0.22471910,58.67346939,-1.00334448,29.46428571,-5.73248408,21.73833819,-1.98675497,29.00874636,29.20371720,149748320.00000000,73674100.00000000,False
234100,폴라리스세원,KOSDAQ,운송장비·부품,2585,-2.63653484,26.89504373,-0.95785441,30.10204082,-8.97887324,12.82798834,9.76645435,61.69825073,29.19096210,23947414.45000000,20026660.00000000,False
058820,CMG제약,KOSDAQ,제약,562,0.00000000,66.01676385,1.62748644,59.40233236,-10.79365079,10.27696793,-37.41648107,2.76967930,29.08709913,300203345.55000001,0.00000000,False
139670,키네마스터,KOSDAQ,IT 서비스,1897,-2.31719876,29.91982507,-3.41140530,13.70262391,-9.66666667,11.58892128,33.02945302,86.62536443,29.06341108,28958287.90000000,4714292.00000000,False
024110,기업은행,KOSPI,은행,20100,-0.24813896,57.76239067,-2.66343826,16.76384840,-2.89855072,33.70991254,-4.05727924,23.83381924,29.05612245,16122485729.50000000,8688023625.00000000,False
023910,대한약품,KOSDAQ,제약,25800,-1.33843212,40.70699708,-1.14942529,27.91545190,-4.97237569,24.52623907,-0.38610039,34.00145773,29.05612245,109205406.25000000,151420150.00000000,False
006920,모헨즈,KOSDAQ,비금속,3005,-0.49668874,52.95189504,1.52027027,58.34548105,-11.35693215,9.29300292,-12.51819505,12.57288630,29.03061224,197255296.15000001,48591345.00000000,False
177830,파버나인,KOSDAQ,전기·전자,2125,-2.52293578,27.87900875,1.19047619,55.15670554,-6.79824561,18.18513120,-13.26530612,11.95335277,28.99963557,34812780.20000000,28877400.00000000,False
004980,성신양회,KOSPI,비금속,8110,0.24721879,73.39650146,-1.81598063,22.15743440,-3.45238095,31.19533528,-12.51348436,12.60932945,28.98688047,433901640.25000000,434976780.00000000,False
104460,디와이피엔에프,KOSDAQ,기계·장비,6780,1.04321908,82.68950437,0.74294205,51.02040816,-10.55408971,10.60495627,-24.41471572,5.61224490,28.93950437,83218542.75000000,117435355.00000000,False
002070,비비안,KOSPI,섬유·의류,3715,0.00000000,66.01676385,-2.23684211,19.22376093,-28.28185328,1.82215743,22.89116771,78.93586006,28.88483965,485875065.60000002,71113150.00000000,False
011780,금호석유화학,KOSPI,화학,115600,-2.19966159,31.23177843,-0.34482759,35.82361516,-8.18109611,14.54081633,2.75555556,45.91836735,28.87026239,7903865452.50000000,6615382900.00000000,False
096630,에스코넥,KOSDAQ,전기·전자,1680,1.75651121,87.97376093,-2.26876091,19.05976676,-7.94520548,15.37900875,0.90090090,40.94387755,28.85568513,31928469.65000000,29563271.00000000,False
051900,LG생활건강,KOSPI,화학,270500,1.31086142,84.94897959,-3.73665480,12.13556851,-7.99319728,15.08746356,5.66406250,53.42565598,28.85568513,18694232662.50000000,14533361750.00000000,False
017960,한국카본,KOSPI,금속,20300,-1.93236715,33.74635569,2.11267606,62.79154519,-9.97782705,11.40670554,-15.41666667,10.38629738,28.85204082,3259864006.25000000,2849745150.00000000,False
257720,실리콘투,KOSDAQ,유통,37800,3.13778990,93.47667638,-1.30548303,26.53061224,-21.25000000,3.09766764,5.00000000,51.42128280,28.83017493,31522773556.25000000,27774331625.00000000,False
060250,NHNKCP,KOSDAQ,금융,13450,-1.89642597,34.40233236,-0.37037037,35.64139942,-14.71147749,5.75801749,9.52768730,61.37026239,28.70991254,3263427407.00000000,2099012770.00000000,False
139480,이마트,KOSPI,유통,71100,-0.83682008,47.46720117,-1.11265647,28.46209913,-3.26530612,32.17930029,-12.33045623,12.75510204,28.70809038,6421889637.50000000,4771104050.00000000,False
003550,LG,KOSPI,기타금융,110500,-3.82941688,16.58163265,-0.54005401,33.89212828,-8.75309661,13.19241983,7.80487805,57.90816327,28.68440233,27683870927.40000153,12526501650.00000000,False
378850,화승알앤에이,KOSPI,운송장비·부품,2810,-1.40350877,39.90524781,-0.35460993,35.75072886,-6.02006689,20.73615160,-2.26086957,28.24344023,28.65889213,58023518.90000000,21584640.00000000,False
034830,한국토지신탁,KOSPI,기타금융,1115,0.54102795,77.66034985,-1.93491645,21.13702624,-5.82770270,21.42857143,-1.67548501,29.88338192,28.65524781,270729232.89999998,327180838.00000000,False
111380,동인기연,KOSPI,섬유·의류,12820,-2.06264324,32.47084548,-1.68711656,23.36005831,-4.61309524,25.65597668,0.78616352,40.48833819,28.61516035,49116329.75000000,31955660.00000000,False
051600,한전KPS,KOSPI,건설,44200,-3.07017544,23.25072886,-2.10409745,19.89795918,-3.49344978,30.83090379,0.68337130,39.90524781,28.60787172,6688432956.25000000,4299090500.00000000,False
053620,태양,KOSDAQ,금속,6620,0.60790274,78.31632653,-3.77906977,11.91690962,-5.42857143,22.81341108,0.76103501,40.37900875,28.60787172,35440774.75000000,270645870.00000000,False
236810,엔비티,KOSDAQ,일반서비스,1587,-1.85528757,34.91253644,-8.00000000,4.22740525,-9.31428571,12.42711370,57.28444004,94.35131195,28.60058309,42909206.70000000,27545032.00000000,False
213500,한솔제지,KOSPI,종이·목재,7130,-1.10957004,43.65889213,-3.25644505,14.39504373,-5.81241744,21.46501458,7.05705706,56.50510204,28.57142857,187173927.25000000,75737950.00000000,False
021650,한국큐빅,KOSDAQ,화학,1945,-0.56237219,52.04081633,-2.75000000,16.32653061,-2.40842950,35.82361516,-6.03864734,20.66326531,28.56413994,8365717.75000000,2755097.00000000,False
080470,성창오토텍,KOSDAQ,운송장비·부품,2715,-0.91240876,46.39212828,-1.27272727,27.00437318,-3.72340426,29.81049563,-7.02054795,19.20553936,28.50583090,20698942.15000000,60031948.00000000,False
214150,클래시스,KOSDAQ,의료·정밀기기,30800,-1.91082803,34.22011662,-0.16207455,38.08309038,-3.14465409,32.65306122,-35.29411765,2.91545190,28.49125364,4412997360.00000000,3463457350.00000000,False
001550,조비,KOSPI,화학,10240,0.29382958,73.97959184,-0.29211295,36.44314869,-10.17543860,11.04227405,-2.10325048,28.64431487,28.47667638,373216605.75000000,114257260.00000000,False
001790,대한제당,KOSPI,음식료·담배,2785,0.17985612,71.93877551,-2.28070175,18.95043732,-4.29553265,27.11370262,-4.13080895,23.66982507,28.45845481,338983706.05000001,193410932.00000000,False
001065,JW중외제약우,KOSPI,제약,21600,-4.00000000,15.39723032,-2.70270270,16.58163265,-4.63576159,25.58309038,8.00000000,58.30903790,28.40925656,2152272.50000000,12568600.00000000,False
196170,알테오젠,KOSDAQ,일반서비스,254500,-3.59848485,18.87755102,0.00000000,41.41763848,-11.78509532,8.63702624,5.50403568,52.76967930,28.32179300,90988363175.00000000,61154824000.00000000,False
036530,SNT홀딩스,KOSPI,기타금융,44700,-0.33444816,56.30466472,-4.38502674,9.87609329,-0.99667774,41.80029155,-10.06036217,14.97813411,28.30903790,570183227.50000000,422705450.00000000,False
294570,쿠콘,KOSDAQ,IT 서비스,26150,-5.59566787,7.39795918,-1.69172932,23.28717201,-14.40261866,5.97667638,44.87534626,90.92565598,28.30174927,4532059460.00000000,1058542100.00000000,False
086790,하나금융지주,KOSPI,기타금융,128200,-0.77399381,48.65160350,-4.68401487,9.18367347,-4.54206999,25.98396501,4.82420278,50.98396501,28.21064140,86742044494.25000000,56775286250.00000000,False
016920,카스,KOSDAQ,유통,1021,0.19627085,72.23032070,-3.58829084,12.79154519,-8.01801802,14.97813411,6.68756531,55.75801749,28.20335277,94315268.80000000,99695822.00000000,False
100250,진양홀딩스,KOSPI,화학,3015,-0.33057851,56.34110787,-1.79153094,22.37609329,-5.03937008,24.30758017,-1.47058824,30.61224490,28.19241983,110111604.59999999,589659155.00000000,False
318410,비비씨,KOSDAQ,화학,6180,-0.64308682,50.89285714,-3.43750000,13.52040816,-5.93607306,20.99125364,5.64102564,53.20699708,28.18330904,29406396.00000000,10789410.00000000,False
019540,일지테크,KOSDAQ,운송장비·부품,5020,-3.08880309,22.99562682,0.40000000,47.50364431,-5.63909774,22.15743440,-11.30742049,13.73906706,28.16144315,119225761.00000000,71964550.00000000,False
000080,하이트진로,KOSPI,음식료·담배,14770,-0.13522650,60.93294461,-1.79521277,22.33965015,-4.95495495,24.67201166,-2.50825083,27.47813411,28.15962099,1063679909.00000000,871861475.00000000,False
099390,브레인즈컴퍼니,KOSDAQ,IT 서비스,3640,-1.08695652,43.98688047,-3.44827586,13.44752187,-6.42673522,19.13265306,8.98203593,60.31341108,28.14868805,27947386.60000000,6876415.00000000,False
043360,디지아이,KOSDAQ,전기·전자,2290,-0.21786492,58.85568513,-1.92719486,21.20991254,-10.37181996,10.78717201,7.76470588,57.76239067,28.11588921,50089417.75000000,9018220.00000000,False
010240,흥국,KOSDAQ,기계·장비,5170,-0.95785441,45.55393586,-1.14722753,27.98833819,-4.25925926,27.29591837,-5.65693431,21.02769679,28.07580175,57477894.25000000,111159910.00000000,False
376290,씨유테크,KOSDAQ,전기·전자,2800,-2.43902439,28.82653061,-3.94511149,11.37026239,-3.94511149,29.00874636,4.67289720,50.83819242,28.06486880,17645342.05000000,13738045.00000000,False
237750,피앤씨테크,KOSDAQ,전기·전자,3355,-1.75695461,36.11516035,-1.75695461,22.59475219,-1.90058480,37.97376093,-12.85714286,12.31778426,28.04300292,20396257.00000000,26620460.00000000,False
111710,남화산업,KOSDAQ,오락·문화,3185,-0.15673981,60.38629738,-0.15673981,38.11953353,-5.06706408,24.08892128,-26.52825836,4.37317784,27.98469388,162584717.55000001,59798970.00000000,False
108670,LX하우시스,KOSPI,화학,32750,-0.45592705,54.00874636,-0.90771558,30.57580175,-8.51955307,13.70262391,0.61443932,39.54081633,27.96282799,540916056.25000000,258845825.00000000,False
054930,유신,KOSDAQ,일반서비스,17440,-2.84122563,25.03644315,-1.07770845,28.75364431,-5.98382749,20.80903790,1.39534884,42.52915452,27.95918367,340193424.75000000,93033065.00000000,False
038060,루멘스바이오스,KOSDAQ,전기·전자,689,0.00000000,66.01676385,0.00000000,41.41763848,-16.38349515,4.81049563,-0.14492754,34.58454810,27.86807580,58035162.80000000,0.00000000,False
115530,씨엔플러스,KOSDAQ,전기·전자,2850,-1.21317158,42.14650146,-9.09090909,3.44387755,-11.76470588,8.72813411,64.83516484,95.48104956,27.83527697,125535443.70000000,67952105.00000000,False
264900,크라운제과,KOSPI,음식료·담배,7670,0.39267016,75.51020408,-1.28700129,26.78571429,-5.42540074,22.84985423,-9.65842167,15.52478134,27.83163265,61682253.75000000,13896210.00000000,False
206560,덱스터,KOSDAQ,오락·문화,907,1.22767857,84.36588921,-7.06967213,5.02915452,-1.30576714,40.47011662,-19.30604982,8.23615160,27.78061224,84054369.00000000,37068188.00000000,False
123410,코리아에프티,KOSDAQ,운송장비·부품,5650,-3.08747856,23.03206997,-4.72175379,9.11078717,-3.41880342,31.37755102,4.62962963,50.65597668,27.71865889,329896285.25000000,250712940.00000000,False
145995,삼양사우,KOSPI,음식료·담배,32150,-0.31007752,56.77842566,-3.59820090,12.71865889,-3.16265060,32.58017493,-3.16265060,25.54664723,27.63483965,21359585.00000000,7504000.00000000,False
033540,파라텍,KOSDAQ,기계·장비,2820,2.54545455,91.65451895,0.71428571,50.60131195,-12.96296296,7.17930029,-41.73553719,2.07725948,27.63301749,79187047.90000001,56222805.00000000,False
008420,문배철강,KOSPI,금속,2065,-1.66666667,36.58892128,0.00000000,41.41763848,-7.60626398,16.21720117,-3.27868852,25.21865889,27.61479592,224790023.50000000,88786110.00000000,False
137940,넥스트아이,KOSDAQ,의료·정밀기기,1853,-0.96205238,45.48104956,1.47864184,57.87172012,-11.33971292,9.32944606,-16.15384615,9.80320700,27.60204082,34810227.00000000,110195564.00000000,False
019685,대교우B,KOSPI,일반서비스,989,0.00000000,66.01676385,1.95876289,61.66180758,-17.30769231,4.19096210,-28.33333333,4.00874636,27.57835277,21664559.35000000,10814629.00000000,False
041830,인바디,KOSDAQ,의료·정밀기기,53200,1.52671756,86.62536443,-0.56074766,33.67346939,-12.92962357,7.25218659,-1.84501845,29.51895044,27.56924198,3953571647.50000000,3928423200.00000000,False
025750,한솔홈데코,KOSPI,종이·목재,1848,-2.68562401,26.20262391,-1.96286472,20.91836735,-3.44827586,31.23177843,-1.33475707,30.75801749,27.54008746,32604732.95000000,105670344.00000000,False
302550,리메드,KOSDAQ,의료·정밀기기,2615,0.96525097,81.96064140,-2.42537313,18.03935860,-5.08166969,24.01603499,-5.42495479,21.57434402,27.52915452,49143970.00000000,81723465.00000000,False
009420,한올바이오파마,KOSPI,제약,45450,-5.01567398,9.65743440,5.20833333,78.24344023,-16.91042048,4.48250729,-22.57240204,6.41399417,27.51457726,11574129015.00000000,8856947925.00000000,False
001720,신영증권,KOSPI,증권,139900,-0.99079972,45.00728863,-0.42704626,35.24052478,-5.47297297,22.55830904,-9.15584416,16.58163265,27.41253644,1193545515.00000000,681045050.00000000,False
010780,아이에스동서,KOSPI,비금속,14730,-0.67430883,50.29154519,0.27229408,46.39212828,-6.41677255,19.20553936,-29.68973747,3.82653061,27.39431487,1042609353.00000000,381051980.00000000,False
429270,시지트로닉스,KOSDAQ,전기·전자,3205,-10.22408964,0.76530612,0.31298905,46.75655977,-5.87371512,21.28279883,-4.04191617,23.87026239,27.39067055,807551404.50000000,910148440.00000000,False
035600,KG이니시스,KOSDAQ,IT 서비스,9690,-0.41109969,55.02915452,-2.31854839,18.73177843,-6.73724735,18.40379009,2.10748156,44.49708455,27.38338192,327014179.00000000,129974785.00000000,False
011760,현대코퍼레이션,KOSPI,유통,24250,-2.61044177,27.15014577,-1.82186235,22.08454810,-7.08812261,17.45626822,6.35964912,55.17492711,27.35787172,765699370.00000000,378960900.00000000,False
37550L,DL이앤씨2우전환,KOSPI,건설,45950,-2.54506893,27.66034985,-9.90196078,2.98833819,-4.56905504,25.91107872,12.62254902,66.58163265,27.34329446,284237860.00000000,55069100.00000000,False
210540,디와이파워,KOSPI,기계·장비,10990,-1.25786164,41.65451895,-1.87500000,21.57434402,-4.76603120,25.21865889,-0.72267389,32.72594752,27.27040816,225437834.75000000,214361115.00000000,False
020120,키다리스튜디오,KOSPI,IT 서비스,6670,-6.45161290,4.77405248,-17.45049505,0.98396501,-7.36111111,16.76384840,101.81543116,98.94314869,27.26676385,4669721352.00000000,6655690315.00000000,False
118990,모트렉스,KOSDAQ,운송장비·부품,6160,-3.75000000,17.45626822,-4.34782609,10.00364431,-5.81039755,21.50145773,14.49814126,69.53352770,27.25400875,487594119.00000000,306194470.00000000,False
111770,영원무역,KOSPI,유통,70300,1.00574713,82.36151603,-0.84626234,30.94023324,-6.26666667,19.71574344,-17.68149883,9.14723032,27.23396501,4045681967.80000019,4943423650.00000000,False
369370,블리츠웨이엔터테인먼트,KOSDAQ,오락·문화,3045,1.83946488,88.52040816,0.66115702,50.29154519,-16.11570248,4.91982507,-22.42038217,6.63265306,27.23396501,31747549.10000000,43544055.00000000,False
052600,한네트,KOSDAQ,통신,2835,-1.21951220,41.98250729,-1.04712042,29.04518950,-5.34223706,23.06851312,-3.24232082,25.25510204,27.19023324,24113186.45000000,34401200.00000000,False
003090,대웅,KOSPI,제약,15480,0.91264668,81.41399417,-0.32195750,36.04227405,-8.18505338,14.50437318,-13.13131313,12.02623907,27.16107872,1034653833.50000000,1138342875.00000000,False
006370,대구백화점,KOSPI,유통,2985,-1.80921053,35.45918367,2.75387263,67.38338192,-16.62011173,4.66472303,-20.82228117,7.39795918,27.10641399,247598024.00000000,159358895.00000000,False
001270,부국증권,KOSPI,증권,50100,-1.18343195,42.67492711,-1.37795276,25.65597668,-3.83877159,29.37317784,-8.90909091,16.76384840,27.06632653,301891795.00000000,75964900.00000000,False
33626L,두산퓨얼셀2우B,KOSPI,전기·전자,7410,-0.67024129,50.40087464,-2.50000000,17.78425656,-4.13971539,27.87900875,-2.50000000,27.56924198,27.04081633,29143857.00000000,8339035.00000000,False
307950,현대오토에버,KOSPI,IT 서비스,373000,-4.35897436,13.19241983,0.53908356,49.08892128,-5.56962025,22.33965015,-15.51528879,10.27696793,27.03717201,16011749087.50000000,16702505500.00000000,False
032940,원익,KOSDAQ,유통,8690,-6.55913978,4.59183673,-2.79642058,16.10787172,-13.53233831,6.70553936,64.27221172,95.29883382,27.03352770,16249188779.25000000,1769976970.00000000,False
065680,우주일렉트로,KOSDAQ,전기·전자,23750,-4.04040404,15.23323615,-9.00383142,3.49854227,0.63559322,54.62827988,-12.19963031,12.79154519,26.98250729,506301903.75000000,205835050.00000000,False
250000,보라티알,KOSDAQ,유통,5490,-0.18181818,59.71209913,-3.51493849,13.04664723,-4.52173913,26.12973761,-0.54347826,33.19970845,26.97704082,13872110.25000000,15075595.00000000,False
051905,LG생활건강우,KOSPI,화학,93900,0.96774194,82.06997085,-1.26182965,27.07725948,-10.99526066,9.91253644,-0.52966102,33.27259475,26.94970845,1114259160.00000000,332136500.00000000,False
332370,아이디피,KOSDAQ,전기·전자,5170,0.19379845,72.19387755,-6.17059891,6.34110787,-3.54477612,30.46647230,-2.26843100,28.17055394,26.94241983,11539673.75000000,2894420.00000000,False
033920,무학,KOSPI,음식료·담배,7300,0.00000000,66.01676385,-1.88172043,21.46501458,-5.56274256,22.37609329,-3.69393140,24.45335277,26.88228863,128431645.75000000,37272880.00000000,False
026910,광진실업,KOSDAQ,금속,2365,-1.25260960,41.69096210,3.72807018,72.41253644,-28.11550152,1.85860058,-54.16666667,1.09329446,26.85495627,835206116.85000002,453844616.00000000,False
001070,대한방직,KOSPI,섬유·의류,5650,-0.87719298,46.86588921,-0.87719298,30.72157434,-6.61157025,18.73177843,-2.58620690,27.25947522,26.84766764,20126300.50000000,13179695.00000000,False
021880,메이슨캐피탈,KOSDAQ,금융,1162,-0.93776641,45.99125364,1.13141862,54.51895044,-8.50393701,13.73906706,-43.03921569,1.93148688,26.83673469,30836438.10000000,10040522.00000000,False
900140,엘브이엠씨홀딩스,KOSPI,유통,1168,-1.76619008,36.07871720,-3.07053942,14.97813411,-3.23115162,32.39795918,-2.09555742,28.71720117,26.80393586,466966298.80000001,326792680.00000000,False
066590,스모트로닉,KOSDAQ,운송장비·부품,2290,-1.07991361,44.20553936,-0.86580087,30.79446064,-6.53061224,18.84110787,-2.34541578,27.91545190,26.77842566,174433559.15000001,144849475.00000000,False
105840,우진,KOSPI,의료·정밀기기,12860,-4.38661710,12.97376093,-4.31547619,10.24052478,-0.31007752,45.84548105,-6.33648944,20.29883382,26.76749271,6781703463.75000000,4257785020.00000000,False
199550,레이저옵텍,KOSDAQ,의료·정밀기기,3175,-0.47021944,53.53498542,-1.24416796,27.18658892,-10.68917018,10.53206997,2.41935484,45.22594752,26.76749271,71108538.40000001,47320649.00000000,False
017000,신원종합개발,KOSDAQ,건설,2305,-1.07296137,44.24198251,-0.43196544,35.16763848,-5.91836735,21.06413994,-9.07297830,16.69096210,26.73833819,58629722.65000000,73573020.00000000,False
025540,한국단자,KOSPI,전기·전자,54800,-2.14285714,31.68731778,-1.96779964,20.84548105,-1.79211470,38.48396501,-16.46341463,9.58454810,26.73287172,881762492.50000000,738707100.00000000,False
079900,전진건설로봇,KOSPI,기계·장비,38950,-2.98879203,23.94314869,-4.53431373,9.36588921,-6.14457831,20.18950437,12.89855072,67.16472303,26.71282799,3056853752.50000000,1110986575.00000000,False
461300,아이스크림미디어,KOSDAQ,IT 서비스,17710,0.91168091,81.37755102,-6.14732379,6.41399417,-9.36540430,12.28134111,8.05369128,58.38192420,26.65087464,411000626.25000000,233770330.00000000,False
026940,부국철강,KOSPI,금속,2070,-0.95693780,45.59037901,0.00000000,41.41763848,-6.54627540,18.80466472,-14.98973306,10.71428571,26.64905248,740624518.04999995,276538202.00000000,False
220180,폴라리스AI핸디,KOSDAQ,IT 서비스,1353,-0.07385524,62.13556851,-6.49619903,5.72157434,-2.31046931,36.33381924,-5.84551148,20.88192420,26.63994169,12834870.60000000,8039256.00000000,False
002150,도화엔지니어링,KOSPI,일반서비스,4985,-0.69721116,50.01822157,-1.28712871,26.73104956,-6.29699248,19.60641399,-2.06286837,28.82653061,26.62900875,150430049.25000000,56355098.00000000,False
064240,홈캐스트,KOSDAQ,유통,1709,-3.93479483,15.85276968,-5.73634859,7.17930029,-5.05555556,24.16180758,12.28646518,66.10787172,26.62536443,62559503.25000000,123968630.00000000,False
00104K,CJ4우전환,KOSPI,기타금융,126700,-0.47132757,53.46209913,-5.37714712,7.68950437,-1.63043478,39.32215743,-9.43531094,15.96209913,26.57434402,858867697.50000000,463762250.00000000,False
013810,스페코,KOSDAQ,기계·장비,1518,-2.75464446,25.72886297,-1.36452242,25.87463557,-2.37942122,36.04227405,-17.85714286,9.03790087,26.55976676,37802227.95000000,26755463.00000000,False
033500,동성화인텍,KOSDAQ,화학,15670,-3.45040049,20.11661808,0.32010243,46.79300292,-8.68298368,13.37463557,-3.09214595,25.80174927,26.55976676,1268385946.25000000,1544468465.00000000,False
094480,갤럭시아머니트리,KOSDAQ,IT 서비스,5600,-5.24534687,8.78279883,-2.43902439,17.93002915,-8.49673203,13.81195335,17.89473684,73.76093294,26.53425656,2080840863.00000000,1512427025.00000000,False
034810,해성산업,KOSDAQ,금융,5860,-0.50933786,52.80612245,-1.67785235,23.43294461,-4.40456770,26.71282799,-8.29420970,17.60204082,26.51603499,58526652.75000000,34287895.00000000,False
000540,흥국화재,KOSPI,보험,3405,-2.85306705,24.74489796,-2.15517241,19.60641399,-7.84844384,15.67055394,8.43949045,59.22011662,26.46865889,160585985.34999999,75692280.00000000,False
005810,풍산홀딩스,KOSPI,기타금융,35550,-3.39673913,20.44460641,-3.91891892,11.44314869,-4.17789757,27.69679300,4.25219941,49.48979592,26.45408163,406495327.50000000,830399400.00000000,False
175250,아이큐어,KOSDAQ,화학,1682,2.62355095,91.98250729,0.77890953,51.27551020,-19.90476190,3.60787172,-41.39372822,2.15014577,26.45408163,468179720.00000000,257991446.00000000,False
115480,씨유메디칼,KOSDAQ,의료·정밀기기,2205,-4.54545455,12.02623907,-4.95689655,8.56413994,-7.15789474,17.23760933,22.56809339,78.64431487,26.39577259,30095439.45000000,51346315.00000000,False
016600,큐캐피탈,KOSDAQ,금융,2245,-0.22222222,58.74635569,0.22321429,45.55393586,-10.73558648,10.42274052,-11.61417323,13.37463557,26.38483965,63704535.25000000,105888765.00000000,False
008260,NI스틸,KOSPI,금속,3205,-2.43531202,28.86297376,-2.13740458,19.71574344,-6.28654971,19.67930029,3.72168285,48.26895044,26.32653061,229976864.75000000,168501345.00000000,False
320000,한울반도체,KOSDAQ,기계·장비,10040,-3.83141762,16.54518950,-6.43056850,5.90379009,0.40000000,53.06122449,-19.16264090,8.34548105,26.31924198,2628361473.00000000,1392703030.00000000,False
138930,BNK금융지주,KOSPI,기타금융,15400,-3.56919224,19.31486880,-6.61006671,5.64868805,0.06497726,51.02040816,-14.11042945,11.37026239,26.30830904,16034661597.25000000,13496620535.00000000,False
020180,대신정보통신,KOSDAQ,IT 서비스,3860,-0.25839793,57.61661808,-2.40202276,18.16690962,-3.37922403,31.48688047,-12.57078143,12.50000000,26.30648688,79403406.75000000,26755752.00000000,False
010140,삼성중공업,KOSPI,운송장비·부품,19510,-1.16514691,42.82069971,0.05128205,43.84110787,-8.83177570,13.04664723,-7.75413712,18.18513120,26.29008746,60569520411.65000153,49218927110.00000000,False
065650,하이퍼코퍼레이션,KOSDAQ,유통,1489,10.05173688,98.65160350,-1.32538105,26.38483965,-6.99562773,17.71137026,-22.08267923,6.77842566,26.22084548,30244077.25000000,64928925.00000000,False
039130,하나투어,KOSPI,일반서비스,30150,-1.63132137,37.06268222,-0.16556291,38.01020408,-7.23076923,17.01895044,-5.48589342,21.46501458,26.20991254,904576733.75000000,371409225.00000000,False
347740,피엔케이피부임상연구센타,KOSDAQ,일반서비스,1680,0.11918951,70.59037901,-1.52403283,24.59912536,-7.33590734,16.83673469,-3.33716916,25.14577259,26.20262391,49625509.60000000,11461049.00000000,False
109740,디에스케이,KOSDAQ,기계·장비,3995,2.30473752,90.67055394,-2.79805353,16.07142857,-4.42583732,26.63994169,-19.29292929,8.27259475,26.19897959,87520189.90000001,71114625.00000000,False
060260,뉴보텍,KOSDAQ,화학,835,5.42929293,96.50145773,0.60240964,49.74489796,-21.22641509,3.13411079,-43.50473613,1.82215743,26.19169096,50291479.75000000,99474746.00000000,False
363260,모비데이즈,KOSDAQ,일반서비스,4065,-1.93003619,33.89212828,-0.73260073,31.83309038,-11.24454148,9.52988338,3.17258883,46.97521866,26.14613703,143592309.09999999,9549520.00000000,False
011420,갤럭시아에스엠,KOSPI,오락·문화,1419,-0.76923077,48.77915452,-1.79930796,22.26676385,-5.33689126,23.14139942,-2.87474333,26.53061224,26.12062682,30698703.05000000,36741919.00000000,False
078590,휴림에이텍,KOSDAQ,운송장비·부품,2735,-2.84191829,25.00000000,-3.69718310,12.20845481,-13.99371069,6.34110787,34.06862745,87.06268222,26.11151603,186821074.19999999,66411905.00000000,False
040350,크레오에스지,KOSDAQ,IT 서비스,3360,0.44843049,76.31195335,1.51057402,58.27259475,-26.71755725,2.04081633,-58.41584158,0.91107872,26.11151603,431157312.75000000,223898492.00000000,False
004000,롯데정밀화학,KOSPI,화학,42600,-0.46728972,53.64431487,-1.50289017,24.78134111,-6.78336980,18.33090379,-1.73010381,29.71938776,26.07507289,2095641298.75000000,1464384450.00000000,False
067160,SOOP,KOSDAQ,IT 서비스,36400,-1.08695652,43.98688047,-0.68212824,32.43440233,-4.33639947,26.96793003,-24.40290758,5.64868805,26.04591837,1170404820.04999995,777678525.00000000,False
063760,이엘피,KOSDAQ,의료·정밀기기,2180,1.16009281,83.91034985,-1.13378685,28.27988338,-7.23404255,16.98250729,-13.32007952,11.84402332,26.03680758,62417295.00000000,114078932.00000000,False
001510,SK증권,KOSPI,증권,2265,-2.78969957,25.43731778,-0.65789474,32.76239067,-6.79012346,18.29446064,-1.09170306,31.41399417,25.97303207,5132530828.64999962,4098286769.00000000,False
377190,디앤디플랫폼리츠,KOSPI,부동산,1999,0.05005005,69.71574344,-1.52709360,24.56268222,-8.92938497,12.86443149,-0.79404467,32.43440233,25.97303207,448105282.64999998,160215504.00000000,False
034310,NICE,KOSPI,일반서비스,11710,-0.25553663,57.68950437,-3.77978636,11.88046647,-7.21077655,17.09183673,3.99644760,48.97959184,25.96574344,330447114.00000000,170966120.00000000,False
032685,소프트센우,KOSDAQ,IT 서비스,6230,-15.35326087,0.18221574,6.67808219,83.38192420,-31.83807440,1.20262391,-40.66666667,2.25947522,25.96574344,22096134.50000000,54357620.00000000,False
037440,희림,KOSDAQ,일반서비스,4055,-1.45808019,39.24927114,-2.40673887,18.11224490,-7.52565564,16.32653061,4.37580438,49.74489796,25.83819242,624757896.10000002,319241545.00000000,False
011785,금호석유화학우,KOSPI,화학,48800,-1.41414141,39.68658892,-2.59481038,17.20116618,-5.79150579,21.61078717,0.72239422,40.16034985,25.80539359,146685293.75000000,138051825.00000000,False
065710,서호전기,KOSDAQ,전기·전자,43050,-0.23174971,58.49125364,-4.33333333,10.09475219,-4.86187845,25.00000000,-0.11600928,34.62099125,25.80174927,324972442.50000000,132855100.00000000,False
334970,프레스티지바이오로직스,KOSDAQ,제약,1401,-1.47679325,38.92128280,2.33747261,64.28571429,-18.59384079,3.93586006,-25.47872340,5.13848397,25.77988338,235242431.55000001,29003920.00000000,False
097955,CJ제일제당우,KOSPI,음식료·담배,109500,0.36663611,75.25510204,-0.54495913,33.80102041,-9.65346535,11.66180758,-8.82597835,16.87317784,25.70517493,1131697995.00000000,300911550.00000000,False
039830,오로라,KOSDAQ,일반서비스,15080,-0.13245033,61.04227405,-5.75000000,7.14285714,-1.24426981,40.74344023,-24.56228114,5.46647230,25.63775510,764963438.50000000,533495330.00000000,False
019550,SBI인베스트먼트,KOSDAQ,금융,914,0.00000000,66.01676385,-1.61463940,23.79737609,-11.26213592,9.43877551,0.77177508,40.41545190,25.59948980,180418402.94999999,91487877.00000000,False
025870,신라에스지,KOSDAQ,유통,1059,0.00000000,66.01676385,0.00000000,41.41763848,-7.91304348,15.48833819,-44.84375000,1.78571429,25.57944606,221431695.40000001,0.00000000,False
120030,조선선재,KOSPI,금속,81000,-1.57958688,37.53644315,-3.11004785,14.81413994,-3.34128878,31.70553936,-4.25531915,23.32361516,25.54482507,28023000.00000000,19695900.00000000,False
008870,금비,KOSPI,비금속,38700,-1.02301790,44.71574344,-6.06796117,6.59620991,-4.91400491,24.81778426,2.65251989,45.73615160,25.52478134,9199197.50000000,2059550.00000000,False
340360,다보링크,KOSDAQ,전기·전자,850,-1.16279070,42.85714286,-7.90899242,4.30029155,-16.25615764,4.88338192,41.43094842,89.97813411,25.52478134,150206092.65000001,110910545.00000000,False
418620,E8,KOSDAQ,IT 서비스,555,23.33333333,99.63556851,-10.62801932,2.55102041,-2.97202797,33.45481050,-22.26890756,6.70553936,25.45189504,1230804497.70000005,1143496007.00000000,False
005090,SGC에너지,KOSPI,전기·가스,47300,-2.07039337,32.32507289,-2.57466529,17.34693878,-15.68627451,5.32069971,18.39799750,74.38046647,25.44096210,5660042703.75000000,1776207425.00000000,False
014100,메디앙스,KOSDAQ,유통,1559,1.49739583,86.44314869,-2.80548628,16.03498542,-5.51515152,22.48542274,-10.45376221,14.54081633,25.35714286,62340850.70000000,87371241.00000000,False
013720,청보,KOSDAQ,운송장비·부품,2150,0.23310023,73.03206997,-1.37614679,25.69241983,-9.28270042,12.46355685,-2.80289331,26.71282799,25.33892128,16387205.10000000,38740004.00000000,False
240600,유진테크놀로지,KOSDAQ,금속,900,2.27272727,90.56122449,0.89686099,52.07725948,-46.33273703,0.80174927,-46.17224880,1.67638484,25.33527697,90720249.84999999,65619690.00000000,False
199430,케이엔알시스템,KOSDAQ,의료·정밀기기,17120,-6.55021834,4.62827988,-4.35754190,9.94897959,-13.75314861,6.59620991,71.37137137,96.20991254,25.32798834,2848929523.75000000,1190225620.00000000,False
238120,얼라인드,KOSDAQ,의료·정밀기기,2770,2.78293135,92.31049563,-8.88157895,3.57142857,-3.31588133,31.96064140,-14.63790447,10.89650146,25.26603499,57577825.00000000,71970670.00000000,False
225570,넥슨게임즈,KOSDAQ,IT 서비스,10510,-3.31186753,21.02769679,-4.01826484,11.07871720,-9.39655172,12.24489796,18.75706215,74.70845481,25.26603499,1542926815.75000000,3127852580.00000000,False
103840,우양,KOSDAQ,음식료·담배,1578,-0.18975332,59.45699708,-0.69225928,32.28862974,-6.07142857,20.40816327,-20.90225564,7.32507289,25.26056851,39624036.85000000,48952630.00000000,False
051500,CJ프레시웨이,KOSDAQ,유통,21650,0.23148148,72.99562682,-1.14155251,28.13411079,-8.64978903,13.44752187,-6.07375271,20.55393586,25.22959184,133169743.75000000,75621975.00000000,False
483650,달바글로벌,KOSPI,화학,182800,0.32930845,74.59912536,-3.12665607,14.72303207,-4.09233998,28.38921283,-15.95402299,9.94897959,25.22230321,26021173755.00000000,23727988700.00000000,False
415640,KB발해인프라,KOSPI,기타금융,9970,-0.69721116,50.01822157,-1.28712871,26.73104956,-5.94339623,20.95481050,-7.16945996,18.95043732,25.19314869,2571240743.00000000,759850755.00000000,False
452400,이닉스,KOSDAQ,운송장비·부품,5370,0.37383178,75.29154519,-1.10497238,28.49854227,-13.52657005,6.74198251,-0.92250923,31.85131195,25.14577259,60546129.25000000,17185720.00000000,False
066430,아이로보틱스,KOSDAQ,유통,2005,-2.90556901,24.38046647,-3.37349398,13.77551020,-2.90556901,33.67346939,-3.37349398,25.00000000,25.04008746,968127727.54999995,396807673.00000000,False
177350,베셀,KOSDAQ,화학,1350,0.67114094,79.20918367,-6.89655172,5.28425656,-17.78319123,4.11807580,14.40677966,69.42419825,25.03826531,98697027.55000000,65522328.00000000,False
006040,동원산업,KOSPI,기타금융,34950,-0.56899004,51.85860058,-1.54929577,24.34402332,-8.26771654,14.32215743,-0.42735043,33.78279883,24.97448980,1059199213.75000000,633305950.00000000,False
048430,유라테크,KOSDAQ,전기·전자,5790,-1.36286201,40.26967930,-4.76973684,8.85568513,-5.54649266,22.41253644,3.02491103,46.57434402,24.96355685,855335898.75000000,104817940.00000000,False
044340,위닉스,KOSDAQ,전기·전자,2740,-1.79211470,35.76895044,1.66975881,59.58454810,-17.84107946,4.04518950,-16.96969697,9.43877551,24.95809038,205988669.59999999,140003495.00000000,False
053160,프리엠스,KOSDAQ,전기·전자,8850,2.43055556,91.10787172,-4.42764579,9.80320700,-12.28939544,7.98104956,3.62997658,48.06851312,24.85787172,89437596.75000000,113026560.00000000,False
000210,DL,KOSPI,화학,48750,-2.01005025,32.87172012,-3.46534653,13.33819242,-9.04850746,12.75510204,10.04514673,62.06268222,24.80320700,2714422066.25000000,1775149925.00000000,False
083640,인콘,KOSDAQ,유통,5210,-0.95057034,45.80903790,-2.43445693,18.00291545,-4.22794118,27.44169096,-7.04727921,19.13265306,24.78498542,36668622.50000000,16940240.00000000,False
340440,세림BG,KOSDAQ,화학,3735,-1.19047619,42.60204082,-1.19047619,27.58746356,-4.47570332,26.38483965,-19.15584416,8.38192420,24.76676385,28640854.25000000,254957093.00000000,False
025440,DH오토웨어,KOSDAQ,전기·전자,3195,0.00000000,66.01676385,-2.44274809,17.85714286,-5.75221239,21.68367347,-6.30498534,20.37172012,24.70663265,12894585.40000000,2857175.00000000,False
000070,삼양홀딩스,KOSPI,기타금융,56600,-1.04895105,44.58819242,-2.07612457,20.11661808,-6.44628099,19.05976676,-0.70175439,32.87172012,24.69205539,410934750.00000000,711724000.00000000,False
408470,한패스,KOSDAQ,금융,4645,0.65005417,78.89941691,-0.32188841,36.07871720,-11.01532567,9.87609329,-15.85144928,9.98542274,24.66107872,165344820.84999999,114970720.00000000,False
004960,한신공영,KOSPI,건설,10880,-0.63926941,50.98396501,-0.09182736,38.88483965,-13.30677291,6.85131195,-3.11665183,25.69241983,24.64285714,234783137.75000000,156332180.00000000,False
037230,한국팩키지,KOSDAQ,종이·목재,1315,-0.82956259,47.70408163,-0.97891566,29.91982507,-6.93559802,17.78425656,-7.26375176,18.87755102,24.63556851,91870698.20000000,25384299.00000000,False
007570,일양약품,KOSPI,제약,7970,-2.20858896,31.04956268,-1.60493827,23.97959184,-4.77897252,25.14577259,-5.79196217,20.91836735,24.54081633,131732769.00000000,205242940.00000000,False
186230,그린플러스,KOSDAQ,금속,3180,-2.15384615,31.55976676,-0.31347962,36.26093294,-9.53058321,11.91690962,-2.15384615,28.53498542,24.50801749,46880120.25000000,30590573.00000000,False
097870,효성오앤비,KOSDAQ,화학,4320,-3.35570470,20.73615160,-0.91743119,30.39358601,-5.88235294,21.20991254,-4.21286031,23.43294461,24.36224490,46368576.90000000,17025390.00000000,False
090435,아모레퍼시픽우,KOSPI,화학,40350,2.67175573,92.09183673,-6.38051044,5.97667638,-11.31868132,9.36588921,3.59435173,48.03206997,24.35495627,1514943542.50000000,1137093500.00000000,False
145020,휴젤,KOSDAQ,제약,184400,1.31868132,85.13119534,0.21739130,45.51749271,-24.42622951,2.29591837,-23.00626305,6.19533528,24.32580175,11914671311.04999924,5986951350.00000000,False
366030,나인앤컴퍼니,KOSDAQ,섬유·의류,4580,-0.43478261,54.44606414,-1.39935414,25.54664723,-6.33946830,19.49708455,-8.76494024,17.01895044,24.31122449,266747800.19999999,98722760.00000000,False
010400,우진아이엔에스,KOSPI,건설,4120,0.12150668,70.66326531,-4.40835267,9.83965015,-8.24053452,14.39504373,1.35301353,42.45626822,24.26749271,66685355.25000000,135923615.00000000,False
459550,알트,KOSDAQ,전기·전자,1996,-2.87104623,24.63556851,-9.88713318,3.02478134,-21.26232742,3.06122449,92.10779596,98.28717201,24.25291545,9197753639.39999962,590652849.00000000,False
033340,좋은사람들,KOSDAQ,섬유·의류,460,0.00000000,66.01676385,0.00000000,41.41763848,-16.51542650,4.73760933,-9.09090909,16.61807580,24.24562682,3224949559.90000010,0.00000000,False
126640,화신정공,KOSDAQ,운송장비·부품,3740,-4.83460560,10.69606414,0.00000000,41.41763848,-23.20328542,2.51457726,3.88888889,48.72448980,24.24562682,3484660040.40000010,1742448910.00000000,False
237820,플레이디,KOSDAQ,일반서비스,2280,-3.18471338,22.12099125,-2.35546039,18.44023324,-1.93548387,37.90087464,-22.44897959,6.59620991,24.22376093,53862830.20000000,70667322.00000000,False
257370,피엔티엠에스,KOSDAQ,기계·장비,1812,-5.37859008,8.19970845,-2.31805930,18.76822157,-1.03768433,41.65451895,-24.50000000,5.50291545,24.21282799,31660085.35000000,44867748.00000000,False
005945,NH투자증권우,KOSPI,증권,22200,-1.11358575,43.58600583,-2.20264317,19.38775510,-4.31034483,27.00437318,-9.38775510,16.07142857,24.19096210,772220883.75000000,712044950.00000000,False
071055,한국금융지주우,KOSPI,기타금융,139800,-1.54929577,37.82798834,-1.89473684,21.35568513,-4.50819672,26.20262391,-8.56769130,17.38338192,24.14723032,1601345415.00000000,1525380550.00000000,False
005745,크라운해태홀딩스우,KOSPI,기타금융,5000,0.20040080,72.46720117,-5.30303030,7.83527697,-4.76190476,25.29154519,-5.12333966,22.01166181,24.11625364,6797062.00000000,11512150.00000000,False
089150,케이씨티,KOSDAQ,IT 서비스,1625,-0.79365079,48.36005831,0.12322859,44.38775510,-13.37953092,6.77842566,-9.36977133,16.14431487,24.09256560,44282195.85000000,27690526.00000000,False
004800,효성,KOSPI,기타금융,152100,-4.15879017,14.24927114,-4.33962264,10.05830904,-4.33962264,26.89504373,2.01207243,44.31486880,24.06341108,3237808427.50000000,4287740250.00000000,False
214260,라파스,KOSDAQ,화학,7480,0.00000000,66.01676385,-1.44927536,25.16399417,-6.26566416,19.75218659,-15.76576577,10.05830904,24.06341108,58541094.75000000,52303925.00000000,False
000815,삼성화재우,KOSPI,보험,394500,-0.12658228,61.18804665,-2.35148515,18.51311953,-8.36236934,14.13994169,-0.50441362,33.38192420,24.00510204,3397827022.15000010,1925181500.00000000,False
239340,이스트에이드,KOSDAQ,IT 서비스,2425,1.89075630,88.77551020,-6.73076923,5.39358601,-3.76984127,29.55539359,-19.83471074,7.94460641,23.90670554,34847812.25000000,27871465.00000000,False
053690,한미글로벌,KOSPI,일반서비스,20100,-3.59712230,18.91399417,-4.05727924,10.96938776,-11.84210526,8.52769679,20.21531100,76.42128280,23.87755102,4860951798.25000000,2214426990.00000000,False
033250,체시스,KOSPI,운송장비·부품,4010,-1.47420147,38.95772595,-5.75793184,7.10641399,-16.89119171,4.51895044,23.95672334,79.95626822,23.82653061,226627473.84999999,125479920.00000000,False
000320,노루홀딩스,KOSPI,기타금융,15690,-2.48601616,28.27988338,-0.44416244,34.91253644,-8.19192510,14.46793003,-4.15394013,23.61516035,23.81195335,74948194.00000000,97541450.00000000,False
014570,고려제약,KOSDAQ,제약,3255,-2.69058296,26.16618076,-0.91324201,30.43002915,-7.00000000,17.67492711,-3.41246291,24.89067055,23.79373178,19337968.55000000,82059030.00000000,False
326030,SK바이오팜,KOSPI,일반서비스,75300,-2.58732212,27.40524781,0.53404539,49.05247813,-13.04849885,6.99708455,-8.28258222,17.63848397,23.78279883,8595436332.50000000,5215516600.00000000,False
015760,한국전력,KOSPI,전기·가스,29950,-0.99173554,44.97084548,-0.49833887,34.32944606,-6.84292379,18.03935860,-18.50340136,8.63702624,23.73906706,43734414642.50000000,26777403700.00000000,False
001680,대상,KOSPI,음식료·담배,17570,-0.17045455,60.09475219,-2.87451631,15.59766764,-8.53722020,13.62973761,0.11396011,37.90087464,23.72084548,1122350734.75000000,610298715.00000000,False
029530,신도리코,KOSPI,전기·전자,38200,-1.92554557,33.92857143,-2.05128205,20.37172012,-4.50000000,26.23906706,-7.50605327,18.47667638,23.69533528,162714237.50000000,170492950.00000000,False
041440,현대에버다임,KOSDAQ,기계·장비,6370,-2.89634146,24.45335277,-3.19148936,14.61370262,-4.49775112,26.27551020,-0.93312597,31.77842566,23.69533528,386150656.50000000,487447515.00000000,False
091970,LSK아이로봇,KOSDAQ,화학,3575,-2.58855586,27.36880466,-1.51515152,24.74489796,-10.17587940,11.00583090,2.58249641,45.51749271,23.66618076,65591462.30000000,40280075.00000000,False
001200,유진투자증권,KOSPI,증권,4035,-1.10294118,43.76822157,-1.34474328,26.16618076,-7.34787600,16.80029155,-4.15676960,23.57871720,23.66253644,1687750884.25000000,834900509.00000000,False
073240,금호타이어,KOSPI,화학,6610,-1.78306092,35.93294461,-3.22108346,14.50437318,-7.93871866,15.45189504,3.28125000,47.19387755,23.56413994,9546537871.75000000,4408627920.00000000,False
208350,지란지교시큐리티,KOSDAQ,IT 서비스,2895,-1.19453925,42.40160350,-1.36286201,25.91107872,-7.80254777,15.85276968,-3.17725753,25.43731778,23.44205539,30937676.60000000,42090375.00000000,False
331920,셀레믹스,KOSDAQ,제약,10340,0.97656250,82.23396501,-2.26843100,19.09620991,-28.54181064,1.71282799,1.87192118,43.91399417,23.42018950,626671976.75000000,1808746320.00000000,False
035890,서희건설,KOSDAQ,건설,2145,-3.37837838,20.55393586,-2.72108844,16.50874636,-7.74193548,16.07142857,4.37956204,49.78134111,23.39285714,554584629.25000000,385051030.00000000,False
000720,현대건설,KOSPI,건설,110400,-2.38726790,29.33673469,-6.44067797,5.86734694,-7.76942356,15.99854227,9.63257200,61.47959184,23.38921283,87858834085.00000000,49879942200.00000000,False
012330,현대모비스,KOSPI,운송장비·부품,371500,-2.62123198,27.04081633,1.08843537,53.89941691,-11.96682464,8.34548105,-23.95087001,5.79446064,23.37099125,101837179397.00000000,70725021838.00000000,False
064400,LG씨엔에스,KOSPI,IT 서비스,69200,-6.23306233,5.17492711,-0.57471264,33.45481050,-6.61268556,18.69533528,-2.80898876,26.67638484,23.36734694,32786176590.70000076,49094802250.00000000,False
033130,디지틀조선,KOSDAQ,IT 서비스,1690,-0.82159624,47.84985423,-0.52972337,34.07434402,-8.15217391,14.63192420,-13.02110139,12.13556851,23.28717201,82655756.90000001,27215924.00000000,False
475560,더본코리아,KOSPI,유통,14200,-1.52565881,38.15597668,-1.25173853,27.15014577,-7.97148412,15.23323615,-3.07167235,25.87463557,23.22886297,347980345.00000000,165515130.00000000,False
088790,진도,KOSPI,유통,2290,-2.34541578,29.77405248,-7.28744939,4.66472303,-2.13675214,37.09912536,-6.53061224,19.97084548,23.21064140,105441836.00000000,93252841.00000000,False
357430,마스턴프리미어리츠,KOSPI,부동산,776,-1.27226463,41.39941691,-10.28901734,2.76967930,-20.00000000,3.53498542,29.33333333,84.00145773,23.18513120,18500306.40000000,9826707.00000000,False
297570,아틀라스링크,KOSDAQ,전기·전자,3985,1.14213198,83.78279883,-1.23915737,27.25947522,-8.28538550,14.28571429,-26.40812558,4.55539359,23.18148688,27348124.70000000,10784810.00000000,False
067370,선바이오,KOSDAQ,제약,5510,-0.54151625,52.36880466,-1.07719928,28.79008746,-8.47176080,13.95772595,-8.01335559,18.03935860,23.06486880,45845822.75000000,15362820.00000000,False
300080,플리토,KOSDAQ,IT 서비스,8090,-4.48642267,12.46355685,-8.89639640,3.53498542,-9.50782998,12.13556851,23.32317073,79.44606414,23.05029155,712944876.00000000,966909800.00000000,False
018500,동원모빌리티,KOSPI,운송장비·부품,1322,-2.65095729,26.67638484,-1.19581465,27.55102041,-8.06675939,14.86880466,-1.26960418,30.83090379,23.04664723,71699482.50000000,239649074.00000000,False
462860,더즌,KOSDAQ,통신,2785,-6.22895623,5.24781341,-5.27210884,7.90816327,-17.48148148,4.15451895,48.93048128,92.34693878,23.02842566,11523665612.45000076,1388109927.00000000,False
011150,CJ씨푸드,KOSPI,음식료·담배,1872,-0.58417419,51.63994169,-2.29645094,18.87755102,-6.11835507,20.29883382,-6.21242485,20.40816327,23.02842566,64546828.20000000,82039690.00000000,False
071850,캐스텍코리아,KOSDAQ,운송장비·부품,1218,-0.49019608,53.15233236,-1.69491525,23.23250729,-5.80046404,21.53790087,-15.18105850,10.56851312,23.01384840,8881730.90000000,514898.00000000,False
004990,롯데지주,KOSPI,기타금융,23250,-0.64102564,50.94752187,-2.92275574,15.26967930,-6.06060606,20.51749271,-3.12500000,25.63775510,23.01020408,3051443781.25000000,913370850.00000000,False
004545,깨끗한나라우,KOSPI,종이·목재,3395,-3.13837375,22.41253644,2.10526316,62.75510204,-19.16666667,3.71720117,-46.28164557,1.63994169,22.88265306,8368098.25000000,1686615.00000000,False
010130,고려아연,KOSPI,금속,1066000,-3.70370370,17.83892128,-1.02135562,29.22740525,-12.76595745,7.43440233,3.09477756,46.72011662,22.86989796,17919470055.00000000,14656768000.00000000,False
389020,자람테크놀로지,KOSDAQ,전기·전자,16410,-4.59302326,11.88046647,2.24299065,63.62973761,-22.95774648,2.58746356,-20.33980583,7.68950437,22.84985423,1933962324.25000000,943514425.00000000,False
101930,인화정공,KOSDAQ,운송장비·부품,6090,-3.94321767,15.74344023,-1.13636364,28.18877551,-5.43478261,22.72230321,-7.44680851,18.54956268,22.82981050,147470665.25000000,213758720.00000000,False
074430,아미노로직스,KOSDAQ,제약,1045,-1.87793427,34.67565598,-2.88104089,15.56122449,-7.11111111,17.38338192,0.38424592,38.66618076,22.82252187,131518364.05000000,100699889.00000000,False
004890,동일산업,KOSPI,금속,34350,-3.23943662,21.53790087,-1.85714286,21.82944606,-6.14754098,20.15306122,-1.57593123,30.28425656,22.82069971,15688295.00000000,7539250.00000000,False
124500,아이티센글로벌,KOSDAQ,IT 서비스,27800,-8.40197694,2.00437318,-3.80622837,11.69825073,-22.01963534,2.69679300,41.76440592,90.12390671,22.81341108,7736367577.50000000,6193621825.00000000,False
00088K,한화3우B,KOSPI,화학,37600,-3.58974359,19.02332362,-5.05050505,8.41836735,-8.73786408,13.22886297,11.81158558,65.08746356,22.73688047,1076672521.25000000,741605275.00000000,False
122690,서진오토모티브,KOSDAQ,운송장비·부품,1584,-1.91950464,34.03790087,-2.82208589,15.96209913,-5.37634409,22.92274052,-2.94117647,26.38483965,22.63848397,29340061.35000000,37140778.00000000,False
019210,와이지-원,KOSDAQ,금속,12440,-2.43137255,28.89941691,1.13821138,54.59183673,-12.76297335,7.47084548,-43.45454545,1.85860058,22.62755102,6190922921.75000000,5561701615.00000000,False
196450,코아시아씨엠,KOSDAQ,의료·정밀기기,3800,-1.93548387,33.70991254,-2.43902439,17.93002915,-3.79746835,29.51895044,-15.46162403,10.31341108,22.62026239,48167618.30000000,31286542.00000000,False
267790,배럴,KOSDAQ,섬유·의류,3095,-0.48231511,53.27988338,-0.64205457,32.88994169,-10.28985507,10.93294461,-10.15965167,14.83236152,22.53462099,10569942.50000000,8248890.00000000,False
900310,컬러레이,KOSDAQ,금융,2030,-0.97560976,45.17128280,-4.69483568,9.14723032,-6.45161290,19.02332362,0.24691358,38.30174927,22.53097668,8803745.45000000,4994672.00000000,False
095720,웅진씽크빅,KOSPI,일반서비스,1195,-0.99420050,44.93440233,-3.31715210,14.17638484,-5.23394132,23.46938776,-5.15873016,21.97521866,22.52915452,39835540.65000000,29246304.00000000,False
192440,슈피겐코리아,KOSDAQ,기타제조,28400,-0.87260035,46.93877551,-3.23679727,14.46793003,-6.57894737,18.76822157,-1.73010381,29.71938776,22.48542274,137431870.00000000,153756050.00000000,False
002450,삼익악기,KOSPI,기타제조,1082,-1.09689214,43.84110787,-1.72570391,22.84985423,-6.64365833,18.62244898,-7.28363325,18.80466472,22.44897959,105750436.84999999,250394268.00000000,False
204840,지엘팜텍,KOSDAQ,유통,4140,-0.24096386,58.03571429,-2.12765957,19.75218659,-21.88679245,2.73323615,3.50000000,47.81341108,22.38520408,406024188.69999999,87812010.00000000,False
003650,미창석유,KOSPI,화학,122200,0.16393443,71.75655977,-1.61030596,23.87026239,-8.46441948,13.99416910,-12.96296296,12.24489796,22.38338192,289656437.50000000,121252300.00000000,False
037710,광주신세계,KOSPI,유통,33600,-0.29673591,57.17930029,-1.89781022,21.28279883,-5.21861777,23.50583090,-26.71755725,4.26384840,22.35787172,570865038.75000000,373766000.00000000,False
008040,사조동아원,KOSPI,음식료·담배,7590,2.01612903,89.34037901,-3.55781449,12.93731778,-11.22807018,9.62099125,-2.19072165,28.35276968,22.33418367,157160318.50000000,254051200.00000000,False
344860,이노진,KOSDAQ,화학,1298,0.93312597,81.59620991,-7.21944246,4.70116618,-6.01013758,20.77259475,-5.11695906,22.04810496,22.28862974,162526255.75000000,24488199.00000000,False
013700,까뮤이앤씨,KOSPI,건설,1500,-2.28013029,30.39358601,-6.77439403,5.32069971,-10.71428571,10.45918367,12.86681716,67.09183673,22.23760933,237124805.15000001,197498869.00000000,False
060980,HL홀딩스,KOSPI,기타금융,37650,-1.31061599,40.85276968,-3.33761232,14.03061224,-6.22665006,19.86151603,-1.69712794,29.81049563,22.20116618,467859428.75000000,250986950.00000000,False
096690,에이루트,KOSDAQ,전기·전자,6250,-2.49609984,28.13411079,-6.15615616,6.37755102,-13.79310345,6.52332362,18.37121212,74.30758017,22.19752187,47592340.50000000,18009680.00000000,False
021045,대호특수강우,KOSDAQ,금속,2000,0.00000000,66.01676385,-1.71990172,22.90451895,-19.67871486,3.64431487,0.00000000,36.24271137,22.17930029,4572980.10000000,4029445.00000000,False
298060,풍전약품,KOSDAQ,제약,2335,-1.26849894,41.50874636,-1.26849894,27.04081633,-6.41282565,19.27842566,-14.93624772,10.78717201,22.13192420,32088589.70000000,11251410.00000000,False
286750,나노실리칸첨단소재,KOSDAQ,화학,2535,-0.58823529,51.49416910,-6.45756458,5.83090379,-2.31213873,36.29737609,-31.22626153,3.35276968,22.08819242,174548597.34999999,11253085.00000000,False
350520,이지스레지던스리츠,KOSPI,부동산,3200,-1.08191654,44.09620991,-2.88315630,15.48833819,-6.02055800,20.69970845,-4.19161677,23.50583090,22.03717201,97594750.65000001,37333370.00000000,False
003010,혜인,KOSPI,유통,8350,-6.07424072,5.64868805,-12.19768665,1.93148688,-21.59624413,2.91545190,93.96051103,98.43294461,21.99708455,5136352283.25000000,4024168255.00000000,False
014910,성문전자,KOSPI,전기·전자,1954,-1.80904523,35.49562682,-0.20429009,37.46355685,-8.47775176,13.88483965,-19.91803279,7.83527697,21.90962099,442826148.64999998,269651965.00000000,False
050110,캠시스,KOSDAQ,전기·전자,5000,-7.39025746,3.06122449,-7.39025746,4.59183673,-9.99099910,11.37026239,22.15978500,78.31632653,21.89504373,73460585.15000001,556521262.00000000,False
199800,툴젠,KOSDAQ,일반서비스,33700,-4.80225989,10.93294461,-2.88184438,15.52478134,-5.33707865,23.10495627,-0.21319436,34.43877551,21.88046647,1163860390.00000000,1209075975.00000000,False
088340,유라클,KOSDAQ,IT 서비스,6350,-0.47021944,53.53498542,-3.34855403,13.92128280,-7.56914119,16.25364431,-2.00617284,28.97230321,21.82580175,142598280.50000000,42934210.00000000,False
001020,페이퍼코리아,KOSPI,종이·목재,1933,-0.36082474,55.83090379,-0.56584362,33.56413994,-21.42276423,2.98833819,-3.59102244,24.70845481,21.78935860,21805532.70000000,38581700.00000000,False
339950,아이비김영,KOSDAQ,일반서비스,2370,-0.62893082,51.09329446,-0.83682008,31.04956268,-9.54198473,11.84402332,-11.89591078,13.01020408,21.76384840,114385752.20000000,38561200.00000000,False
058730,다스코,KOSPI,금속,3160,-2.01550388,32.83527697,0.63694268,50.03644315,-12.82758621,7.32507289,-39.23076923,2.58746356,21.74198251,1590010470.20000005,556234344.00000000,False
204320,HL만도,KOSPI,운송장비·부품,45500,-4.81171548,10.86005831,-1.08695652,28.64431487,-6.18556701,20.00728863,-6.57084189,19.89795918,21.66180758,12078140153.75000000,15384552675.00000000,False
000180,성창기업지주,KOSPI,일반서비스,4800,-0.41493776,54.91982507,-3.42052314,13.55685131,-7.86948177,15.63411079,-2.04081633,28.91763848,21.59620991,73841461.15000001,35910650.00000000,False
008770,호텔신라,KOSPI,유통,39350,0.12722646,70.80903790,-2.11442786,19.86151603,-6.75355450,18.36734694,-23.59223301,5.94023324,21.57434402,7003637011.25000000,5979964175.00000000,False
175330,JB금융지주,KOSPI,기타금융,28100,-1.57618214,37.57288630,-8.46905537,3.89941691,-9.35483871,12.31778426,8.07692308,58.49125364,21.55247813,14098041508.75000000,7349980600.00000000,False
138070,신진에스엠,KOSDAQ,금속,1398,-3.71900826,17.71137026,-6.42570281,5.94023324,-9.33852140,12.35422741,11.84000000,65.16034985,21.52696793,15697067.80000000,41564078.00000000,False
238490,힘스,KOSDAQ,기계·장비,2255,-3.83795309,16.50874636,-0.66079295,32.68950437,-10.69306931,10.49562682,-1.95652174,29.15451895,21.48688047,28265370.10000000,15833001.00000000,False
265560,영화테크,KOSDAQ,운송장비·부품,6230,-0.95389507,45.66326531,-0.95389507,30.13848397,-9.57910015,11.80758017,-9.57910015,15.74344023,21.47959184,69751019.25000000,47330560.00000000,False
298380,에이비엘바이오,KOSDAQ,제약,50400,-4.90566038,10.42274052,2.33502538,64.24927114,-29.41176471,1.53061224,-38.15950920,2.69679300,21.46865889,20862718433.75000000,14908801950.00000000,False
009415,태영건설우,KOSPI,건설,6010,-2.75080906,25.80174927,-0.98846787,29.62827988,-6.82170543,18.14868805,-11.35693215,13.62973761,21.45408163,7087826.00000000,17076480.00000000,False
241590,화승엔터프라이즈,KOSPI,섬유·의류,2655,-0.74766355,49.19825073,-1.30111524,26.56705539,-7.81250000,15.81632653,-14.49275362,11.18804665,21.45408163,108797428.45000000,68528554.00000000,False
030200,KT,KOSPI,통신,51100,-0.96899225,45.37172012,-2.85171103,15.77988338,-5.89318600,21.17346939,-7.76173285,18.14868805,21.37026239,13739467065.75000000,9319752250.00000000,False
021080,에이티넘인베스트,KOSDAQ,금융,2015,-1.46699267,39.13994169,-2.18446602,19.46064140,-7.78032037,15.92565598,-3.12500000,25.63775510,21.25000000,280553192.39999998,157811492.00000000,False
440320,오픈놀,KOSDAQ,IT 서비스,2090,0.72289157,79.77405248,-3.68663594,12.35422741,-9.52380952,11.98979592,-4.12844037,23.72448980,21.22448980,30996591.40000000,74897295.00000000,False
317530,에피소드컴퍼니,KOSDAQ,오락·문화,2920,-8.60719875,1.82215743,-13.73707533,1.34839650,-2.01342282,37.53644315,-2.34113712,27.95189504,21.19169096,62602356.10000000,401758410.00000000,False
199730,바이오인프라,KOSDAQ,일반서비스,695,12.45954693,99.01603499,-0.28694405,36.51603499,-52.13498623,0.58309038,-67.82407407,0.51020408,21.19169096,102788152.80000000,371878760.00000000,False
019180,티에이치엔,KOSPI,전기·전자,4945,-2.46548323,28.57142857,-1.68986083,23.32361516,-5.44933078,22.63119534,-14.44636678,11.22448980,21.15160350,308910711.00000000,279158855.00000000,False
003300,한일홀딩스,KOSPI,비금속,17250,-1.70940171,36.37026239,-2.21088435,19.31486880,-7.75401070,16.03498542,-2.92628025,26.49416910,21.14431487,246644171.25000000,129375380.00000000,False
029480,광무,KOSDAQ,전기·전자,1359,-2.23021583,30.75801749,-2.30050324,18.80466472,-4.76524177,25.25510204,-13.98734177,11.44314869,21.10787172,120552505.75000000,141938137.00000000,False
123860,아나패스,KOSDAQ,전기·전자,12760,-1.08527132,44.05976676,-2.59541985,17.16472303,-6.52014652,18.87755102,-6.52014652,20.00728863,21.10787172,151598321.00000000,85139760.00000000,False
093240,형지엘리트,KOSPI,섬유·의류,296,0.00000000,66.01676385,0.00000000,41.41763848,-20.64343164,3.38921283,-30.35294118,3.60787172,21.10422741,150727818.15000001,0.00000000,False
290660,다이나믹솔루션,KOSDAQ,의료·정밀기기,1299,1.48437500,86.37026239,-1.29179331,26.63994169,-26.89926843,2.00437318,-7.87234043,18.11224490,21.05320700,862635524.10000002,455931911.00000000,False
337930,젝시믹스,KOSDAQ,IT 서비스,2360,-0.84033613,47.41253644,-0.42194093,35.27696793,-10.77504726,10.34985423,-21.72470978,6.92419825,20.84912536,160189036.40000001,127168485.00000000,False
194370,제이에스코퍼레이션,KOSPI,섬유·의류,12050,-2.74414851,25.87463557,-4.66772152,9.22011662,-8.01526718,15.01457726,3.34476844,47.41253644,20.84183673,544603542.00000000,420235030.00000000,False
134580,탑코미디어,KOSDAQ,IT 서비스,2350,-7.11462451,3.27988338,-29.21686747,0.18221574,-33.98876404,1.09329446,128.82181110,99.52623907,20.72521866,2257546241.50000000,1545453276.00000000,False
005387,현대차2우B,KOSPI,운송장비·부품,174900,-2.50836120,28.06122449,-1.74157303,22.63119534,-5.35714286,23.03206997,-17.10900474,9.40233236,20.68877551,19522244158.75000000,17029399750.00000000,False
052330,코텍,KOSDAQ,전기·전자,10410,-0.19175455,59.32944606,-1.32701422,26.34839650,-11.77966102,8.67346939,-8.84413310,16.80029155,20.66690962,147391326.75000000,99445950.00000000,False
377300,카카오페이,KOSPI,기타금융,39450,-2.59259259,27.31413994,-1.86567164,21.73833819,-16.59619450,4.70116618,3.40760157,47.52186589,20.63775510,10147963481.25000000,4907812950.00000000,False
088910,동우팜투테이블,KOSDAQ,음식료·담배,1940,-1.47282885,38.99416910,-1.87152251,21.64723032,-7.39856802,16.72740525,-8.27423168,17.67492711,20.61953353,88541524.05000000,358950196.00000000,False
094850,참좋은여행,KOSDAQ,일반서비스,4110,-2.14285714,31.68731778,-5.40851554,7.58017493,-4.08401400,28.46209913,-7.53655793,18.40379009,20.50838192,114971072.80000000,63235468.00000000,False
003540,대신증권,KOSPI,증권,25000,-1.57480315,37.60932945,-2.91262136,15.34256560,-5.66037736,22.01166181,-9.42028986,15.99854227,20.36807580,1609696783.75000000,736213600.00000000,False
193250,링크드,KOSDAQ,전기·전자,1823,-8.29979879,2.07725948,-8.80440220,3.60787172,-18.97777778,3.79008746,35.13713862,87.42711370,20.29154519,49850757.60000000,71767820.00000000,False
001210,금호전기,KOSPI,전기·전자,8680,-4.19426049,14.06705539,-10.42311662,2.66034985,-28.67707477,1.63994169,33.33333333,86.77113703,20.21501458,32496793762.00000000,6631783010.00000000,False
204020,그리티,KOSDAQ,섬유·의류,1797,-5.12143611,9.36588921,-4.00641026,11.11516035,-4.26212040,27.25947522,-3.38709677,24.96355685,20.16763848,19829734.75000000,21237054.00000000,False
122450,KX,KOSDAQ,오락·문화,2480,-0.80000000,48.21428571,-2.16962525,19.56997085,-8.14814815,14.68658892,-8.14814815,17.87536443,20.14212828,67952926.59999999,29647870.00000000,False
001000,신라섬유,KOSDAQ,부동산,1729,-2.81056773,25.21865889,1.17027501,54.91982507,-25.15151515,2.18658892,-60.25287356,0.83819242,20.04008746,94833541.75000000,27567052.00000000,False
000810,삼성화재,KOSPI,보험,625000,-1.26382306,41.54518950,-4.14110429,10.78717201,-5.73152338,21.79300292,-6.85543964,19.53352770,20.01457726,54715124511.19999695,42422844264.00000000,False
027830,대성창투,KOSDAQ,금융,742,0.13495277,71.02769679,-0.53619303,34.00145773,-17.92035398,4.00874636,-25.12613522,5.32069971,19.97084548,127834938.40000001,58220038.00000000,False
130740,티피씨글로벌,KOSDAQ,운송장비·부품,1819,-1.14130435,43.07580175,-1.56926407,24.12536443,-14.40000000,6.01311953,-1.67567568,29.84693878,19.91982507,42463517.00000000,13774101.00000000,False
007070,GS리테일,KOSPI,유통,22350,0.67567568,79.33673469,-2.18818381,19.42419825,-12.00787402,8.30903790,-10.77844311,14.06705539,19.89795918,4173957011.25000000,1360896850.00000000,False
950200,소마젠,KOSDAQ,일반서비스,2945,-2.80528053,25.27332362,-2.64462810,16.83673469,-14.38953488,6.04956268,3.88007055,48.68804665,19.73578717,263314617.80000001,112518000.00000000,False
241840,에이스토리,KOSDAQ,오락·문화,2195,0.45766590,76.38483965,-2.66075388,16.80029155,-10.95334686,10.05830904,-10.04098361,15.08746356,19.71938776,26805818.30000000,34911805.00000000,False
214680,디알텍,KOSDAQ,의료·정밀기기,3775,-3.45268542,20.08017493,0.93582888,52.66034985,-21.35416667,3.02478134,-31.05022831,3.46209913,19.70845481,1177861669.25000000,112887260.00000000,False
463020,뉴엔AI,KOSDAQ,IT 서비스,6640,-3.20699708,21.90233236,-2.78184480,16.18075802,-21.14014252,3.20699708,7.09677419,56.66909621,19.66107872,770785819.50000000,370865340.00000000,False
090470,제이스로보틱스,KOSDAQ,기계·장비,4030,-2.06561361,32.39795918,-5.28789659,7.87172012,-12.39130435,7.87172012,6.05263158,54.55539359,19.66107872,142832509.84999999,145467432.00000000,False
003680,한성기업,KOSPI,음식료·담배,4435,0.00000000,66.01676385,-3.27153762,14.32215743,-7.98755187,15.12390671,-11.47704591,13.48396501,19.64467930,342070635.69999999,207928234.00000000,False
255220,SG,KOSDAQ,비금속,1085,-1.36363636,40.23323615,-4.23654016,10.49562682,-4.15194346,27.76967930,-22.11055276,6.74198251,19.62827988,2317960403.00000000,2113064278.00000000,False
118000,메타케어,KOSPI,유통,1210,0.08271299,70.11661808,-4.34782609,10.00364431,-7.98479087,15.16034985,-8.19423369,17.71137026,19.61916910,29860078.95000000,28426993.00000000,False
036580,팜스코,KOSPI,음식료·담배,2450,0.20449898,72.59475219,-7.19696970,4.77405248,-6.48854962,18.98688047,-9.25925926,16.36297376,19.55903790,92038446.75000000,55534055.00000000,False
900100,파이온엑스,KOSDAQ,유통,1096,0.00000000,66.01676385,0.00000000,41.41763848,-49.37644342,0.72886297,-51.92982456,1.16618076,19.55174927,172780996.30000001,0.00000000,False
061250,화일약품,KOSDAQ,제약,6450,0.62402496,78.49854227,-0.61633282,33.12682216,-32.31899265,1.16618076,-22.56902761,6.45043732,19.54446064,378979145.50000000,70553460.00000000,False
035200,프럼파스트,KOSDAQ,화학,2530,0.00000000,66.01676385,-1.55642023,24.19825073,-12.30502600,7.94460641,-12.75862069,12.39067055,19.51712828,503583659.44999999,29339120.00000000,False
044380,주연테크,KOSPI,전기·전자,436,0.00000000,66.01676385,0.00000000,41.41763848,-56.78889990,0.47376093,-49.88505747,1.27551020,19.47157434,408863029.60000002,0.00000000,False
465770,STX그린로지스,KOSPI,운송·창고,2155,2.13270142,89.86880466,-8.49256900,3.86297376,-42.53333333,0.91107872,2.13270142,44.64285714,19.43877551,2790232594.40000010,1294141998.00000000,False
214450,파마리서치,KOSDAQ,제약,309000,0.98039216,82.28862974,-2.36966825,18.40379009,-20.05174644,3.49854227,-5.50458716,21.39212828,19.42784257,33040066225.00000000,27643179500.00000000,False
227610,아우딘퓨쳐스,KOSDAQ,화학,990,-6.07210626,5.68513120,-3.32031250,14.13994169,-8.75576037,13.11953353,3.01768991,46.53790087,19.36588921,29382064.20000000,19689772.00000000,False
024830,세원물산,KOSDAQ,운송장비·부품,8040,-1.83150183,35.16763848,-4.51306413,9.40233236,-5.18867925,23.66982507,-8.32383124,17.56559767,19.31851312,21637739.25000000,80668110.00000000,False
004870,티웨이홀딩스,KOSPI,비금속,973,1.35416667,85.38629738,-1.81634712,22.12099125,-14.72392638,5.68513120,-17.19148936,9.32944606,19.31486880,107704891.84999999,56904500.00000000,False
035290,골드앤에스,KOSDAQ,오락·문화,384,0.00000000,66.01676385,0.00000000,41.41763848,-70.55214724,0.25510204,-80.50761421,0.21865889,19.17274052,310318506.69999999,0.00000000,False
180640,한진칼,KOSPI,기타금융,132100,-1.34428678,40.59766764,-2.72459499,16.47230321,-9.52054795,12.06268222,-2.93901543,26.42128280,19.11078717,10631136089.00000000,4201651000.00000000,False
372800,아이티아이즈,KOSDAQ,IT 서비스,2875,-0.86206897,47.17565598,-4.80132450,8.74635569,-7.40740741,16.67274052,-3.19865320,25.40087464,19.09074344,65005271.30000000,91431032.00000000,False
079430,현대리바트,KOSPI,기타제조,5570,-1.59010601,37.35422741,-3.96551724,11.33381924,-6.85618729,17.89358601,-4.13080895,23.66982507,19.02696793,69446995.25000000,53346710.00000000,False
368970,오에스피,KOSDAQ,음식료·담배,2420,-0.81967213,47.88629738,-9.19324578,3.38921283,-6.38297872,19.35131195,-2.61569416,27.18658892,18.98323615,96508883.70000000,35747528.00000000,False
114090,GKL,KOSPI,오락·문화,8610,2.13523132,89.90524781,-3.79888268,11.73469388,-10.12526096,11.18804665,-16.00000000,9.87609329,18.96137026,787017660.75000000,1469472280.00000000,False
323410,카카오뱅크,KOSPI,은행,19860,-0.94763092,45.88192420,-1.92592593,21.24635569,-9.52164009,12.02623907,-9.72727273,15.45189504,18.86297376,15662169161.25000000,8223185275.00000000,False
005389,현대차3우B,KOSPI,운송장비·부품,170400,-2.46136234,28.60787172,-2.18140069,19.53352770,-6.06394708,20.48104956,-16.26535627,9.73032070,18.85932945,1168641707.50000000,1532225100.00000000,False
055550,신한지주,KOSPI,기타금융,103000,-0.77071291,48.68804665,-6.61831369,5.61224490,-6.61831369,18.65889213,-4.00745573,23.97959184,18.81195335,106022683679.10000610,68876929100.00000000,False
079000,와토스코리아,KOSDAQ,화학,3580,1.70454545,87.51822157,-2.58503401,17.23760933,-11.93111931,8.38192420,-20.62084257,7.43440233,18.76275510,39907632.00000000,19479665.00000000,False
079960,동양이엔피,KOSDAQ,전기·전자,16610,-3.03561004,23.54227405,-1.01311085,29.37317784,-8.48484848,13.84839650,-15.55668531,10.24052478,18.75364431,394561097.75000000,461920180.00000000,False
029780,삼성카드,KOSPI,기타금융,41750,-0.35799523,55.92201166,-1.99530516,20.59037901,-9.53412784,11.88046647,-14.53428864,11.11516035,18.74453353,3827891981.25000000,2756906150.00000000,False
020400,대동금속,KOSDAQ,금속,2560,-2.10325048,31.99708455,-0.77519380,31.37755102,-10.80139373,10.24052478,-15.78947368,10.02186589,18.71355685,35744903.75000000,20582875.00000000,False
076080,웰크론한텍,KOSDAQ,건설,1019,-0.97181730,45.26239067,-8.36330935,3.93586006,-10.14109347,11.15160350,1.39303483,42.49271137,18.66618076,33562621.45000000,40213321.00000000,False
298040,효성중공업,KOSPI,전기·전자,2619000,-6.56439529,4.55539359,-7.09471444,4.99271137,-4.13616398,27.91545190,-2.60319821,27.22303207,18.56413994,109975890925.00000000,378824210500.00000000,False
007720,소노스퀘어,KOSDAQ,유통,1117,0.63063063,78.68075802,-2.01754386,20.51749271,-11.27879269,9.40233236,-29.70421649,3.79008746,18.54227405,26327413.30000000,19532679.00000000,False
016800,퍼시스,KOSPI,기타제조,23800,-2.05761317,32.54373178,-0.83333333,31.08600583,-11.52416357,9.07434402,-13.76811594,11.62536443,18.53498542,21172975.00000000,5092700.00000000,False
194480,데브시스터즈,KOSDAQ,IT 서비스,13990,0.28673835,73.83381924,-2.23619846,19.27842566,-11.79066835,8.60058309,-17.36562315,9.25655977,18.45845481,724455601.25000000,329736860.00000000,False
080160,모두투어,KOSDAQ,일반서비스,8060,-1.10429448,43.73177843,-3.47305389,13.30174927,-10.14492754,11.11516035,-2.30303030,28.02478134,18.41472303,1167494023.00000000,319027170.00000000,False
019680,대교,KOSPI,일반서비스,1623,0.24706609,73.36005831,-1.51699029,24.70845481,-18.85000000,3.82653061,-15.02617801,10.67784257,18.41472303,30932896.10000000,18101137.00000000,False
003470,유안타증권,KOSPI,증권,4250,-1.62037037,37.09912536,-2.29885057,18.84110787,-10.43203372,10.71428571,-4.17136415,23.54227405,18.35641399,1104873970.00000000,775975669.00000000,False
353810,이지바이오,KOSDAQ,음식료·담배,5850,-1.34907251,40.52478134,-4.72312704,9.07434402,-7.43670886,16.58163265,-3.62438221,24.63556851,18.33454810,446618604.75000000,630675810.00000000,False
053280,예스24,KOSDAQ,유통,2810,0.00000000,66.01676385,-2.76816609,16.25364431,-10.93502377,10.09475219,-11.77394035,13.19241983,18.15415452,162619502.40000001,39087215.00000000,False
005385,현대차우,KOSPI,운송장비·부품,173800,-2.90502793,24.41690962,-2.02931229,20.48104956,-6.35775862,19.42419825,-18.01886792,8.92857143,18.14139942,10391780117.20000076,10786691600.00000000,False
035720,카카오,KOSPI,IT 서비스,32900,-1.93740686,33.67346939,-2.51851852,17.60204082,-9.11602210,12.60932945,-5.05050505,22.23032070,18.13775510,42096239123.75000000,40750904775.00000000,False
054410,케이피티유,KOSDAQ,유통,2990,13.47248577,99.16180758,-10.74626866,2.47813411,-12.70072993,7.54373178,-5.37974684,21.68367347,18.01384840,30461085.20000000,143288190.00000000,False
003075,코오롱글로벌우,KOSPI,건설,12380,-0.88070456,46.79300292,-6.21212121,6.30466472,-6.06980273,20.44460641,-9.30402930,16.29008746,18.00655977,4280825.50000000,1342220.00000000,False
024800,유성티엔에스,KOSDAQ,운송·창고,4240,-2.30414747,30.19314869,-4.07239819,10.93294461,-10.92436975,10.13119534,0.23640662,38.26530612,18.00473761,143144845.15000001,58216095.00000000,False
481070,에이유브랜즈,KOSDAQ,유통,14410,2.92857143,92.85714286,-5.44619423,7.54373178,-16.99308756,4.37317784,-4.37956204,23.14139942,17.92638484,201696553.00000000,124559040.00000000,False
052220,iMBC,KOSDAQ,오락·문화,1626,-1.21506683,42.09183673,-2.04819277,20.40816327,-8.49746764,13.77551020,-15.40062435,10.42274052,17.92638484,1031112690.85000002,29715195.00000000,False
241560,두산밥캣,KOSPI,기계·장비,54900,-1.08108108,44.13265306,-1.43626571,25.21865889,-12.57961783,7.68950437,-10.58631922,14.24927114,17.90451895,8972874448.00000000,7326734100.00000000,False
004020,현대제철,KOSPI,금속,28350,-5.65723794,7.06997085,-5.97014925,6.77842566,-10.00000000,11.33381924,5.39033457,52.55102041,17.78425656,26224038921.25000000,24770661675.00000000,False
019660,글로본,KOSDAQ,유통,1426,-0.83449235,47.52186589,-3.32203390,14.10349854,-6.24589086,19.82507289,-26.64609053,4.30029155,17.77332362,49024753.50000000,35140057.00000000,False
004770,써니전자,KOSPI,전기·전자,1764,-2.05441421,32.58017493,-12.67326733,1.67638484,-19.26773455,3.68075802,10.38798498,62.57288630,17.74781341,4869620923.85000038,992936615.00000000,False
222980,한국맥널티,KOSDAQ,음식료·담배,2045,-2.61904762,27.11370262,-6.62100457,5.57580175,-5.97701149,20.84548105,-3.99061033,24.05247813,17.53279883,25264104.05000000,22905064.00000000,False
03473K,SK우,KOSPI,기타금융,364000,-3.19148936,21.97521866,-2.41286863,18.07580175,-11.11111111,9.74854227,-1.62162162,29.99271137,17.51822157,318207025.00000000,172465500.00000000,False
142760,모아라이프플러스,KOSDAQ,일반서비스,476,0.00000000,66.01676385,-2.85714286,15.70699708,-8.46153846,14.03061224,-39.44020356,2.55102041,17.43622449,329841322.80000001,68381558.00000000,False
298020,효성티앤씨,KOSPI,화학,280500,-3.77358491,17.27405248,-3.44234079,13.48396501,-19.16426513,3.75364431,4.66417910,50.76530612,17.42711370,4701562387.50000000,3830297750.00000000,False
030960,양지사,KOSDAQ,출판·매체복제,4545,-3.60551432,18.80466472,-5.70539419,7.25218659,-5.11482255,23.90670554,-7.99595142,18.07580175,17.23396501,106292362.05000000,109754350.00000000,False
149980,하이로닉,KOSDAQ,의료·정밀기기,4450,-2.30515917,30.13848397,-3.36590662,13.84839650,-9.73630832,11.51603499,-2.83842795,26.63994169,17.10276968,94399564.65000001,60464680.00000000,False
018260,삼성에스디에스,KOSPI,IT 서비스,207000,-5.90909091,6.08600583,-5.04587156,8.45481050,-13.02521008,7.06997085,6.53628410,55.50291545,17.07361516,30803182037.50000000,38351767000.00000000,False
034220,LG디스플레이,KOSPI,전기·전자,8260,-4.28736964,13.68440233,-0.60168472,33.19970845,-9.52902519,11.95335277,-26.51245552,4.40962099,16.99161808,25052288711.50000000,23446834265.00000000,False
900120,씨엑스아이,KOSDAQ,금융,4885,-2.10420842,31.92419825,-6.05769231,6.66909621,-6.05769231,20.55393586,-8.17669173,17.74781341,16.96428571,8802199.00000000,35127150.00000000,False
053290,NE능률,KOSDAQ,오락·문화,1480,-1.66112957,36.77113703,-10.13964784,2.91545190,-11.69451074,8.81924198,1.99862164,44.27842566,16.93513120,17744790.25000000,20807010.00000000,False
001810,무림SP,KOSDAQ,종이·목재,1103,-3.07557118,23.21428571,-4.83175151,8.70991254,-6.28717077,19.64285714,-6.04770017,20.62682216,16.91690962,47473849.70000000,20547280.00000000,False
023350,한국종합기술,KOSPI,일반서비스,3715,-0.93333333,46.10058309,-2.23684211,19.22376093,-11.23058542,9.58454810,-11.54761905,13.41107872,16.89322157,59533040.30000000,92606617.00000000,False
013360,일성건설,KOSPI,건설,1354,-1.23997082,41.76384840,-1.23997082,27.22303207,-11.50326797,9.11078717,-27.20430108,4.15451895,16.81851312,232342622.34999999,202386927.00000000,False
047810,한국항공우주,KOSPI,운송장비·부품,121300,-6.62047729,4.44606414,-4.48818898,9.51166181,-4.11067194,28.24344023,-14.57746479,11.00583090,16.79664723,32192124380.00000000,53989026750.00000000,False
376930,노을,KOSDAQ,의료·정밀기기,1487,4.05878237,94.89795918,-4.31145431,10.27696793,-10.95808383,10.02186589,-55.14328808,1.02040816,16.78571429,187903257.44999999,50997456.00000000,False
002310,아세아제지,KOSPI,종이·목재,7590,-0.13157895,61.07871720,-4.28751576,10.34985423,-14.14027149,6.23177843,-3.80228137,24.38046647,16.58163265,583032336.75000000,307700000.00000000,False
396690,미래에셋글로벌리츠,KOSPI,부동산,1330,0.83396513,80.68513120,-3.41321714,13.62973761,-14.19354839,6.19533528,-16.29955947,9.65743440,16.56705539,116860170.80000000,51659458.00000000,False
060850,영림원소프트랩,KOSDAQ,IT 서비스,4300,-2.38365494,29.37317784,-2.38365494,18.25801749,-8.02139037,14.94169096,-16.34241245,9.62099125,16.31559767,32157496.65000000,74259146.00000000,False
035420,NAVER,KOSPI,IT 서비스,188100,-1.98019802,33.05393586,-3.48896870,13.15597668,-11.89695550,8.45481050,-2.38713025,27.80612245,16.19533528,126879075665.00000000,97657463250.00000000,False
097780,에코볼트,KOSDAQ,운송장비·부품,1442,-1.90476190,34.25655977,-6.24187256,6.26822157,-21.75800326,2.80612245,3.89048991,48.76093294,16.18075802,16265841.65000000,12946098.00000000,False
319400,현대무벡스,KOSDAQ,기계·장비,20100,-5.18867925,9.07434402,-1.95121951,21.06413994,-8.84353741,12.97376093,-7.37327189,18.65889213,16.14795918,21905948732.15000153,12436669000.00000000,False
02826K,삼성물산우B,KOSPI,유통,214500,-2.27790433,30.43002915,-8.33333333,3.97230321,-6.33187773,19.53352770,-6.33187773,20.33527697,16.11516035,1021540475.00000000,506762000.00000000,False
038950,파인디지털,KOSDAQ,전기·전자,2830,-0.87565674,46.90233236,-5.35117057,7.76239067,-9.58466454,11.77113703,-5.19262982,21.93877551,16.11516035,7691991.50000000,1851285.00000000,False
102370,케이옥션,KOSDAQ,유통,2880,-0.34602076,56.08600583,-4.47761194,9.54810496,-11.11111111,9.74854227,-7.39549839,18.62244898,16.09693878,70523993.15000001,72462100.00000000,False
052400,코나아이,KOSDAQ,IT 서비스,35850,-3.10810811,22.66763848,-6.02883355,6.70553936,-5.15873016,23.79737609,-14.33691756,11.29737609,16.05685131,2341280777.50000000,1404621750.00000000,False
204610,티쓰리,KOSDAQ,IT 서비스,2840,-1.38888889,40.01457726,-2.73972603,16.36297376,-13.93939394,6.37755102,-5.49084859,21.42857143,15.74708455,269597870.35000002,162771547.00000000,False
086280,현대글로비스,KOSPI,운송·창고,188700,-5.88528678,6.12244898,-4.31034483,10.31341108,-8.39805825,14.06705539,-0.89285714,32.03352770,15.73979592,28672651181.54999924,36837933750.00000000,False
103140,풍산,KOSPI,금속,68300,-10.95176010,0.47376093,-11.98453608,2.00437318,-12.88265306,7.28862974,9.28000000,60.82361516,15.72886297,9052396680.00000000,31728436400.00000000,False
032350,롯데관광개발,KOSPI,일반서비스,11070,1.37362637,85.60495627,-4.73321859,9.03790087,-11.65203512,8.89212828,-28.48837209,3.97230321,15.62317784,3414470982.34999990,6275462257.00000000,False
054300,팬스타엔터프라이즈,KOSDAQ,기계·장비,975,-3.65612648,18.22157434,-3.75123396,12.09912536,-14.84716157,5.61224490,0.51546392,39.35860058,15.56851312,227536055.80000001,321628099.00000000,False
003530,한화투자증권,KOSPI,증권,4440,-4.10367171,14.75947522,-2.84463895,15.81632653,-12.94117647,7.21574344,-1.00334448,31.55976676,15.41909621,5536142416.10000038,4161177930.00000000,False
032830,삼성생명,KOSPI,보험,278500,-2.10896309,31.85131195,-4.45969125,9.58454810,-6.38655462,19.31486880,-19.50867052,8.12682216,15.41180758,82494803452.25000000,48633681500.00000000,False
001800,오리온홀딩스,KOSPI,기타금융,22750,0.00000000,66.01676385,-5.40540541,7.61661808,-10.95890411,9.98542274,-12.66794626,12.42711370,15.36625364,1521261060.00000000,741349550.00000000,False
068050,팬엔터테인먼트,KOSDAQ,오락·문화,1032,1.77514793,88.01020408,-11.71941831,2.07725948,-12.98482293,7.14285714,-10.02615519,15.12390671,15.30612245,30948413.10000000,131354178.00000000,False
071050,한국금융지주,KOSPI,기타금융,174000,-2.46636771,28.53498542,-2.63010632,16.98250729,-7.83898305,15.70699708,-25.48179872,5.10204082,15.25145773,28405443630.00000000,24173947550.00000000,False
023530,롯데쇼핑,KOSPI,유통,98800,-1.10110110,43.80466472,-3.13725490,14.68658892,-8.09302326,14.75947522,-38.09523810,2.73323615,15.23688047,16359701112.50000000,17047862200.00000000,False
499790,GS피앤엘,KOSPI,기타금융,37850,-0.65616798,50.69241983,-3.81194409,11.66180758,-11.56542056,9.00145773,-9.98810939,15.19679300,15.20772595,1705835865.00000000,1868948050.00000000,False
012450,한화에어로스페이스,KOSPI,운송장비·부품,979000,-5.50193050,7.72594752,-4.01960784,11.04227405,-7.20379147,17.16472303,-5.95581172,20.80903790,15.11297376,140134350995.89999390,166968764000.00000000,False
006805,미래에셋증권우,KOSPI,증권,10930,-2.84444444,24.92711370,-2.32350313,18.69533528,-8.38222967,14.10349854,-21.92857143,6.81486880,15.10568513,324253772.75000000,326547765.00000000,False
223310,사토시홀딩스,KOSDAQ,유통,2905,-0.68376068,50.10932945,-2.68006700,16.61807580,-10.06191950,11.29737609,-36.98481562,2.80612245,15.07653061,475929333.25000000,54607895.00000000,False
036120,서울평가정보,KOSDAQ,IT 서비스,1523,-2.05787781,32.50728863,-8.30824804,4.00874636,-9.88165680,11.47959184,-1.61498708,30.02915452,15.05102041,99288910.34999999,88975428.00000000,False
001527,동양2우B,KOSPI,비금속,4900,2.94117647,92.93002915,-3.54330709,13.01020408,-18.73963516,3.89941691,-48.90510949,1.42128280,15.04008746,15790452.00000000,2913680.00000000,False
011210,현대위아,KOSPI,운송장비·부품,52000,-3.34572491,20.84548105,-2.07156309,20.18950437,-9.72222222,11.55247813,-14.19141914,11.33381924,15.02915452,3045734155.00000000,3069029100.00000000,False
419540,비스토스,KOSDAQ,의료·정밀기기,2900,0.00000000,66.01676385,-5.53745928,7.43440233,-11.45038168,9.18367347,-12.51885370,12.53644315,15.01275510,47474811.15000000,103310096.00000000,False
225590,패션플랫폼,KOSDAQ,섬유·의류,2915,-0.68143101,50.14577259,-4.89396411,8.67346939,-9.61240310,11.69825073,-11.39817629,13.52040816,15.00000000,83239283.45000000,20172162.00000000,False
136410,아셈스,KOSDAQ,화학,3660,-3.04635762,23.43294461,-1.61290323,23.83381924,-10.07371007,11.26093294,-27.09163347,4.19096210,14.83600583,73804106.65000001,33956295.00000000,False
065770,CS,KOSDAQ,전기·전자,881,-6.67372881,4.11807580,0.11363636,44.31486880,-26.70549085,2.07725948,-49.04569115,1.38483965,14.81413994,236895858.55000001,146512741.00000000,False
012200,계양전기,KOSPI,기계·장비,3045,-3.79146919,17.01895044,-0.65252855,32.83527697,-15.41666667,5.43002915,-25.45899633,5.17492711,14.75947522,2818445718.80000019,1050481073.00000000,False
000880,한화,KOSPI,화학,118100,-6.78768745,3.79008746,-7.58998435,4.44606414,-14.04657933,6.30466472,5.32981342,52.29591837,14.69387755,13246897041.60000038,12104834100.00000000,False
028260,삼성물산,KOSPI,유통,335500,-2.32896652,29.81049563,-3.45323741,13.41107872,-8.58310627,13.59329446,-15.06329114,10.64139942,14.56997085,112319062411.00000000,83293228500.00000000,False
099410,동방선기,KOSDAQ,운송장비·부품,2950,-4.37601297,13.08309038,-4.22077922,10.53206997,-12.59259259,7.65306122,-0.16920474,34.54810496,14.43877551,103990885.59999999,211967424.00000000,False
376270,HEM파마,KOSDAQ,일반서비스,32600,-3.97643594,15.48833819,-0.91185410,30.46647230,-15.97938144,5.06559767,-18.90547264,8.52769679,14.42055394,292653041.25000000,386940575.00000000,False
141080,리가켐바이오,KOSDAQ,일반서비스,79400,-6.03550296,5.75801749,-0.50125313,34.29300292,-13.69565217,6.63265306,-34.05315615,3.06122449,14.12900875,16737133662.50000000,22684989100.00000000,False
070960,모나용평,KOSPI,일반서비스,1911,-4.11440040,14.72303207,-5.39603960,7.65306122,-5.86206897,21.31924198,-17.98283262,9.00145773,14.09620991,82422115.15000001,133794311.00000000,False
086980,쇼박스,KOSDAQ,오락·문화,1720,-0.28985507,57.28862974,-4.12486065,10.82361516,-11.79487179,8.56413994,-19.05882353,8.45481050,14.09256560,131172429.80000000,75128477.00000000,False
224060,더코디,KOSDAQ,전기·전자,3365,-15.87500000,0.14577259,-29.96878252,0.10932945,-3.02593660,33.16326531,-29.74947808,3.75364431,14.06341108,5373670831.89999962,2786216737.00000000,False
224110,에이텍모빌리티,KOSDAQ,전기·전자,7630,-0.78023407,48.57871720,-10.34077556,2.69679300,-14.07657658,6.26822157,-2.05391528,28.86297376,13.94679300,24425889.00000000,11541845.00000000,False
067770,세진티에스,KOSDAQ,전기·전자,1031,0.00000000,66.01676385,-1.71591992,22.95918367,-61.74397032,0.36443149,-51.25295508,1.23906706,13.88301749,221690381.34999999,0.00000000,False
001525,동양우,KOSPI,비금속,7500,-3.59897172,18.84110787,-1.70380079,23.10495627,-15.73033708,5.28425656,-10.82045184,14.03061224,13.73542274,37782136.00000000,14081440.00000000,False
298000,효성화학,KOSPI,화학,51800,-2.44821092,28.75364431,-4.07407407,10.89650146,-7.50000000,16.41763848,-25.89413448,4.88338192,13.68804665,999105747.50000000,412483100.00000000,False
016590,신대양제지,KOSPI,종이·목재,9040,-1.09409190,43.87755102,-3.93198725,11.40670554,-13.90476190,6.41399417,-9.41883768,16.03498542,13.58236152,79350105.50000000,41857440.00000000,False
456040,OCI,KOSPI,화학,72400,-3.07898260,23.17784257,-3.85126162,11.55247813,-8.70113493,13.30174927,-13.50059737,11.77113703,13.45845481,2188748520.00000000,1132233750.00000000,False
043610,KT지니뮤직,KOSDAQ,오락·문화,1055,0.00000000,66.01676385,-5.21114106,8.01749271,-11.86299081,8.49125364,-25.80872011,4.91982507,13.38739067,69962462.25000000,0.00000000,False
189330,씨이랩,KOSDAQ,IT 서비스,10380,-4.41988950,12.71865889,-2.35183443,18.47667638,-9.97398092,11.44314869,-17.74960380,9.11078717,13.21428571,2982190294.50000000,918523190.00000000,False
002020,코오롱,KOSPI,기타금융,23050,-2.74261603,25.91107872,-2.53699789,17.45626822,-9.25196850,12.53644315,-47.01149425,1.60349854,13.16326531,554563570.00000000,580488350.00000000,False
002780,진흥기업,KOSPI,건설,6560,-0.45523520,54.04518950,-2.81481481,15.99854227,-16.11253197,4.95626822,-26.37485971,4.59183673,13.10495627,694358927.00000000,307906135.00000000,False
00680K,미래에셋증권2우B,KOSPI,증권,9890,-2.65748031,26.53061224,-3.41796875,13.59329446,-9.26605505,12.50000000,-22.67396403,6.34110787,12.99927114,2373215145.75000000,3131781195.00000000,False
477850,마키나락스,KOSDAQ,IT 서비스,21300,-7.79220779,2.69679300,-2.29357798,18.91399417,-8.58369099,13.55685131,-21.40221402,7.10641399,12.78790087,10138141646.25000000,8702786700.00000000,False
036890,진성티이씨,KOSDAQ,기계·장비,11190,-1.49647887,38.73906706,-3.11688312,14.75947522,-15.09863429,5.46647230,-14.96960486,10.75072886,12.63848397,751273090.00000000,440116560.00000000,False
090410,덕신이피씨,KOSDAQ,금속,3335,-0.44776119,54.22740525,-4.44126074,9.69387755,-15.56962025,5.35714286,-15.67635904,10.09475219,12.49271137,52016815.70000000,10017200.00000000,False
039490,키움증권,KOSPI,증권,246000,-3.14960630,22.33965015,-3.33988212,13.95772595,-9.05730129,12.68221574,-26.45739910,4.44606414,12.38338192,17127337704.14999962,19750230750.00000000,False
084680,이월드,KOSPI,기타제조,2260,2.26244344,90.48833819,-15.03759398,1.16618076,-14.87758945,5.57580175,-31.41122914,3.31632653,12.29227405,68181344.84999999,108444970.00000000,False
271560,오리온,KOSPI,음식료·담배,106100,-0.28195489,57.36151603,-3.98190045,11.26093294,-15.99366587,5.02915452,-24.37633642,5.68513120,12.26311953,11836777162.20000076,7761309044.00000000,False
900270,헝셩그룹,KOSDAQ,금융,2590,-0.95602294,45.62682216,-4.60405157,9.32944606,-23.03120357,2.55102041,-7.16845878,18.98688047,12.17930029,1824507688.59999990,114887104.00000000,False
207940,삼성바이오로직스,KOSPI,제약,1278000,-3.03490137,23.57871720,-6.94253811,5.21137026,-10.99417005,9.94897959,-5.50887684,21.35568513,12.17201166,56456573283.40000153,80106253000.00000000,False
013890,지누스,KOSPI,기타제조,6750,-1.17130307,42.71137026,-3.70898716,12.17201166,-12.79069767,7.39795918,-24.74916388,5.39358601,11.96064140,116059987.50000000,68607125.00000000,False
069960,현대백화점,KOSPI,유통,86200,-1.82232346,35.24052478,-3.68715084,12.31778426,-10.39501040,10.75072886,-48.90337878,1.45772595,11.81122449,10930359555.00000000,8775028250.00000000,False
001420,태원물산,KOSPI,운송장비·부품,2625,-9.94854202,0.87463557,-11.91275168,2.04081633,-5.91397849,21.10058309,-11.61616162,13.33819242,11.80758017,85033769.25000000,93124740.00000000,False
006800,미래에셋증권,KOSPI,증권,30500,-4.98442368,9.94897959,-2.08667737,20.00728863,-11.46589260,9.14723032,-24.69135802,5.43002915,11.74198251,31406669038.75000000,33740862225.00000000,False
002630,오리엔트바이오,KOSPI,제약,1659,-1.19118523,42.56559767,-5.09153318,8.30903790,-14.30785124,6.12244898,-13.63872983,11.73469388,11.54518950,52553188.65000000,40090968.00000000,False
009190,대양금속,KOSPI,금속,654,9.91596639,98.54227405,-8.14606742,4.15451895,-49.96174445,0.69241983,-68.70813397,0.47376093,11.47230321,1444858603.70000005,9769092170.00000000,False
042420,네오위즈홀딩스,KOSDAQ,IT 서비스,20950,-4.77272727,11.11516035,-12.52609603,1.74927114,-12.15932914,8.12682216,-0.71090047,32.79883382,11.44679300,190225226.25000000,291352350.00000000,False
195990,루트K,KOSDAQ,기계·장비,1100,-2.13523132,31.77842566,-3.33919156,13.99416910,-15.90214067,5.17492711,-16.28614916,9.69387755,11.38483965,26600222.90000000,7553207.00000000,False
057680,티사이언티픽,KOSDAQ,IT 서비스,1645,-3.29218107,21.06413994,-2.77777778,16.21720117,-16.07142857,4.99271137,-13.28413284,11.91690962,11.35204082,113941750.70000000,47662131.00000000,False
066910,손오공,KOSDAQ,유통,1718,-3.15670800,22.26676385,-3.59147026,12.75510204,-14.52736318,5.86734694,-10.52083333,14.46793003,11.29373178,49063693.70000000,66270907.00000000,False
377220,프롬바이오,KOSDAQ,음식료·담배,1950,2.09424084,89.79591837,-9.30232558,3.31632653,-31.21693122,1.34839650,-30.35714286,3.57142857,11.22813411,145695056.05000001,66248393.00000000,False
011080,형지IC,KOSDAQ,섬유·의류,430,1.65484634,87.20845481,-5.70175439,7.28862974,-52.00892857,0.61953353,-78.32661290,0.29154519,11.21355685,350653097.19999999,79626236.00000000,False
004415,서울식품우,KOSPI,음식료·담배,3915,0.25608195,73.65160350,-4.51219512,9.43877551,-28.55839416,1.67638484,-48.35092348,1.49416910,11.16618076,18905077.50000000,5583135.00000000,False
015260,에이엔피,KOSPI,전기·전자,192,17.07317073,99.34402332,-20.66115702,0.61953353,-29.15129151,1.60349854,-41.99395770,2.00437318,11.16253644,488560078.85000002,2147125224.00000000,False
288980,모아데이타,KOSDAQ,IT 서비스,203,-3.79146919,17.01895044,-0.97560976,29.95626822,-34.09090909,1.05685131,-78.89812890,0.25510204,11.16253644,755411822.25000000,130597392.00000000,False
060480,국일신동,KOSDAQ,금속,1117,1.17753623,84.07434402,-18.76363636,0.76530612,-25.63249001,2.15014577,-19.75574713,8.01749271,11.10058309,293681937.25000000,440532841.00000000,False
007680,대원,KOSDAQ,건설,2990,-1.96721311,33.21793003,-4.16666667,10.75072886,-11.14413076,9.65743440,-34.21342134,3.02478134,11.01494169,25168166.00000000,61039294.00000000,False
228340,동양파일,KOSDAQ,비금속,3240,0.15455951,71.61078717,-9.49720670,3.27988338,-21.16788321,3.17055394,-19.80198020,7.98104956,11.00947522,7237966851.00000000,714758520.00000000,False
019010,베뉴지,KOSDAQ,유통,4225,-4.51977401,12.24489796,-12.34439834,1.85860058,-8.15217391,14.63192420,-9.33476395,16.21720117,10.87827988,1063361576.45000005,215232675.00000000,False
006260,LS,KOSPI,기타금융,278000,-7.48752080,2.87900875,-12.57861635,1.71282799,-7.17863105,17.20116618,-9.88654781,15.37900875,10.75801749,37979107012.50000000,94709278750.00000000,False
322780,코퍼스코리아,KOSDAQ,오락·문화,1611,-3.12687913,22.59475219,-10.79734219,2.44169096,-13.10679612,6.96064140,-3.87828162,24.34402332,10.64504373,72052799.20000000,45558614.00000000,False
103230,에스앤더블류,KOSDAQ,기계·장비,1535,4.20909708,95.15306122,-21.84317719,0.43731778,-33.40563991,1.12973761,-41.41221374,2.11370262,10.52113703,129151267.20000000,77198768.00000000,False
060900,에이전트AI,KOSDAQ,전기·가스·수도,1805,9.12938331,98.17784257,-20.48458150,0.65597668,-51.01763908,0.65597668,-60.54644809,0.80174927,10.43731778,333917318.05000001,586377286.00000000,False
035620,바른손이앤에이,KOSDAQ,오락·문화,599,-0.66334992,50.58309038,-19.05405405,0.72886297,-12.55474453,7.72594752,-15.98877980,9.91253644,10.34985423,108953609.65000001,95149966.00000000,False
070300,퀀텀레일,KOSDAQ,IT 서비스,663,10.31613977,98.68804665,-24.82993197,0.36443149,-57.71683673,0.43731778,-62.47877759,0.72886297,10.29883382,1673417798.54999995,6633957717.00000000,False
002787,진흥기업2우B,KOSPI,건설,9930,10.33333333,98.72448980,-21.31537242,0.51020408,-65.69948187,0.29154519,-76.30071599,0.36443149,10.21501458,39227648.50000000,9241690.00000000,False
276730,한울앤제주,KOSDAQ,음식료·담배,853,1.42687277,86.00583090,-9.25531915,3.35276968,-34.83575248,1.02040816,-78.07761501,0.32798834,10.08017493,100577117.50000000,24473125.00000000,False
006740,블루산업개발,KOSPI,종이·목재,4450,-6.31578947,4.88338192,-5.91966173,6.92419825,-14.75095785,5.64868805,-3.05010893,25.98396501,10.02186589,39576728.85000000,216766925.00000000,False
208860,다산디엠씨,KOSDAQ,IT 서비스,9390,-4.08580184,14.90524781,-4.28134557,10.42274052,-27.93553338,1.89504373,-4.37881874,23.17784257,10.01093294,15922820.50000000,15080230.00000000,False
072770,멤레이비티,KOSDAQ,IT 서비스,612,0.00000000,66.01676385,-13.31444759,1.53061224,-31.00338219,1.42128280,-13.80281690,11.55247813,9.93986880,117636645.34999999,0.00000000,False
002785,진흥기업우B,KOSPI,건설,6840,2.70270270,92.20116618,-21.37931034,0.47376093,-48.80239521,0.76530612,-67.35083532,0.54664723,9.77769679,24179455.00000000,12049510.00000000,False
002690,동일제강,KOSPI,금속,1303,-2.03007519,32.72594752,-10.07591442,2.95189504,-12.19676550,8.09037901,-14.78090255,10.82361516,9.55903790,101209788.25000000,50974662.00000000,False
079650,서산,KOSDAQ,비금속,5350,-5.14184397,9.25655977,-12.43862520,1.78571429,-20.50520059,3.42565598,-0.55762082,33.12682216,9.45699708,24273640638.50000000,2994673710.00000000,False
005380,현대차,KOSPI,운송장비·부품,336500,-3.44332855,20.18950437,-3.99429387,11.22448980,-12.25554107,8.01749271,-27.24324324,4.11807580,9.41690962,168100345075.00000000,191724361250.00000000,False
267250,HD현대,KOSPI,기타금융,188500,-4.36326738,13.15597668,-7.14285714,4.88338192,-21.62162162,2.87900875,-2.68456376,26.96793003,9.32580175,36528284290.34999847,40164325050.00000000,False
453860,에이에스텍,KOSDAQ,화학,7110,-0.97493036,45.22594752,-7.05882353,5.06559767,-14.33734940,6.08600583,-30.29411765,3.64431487,9.20553936,111614076.50000000,171910780.00000000,False
487580,폴레드,KOSDAQ,전기·전자,2745,-3.00353357,23.79737609,-6.47359455,5.75801749,-11.02106969,9.83965015,-23.96121884,5.75801749,9.19460641,575502033.85000002,911983795.00000000,False
270520,앱튼,KOSDAQ,일반서비스,881,1.03211009,82.65306122,-11.09989909,2.29591837,-70.68219634,0.21865889,-63.67010309,0.65597668,9.17274052,1526751591.75000000,614916756.00000000,False
329180,HD현대중공업,KOSPI,운송장비·부품,399500,-5.21945433,8.96501458,-7.20092915,4.73760933,-8.47651775,13.92128280,-22.72727273,6.26822157,9.13994169,121340011012.50000000,134811580500.00000000,False
006200,한국전자홀딩스,KOSPI,기타금융,1629,-2.86225403,24.67201166,-11.22615804,2.25947522,-8.89261745,12.90087464,-28.86462882,3.93586006,9.09256560,71401768.59999999,71083760.00000000,False
123330,제닉,KOSDAQ,화학,21800,-0.45662100,53.97230321,-7.03624733,5.10204082,-31.66144201,1.27551020,-20.43795620,7.54373178,8.94679300,6695834827.50000000,5343183650.00000000,False
030720,동원수산,KOSPI,농업 임업 및 어업,4460,-3.25379610,21.39212828,-3.67170626,12.42711370,-20.21466905,3.46209913,-19.63963964,8.05393586,8.86297376,181191117.40000001,250160515.00000000,False
222040,코스맥스엔비티,KOSDAQ,음식료·담배,6270,-0.63391442,51.02040816,-13.51724138,1.45772595,-26.92307692,1.96793003,-12.43016760,12.68221574,8.86297376,1832835593.00000000,638805395.00000000,False
084850,아이티엠반도체,KOSDAQ,전기·전자,7640,-4.61922597,11.69825073,-5.91133005,6.96064140,-12.08285386,8.23615160,-14.63687151,10.93294461,8.73906706,131591152.50000000,241755960.00000000,False
308100,형지글로벌,KOSDAQ,유통,251,0.00000000,66.01676385,-8.72727273,3.64431487,-30.27777778,1.45772595,-47.92531120,1.53061224,8.58418367,266163623.69999999,77824415.00000000,False
042660,한화오션,KOSPI,운송장비·부품,74100,-4.51030928,12.35422741,-6.32111252,6.12244898,-14.63133641,5.79446064,-9.63414634,15.56122449,8.50218659,54516899795.00000000,61851604950.00000000,False
071970,HD현대마린엔진,KOSPI,기계·장비,44800,-6.07966457,5.57580175,-5.88235294,6.99708455,-10.75697211,10.38629738,-19.85688730,7.90816327,8.39285714,8947297165.00000000,10553144250.00000000,False
001770,SHD,KOSPI,금속,3925,0.00000000,66.01676385,-8.18713450,4.11807580,-75.20530638,0.14577259,-39.89280245,2.47813411,8.39103499,833490922.14999998,0.00000000,False
000040,KR모터스,KOSPI,운송장비·부품,997,-2.63671875,26.85860058,-3.76447876,11.98979592,-23.89312977,2.36880466,-25.31835206,5.24781341,8.27988338,41651517.30000000,27092104.00000000,False
000270,기아,KOSPI,운송장비·부품,109300,-3.10283688,22.77696793,-5.77586207,7.06997085,-13.59683794,6.66909621,-30.29336735,3.68075802,7.80247813,87009698765.00000000,82539854400.00000000,False
206400,베노티앤알,KOSDAQ,건설,676,-5.71827057,6.77842566,-26.52173913,0.29154519,-7.77626194,15.96209913,-32.12851406,3.24344023,7.79883382,364365664.69999999,119705225.00000000,False
002995,금호건설우,KOSPI,건설,14270,-0.07002801,62.24489796,-10.25157233,2.80612245,-29.70443350,1.49416910,-71.46000000,0.43731778,7.75145773,124228192.00000000,71904410.00000000,False
064350,현대로템,KOSPI,운송장비·부품,107900,-4.17406750,14.17638484,-4.00355872,11.18804665,-14.90536278,5.53935860,-36.19160260,2.87900875,7.56559767,39897429217.50000000,37607220750.00000000,False
094170,동운아나텍,KOSDAQ,전기·전자,24950,-3.66795367,18.14868805,-6.55430712,5.68513120,-14.99148211,5.50291545,-18.19672131,8.85568513,7.49271137,1993272713.75000000,2159784075.00000000,False
009540,HD한국조선해양,KOSPI,기타금융,300500,-5.79937304,6.45043732,-6.96594427,5.17492711,-13.77331420,6.55976676,-11.61764706,13.30174927,7.48177843,53452006804.55000305,87006965500.00000000,False
004920,씨아이테크,KOSPI,전기·전자,7220,-0.96021948,45.51749271,-20.39691290,0.69241983,-20.92004381,3.31632653,-22.53218884,6.52332362,7.39067055,81016560.45000000,53941700.00000000,False
303030,지니틱스,KOSDAQ,전기·전자,1115,-0.53523640,52.40524781,-16.79104478,1.09329446,-28.47979474,1.74927114,-25.16778523,5.28425656,7.32507289,89367754.84999999,29023918.00000000,False
048550,SMCC,KOSDAQ,일반서비스,980,-5.22243714,8.92857143,-7.37240076,4.62827988,-10.17415215,11.07871720,-34.66666667,2.98833819,7.31049563,394185069.89999998,1824788488.00000000,False
267270,HD건설기계,KOSPI,기계·장비,113700,-4.05063291,15.16034985,-9.54653938,3.20699708,-18.78571429,3.86297376,-9.25778132,16.39941691,7.30320700,33928953162.50000000,54278508950.00000000,False
044480,빌리언스,KOSDAQ,오락·문화,3090,-1.43540670,39.54081633,-6.36363636,6.04956268,-24.63414634,2.22303207,-41.91729323,2.04081633,7.06632653,145128315.75000000,33724260.00000000,False
004170,신세계,KOSPI,유통,318000,-2.30414747,30.19314869,-6.33284242,6.08600583,-16.86274510,4.55539359,-49.12000000,1.34839650,6.93695335,25912628235.09999847,22518435750.00000000,False
312610,에이에프더블류,KOSDAQ,금속,37,0.00000000,66.01676385,-17.77777778,0.83819242,-86.73835125,0.10932945,-92.62948207,0.10932945,6.91873178,213389109.34999999,0.00000000,False
291810,핀텔,KOSDAQ,IT 서비스,409,0.00000000,66.01676385,-29.96575342,0.14577259,-74.46941323,0.18221574,-63.48214286,0.69241983,6.85677843,604550819.29999995,0.00000000,False
005360,모나미,KOSPI,유통,1034,-1.52380952,38.26530612,-11.01549053,2.36880466,-23.57723577,2.47813411,-24.47041636,5.57580175,6.64358601,296881882.75000000,314365527.00000000,False
007120,미래아이앤지,KOSPI,IT 서비스,974,-2.60000000,27.25947522,-10.31307551,2.73323615,-16.68092387,4.62827988,-23.36742722,6.01311953,6.59985423,50726641.35000000,40403509.00000000,False
024890,대원화성,KOSPI,화학,1368,-0.72568940,49.63556851,-21.01616628,0.54664723,-21.69433314,2.84256560,-52.90877797,1.12973761,6.49052478,70713914.34999999,30273441.00000000,False
267260,HD현대일렉트릭,KOSPI,전기·전자,630000,-8.16326531,2.22303207,-8.29694323,4.04518950,-11.76470588,8.72813411,-22.60442260,6.37755102,6.20262391,82552472656.60000610,152629071000.00000000,False
289010,아이스크림에듀,KOSDAQ,오락·문화,762,-3.42205323,20.33527697,-12.41379310,1.82215743,-21.44329897,2.95189504,-14.57399103,11.04227405,5.96938776,300354636.89999998,113012080.00000000,False
047400,유니온머티리얼,KOSPI,비금속,813,-9.66666667,1.05685131,-13.87711864,1.31195335,-11.24454148,9.52988338,-21.52509653,7.03352770,5.71793003,338033000.44999999,237623596.00000000,False
011155,CJ씨푸드1우,KOSPI,음식료·담배,5440,-3.37477798,20.62682216,-8.57142857,3.73542274,-16.69218989,4.59183673,-33.16953317,3.17055394,5.65415452,8552001.50000000,4745680.00000000,False
397030,에이프릴바이오,KOSDAQ,일반서비스,15480,-3.37078652,20.66326531,-17.26349546,1.02040816,-13.03370787,7.03352770,-41.36363636,2.18658892,5.62317784,4799240254.50000000,3767432980.00000000,False
226330,신테카바이오,KOSDAQ,IT 서비스,1220,-5.93677718,6.01311953,-8.54572714,3.79008746,-15.86206897,5.21137026,-18.01075269,8.96501458,5.61588921,209682178.30000001,160058825.00000000,False
043340,에쎈테크,KOSDAQ,기계·장비,588,-3.28947368,21.13702624,-6.66666667,5.52113703,-31.14754098,1.38483965,-25.75757576,4.99271137,5.32252187,47948255.80000000,18003806.00000000,False
354200,엔젠바이오,KOSDAQ,일반서비스,704,-0.84507042,47.33965015,-27.49742533,0.21865889,-53.80577428,0.51020408,-61.06194690,0.76530612,5.15670554,1120784047.59999990,403151558.00000000,False
475830,오름테라퓨틱,KOSDAQ,제약,20200,-1.46341463,39.21282799,-10.61946903,2.58746356,-63.86404293,0.32798834,-57.51840168,0.94752187,5.01822157,14484560127.75000000,5087061155.00000000,False
002990,금호건설,KOSPI,건설,11380,-3.80388842,16.83673469,-10.18153118,2.87900875,-29.27284027,1.56705539,-18.71428571,8.60058309,4.89431487,26490460942.00000000,9728161720.00000000,False
198440,강동씨앤엘,KOSDAQ,비금속,1415,-2.81593407,25.14577259,-11.61773891,2.11370262,-27.91645441,1.93148688,-26.30208333,4.62827988,4.84693878,4717436330.10000038,978675997.00000000,False
127120,제이에스링크,KOSDAQ,일반서비스,27900,-7.00000000,3.42565598,-7.92079208,4.26384840,-16.96428571,4.40962099,-23.56164384,5.97667638,4.58090379,6504538731.25000000,4956894575.00000000,False
138360,앤로보틱스,KOSDAQ,기계·장비,1311,-2.88888889,24.59912536,-15.96153846,1.12973761,-24.21965318,2.33236152,-30.22884513,3.71720117,4.47521866,993921338.50000000,2022581493.00000000,False
007110,일신석재,KOSPI,유통,2505,-3.83877159,16.47230321,-16.91542289,1.05685131,-16.91542289,4.44606414,-43.45372460,1.89504373,4.12172012,130638655.40000001,201211389.00000000,False
394420,리센스메디컬,KOSDAQ,의료·정밀기기,8370,-5.31674208,8.56413994,-13.44364012,1.49416910,-18.34146341,3.97230321,-40.55397727,2.29591837,3.35276968,747283842.50000000,1041301460.00000000,False
335870,윙스풋,KOSDAQ,유통,3860,-4.69135802,11.47959184,-17.87234043,0.80174927,-23.71541502,2.40524781,-25.76923077,4.95626822,3.34183673,24020437.05000000,23397303.00000000,False
071950,코아스,KOSPI,기타제조,1435,-6.02488540,5.79446064,-23.95336513,0.40087464,-21.79836512,2.76967930,-21.45593870,7.06997085,3.22157434,235064572.19999999,199339654.00000000,False
153890,져스텍,KOSDAQ,전기·전자,8640,-5.57377049,7.50728863,-12.72727273,1.63994169,-20.80659945,3.35276968,-33.94495413,3.09766764,3.20335277,3979138062.25000000,1452913040.00000000,False
365660,레몬헬스케어,KOSDAQ,IT 서비스,3670,-5.16795866,9.14723032,-14.45221445,1.23906706,-17.80515118,4.08163265,-63.98429833,0.61953353,3.04300292,4557770751.19999981,1351865750.00000000,False
002820,SUNL,KOSPI,화학,991,-3.22265625,21.68367347,-17.69102990,0.87463557,-41.74015285,0.94752187,-54.95454545,1.05685131,3.02113703,152007669.55000001,65824959.00000000,False
012340,뉴인텍,KOSDAQ,운송장비·부품,374,-4.83460560,10.69606414,-9.87951807,3.06122449,-31.75182482,1.23906706,-39.96789727,2.40524781,2.96465015,187584508.15000001,191770621.00000000,False
091590,남화토건,KOSDAQ,건설,5500,-5.17241379,9.11078717,-13.52201258,1.40306122,-28.38541667,1.78571429,-45.86614173,1.71282799,2.38884840,2383744660.00000000,611498875.00000000,False
210980,SK디앤디,KOSPI,부동산,3080,-5.52147239,7.61661808,-13.96648045,1.27551020,-23.66790582,2.44169096,-59.75960282,0.87463557,2.29591837,1246608715.45000005,529534959.00000000,False
006050,국영지앤엠,KOSDAQ,비금속,2750,-6.77966102,3.82653061,-13.52201258,1.40306122,-42.64859228,0.87463557,-40.21739130,2.36880466,1.62718659,197608718.25000000,88296355.00000000,False
439960,코스모로보틱스,KOSDAQ,의료·정밀기기,7040,-9.39510940,1.16618076,-11.33501259,2.22303207,-44.34782609,0.83819242,-42.05761317,1.96793003,1.51239067,22541087236.50000000,12246257555.00000000,False
087010,펩트론,KOSDAQ,제약,96900,-25.11591963,0.03644315,-26.19954303,0.32798834,-38.39796567,0.98396501,-39.58852868,2.51457726,0.99854227,24972260292.50000000,116731995450.00000000,False
005030,부산주공,KOSPI,운송장비·부품,25,-10.71428571,0.61953353,-32.43243243,0.07288630,-94.85596708,0.07288630,-94.85596708,0.07288630,0.12755102,221470392.55000001,316511908.00000000,False
005110,한창,KOSPI,유통,58,-24.67532468,0.07288630,-95.37480064,0.03644315,-95.37480064,0.03644315,-95.37480064,0.03644315,0.04008746,112342461.09999999,469356265.00000000,False
