ticker,name,market,sector,close_adjusted,return1,RS1,return5,RS5,return20,RS20,return60,RS60,RS_Score,turnover_20d_avg,turnover_today,passes
278650,HLB바이오스텝,KOSDAQ,일반서비스,6310,29.96910402,99.81778426,93.85560676,99.96355685,162.37006237,99.96355685,120.62937063,99.41690962,99.83965015,4421560576.39999962,32932927180.00000000,False
200350,아티스트스튜디오,KOSDAQ,오락·문화,4675,12.24489796,98.68804665,62.89198606,99.92711370,89.65517241,99.63556851,143.48958333,99.70845481,99.64285714,845353128.75000000,2377688862.00000000,False
005160,동국산업,KOSDAQ,금속,4635,20.23346304,99.34402332,36.92762186,99.48979592,83.20158103,99.45335277,104.63576159,98.94314869,99.35131195,17217060710.65000153,104837097865.00000000,True
217190,제너셈,KOSDAQ,기계·장비,10200,13.96648045,98.97959184,26.55086849,98.57871720,58.13953488,98.46938776,102.38095238,98.83381924,98.62609329,2025397762.75000000,13678953335.00000000,False
078350,한양디지텍,KOSDAQ,전기·전자,38950,7.00549451,97.37609329,21.90923318,97.41253644,100.77319588,99.81778426,90.93137255,98.14139942,98.51676385,14455699317.75000000,12395006000.00000000,True
354320,알멕,KOSDAQ,금속,56000,12.78952669,98.87026239,38.10110974,99.59912536,49.13448735,97.19387755,117.47572816,99.23469388,98.49125364,8551955977.50000000,21275508525.00000000,True
321820,아티스트컴퍼니,KOSDAQ,오락·문화,4190,4.22885572,94.75218659,32.59493671,99.16180758,60.84452975,98.68804665,88.73873874,97.84985423,98.26895044,1209515110.00000000,787311349.00000000,False
200470,에이팩트,KOSDAQ,전기·전자,10890,9.22768305,98.17784257,17.98483207,96.24635569,74.24000000,99.19825073,107.82442748,99.05247813,98.18148688,9518720716.00000000,20542423145.00000000,True
003580,HLB글로벌,KOSPI,유통,2635,30.76923077,99.96355685,33.75634518,99.23469388,53.01974448,97.88629738,63.15789474,95.51749271,98.02478134,2136702272.65000010,12987804141.00000000,False
263860,지니언스,KOSDAQ,IT 서비스,24000,4.12147505,94.29664723,24.15933782,98.21428571,57.27391874,98.28717201,99.83347211,98.68804665,97.94642857,12212497126.00000000,9957810175.00000000,False
383930,디티앤씨알오,KOSDAQ,일반서비스,2540,17.05069124,99.23469388,29.06504065,98.87026239,66.33922724,98.90670554,51.37067938,93.11224490,97.76967930,213704714.44999999,622745806.00000000,False
295310,에이치브이엠,KOSDAQ,금속,74300,6.14285714,96.64723032,25.08417508,98.36005831,57.41525424,98.32361516,64.01766004,95.62682216,97.62755102,11909009432.50000000,15557533250.00000000,True
480370,씨케이솔루션,KOSPI,기계·장비,2285,6.52680653,97.01166181,25.61847169,98.46938776,42.99123905,96.46501458,89.15562914,97.95918367,97.41982507,1733315607.79999995,3238822656.00000000,False
159010,아스플로,KOSDAQ,기계·장비,34750,6.59509202,97.08454810,17.99660441,96.28279883,44.19087137,96.64723032,124.19354839,99.52623907,97.15743440,4908543453.75000000,5653854725.00000000,False
020150,롯데에너지머티리얼즈,KOSPI,전기·전자,55500,4.12757974,94.38775510,31.82897862,99.12536443,46.63143989,96.93877551,66.66666667,95.88192420,97.12827988,16519021253.75000000,34207996100.00000000,True
281820,케이씨텍,KOSPI,의료·정밀기기,123200,2.58118235,89.90524781,39.20903955,99.63556851,76.50429799,99.34402332,47.54491018,92.38338192,97.09548105,24146635250.00000000,38961833350.00000000,True
105740,디케이락,KOSDAQ,기계·장비,11780,3.15236427,91.72740525,22.45322245,97.63119534,52.98701299,97.81341108,82.35294118,97.41253644,97.06997085,5121167862.50000000,13533255275.00000000,True
097800,윈팩,KOSDAQ,전기·전자,3600,1.55148096,84.58454810,18.61614498,96.57434402,85.75851393,99.56268222,103.27498588,98.87026239,97.02988338,4804850741.35000038,4698008932.00000000,False
043260,성호전자,KOSDAQ,전기·전자,32550,2.51968504,89.65014577,19.01279707,96.75655977,105.10396975,99.85422741,63.07615230,95.44460641,97.02259475,132812132540.25000000,86400305950.00000000,True
084670,동양고속,KOSPI,운송·창고,37200,27.17948718,99.45335277,58.63539446,99.89067055,55.32359081,98.06851312,38.54748603,89.17638484,96.97521866,2968746492.50000000,52451794875.00000000,False
000650,천일고속,KOSPI,운송·창고,221000,22.57348863,99.41690962,56.07344633,99.85422741,53.68567455,97.95918367,38.99371069,89.39504373,96.96064140,3009110395.00000000,53194926900.00000000,False
156100,엘앤케이바이오,KOSDAQ,의료·정밀기기,7360,8.23529412,97.95918367,23.07692308,97.88629738,44.59724951,96.75655977,62.29327453,95.29883382,96.92419825,1366657479.79999995,4240586230.00000000,False
051160,지어소프트,KOSDAQ,IT 서비스,14220,4.63576159,95.48104956,18.50000000,96.42857143,44.51219512,96.72011662,99.71910112,98.65160350,96.89504373,4983714626.50000000,2921903260.00000000,False
229640,LS에코에너지,KOSPI,기타금융,72900,6.89149560,97.30320700,16.82692308,95.80903790,52.99055614,97.84985423,70.52631579,96.39212828,96.89139942,16952395277.50000000,30720218350.00000000,True
417840,저스템,KOSDAQ,기계·장비,20850,11.31873999,98.50583090,13.56209150,94.24198251,48.08238636,97.04810496,103.81231672,98.90670554,96.72376093,19811025472.25000000,69374791365.00000000,True
115450,HLB테라퓨틱스,KOSDAQ,유통,3175,10.62717770,98.39650146,25.49407115,98.39650146,52.64423077,97.77696793,42.37668161,90.85276968,96.63994169,3380444243.25000000,30251842937.00000000,False
089790,제이티,KOSDAQ,기계·장비,7230,3.43347639,92.71137026,17.17990276,95.99125364,45.61933535,96.86588921,84.91048593,97.55830904,96.32653061,901120280.10000002,2814793515.00000000,False
104540,코렌텍,KOSDAQ,의료·정밀기기,5970,2.75387263,90.63411079,29.78260870,98.94314869,50.56746532,97.44897959,49.43679599,92.82069971,96.29008746,1109071514.70000005,1133959645.00000000,False
005320,온타이드,KOSPI,유통,1600,2.82776350,90.96209913,25.98425197,98.54227405,34.79359730,94.93440233,93.00361882,98.25072886,96.28279883,276365661.39999998,524676673.00000000,False
100590,머큐리,KOSDAQ,전기·전자,5870,0.68610635,76.23906706,23.83966245,98.10495627,74.44279346,99.23469388,82.58164852,97.48542274,96.24635569,11348180112.10000038,5101957170.00000000,False
073570,리튬포어스,KOSDAQ,기타제조,2785,3.53159851,92.96647230,12.75303644,93.47667638,59.14285714,98.57871720,76.82539683,97.12099125,96.19533528,235767482.59999999,372896276.00000000,False
172670,에이엘티,KOSDAQ,전기·전자,15120,2.50847458,89.61370262,18.40250587,96.39212828,49.25962488,97.23032070,75.40603248,96.97521866,96.16618076,1142843628.00000000,2271223410.00000000,False
419050,삼기에너지솔루션즈,KOSDAQ,운송장비·부품,2305,30.59490085,99.92711370,26.85745735,98.65160350,38.77182420,95.62682216,44.78643216,91.43586006,96.12609329,8914109687.29999924,53951056424.00000000,True
067630,HLB생명과학,KOSDAQ,제약,4520,8.00477897,97.88629738,15.01272265,95.15306122,69.92481203,99.01603499,42.13836478,90.67055394,96.07507289,4538456203.19999981,2984440310.00000000,False
123010,MSDI,KOSDAQ,전기·전자,4805,1.69312169,85.45918367,17.33821734,96.06413994,89.92094862,99.67201166,54.50160772,93.87755102,96.00947522,1458515269.15000010,2319356472.00000000,False
253590,네오셈,KOSDAQ,기계·장비,16130,2.73885350,90.48833819,20.55306428,97.19387755,40.75043630,96.06413994,71.59574468,96.61078717,95.95481050,13074380708.50000000,11470977860.00000000,True
131970,두산테스나,KOSDAQ,일반서비스,123300,12.29508197,98.72448980,25.94484168,98.50583090,49.09310762,97.12099125,35.94266814,88.01020408,95.87463557,40167412077.50000000,126621946850.00000000,True
012030,DB,KOSPI,IT 서비스,2260,12.71820449,98.83381924,19.95753715,97.08454810,35.16746411,95.08017493,53.63698165,93.65889213,95.77259475,2124141090.04999995,8517509504.00000000,False
353200,대덕전자,KOSPI,전기·전자,157600,5.20694259,96.02769679,19.12320484,96.82944606,52.12355212,97.63119534,40.71428571,90.08746356,95.72157434,135145790067.50000000,214637773500.00000000,True
052710,아모텍,KOSDAQ,전기·전자,22050,2.08333333,87.75510204,19.06047516,96.79300292,96.87500000,99.78134111,39.60997847,89.83236152,95.69241983,21178572596.25000000,9962913675.00000000,False
204270,제이앤티씨,KOSDAQ,전기·전자,27000,5.26315789,96.06413994,22.17194570,97.55830904,30.75060533,93.54956268,73.52185090,96.79300292,95.65233236,36388665652.50000000,64408958525.00000000,True
046970,우리로,KOSDAQ,유통,8320,1.83598531,86.44314869,11.97846568,92.63848397,71.36972194,99.12536443,86.33818589,97.66763848,95.61953353,54035014262.75000000,18149946350.00000000,True
031980,피에스케이홀딩스,KOSDAQ,기계·장비,209500,3.97022333,93.87755102,17.30123180,96.02769679,34.29487179,94.86151603,81.85763889,97.33965015,95.60860058,32115522865.00000000,46174576500.00000000,True
425040,티이엠씨,KOSDAQ,화학,15650,3.98671096,93.95043732,9.90168539,90.52478134,85.20710059,99.52623907,68.82416397,96.17346939,95.59766764,15401535701.50000000,12815430595.00000000,True
033640,네패스,KOSDAQ,전기·전자,33100,7.11974110,97.48542274,12.77683135,93.51311953,46.78492239,96.97521866,60.29055690,94.89795918,95.57215743,7474012772.50000000,13201094700.00000000,True
085910,네오티스,KOSDAQ,운송장비·부품,20500,6.77083333,97.12099125,24.77175898,98.28717201,45.08138712,96.82944606,36.03185136,88.08309038,95.54664723,3864286825.00000000,5524081930.00000000,False
083310,엘오티베큠,KOSDAQ,기계·장비,13300,4.31372549,95.08017493,19.28251121,96.93877551,35.71428571,95.18950437,56.65488810,94.31486880,95.52842566,1204749654.25000000,2552509245.00000000,False
033170,시그네틱스,KOSDAQ,전기·전자,3415,0.73746313,76.96793003,23.50813743,98.03206997,88.36183122,99.59912536,48.80174292,92.71137026,95.48833819,1397181789.65000010,985554016.00000000,False
356860,티엘비,KOSDAQ,전기·전자,52900,6.22489960,96.82944606,15.37622683,95.29883382,42.39569314,96.24635569,53.12916112,93.47667638,95.46647230,28462367725.00000000,41696969850.00000000,True
033790,피노,KOSDAQ,전기·전자,11500,17.34693878,99.27113703,31.57894737,99.08892128,21.56448203,89.97813411,109.85401460,99.08892128,95.46282799,20567252510.00000000,74608154035.00000000,False
355690,에이텀,KOSDAQ,전기·전자,6380,10.57192374,98.36005831,19.25233645,96.90233236,31.00616016,93.65889213,61.11111111,95.04373178,95.37900875,552968553.39999998,1633352100.00000000,False
348030,모비릭스,KOSDAQ,IT 서비스,3885,8.67132867,98.06851312,37.76595745,99.56268222,31.25000000,93.76822157,42.04753199,90.52478134,95.28790087,211220078.34999999,615558854.00000000,False
290550,디케이티,KOSDAQ,전기·전자,25350,7.87234043,97.77696793,16.55172414,95.73615160,58.04239401,98.43294461,33.14075630,87.02623907,95.27696793,7979180469.00000000,13856575900.00000000,True
067080,대화제약,KOSDAQ,제약,13960,14.61412151,99.05247813,22.13473316,97.52186589,26.79382380,92.38338192,63.27485380,95.55393586,95.22594752,1096609919.75000000,9972593735.00000000,False
083500,에프엔에스테크,KOSDAQ,기계·장비,16880,14.13116971,99.01603499,22.67441860,97.77696793,49.11660777,97.15743440,30.75135554,85.31341108,95.16034985,1328438208.25000000,10984776930.00000000,False
078600,대주전자재료,KOSDAQ,전기·전자,114900,3.32733813,92.27405248,22.49466951,97.66763848,33.91608392,94.71574344,54.02144772,93.73177843,95.16034985,16111745380.00000000,38141538100.00000000,True
064290,인텍플러스,KOSDAQ,기계·장비,60600,3.58974359,93.22157434,12.63940520,93.25801749,49.26108374,97.26676385,56.99481865,94.38775510,95.08381924,19808266816.25000000,12870722250.00000000,True
382800,지앤비에스에코,KOSDAQ,기계·장비,7130,1.71184023,85.64139942,20.03367003,97.12099125,40.35433071,95.95481050,60.58558559,94.97084548,95.07653061,7440680019.80000019,20499213005.00000000,True
417200,LS머트리얼즈,KOSDAQ,전기·전자,16430,7.03583062,97.44897959,17.02279202,95.88192420,47.61904762,97.01166181,37.48953975,88.77551020,95.06924198,21767102729.25000000,42573794235.00000000,True
144960,뉴파워프라즈마,KOSDAQ,기계·장비,14000,8.02469136,97.92274052,8.44306739,88.48396501,57.12682379,98.25072886,69.28657799,96.24635569,94.88702624,12907965530.75000000,20982979755.00000000,False
323350,다원넥스뷰,KOSDAQ,기계·장비,11290,16.63223140,99.19825073,22.71739130,97.81341108,49.73474801,97.33965015,27.85956965,83.34548105,94.86880466,952465809.50000000,4240180990.00000000,False
098460,고영,KOSDAQ,기계·장비,37350,4.18410042,94.60641399,21.06969206,97.30320700,32.91814947,94.38775510,47.33727811,92.31049563,94.86880466,48468464252.75000000,158266007155.00000000,True
036930,주성엔지니어링,KOSDAQ,기계·장비,263500,4.77137177,95.62682216,13.33333333,93.91399417,40.75854701,96.10058309,47.70179372,92.52915452,94.68294461,397181346039.50000000,1027279402270.00000000,True
003160,디아이,KOSPI,의료·정밀기기,41850,2.69938650,90.34256560,12.65141319,93.29446064,34.13461538,94.75218659,96.47887324,98.46938776,94.61734694,26389869066.25000000,40209992400.00000000,True
036540,SFA반도체,KOSDAQ,전기·전자,11580,1.84696570,86.55247813,7.52089136,86.66180758,92.67886855,99.74489796,132.29689067,99.63556851,94.47886297,82853779212.25000000,60628290675.00000000,False
048910,대원미디어,KOSDAQ,유통,8200,10.06711409,98.28717201,16.47727273,95.66326531,24.80974125,91.47230321,73.17845829,96.72011662,94.46064140,569404602.25000000,4038770385.00000000,False
004105,태양금속우,KOSPI,운송장비·부품,4660,4.25055928,94.78862974,12.83292978,93.58600583,38.07407407,95.44460641,53.28947368,93.51311953,94.43513120,262142707.19999999,383800825.00000000,False
091580,상신이디피,KOSDAQ,전기·전자,25300,3.47648262,92.85714286,24.01960784,98.14139942,21.92771084,90.19679300,88.80597015,97.88629738,94.38411079,7264762143.75000000,13440500925.00000000,True
452450,피아이이,KOSDAQ,기계·장비,5840,1.91972077,87.00801749,11.45038168,92.27405248,39.54599761,95.69970845,91.16202946,98.17784257,94.29846939,4501799936.30000019,5974187875.00000000,False
046210,HLB파나진,KOSDAQ,제약,1774,31.01920236,100.00000000,35.73068095,99.41690962,53.59307359,97.92274052,19.78392978,76.49416910,94.29300292,1204606152.15000010,11295214249.00000000,False
017900,광전자,KOSPI,전기·전자,10670,0.94607379,79.37317784,11.61087866,92.49271137,50.49365303,97.41253644,89.18439716,97.99562682,94.24927114,86114271001.75000000,18360988965.00000000,True
187870,디바이스,KOSDAQ,기계·장비,15930,19.23652695,99.30758017,28.26086957,98.83381924,50.85227273,97.48542274,21.51029748,77.87900875,94.15087464,1596435192.25000000,9907211020.00000000,False
092870,엑시콘,KOSDAQ,기계·장비,52900,0.95419847,79.44606414,8.40163934,88.41107872,73.44262295,99.16180758,246.43091028,99.85422741,94.10349854,15621392813.75000000,13812201300.00000000,False
000250,삼천당제약,KOSDAQ,제약,243500,2.09643606,87.90087464,41.24129930,99.70845481,49.38650307,97.30320700,26.23120788,82.10641399,94.04518950,29454354140.00000000,65641491250.00000000,True
232140,와이씨,KOSDAQ,기계·장비,17000,0.65127294,75.76530612,15.72498298,95.40816327,42.49790444,96.35568513,70.17017017,96.35568513,94.01239067,40709517812.25000000,29534542620.00000000,True
291650,츌립앤사이언스,KOSDAQ,일반서비스,2755,0.73126143,76.89504373,23.26621924,97.99562682,70.48267327,99.08892128,32.32468780,86.37026239,93.99781341,118220419.45000000,217172895.00000000,False
357580,아모센스,KOSDAQ,전기·전자,8540,2.39808153,89.28571429,9.06768838,89.50437318,65.82524272,98.87026239,48.78048780,92.67492711,93.86297376,3028828929.00000000,1775242390.00000000,False
192650,드림텍,KOSPI,전기·전자,9030,0.33333333,70.37172012,13.87137453,94.42419825,40.00000000,95.80903790,122.96296296,99.48979592,93.58600583,11203371443.50000000,3432072160.00000000,False
323280,태성,KOSDAQ,기계·장비,62500,4.86577181,95.69970845,9.45709282,89.68658892,31.71759747,93.98688047,75.07002801,96.93877551,93.45845481,21350863766.25000000,27589821950.00000000,False
0010F0,보원케미칼,KOSDAQ,화학,3320,20.28985507,99.38046647,6.75241158,84.87609329,55.50351288,98.14139942,54.41860465,93.84110787,93.42565598,6678963237.05000019,21282918704.00000000,False
327260,RF머트리얼즈,KOSDAQ,전기·전자,53000,1.14503817,81.34110787,7.50507099,86.62536443,57.03703704,98.21428571,136.95623016,99.67201166,93.34183673,55006018857.50000000,30001773900.00000000,False
307750,국전,KOSDAQ,제약,2920,3.18021201,91.83673469,27.51091703,98.72448980,26.40692641,92.12827988,34.56221198,87.46355685,93.14504373,5425777903.50000000,56500150934.00000000,True
006110,삼아알미늄,KOSPI,금속,75800,15.19756839,99.12536443,24.67105263,98.25072886,13.30343797,84.22011662,126.94610778,99.59912536,92.99562682,11724396677.50000000,43547717450.00000000,False
222800,심텍,KOSDAQ,전기·전자,170700,0.88652482,78.79008746,13.49734043,94.05976676,42.48747913,96.31924198,44.78371501,91.39941691,92.90451895,107663955432.50000000,127045070700.00000000,True
314130,지놈앤컴퍼니,KOSDAQ,제약,5490,3.78071834,93.65889213,7.01754386,85.42274052,59.36139332,98.61516035,43.34203655,91.14431487,92.66763848,2937321398.75000000,3422444750.00000000,False
417500,제이아이테크,KOSDAQ,화학,4870,4.50643777,95.29883382,20.84367246,97.23032070,18.06060606,87.42711370,56.84380032,94.35131195,92.54008746,1368721916.65000010,3605063396.00000000,False
187420,HLB제넥스,KOSDAQ,제약,2450,12.38532110,98.76093294,21.89054726,97.37609329,25.06380807,91.61807580,28.40670860,83.74635569,92.48542274,1473643142.20000005,12141308695.00000000,False
033560,블루콤,KOSDAQ,전기·전자,5900,2.60869565,90.03279883,11.53119093,92.34693878,27.29234088,92.56559767,53.44603381,93.58600583,92.45080175,107866992.34999999,312496835.00000000,False
226340,본느,KOSDAQ,화학,6580,1.85758514,86.62536443,24.15094340,98.17784257,15.64147627,85.56851312,287.28663920,99.96355685,92.33600583,4141027955.40000010,23081337820.00000000,False
092070,디엔에프,KOSDAQ,화학,15560,7.31034483,97.70408163,15.25925926,95.26239067,28.59504132,93.14868805,27.12418301,82.87172012,92.18294461,563758579.50000000,1836509230.00000000,False
036830,솔브레인홀딩스,KOSDAQ,일반서비스,50200,5.13089005,95.95481050,18.95734597,96.72011662,18.25677267,87.57288630,48.74074074,92.63848397,92.16836735,3182208250.00000000,7588241850.00000000,False
147760,피엠티,KOSDAQ,의료·정밀기기,4460,11.36079900,98.54227405,12.91139241,93.62244898,40.25157233,95.88192420,22.86501377,79.37317784,92.16836735,798123071.60000002,3679641147.00000000,False
006980,우성,KOSPI,음식료·담배,21550,29.35174070,99.48979592,25.58275058,98.43294461,17.95292830,87.31778426,37.52393108,88.81195335,92.16836735,57237969.75000000,46181360.00000000,False
007810,코리아써키트,KOSPI,전기·전자,87100,0.69364162,76.31195335,16.91275168,95.84548105,66.85823755,98.94314869,24.25106990,80.43002915,92.04810496,43126314333.75000000,36593722350.00000000,True
083450,GST,KOSDAQ,기계·장비,57400,3.79746835,93.69533528,12.10937500,92.85714286,31.20000000,93.73177843,32.56351039,86.51603499,92.02259475,7476503440.50000000,13448860250.00000000,True
043590,웰킵스하이텍,KOSDAQ,전기·전자,1850,2.77777778,90.83454810,10.57979677,91.21720117,25.33875339,91.90962099,54.68227425,93.95043732,92.00255102,52545238.70000000,297117813.00000000,False
045300,성우테크론,KOSDAQ,전기·전자,3230,5.90163934,96.50145773,18.31501832,96.35568513,21.88679245,90.16034985,32.92181070,86.80758017,91.98250729,86999970.70000000,505718652.00000000,False
084990,헬릭스미스,KOSDAQ,일반서비스,4355,11.09693878,98.46938776,14.45466491,94.89795918,46.14093960,96.90233236,17.22745626,74.34402332,91.94606414,1826679998.84999990,19603327351.00000000,False
217590,티엠씨,KOSPI,전기·전자,18240,-1.45867099,32.10641399,34.41414886,99.34402332,69.83240223,98.97959184,72.72727273,96.64723032,91.93513120,41600707293.25000000,20795953910.00000000,True
058470,리노공업,KOSDAQ,전기·전자,87800,3.17273796,91.80029155,19.13161465,96.86588921,28.36257310,93.07580175,25.42857143,81.48688047,91.76749271,77439323866.10000610,145523060944.00000000,True
142210,유니트론텍,KOSDAQ,유통,7320,4.12517781,94.35131195,14.91365777,95.04373178,21.39303483,89.83236152,38.63636364,89.24927114,91.73104956,1302507750.25000000,4600152485.00000000,False
146320,비씨엔씨,KOSDAQ,전기·전자,12290,6.86956522,97.23032070,14.11327762,94.78862974,31.30341880,93.84110787,23.64185111,79.84693878,91.66545190,328121938.50000000,1091178805.00000000,False
126600,BGF에코머티리얼즈,KOSDAQ,화학,3660,2.66479663,90.26967930,22.00000000,97.44897959,25.12820513,91.69096210,27.97202797,83.49125364,91.63629738,997182157.10000002,4859753360.00000000,False
011090,에넥스,KOSPI,기타제조,1580,2.66406758,90.23323615,10.87719298,91.65451895,21.07279693,89.50437318,69.89247312,96.28279883,91.57798834,372594429.19999999,335871352.00000000,False
054780,키이스트,KOSDAQ,오락·문화,2170,-0.22988506,53.86297376,12.61027504,93.22157434,52.28070175,97.70408163,65.01901141,95.66326531,91.56705539,333681402.05000001,411921755.00000000,False
490470,세미파이브,KOSDAQ,일반서비스,22350,0.90293454,78.97230321,20.94155844,97.26676385,55.42420028,98.10495627,19.00958466,76.07507289,91.53425656,36265484294.25000000,24841753450.00000000,True
080580,오킨스전자,KOSDAQ,전기·전자,27600,-0.18083183,54.97448980,12.65306122,93.33090379,36.97270471,95.29883382,124.39024390,99.56268222,91.52879009,11259007677.75000000,8362518275.00000000,False
214430,아이쓰리시스템,KOSDAQ,전기·전자,79200,0.25316456,69.35131195,16.47058824,95.62682216,32.66331658,94.31486880,42.44604317,90.88921283,91.52696793,2111456427.50000000,2637725850.00000000,False
002360,SH에너지화학,KOSPI,화학,3520,3.52941176,92.93002915,3.52941176,74.38046647,121.80214241,99.89067055,106.93709583,99.01603499,91.36661808,684244790.75000000,297369758.00000000,False
121600,나노신소재,KOSDAQ,화학,63200,0.31746032,70.08017493,13.46499102,93.98688047,33.61522199,94.60641399,44.95412844,91.54518950,91.35568513,4453054921.25000000,5380919550.00000000,False
085670,뉴프렉스,KOSDAQ,전기·전자,3875,4.02684564,94.05976676,14.13843888,94.82507289,27.88778878,92.82069971,25.60777958,81.70553936,91.32288630,1207425952.15000010,1171465317.00000000,False
089230,THEEM,KOSDAQ,IT 서비스,2270,11.82266010,98.61516035,13.50000000,94.09620991,13.50000000,84.40233236,71.57974301,96.57434402,91.16618076,645417068.39999998,2299943607.00000000,False
243840,신흥에스이씨,KOSDAQ,전기·전자,6520,9.03010033,98.14139942,18.54545455,96.46501458,14.78873239,85.20408163,42.35807860,90.81632653,90.99854227,1149290410.75000000,6216207290.00000000,False
431190,케이쓰리아이,KOSDAQ,IT 서비스,4530,3.30672748,92.20116618,4.13793103,76.82215743,52.01342282,97.55830904,97.81659389,98.54227405,90.99854227,804937038.10000002,381052361.00000000,False
35320K,대덕전자1우,KOSPI,전기·전자,28700,4.17422868,94.56997085,11.89083821,92.60204082,32.56351039,94.16909621,24.24242424,80.39358601,90.98396501,211799163.75000000,418054425.00000000,False
416180,신성에스티,KOSDAQ,운송장비·부품,28600,4.76190476,95.59037901,16.02434077,95.48104956,13.94422311,84.62099125,55.35035307,94.13265306,90.87827988,1052112790.00000000,2182587475.00000000,False
155650,와이엠씨,KOSDAQ,전기·전자,3875,3.60962567,93.29446064,10.71428571,91.36297376,23.80191693,90.96209913,37.16814159,88.64795918,90.85276968,252536904.75000000,465042965.00000000,False
347700,스피어,KOSDAQ,IT 서비스,25400,0.19723866,67.54737609,15.71753986,95.37172012,33.26337880,94.49708455,36.63259817,88.37463557,90.84001458,35273900476.00000000,45112189050.00000000,True
047920,HLB제약,KOSDAQ,일반서비스,12960,3.26693227,92.09183673,11.43594153,92.23760933,70.30223390,99.05247813,14.90380353,71.17346939,90.73615160,17751991571.00000000,90138578925.00000000,True
079190,케스피온,KOSDAQ,전기·전자,1710,-0.81206497,42.07361516,34.43396226,99.38046647,33.69820172,94.64285714,55.17241379,94.05976676,90.69059767,220845307.09999999,226168489.00000000,False
469750,아이비젼웍스,KOSDAQ,기계·장비,5820,0.34482759,70.66326531,17.45711403,96.10058309,18.89683350,88.01020408,87.43961353,97.77696793,90.65597668,427616871.14999998,395931920.00000000,False
077360,덕산하이메탈,KOSDAQ,전기·전자,14110,2.84256560,90.99854227,4.75129918,79.19096210,40.11916584,95.84548105,77.48427673,97.19387755,90.63411079,11751959457.75000000,11034426780.00000000,False
041960,코미팜,KOSDAQ,제약,11340,3.46715328,92.82069971,16.42710472,95.59037901,14.31451613,84.94897959,53.03643725,93.40379009,90.61953353,2619838269.25000000,3797660470.00000000,False
032860,더라미,KOSDAQ,일반서비스,3640,2.24719101,88.77551020,36.58536585,99.45335277,30.93525180,93.62244898,15.55555556,72.13921283,90.59037901,45686077.25000000,331078972.00000000,False
045510,정원엔시스,KOSDAQ,유통,1295,5.19902518,95.99125364,8.27759197,88.15597668,18.26484018,87.60932945,78.86740331,97.23032070,90.53571429,92936744.34999999,154526741.00000000,False
056190,SFA,KOSDAQ,기계·장비,31300,1.13085622,81.12244898,8.30449827,88.19241983,29.33884298,93.29446064,49.04761905,92.74781341,90.43731778,4607455350.00000000,7449782550.00000000,False
482630,삼양엔씨켐,KOSDAQ,화학,15880,5.09596294,95.91836735,13.99856425,94.56997085,25.53359684,91.94606414,21.77914110,78.20699708,90.38265306,2768535106.00000000,5503009490.00000000,False
004835,덕성우,KOSPI,화학,5370,10.26694045,98.32361516,17.89242591,96.17346939,25.17482517,91.72740525,17.89242591,74.89067055,90.35349854,59668978.60000000,316987815.00000000,False
024850,HLB이노베이션,KOSDAQ,전기·전자,18550,3.97982063,93.91399417,14.78960396,94.97084548,13.80368098,84.51166181,51.55228758,93.22157434,90.33163265,7178512323.25000000,8029354335.00000000,False
059090,미코,KOSDAQ,전기·전자,24350,7.03296703,97.41253644,5.41125541,81.41399417,30.14430786,93.40379009,54.50507614,93.91399417,90.30976676,9559624036.75000000,20997589250.00000000,False
072950,빛샘전자,KOSDAQ,전기·전자,16010,-0.24922118,53.09766764,6.30810093,83.85568513,91.50717703,99.70845481,120.52341598,99.38046647,90.22594752,67566417538.75000000,13084681000.00000000,False
340450,지씨지놈,KOSDAQ,일반서비스,9920,-2.36220472,21.28279883,14.02298851,94.71574344,80.36363636,99.41690962,119.22651934,99.34402332,90.17857143,4987759835.75000000,5091613370.00000000,False
107640,한중엔시에스,KOSDAQ,전기·전자,47350,0.85197018,78.42565598,15.06682868,95.22594752,16.91358025,86.47959184,61.60409556,95.18950437,90.04008746,4623332015.00000000,9549045400.00000000,False
042510,라온시큐어,KOSDAQ,IT 서비스,15510,-5.13761468,4.77405248,39.35309973,99.67201166,78.89273356,99.38046647,119.06779661,99.30758017,89.99271137,38034588391.75000000,41239552540.00000000,True
091120,이엠텍,KOSDAQ,전기·전자,5910,1.89655172,86.73469388,8.04387569,87.79154519,22.23371251,90.45189504,53.30739300,93.54956268,89.90160350,193838931.44999999,253068770.00000000,False
272110,케이엔제이,KOSDAQ,전기·전자,33000,2.00927357,87.39067055,8.19672131,87.93731778,33.33333333,94.53352770,29.41176471,84.43877551,89.82142857,2621322163.75000000,2712321125.00000000,False
117670,알파칩스,KOSDAQ,전기·전자,13070,-2.46268657,20.11661808,27.38791423,98.68804665,62.15880893,98.79737609,52.50875146,93.36734694,89.81049563,2455220380.50000000,10586973205.00000000,False
255440,야스,KOSDAQ,기계·장비,9100,5.81395349,96.46501458,9.63855422,90.01457726,26.91771269,92.45626822,24.48700410,80.57580175,89.74854227,584531434.75000000,902991110.00000000,False
042000,카페24,KOSDAQ,IT 서비스,22250,-0.44742729,49.41690962,18.60341151,96.53790087,37.94172350,95.37172012,35.75350824,87.90087464,89.63192420,6103598012.50000000,5484919050.00000000,False
161580,필옵틱스,KOSDAQ,기계·장비,41800,2.95566502,91.32653061,6.63265306,84.58454810,24.77611940,91.39941691,44.88734835,91.50874636,89.36953353,19313449111.25000000,13277103675.00000000,False
360350,코셈,KOSDAQ,의료·정밀기기,11990,-0.90909091,40.32434402,7.53363229,86.73469388,133.26848249,99.92711370,73.01587302,96.68367347,89.36042274,655914907.00000000,160107880.00000000,False
069540,빛과전자,KOSDAQ,전기·전자,4890,-4.49218750,6.70553936,18.83353584,96.68367347,74.64285714,99.27113703,173.18435754,99.81778426,89.34766764,112940725800.94999695,77021244215.00000000,True
079370,제우스,KOSDAQ,기계·장비,14100,0.07097232,65.08746356,8.21181888,88.01020408,30.79777365,93.58600583,59.50226244,94.78862974,89.30393586,6604648336.00000000,4755373200.00000000,False
405100,큐알티,KOSDAQ,일반서비스,17630,-0.89938168,40.56122449,22.09141274,97.48542274,24.85835694,91.54518950,71.33138970,96.50145773,89.22011662,852018049.75000000,1101937095.00000000,False
393890,더블유씨피,KOSDAQ,전기·전자,11420,10.76624636,98.43294461,13.51888668,94.16909621,13.29365079,84.14723032,33.72365340,87.24489796,89.20189504,2976790730.75000000,12543893380.00000000,False
411080,샌즈랩,KOSDAQ,IT 서비스,7760,-5.25030525,4.51895044,19.38461538,96.97521866,84.76190476,99.48979592,101.55844156,98.72448980,89.08527697,20085772209.50000000,11377985500.00000000,True
067310,하나마이크론,KOSDAQ,전기·전자,50200,1.10775428,80.97667638,5.46218487,81.66909621,38.10178817,95.48104956,42.61363636,90.96209913,88.98323615,88910866257.50000000,71168464300.00000000,False
388210,씨엠티엑스,KOSDAQ,전기·전자,95300,7.19910011,97.59475219,7.31981982,86.22448980,26.89747004,92.41982507,25.55994730,81.66909621,88.92857143,5677944485.00000000,11605408850.00000000,False
317770,엑스페릭스,KOSDAQ,전기·전자,2920,1.91972077,87.00801749,11.23809524,92.01895044,24.25531915,91.10787172,24.78632479,80.86734694,88.92310496,436724847.30000001,354321292.00000000,False
377030,비트맥스,KOSDAQ,IT 서비스,2380,-1.65289256,29.53717201,17.53086420,96.13702624,33.48289400,94.56997085,67.96047989,95.95481050,88.81377551,84389078.75000000,80154220.00000000,False
149950,아바텍,KOSDAQ,전기·전자,12610,1.85783522,86.66180758,4.73421927,79.11807580,40.42316258,95.99125364,40.42316258,90.01457726,88.80102041,2263051283.00000000,781323120.00000000,False
001250,GS글로벌,KOSPI,유통,3205,4.05844156,94.16909621,9.94854202,90.56122449,20.71563089,89.21282799,26.67984190,82.39795918,88.75000000,1733565133.00000000,3171153622.00000000,False
071280,로체시스템즈,KOSDAQ,기계·장비,9070,0.44296788,72.33965015,7.97619048,87.68221574,26.49930265,92.16472303,45.12000000,91.65451895,88.73542274,1167378355.75000000,943455310.00000000,False
136150,원일티엔아이,KOSDAQ,기계·장비,12190,-5.50387597,3.93586006,42.07459207,99.74489796,62.10106383,98.76093294,54.10872314,93.76822157,88.57507289,3343259686.00000000,878350510.00000000,False
263600,덕우전자,KOSDAQ,전기·전자,4920,-2.76679842,17.16472303,45.13274336,99.78134111,34.79452055,94.97084548,57.69230769,94.53352770,88.54591837,3266074494.25000000,2176701831.00000000,False
277880,티에스아이,KOSDAQ,기계·장비,4070,3.43074968,92.63848397,14.00560224,94.60641399,13.84615385,84.58454810,30.65810594,85.20408163,88.52040816,166192546.75000000,419615256.00000000,False
078150,HB테크놀러지,KOSDAQ,기계·장비,2380,3.70370370,93.51311953,8.67579909,88.81195335,24.02292861,91.03498542,24.47698745,80.53935860,88.51676385,4493647507.35000038,9447139419.00000000,False
158430,아톤,KOSDAQ,IT 서비스,6530,-3.40236686,12.39067055,22.51407129,97.74052478,40.73275862,96.02769679,77.44565217,97.15743440,88.40379009,23406283521.40000153,25586069505.00000000,True
096770,SK이노베이션,KOSPI,화학,161500,1.25391850,82.17930029,8.24396783,88.08309038,17.11385062,86.66180758,63.13131313,95.48104956,88.40379009,151787602441.39999390,188404896950.00000000,False
166090,하나머티리얼즈,KOSDAQ,전기·전자,64300,5.40983607,96.24635569,7.52508361,86.69825073,22.70992366,90.63411079,26.82445759,82.58017493,88.40379009,9150046865.00000000,13233102250.00000000,False
004710,한솔테크닉스,KOSPI,전기·전자,11750,0.94501718,79.33673469,6.14272809,83.38192420,28.13522356,92.96647230,42.07980653,90.56122449,88.24708455,10218960772.50000000,10535575245.00000000,False
036170,에이치엠넥스,KOSDAQ,전기·전자,3225,0.78125000,77.62390671,16.00719424,95.44460641,44.94382022,96.79300292,11.39896373,65.26967930,88.16690962,786047716.79999995,589410978.00000000,False
033160,엠케이전자,KOSDAQ,전기·전자,19710,-1.40070035,33.30903790,18.59205776,96.50145773,44.50146628,96.68367347,31.75133690,86.00583090,88.15597668,17612957846.00000000,30973788835.00000000,True
452190,한빛레이저,KOSDAQ,기계·장비,6290,4.83333333,95.66326531,2.11038961,66.21720117,54.73554736,98.03206997,83.38192420,97.52186589,88.14868805,27942365405.09999847,96752746420.00000000,False
254490,미래반도체,KOSDAQ,유통,18890,3.28048114,92.12827988,9.57076566,89.90524781,22.18628719,90.41545190,21.71391753,78.13411079,87.97740525,1705458655.25000000,3366630745.00000000,False
038880,아이에이,KOSDAQ,전기·전자,3650,2.52808989,89.75947522,13.88455538,94.53352770,9.44527736,79.77405248,52.40083507,93.29446064,87.90451895,56954256.05000000,37916346.00000000,False
396300,HT로보틱스,KOSDAQ,금속,5830,1.92307692,87.06268222,7.56457565,86.80758017,12.54826255,83.38192420,102.07972270,98.79737609,87.86078717,21865233267.25000000,32518780210.00000000,False
141000,비아트론,KOSDAQ,기계·장비,13260,-9.61145194,0.87463557,28.11594203,98.79737609,52.06422018,97.59475219,61.70731707,95.22594752,87.80976676,5646298944.25000000,62570409090.00000000,True
163730,핑거,KOSDAQ,IT 서비스,14810,-0.26936027,52.73323615,5.11000710,80.39358601,57.72097977,98.36005831,61.50490731,95.15306122,87.76603499,1991252576.25000000,2730280490.00000000,False
261780,아리바이오랩,KOSDAQ,일반서비스,3695,0.27137042,69.56997085,6.63780664,84.65743440,27.41379310,92.63848397,45.18664047,91.69096210,87.74781341,4816600732.80000019,1884579807.00000000,False
488280,에스투더블유,KOSDAQ,IT 서비스,15910,-2.15252153,23.54227405,8.52660300,88.55685131,65.72916667,98.83381924,66.59685864,95.84548105,87.62390671,18828995369.00000000,11733880100.00000000,False
088280,쏘닉스,KOSDAQ,전기·전자,3275,1.55038760,84.54810496,6.15883306,83.45481050,36.17463617,95.22594752,23.81852552,79.99271137,87.58017493,442615891.80000001,265609015.00000000,False
011930,신성이엔지,KOSPI,전기·전자,19690,1.23393316,81.99708455,10.24636058,90.88921283,21.24384236,89.68658892,25.17482517,81.15889213,87.57288630,4156984894.50000000,6941885260.00000000,False
293780,압타바이오,KOSDAQ,일반서비스,7800,-0.76335878,43.23979592,11.11111111,91.89139942,21.87500000,90.12390671,85.49346017,97.63119534,87.46720117,386076404.00000000,637326705.00000000,False
256940,킵스파마,KOSDAQ,제약,7290,-0.68119891,44.67930029,19.70443350,97.04810496,27.67075306,92.74781341,28.57142857,83.89212828,87.45991254,316644078.75000000,183856370.00000000,False
220260,켐트로스,KOSDAQ,화학,4765,1.81623932,86.26093294,4.61031833,78.64431487,25.72559367,91.98250729,46.39016897,92.09183673,87.43075802,719322700.95000005,634035355.00000000,False
373220,LG에너지솔루션,KOSPI,전기·전자,403000,4.13436693,94.42419825,13.36146273,93.95043732,11.17241379,81.99708455,28.54864434,83.85568513,87.19752187,118846527200.00000000,374288878000.00000000,False
100120,뷰웍스,KOSDAQ,의료·정밀기기,30300,2.36486486,89.21282799,11.60220994,92.41982507,12.22222222,82.94460641,32.60393873,86.62536443,87.15014577,477411627.50000000,887944075.00000000,False
089010,켐트로닉스,KOSDAQ,화학,28200,0.53475936,73.79737609,7.83938815,87.39067055,21.81425486,90.05102041,35.25179856,87.60932945,87.13921283,4263925580.00000000,3903379900.00000000,False
007815,코리아써우,KOSPI,전기·전자,22200,0.22573363,68.33090379,9.90099010,90.48833819,20.32520325,89.03061224,34.87241798,87.53644315,87.09912536,21327417.50000000,4707600.00000000,False
036710,심텍홀딩스,KOSDAQ,일반서비스,5020,-0.59405941,46.46501458,11.43174251,92.20116618,23.64532020,90.88921283,46.14264920,92.05539359,87.07361516,1612973195.25000000,1007488020.00000000,False
030530,원익홀딩스,KOSDAQ,화학,28650,-0.86505190,41.29008746,8.31758034,88.22886297,28.18791946,93.03935860,68.92688679,96.20991254,87.05539359,61943738580.00000000,19805710250.00000000,False
195870,해성디에스,KOSPI,전기·전자,65600,2.18068536,88.22886297,5.46623794,81.70553936,29.13385827,93.22157434,25.19083969,81.19533528,86.86224490,10618504692.50000000,9152693150.00000000,False
101490,에스앤에스텍,KOSDAQ,전기·전자,52800,-0.18903592,54.81049563,16.55629139,95.77259475,26.77070828,92.34693878,21.79930796,78.24344023,86.80029155,13690244820.00000000,17308770850.00000000,True
372170,윤성에프앤씨,KOSDAQ,기계·장비,23900,2.35546039,89.17638484,18.02469136,96.31924198,6.69642857,75.40087464,55.19480519,94.09620991,86.79300292,338799643.00000000,1036306025.00000000,False
196300,HLB펩,KOSDAQ,제약,5220,4.60921844,95.44460641,13.47826087,94.02332362,21.25435540,89.72303207,11.53846154,65.67055394,86.77478134,355958285.60000002,1701529910.00000000,False
101330,모베이스,KOSDAQ,전기·전자,4100,0.24449878,68.95043732,17.14285714,95.95481050,15.81920904,85.64139942,28.72841444,84.00145773,86.73833819,337544945.10000002,704295152.00000000,False
104040,디에스엠,KOSDAQ,운송장비·부품,3035,-1.62074554,30.02915452,11.17216117,91.98250729,26.72233820,92.31049563,68.33056018,96.02769679,86.72740525,115602948.55000000,141460340.00000000,False
247540,에코프로비엠,KOSDAQ,전기·전자,126500,1.68810289,85.42274052,16.05504587,95.51749271,18.55670103,87.79154519,15.26826068,71.75655977,86.66545190,45025981435.00000000,78821361250.00000000,False
125210,아모그린텍,KOSDAQ,전기·전자,6730,6.15141956,96.68367347,9.96732026,90.59766764,21.04316547,89.43148688,13.87478849,69.60641399,86.54154519,1705781706.25000000,2628020765.00000000,False
347860,알체라,KOSDAQ,IT 서비스,1696,0.29568303,69.89795918,8.71794872,88.95772595,30.46153846,93.47667638,20.54015636,77.25947522,86.51967930,262159691.34999999,349581828.00000000,False
424980,마이크로투나노,KOSDAQ,전기·전자,10070,1.51209677,84.29300292,5.44502618,81.59620991,16.95702671,86.55247813,55.40123457,94.16909621,86.36297376,352285149.50000000,333623480.00000000,False
005070,코스모신소재,KOSPI,화학,46750,1.63043478,85.24052478,7.47126437,86.47959184,20.95730918,89.32215743,24.50066578,80.68513120,86.33381924,6360528551.25000000,6698816050.00000000,False
219130,타이거일렉,KOSDAQ,전기·전자,97000,-1.02040816,38.84839650,5.66448802,82.17930029,61.12956811,98.72448980,43.49112426,91.21720117,86.27186589,3749792910.00000000,4083854500.00000000,False
273640,와이엠텍,KOSDAQ,전기·전자,5940,2.41379310,89.39504373,14.01151631,94.64285714,14.89361702,85.31341108,16.92913386,74.01603499,86.26093294,103370619.00000000,218094740.00000000,False
007660,이수페타시스,KOSPI,전기·전자,125000,3.05028854,91.58163265,8.31889081,88.26530612,11.70688114,82.36151603,36.16557734,88.19241983,86.22084548,96540856819.89999390,209716683778.00000000,False
100130,동국SC,KOSDAQ,금속,1695,3.73317013,93.58600583,10.92931937,91.76384840,24.90788504,91.58163265,10.13645224,62.93731778,86.10787172,3353183965.94999981,20978578589.00000000,False
261520,이지스,KOSDAQ,IT 서비스,5900,2.60869565,90.03279883,6.88405797,85.20408163,11.74242424,82.43440233,47.68460576,92.49271137,86.03680758,319142595.00000000,318341240.00000000,False
014130,한익스프레스,KOSPI,운송·창고,2845,0.70796460,76.65816327,8.38095238,88.33819242,17.07818930,86.62536443,31.10599078,85.56851312,85.93112245,55653237.05000000,151866730.00000000,False
131290,티에스이,KOSDAQ,의료·정밀기기,309000,0.48780488,73.14139942,7.10571924,85.78717201,18.16443595,87.46355685,37.94642857,88.99416910,85.83454810,40554842437.50000000,22391157500.00000000,False
053350,이니텍,KOSDAQ,IT 서비스,4920,1.23456790,82.05174927,4.01691332,76.49416910,22.54047323,90.59766764,45.56213018,91.83673469,85.75983965,282889200.19999999,323351655.00000000,False
104480,티케이케미칼,KOSDAQ,화학,1963,3.64308342,93.47667638,7.62061404,86.91690962,12.10736722,82.90816327,31.12892452,85.64139942,85.71428571,343496023.55000001,918974963.00000000,False
469480,IBKS제24호스팩,KOSDAQ,금융,3815,0.65963061,75.87463557,23.26332795,97.95918367,15.60606061,85.53206997,15.60606061,72.26676385,85.64139942,403464633.64999998,388536858.00000000,False
126700,하이비젼시스템,KOSDAQ,의료·정밀기기,12470,0.48348106,73.06851312,13.88127854,94.49708455,9.96472663,80.57580175,37.33480176,88.70262391,85.62682216,485789307.50000000,1022581430.00000000,False
361670,삼영에스앤씨,KOSDAQ,전기·전자,4000,2.04081633,87.48177843,8.25439783,88.11953353,13.31444759,84.25655977,26.98412698,82.68950437,85.42456268,24832160.05000000,50137275.00000000,False
005420,코스모화학,KOSPI,화학,11610,1.48601399,84.14723032,12.06563707,92.82069971,12.06563707,82.76239067,22.08201893,78.68075802,85.10204082,1120878505.50000000,1966666725.00000000,False
171090,선익시스템,KOSDAQ,기계·장비,74700,3.31950207,92.23760933,7.17360115,85.96938776,8.89212828,79.00874636,45.04854369,91.61807580,84.94169096,3139833667.50000000,4568414400.00000000,False
441270,파인엠텍,KOSDAQ,전기·전자,9950,6.87432868,97.26676385,6.53104925,84.36588921,7.45140389,76.67638484,68.64406780,96.13702624,84.93440233,10808571158.75000000,11739765780.00000000,False
101360,에코앤드림,KOSDAQ,전기·전자,8980,6.52431791,96.97521866,9.64590965,90.05102041,9.77995110,80.35714286,24.20470263,80.24781341,84.90524781,676909113.50000000,3766283185.00000000,False
160190,하이젠알앤엠,KOSDAQ,전기·전자,31100,-7.71513353,1.53061224,8.55148342,88.59329446,42.66055046,96.39212828,88.94289186,97.92274052,84.87244898,11409340501.75000000,13806080925.00000000,False
089030,테크윙,KOSDAQ,기계·장비,54900,3.38983051,92.49271137,4.77099237,79.37317784,14.13721414,84.73032070,39.16349810,89.57725948,84.86880466,36778991686.25000000,33481628850.00000000,False
018880,한온시스템,KOSPI,기계·장비,4020,4.14507772,94.49708455,13.88101983,94.46064140,13.08016878,83.92857143,12.60504202,67.45626822,84.85058309,24727548576.84999847,55545156496.00000000,False
036200,유니셈,KOSDAQ,기계·장비,10780,2.08333333,87.75510204,4.66019417,78.86297376,19.37984496,88.48396501,29.87951807,84.98542274,84.82507289,2695709415.75000000,2611126710.00000000,False
138080,오이솔루션,KOSDAQ,전기·전자,30750,-2.68987342,17.67492711,7.14285714,85.89650146,43.69158879,96.57434402,51.85185185,93.25801749,84.81778426,13964750222.50000000,6472568425.00000000,False
047310,파워로직스,KOSDAQ,전기·전자,3440,4.87804878,95.73615160,10.78904992,91.50874636,13.34431631,84.29300292,14.28571429,70.24416910,84.79227405,352010829.30000001,1216688418.00000000,False
052860,아이앤씨,KOSDAQ,전기·전자,7710,3.62903226,93.44023324,4.33017591,77.64212828,10.61692970,81.19533528,94.20654912,98.36005831,84.78680758,567666315.50000000,417023510.00000000,False
036810,에프에스티,KOSDAQ,전기·전자,33500,-1.47058824,31.97886297,6.18066561,83.52769679,31.37254902,93.87755102,57.64705882,94.46064140,84.69934402,4224543635.00000000,3442986200.00000000,False
222080,SFA넥셀,KOSDAQ,기계·장비,8690,3.45238095,92.74781341,9.03387704,89.43148688,14.34210526,84.98542274,16.02136182,72.84985423,84.66836735,4240343599.50000000,14654823175.00000000,False
001820,삼화콘덴서,KOSPI,전기·전자,157600,-0.75566751,43.36734694,4.50928382,78.20699708,35.04712939,95.00728863,55.88526212,94.20553936,84.64285714,157009187770.00000000,64327056650.00000000,False
006140,피제이전자,KOSDAQ,의료·정밀기기,5640,-1.91304348,26.27551020,29.50631458,98.90670554,18.98734177,88.11953353,31.01045296,85.45918367,84.63921283,1572332892.09999990,2152330675.00000000,False
119610,인터로조,KOSDAQ,의료·정밀기기,17150,2.20500596,88.44752187,11.29136924,92.12827988,21.20141343,89.61370262,9.30528999,61.26093294,84.58090379,602529193.75000000,740247730.00000000,False
001430,세아베스틸지주,KOSPI,금속,46600,6.02957907,96.57434402,3.09734513,72.17565598,16.35455680,86.18804665,53.54200988,93.62244898,84.50983965,6354175231.25000000,9387862175.00000000,False
065530,와이어블,KOSDAQ,통신,1451,-1.89317106,26.45772595,12.48062016,93.03935860,22.86198137,90.70699708,36.62900188,88.33819242,84.50801749,1047417555.00000000,414119723.00000000,False
105330,케이엔더블유,KOSDAQ,운송장비·부품,8900,-3.36590662,12.75510204,9.60591133,89.97813411,32.63785395,94.20553936,46.62273476,92.12827988,84.37682216,4446897119.75000000,711828600.00000000,False
003350,한국화장품제조,KOSPI,화학,16150,-2.53470127,19.16909621,7.66666667,87.08090379,24.32640493,91.25364431,111.94225722,99.16180758,84.37500000,32943507647.00000000,19635099495.00000000,False
173130,오파스넷,KOSDAQ,IT 서비스,7890,0.38167939,71.51967930,4.08970976,76.71282799,30.62913907,93.51311953,27.05314010,82.76239067,84.12354227,834872044.00000000,608892575.00000000,False
102120,어보브반도체,KOSDAQ,전기·전자,8630,1.29107981,82.47084548,4.73300971,79.08163265,25.25399129,91.80029155,20.02781641,76.78571429,84.04883382,1783964378.75000000,1885061655.00000000,False
232680,라온로보틱스,KOSDAQ,기계·장비,10980,1.29151292,82.50728863,5.17241379,80.50291545,15.94508976,85.75072886,32.76904474,86.73469388,84.04883382,1076368085.00000000,779504805.00000000,False
251370,와이엠티,KOSDAQ,화학,10060,-0.59288538,46.51967930,16.30057803,95.55393586,42.09039548,96.20991254,9.22909881,61.07871720,84.01785714,1127931852.75000000,2296886565.00000000,False
045970,코아시아,KOSDAQ,전기·전자,3835,0.13054830,65.88921283,4.78142077,79.48250729,22.13375796,90.30612245,32.69896194,86.66180758,83.88848397,211892842.94999999,348431315.00000000,False
102710,이엔에프테크놀로지,KOSDAQ,화학,50000,0.60362173,74.79956268,5.37407798,81.23177843,18.48341232,87.75510204,29.53367876,84.58454810,83.86844023,3423951730.00000000,5532843600.00000000,False
039440,에스티아이,KOSDAQ,기계·장비,25250,4.55486542,95.40816327,8.83620690,89.10349854,27.52525253,92.71137026,5.20833333,52.25947522,83.80830904,2628168132.75000000,4273476400.00000000,False
457190,이수스페셜티케미컬,KOSPI,화학,80500,1.38539043,83.34548105,3.20512821,72.77696793,22.15477997,90.34256560,34.16666667,87.42711370,83.79008746,16279671795.00000000,17367514550.00000000,False
432720,퀄리타스반도체,KOSDAQ,전기·전자,11580,-0.25839793,52.87900875,4.04312668,76.60349854,31.29251701,93.80466472,39.85507246,89.86880466,83.76457726,2929910467.00000000,1351934525.00000000,False
168360,펨트론,KOSDAQ,기계·장비,15800,0.63694268,75.41909621,13.09949893,93.76822157,20.98009188,89.35860058,9.34256055,61.40670554,83.69715743,2230234907.00000000,3585925165.00000000,False
223250,드림씨아이에스,KOSDAQ,일반서비스,3880,-0.64020487,45.40816327,15.64828614,95.33527697,14.79289941,85.24052478,26.38436482,82.21574344,83.68075802,2270469098.34999990,1454242885.00000000,False
001780,알루코,KOSPI,금속,1790,6.54761905,97.04810496,13.72299873,94.27842566,11.38767890,82.17930029,10.63040791,64.03061224,83.66618076,1317001158.95000005,18624071439.00000000,False
095270,웨이브일렉트로,KOSDAQ,의료·정밀기기,4650,2.87610619,91.07142857,5.20361991,80.61224490,12.45465538,83.19970845,30.06993007,85.02186589,83.57507289,156404539.59999999,146627065.00000000,False
002320,한진,KOSPI,운송·창고,17140,2.81943611,90.92565598,12.02614379,92.71137026,14.95640510,85.34985423,9.87179487,62.39067055,83.52405248,579645433.50000000,1095733875.00000000,False
265740,엔에프씨,KOSDAQ,화학,7780,0.00000000,61.20626822,4.28954424,77.51457726,19.50844854,88.59329446,50.77519380,93.07580175,83.42747813,4124079700.75000000,2144703115.00000000,False
008060,대덕,KOSPI,기타금융,16450,1.35551448,83.12682216,9.01259112,89.39504373,11.44986450,82.21574344,20.07299270,76.82215743,83.38192420,1198380245.25000000,961219565.00000000,False
083930,아바코,KOSDAQ,기계·장비,13020,2.76243094,90.67055394,4.83091787,79.66472303,12.82495667,83.67346939,29.68127490,84.69387755,83.37463557,393982448.75000000,734020700.00000000,False
110990,디아이티,KOSDAQ,기계·장비,18890,1.77801724,85.93294461,7.32954545,86.29737609,17.69470405,87.09912536,14.27707199,70.18950437,83.36005831,1354881911.75000000,1457241915.00000000,False
002720,국제약품,KOSPI,제약,4235,-4.40180587,7.14285714,31.52173913,99.05247813,24.74226804,91.36297376,25.66765579,81.77842566,83.33090379,6182435141.69999981,95367443116.00000000,True
234690,녹십자웰빙,KOSDAQ,제약,10850,0.83643123,78.31632653,9.81781377,90.23323615,6.89655172,75.65597668,42.20183486,90.74344023,83.31268222,3054251575.50000000,2443286920.00000000,False
005430,한국공항,KOSPI,운송·창고,95400,0.21008403,68.07580175,7.07070707,85.60495627,19.39924906,88.52040816,20.15113350,76.89504373,83.27623907,517746860.00000000,476723900.00000000,False
006120,SK디스커버리,KOSPI,기타금융,70100,-2.09497207,24.19825073,7.35068913,86.40670554,24.29078014,91.18075802,45.88969823,91.94606414,83.20335277,2115400240.45000005,2482502900.00000000,False
080220,제주반도체,KOSDAQ,전기·전자,86000,2.25921522,88.84839650,9.55414013,89.79591837,16.53116531,86.29737609,10.68211068,64.24927114,83.19241983,117641327627.50000000,105516501600.00000000,False
259630,엠플러스,KOSDAQ,기계·장비,10570,3.22265625,92.01895044,10.10416667,90.74344023,12.44680851,83.16326531,12.20806794,66.87317784,83.06486880,997722574.50000000,2310668100.00000000,False
251630,브이원텍,KOSDAQ,기계·장비,3995,0.37688442,71.42857143,9.00409277,89.32215743,12.85310734,83.70991254,21.61339422,78.02478134,83.02842566,59695349.50000000,88515330.00000000,False
351320,넥사다이내믹스,KOSDAQ,기계·장비,4445,2.65588915,90.19679300,12.53164557,93.07580175,2.53748558,65.12390671,344.05594406,100.00000000,82.99198251,2421915792.75000000,1122247177.00000000,False
248070,솔루엠,KOSPI,전기·전자,17100,-2.61958998,18.36734694,27.61194030,98.76093294,32.66097750,94.27842566,13.32007952,68.80466472,82.93731778,3838643325.50000000,4308014960.00000000,False
069920,엑시온그룹,KOSDAQ,유통,1346,-3.78842030,10.42274052,23.82704692,98.06851312,10.87314662,81.55976676,112.30283912,99.19825073,82.92638484,450316710.19999999,484762809.00000000,False
018670,SK가스,KOSPI,유통,269500,-0.36968577,50.98396501,11.82572614,92.56559767,12.52609603,83.27259475,27.42316785,83.12682216,82.80247813,2890235350.00000000,4755854750.00000000,False
140860,파크시스템스,KOSDAQ,의료·정밀기기,311500,1.63132137,85.27696793,12.65822785,93.36734694,16.88555347,86.44314869,7.97227036,58.41836735,82.79883382,9062996987.50000000,16481984750.00000000,False
322000,HD현대에너지솔루션,KOSPI,전기·전자,146500,0.20519836,67.96647230,13.83061383,94.31486880,6.54545455,75.14577259,36.02599814,88.04664723,82.75874636,37094077605.00000000,29008335350.00000000,False
317120,라닉스,KOSDAQ,전기·전자,1589,0.31565657,70.00728863,11.98026779,92.67492711,9.51068229,79.88338192,23.75389408,79.95626822,82.74781341,98284546.09999999,78831246.00000000,False
348210,넥스틴,KOSDAQ,기계·장비,39700,5.58510638,96.35568513,9.06593407,89.46793003,27.24358974,92.52915452,2.71668823,46.06413994,82.70043732,3211275007.50000000,3743220775.00000000,False
430690,한싹,KOSDAQ,IT 서비스,3130,-4.57317073,6.19533528,10.60070671,91.25364431,24.70119522,91.32653061,42.27272727,90.77988338,82.68221574,1603496581.50000000,430623342.00000000,False
074600,원익QnC,KOSDAQ,비금속,32350,3.52000000,92.89358601,5.89198036,82.68950437,19.37269373,88.44752187,11.55172414,65.70699708,82.61661808,5738275460.00000000,8491673900.00000000,False
129920,대성하이텍,KOSDAQ,기계·장비,6980,-3.98899587,9.22011662,5.75757576,82.47084548,33.20610687,94.46064140,65.20710059,95.69970845,82.58746356,1056224200.10000002,1003713110.00000000,False
209640,와이제이링크,KOSDAQ,기계·장비,3895,-1.14213198,36.95335277,10.65340909,91.32653061,29.18739635,93.25801749,14.72754050,70.80903790,82.55830904,5988756866.75000000,1762574602.00000000,False
006400,삼성SDI,KOSPI,전기·전자,567000,1.79533214,86.04227405,10.52631579,91.10787172,4.80591497,71.39212828,41.22042341,90.30612245,82.55466472,197449077970.20001221,397315051404.00000000,False
004100,태양금속,KOSPI,운송장비·부품,3205,0.00000000,61.20626822,5.25451560,80.86734694,15.70397112,85.60495627,37.55364807,88.84839650,82.39249271,1188383590.79999995,1072016903.00000000,False
011790,SKC,KOSPI,화학,107500,-0.55504163,47.08454810,8.69565217,88.90306122,22.15909091,90.37900875,16.97497280,74.16180758,82.36333819,22794884822.50000000,30468512450.00000000,False
462350,이노스페이스,KOSDAQ,운송장비·부품,6910,5.33536585,96.17346939,16.52613828,95.69970845,19.34369603,88.41107872,1.76730486,43.29446064,82.35058309,3093784027.50000000,11989419175.00000000,False
125490,한라캐스트,KOSDAQ,운송장비·부품,12670,-2.38828968,20.99125364,8.84879725,89.13994169,15.91948765,85.71428571,68.26029216,95.99125364,82.32507289,24454049214.25000000,11291802535.00000000,False
478560,블랙야크아이앤씨,KOSDAQ,섬유·의류,3460,1.76470588,85.86005831,5.64885496,82.14285714,8.46394984,78.35276968,36.75889328,88.48396501,82.26676385,159098149.65000001,181684736.00000000,False
192820,코스맥스,KOSPI,화학,303500,-2.25442834,22.44897959,12.82527881,93.54956268,10.76642336,81.34110787,74.92795389,96.90233236,82.22667638,30498119850.00000000,46193424000.00000000,False
003830,대한화섬,KOSPI,화학,122500,13.74187558,98.94314869,13.21626617,93.80466472,6.98689956,75.91107872,13.42592593,68.98688047,82.19752187,17034042.50000000,36534200.00000000,False
068790,DMS,KOSDAQ,기계·장비,8270,0.24242424,68.84110787,3.11720698,72.33965015,23.43283582,90.85276968,32.10862620,86.26093294,82.17930029,413848458.25000000,299158975.00000000,False
038620,위즈코프,KOSDAQ,유통,2150,1.41509434,83.60058309,7.50000000,86.58892128,10.71060762,81.23177843,19.97767857,76.74927114,82.17930029,55613445.50000000,5643670.00000000,False
398120,에스지헬스케어,KOSDAQ,의료·정밀기기,2330,1.30434783,82.65306122,4.01785714,76.53061224,32.76353276,94.35131195,11.75059952,65.99854227,82.16472303,157783962.40000001,83444470.00000000,False
115500,케이씨에스,KOSDAQ,IT 서비스,11410,-3.87531592,9.69387755,6.93533271,85.34985423,29.51191827,93.36734694,42.98245614,91.07142857,82.13556851,8008046202.00000000,3313192580.00000000,False
281740,레이크머티리얼즈,KOSDAQ,화학,12870,1.90023753,86.80758017,11.13989637,91.94606414,15.21933751,85.42274052,7.96979866,58.38192420,82.11005831,4981177817.75000000,6612496650.00000000,False
143540,영우디에스피,KOSDAQ,기계·장비,1119,6.26780627,96.90233236,10.79207921,91.58163265,7.80346821,77.29591837,14.18367347,70.00728863,82.08454810,159530366.15000001,1671132412.00000000,False
241790,티이엠씨씨엔에스,KOSDAQ,기계·장비,6640,0.91185410,79.00874636,6.41025641,84.14723032,7.44336570,76.60349854,44.34782609,91.29008746,82.04446064,579240967.50000000,531043540.00000000,False
445180,퓨릿,KOSDAQ,화학,9800,0.82304527,78.02478134,2.61780105,69.16909621,22.80701754,90.67055394,31.89771198,86.07871720,82.03717201,636098240.25000000,338485480.00000000,False
032500,케이엠더블유,KOSDAQ,전기·전자,19800,-1.24688279,35.64139942,4.43037975,77.91545190,34.41955193,94.89795918,30.95238095,85.42274052,81.98250729,5325166736.25000000,2549757015.00000000,False
000400,롯데손해보험,KOSPI,보험,2295,2.22717149,88.62973761,11.40776699,92.16472303,10.33653846,80.79446064,11.40776699,65.30612245,81.89139942,734777500.14999998,1385967139.00000000,False
460870,에스엠씨지,KOSDAQ,비금속,3115,-0.16025641,55.50291545,7.97227036,87.64577259,9.87654321,80.50291545,38.13747228,89.13994169,81.87317784,168599354.40000001,212989410.00000000,False
357780,솔브레인,KOSDAQ,화학,413000,1.47420147,84.00145773,1.97530864,65.23323615,21.29221733,89.79591837,40.00000000,89.90524781,81.86953353,12379108475.00000000,13281114500.00000000,False
005290,동진쎄미켐,KOSDAQ,화학,50500,0.39761431,71.84766764,4.77178423,79.40962099,21.54031288,89.94169096,17.16937355,74.27113703,81.83855685,20797899210.00000000,22319128650.00000000,False
456010,아이씨티케이,KOSDAQ,전기·전자,23800,-4.22535211,8.01749271,3.70370370,75.12755102,58.66666667,98.54227405,62.67942584,95.37172012,81.83126822,28257089315.00000000,18111114950.00000000,False
086520,에코프로,KOSDAQ,금융,91200,0.21978022,68.25801749,13.85767790,94.38775510,10.54545455,81.12244898,14.86146096,71.06413994,81.80393586,55790631687.50000000,88162841700.00000000,False
062970,한국첨단소재,KOSDAQ,전기·전자,3020,-4.12698413,8.56413994,4.49826990,78.13411079,57.78474399,98.39650146,42.18455744,90.70699708,81.79664723,19564958591.75000000,4469354945.00000000,False
101400,엔시트론,KOSDAQ,전기·전자,1841,1.04281010,80.35714286,14.99063086,95.08017493,9.25816024,79.55539359,12.25609756,66.98250729,81.77842566,266117160.69999999,196276307.00000000,False
290720,푸드나무,KOSDAQ,유통,3285,1.38888889,83.40014577,10.05025126,90.67055394,21.21771218,89.65014577,4.78468900,51.38483965,81.67820700,219797155.09999999,371600890.00000000,False
137400,피엔티,KOSDAQ,기계·장비,33150,3.43213729,92.67492711,11.24161074,92.05539359,11.24161074,82.10641399,8.51063830,59.40233236,81.60714286,3791853053.75000000,5396980775.00000000,False
418550,제이오,KOSDAQ,일반서비스,5280,0.38022814,71.46501458,6.23742455,83.78279883,11.98303287,82.58017493,25.41567696,81.41399417,81.59620991,296715969.64999998,246823450.00000000,False
096530,씨젠,KOSDAQ,제약,37950,-2.19072165,22.95918367,7.05218618,85.49562682,20.85987261,89.24927114,39.26605505,89.72303207,81.58892128,11281875576.04999924,14872663950.00000000,False
065690,파커스,KOSDAQ,화학,1968,1.60041301,84.94897959,4.51407329,78.27988338,6.78241997,75.54664723,74.62289264,96.86588921,81.57069971,60285131.50000000,33418078.00000000,False
086390,유니테스트,KOSDAQ,기계·장비,14430,-0.13840830,56.15889213,2.70462633,69.64285714,24.82698962,91.50874636,47.09480122,92.20116618,81.55247813,2849226196.25000000,2446970905.00000000,False
161000,애경케미칼,KOSPI,화학,11180,3.61445783,93.33090379,9.82318271,90.30612245,5.97156398,73.83381924,21.52173913,77.91545190,81.54154519,1791110635.75000000,5176894980.00000000,False
052900,KX하이텍,KOSDAQ,화학,1259,2.52442997,89.72303207,7.24020443,86.07871720,28.46938776,93.11224490,3.19672131,47.23032070,81.48688047,841066279.39999998,976726967.00000000,False
361610,SK아이이테크놀로지,KOSPI,전기·전자,18420,1.82421227,86.37026239,6.53556969,84.40233236,12.38560098,83.05393586,15.12500000,71.53790087,81.48688047,9913651179.25000000,9082057180.00000000,False
489500,엘케이켐,KOSDAQ,화학,23900,4.13943355,94.46064140,2.79569892,70.15306122,16.01941748,85.82361516,27.80748663,83.30903790,81.48323615,408792631.50000000,886546650.00000000,False
002870,신풍,KOSPI,유통,1189,1.71086399,85.60495627,8.38650866,88.37463557,7.69927536,77.11370262,20.95625636,77.66034985,81.45043732,294718706.69999999,37528190.00000000,False
088800,에이스테크,KOSDAQ,전기·전자,2270,-2.99145299,15.26967930,6.07476636,83.19970845,28.17617165,93.00291545,36.33633634,88.22886297,81.33381924,1631061037.84999990,430404693.00000000,False
360070,탑머티리얼,KOSDAQ,전기·전자,10280,-1.24879923,35.56851312,6.74974039,84.83965015,22.52681764,90.52478134,22.81959379,79.30029155,81.07871720,130587577.50000000,136035025.00000000,False
251970,펌텍코리아,KOSDAQ,화학,65800,-2.66272189,17.98469388,6.12903226,83.34548105,22.53258845,90.56122449,40.89935760,90.16034985,81.05867347,5966932892.50000000,5498522100.00000000,False
007280,한국특강,KOSPI,금속,2445,3.38266385,92.41982507,7.94701987,87.60932945,5.38793103,72.44897959,26.68393782,82.47084548,80.99854227,41355994.30000000,102563009.00000000,False
003200,일신방직,KOSPI,섬유·의류,11460,3.05755396,91.65451895,7.10280374,85.71428571,10.19230769,80.75801749,13.46534653,69.05976676,80.99489796,1511013726.50000000,2174959065.00000000,False
029460,케이씨,KOSPI,의료·정밀기기,46350,-2.00845666,25.18221574,4.74576271,79.15451895,19.61290323,88.62973761,65.83184258,95.77259475,80.87099125,1639868310.00000000,1632127050.00000000,False
176750,듀켐바이오,KOSDAQ,제약,7530,-2.58732212,18.71355685,9.28882438,89.57725948,20.67307692,89.17638484,26.13065327,81.99708455,80.81450437,546864787.50000000,301187200.00000000,False
142280,녹십자엠에스,KOSDAQ,제약,3675,-14.53488372,0.32798834,12.38532110,93.00291545,19.31818182,88.37463557,34.61538462,87.50000000,80.78352770,8635977826.50000000,35464070974.00000000,False
403850,더핑크퐁컴퍼니,KOSDAQ,오락·문화,13540,7.12025316,97.52186589,9.81346310,90.19679300,4.15384615,69.75218659,24.22018349,80.32069971,80.77623907,1100206818.75000000,3383020540.00000000,False
0088M0,메쥬,KOSDAQ,의료·정밀기기,15140,1.95286195,87.20845481,12.56505576,93.11224490,14.26415094,84.87609329,4.41379310,50.32798834,80.67055394,1712726135.25000000,1483239045.00000000,False
479960,위너스일렉,KOSDAQ,전기·전자,6670,2.77349769,90.77988338,9.88467875,90.41545190,10.98169717,81.77842566,8.10372771,58.52769679,80.61953353,87033826.50000000,98302620.00000000,False
002680,한탑,KOSDAQ,음식료·담배,3610,-8.02547771,1.34839650,3.43839542,73.83381924,44.11177645,96.61078717,93.04812834,98.28717201,80.58673469,338277584.44999999,464027270.00000000,False
478340,나라스페이스테크놀로지,KOSDAQ,운송장비·부품,14450,-5.49378679,4.00874636,5.93841642,82.90816327,43.49553128,96.53790087,27.87610619,83.38192420,80.56486880,25603356403.25000000,4162802040.00000000,False
291230,컴투스엔,KOSDAQ,일반서비스,2735,1.29629630,82.54373178,4.78927203,79.51895044,7.88954635,77.56924198,33.41463415,87.13556851,80.56486880,67123221.05000000,68119290.00000000,False
086960,MDS테크,KOSDAQ,IT 서비스,2365,0.63829787,75.51020408,2.82608696,70.33527697,20.23385867,88.99416910,25.39766702,81.37755102,80.52478134,3164527664.34999990,832253851.00000000,False
096775,SK이노베이션우,KOSPI,화학,75600,1.06951872,80.68513120,3.84615385,75.69241983,10.04366812,80.64868805,33.56890459,87.20845481,80.47740525,392433302.50000000,393377600.00000000,False
012790,신일제약,KOSDAQ,제약,6520,0.92879257,79.22740525,5.67260940,82.21574344,8.30564784,78.17055394,27.34375000,83.05393586,80.46647230,103769218.50000000,121399210.00000000,False
267320,나인테크,KOSDAQ,기계·장비,2780,4.51127820,95.33527697,0.54249548,53.20699708,27.52293578,92.67492711,39.13913914,89.50437318,80.46647230,9211823428.39999962,36894860002.00000000,False
009830,한화솔루션,KOSPI,화학,35700,-0.97087379,39.57725948,7.85498489,87.44533528,20.40472175,89.10349854,15.90909091,72.77696793,80.38811953,103421832538.75000000,87165232375.00000000,False
199480,뱅크웨어글로벌,KOSDAQ,IT 서비스,4180,1.08827086,80.83090379,4.63078849,78.75364431,6.36132316,74.74489796,53.11355311,93.44023324,80.29518950,72136968.40000001,72314185.00000000,False
126730,코칩,KOSDAQ,전기·전자,24200,-1.42566191,32.79883382,3.86266094,75.76530612,18.04878049,87.39067055,71.14568600,96.46501458,80.25874636,16485534198.00000000,4039768150.00000000,False
306620,지아이에스,KOSDAQ,기계·장비,2145,0.46838407,72.74052478,4.63414634,78.79008746,18.83656510,87.93731778,14.64457509,70.69970845,80.22594752,756364582.25000000,539435054.00000000,False
086890,이수앱지스,KOSDAQ,제약,4040,0.00000000,61.20626822,4.93506494,79.91982507,18.47507331,87.71865889,18.12865497,75.14577259,80.21319242,327570190.69999999,193847805.00000000,False
328130,루닛,KOSDAQ,IT 서비스,11300,1.25448029,82.21574344,4.62962963,78.71720117,27.39571590,92.60204082,7.10900474,56.59620991,80.19679300,9809583007.25000000,11204797080.00000000,False
054920,한컴위드,KOSDAQ,IT 서비스,4855,-5.72815534,3.53498542,3.96145610,76.27551020,32.65027322,94.24198251,68.57638889,96.10058309,80.15306122,16655956356.04999924,5142851441.00000000,False
445090,에이직랜드,KOSDAQ,전기·전자,23300,1.74672489,85.78717201,6.63615561,84.62099125,14.49631450,85.05830904,8.87850467,60.49562682,80.08746356,604949377.00000000,2007041200.00000000,False
452280,한선엔지니어링,KOSDAQ,금속,14060,-0.63604240,45.62682216,2.40349599,68.07580175,37.97841021,95.40816327,29.10927456,84.36588921,80.02186589,16678655024.00000000,6944866460.00000000,False
900110,딥커머스,KOSDAQ,금융,6430,1.41955836,83.63702624,17.98165138,96.20991254,6.98835275,75.94752187,9.74569039,62.02623907,80.01093294,65543217.25000000,317671060.00000000,False
105760,포스뱅크,KOSDAQ,기계·장비,5290,2.91828794,91.14431487,5.90590591,82.72594752,3.72549020,68.62244898,49.22425952,92.78425656,79.93804665,99966133.95000000,251547790.00000000,False
178920,PI첨단소재,KOSPI,화학,20650,2.73631841,90.45189504,7.38429537,86.44314869,6.77352637,75.51020408,16.20709060,73.10495627,79.80320700,723260716.50000000,1477705715.00000000,False
115610,이미지스,KOSDAQ,전기·전자,1803,-4.95519241,5.17492711,12.05717837,92.78425656,12.54681648,83.34548105,41.19028974,90.26967930,79.74489796,238733882.55000001,177649788.00000000,False
396470,워트,KOSDAQ,기계·장비,7140,0.56338028,74.23469388,2.88184438,70.75437318,12.08791209,82.83527697,39.18128655,89.61370262,79.70663265,757797659.25000000,511293550.00000000,False
246960,SCL사이언스,KOSDAQ,제약,2780,-3.13588850,14.32215743,3.92523364,76.03862974,24.10714286,91.07142857,59.77011494,94.82507289,79.63739067,426515585.25000000,809573330.00000000,False
112610,씨에스윈드,KOSPI,금속,55400,-2.63620387,18.25801749,7.78210117,87.24489796,13.06122449,83.89212828,41.32653061,90.37900875,79.63192420,19735477490.00000000,17988435600.00000000,False
192250,케이사인,KOSDAQ,IT 서비스,8880,-4.41334769,7.10641399,8.02919708,87.71865889,23.84937238,90.99854227,24.89451477,81.01311953,79.62827988,1683117061.50000000,1153645990.00000000,False
036800,나이스정보통신,KOSDAQ,통신,8150,-0.85158151,41.54518950,5.84415584,82.50728863,12.10453920,82.87172012,35.38205980,87.71865889,79.59912536,1060117964.00000000,299488675.00000000,False
251120,바이오에프디엔씨,KOSDAQ,제약,10260,4.26829268,94.82507289,1.58415842,62.46355685,18.75000000,87.90087464,24.06287787,80.13848397,79.40962099,157372952.50000000,338212430.00000000,False
053610,프로텍,KOSDAQ,기계·장비,81200,0.99502488,79.95626822,0.86956522,56.37755102,25.30864198,91.87317784,36.47058824,88.30174927,79.31851312,3001867935.00000000,5752635800.00000000,False
322180,LS티라유텍,KOSDAQ,IT 서비스,4485,-0.55432373,47.15743440,8.20265380,87.97376093,11.98501873,82.61661808,18.80794702,75.72886297,79.30029155,268430533.19999999,359326217.00000000,False
388870,파로스아이바이오,KOSDAQ,일반서비스,6350,-4.51127820,6.63265306,8.73287671,88.99416910,20.03780718,88.84839650,25.24654832,81.26822157,79.15451895,364980380.00000000,341488930.00000000,False
333050,이노테나,KOSDAQ,IT 서비스,5940,0.16863406,66.98250729,3.66492147,75.03644315,18.91891892,88.08309038,16.47058824,73.39650146,79.12172012,78702170.25000000,46483950.00000000,False
060310,3S,KOSDAQ,의료·정밀기기,1221,2.26130653,88.92128280,10.39783002,90.96209913,8.05309735,77.76967930,8.34072760,59.00145773,79.08892128,126126717.50000000,223803791.00000000,False
317330,덕산테코피아,KOSDAQ,화학,13420,-1.82882224,26.93148688,7.10295291,85.75072886,12.02003339,82.72594752,35.28225806,87.68221574,79.04518950,1625786386.00000000,1250942675.00000000,False
0015S0,페스카로,KOSDAQ,일반서비스,8150,-0.24479804,53.20699708,4.75578406,79.26384840,17.60461760,86.98979592,18.45930233,75.43731778,78.98323615,2294516690.50000000,213928955.00000000,False
456160,지투지바이오,KOSDAQ,제약,42050,-5.29279279,4.37317784,18.61777151,96.61078717,9.79112272,80.39358601,33.06962025,86.98979592,78.97594752,8398646297.50000000,8782771700.00000000,False
036010,아비코전자,KOSDAQ,전기·전자,8000,0.00000000,61.20626822,4.57516340,78.46209913,10.34482759,80.86734694,29.65964344,84.65743440,78.93768222,737773656.00000000,686214685.00000000,False
041520,이엘씨,KOSDAQ,의료·정밀기기,12890,1.25687353,82.25218659,2.05859066,65.77988338,9.60884354,80.02915452,58.74384236,94.64285714,78.89941691,210073090.25000000,112980350.00000000,False
131030,옵투스제약,KOSDAQ,제약,6450,0.00000000,61.20626822,7.32113145,86.26093294,12.56544503,83.43658892,12.76223776,67.56559767,78.88666181,233992319.75000000,250365870.00000000,False
240810,원익IPS,KOSDAQ,기계·장비,134200,2.20868241,88.48396501,1.89825361,64.61370262,14.11564626,84.69387755,27.93136320,83.45481050,78.80102041,157835049367.39999390,247126778154.00000000,False
025000,KPX케미칼,KOSPI,화학,59300,2.24137931,88.73906706,4.21792619,77.15014577,9.20810313,79.44606414,17.89264414,74.92711370,78.78279883,279029040.00000000,182582400.00000000,False
042040,케이피엠테크,KOSDAQ,유통,5590,7.91505792,97.81341108,11.57684631,92.38338192,21.12676056,89.54081633,-2.78260870,27.29591837,78.77186589,36117923.05000000,105050830.00000000,False
098120,마이크로컨텍솔,KOSDAQ,전기·전자,57600,-4.79338843,5.68513120,3.22580645,72.88629738,23.73791622,90.92565598,168.53146853,99.78134111,78.76093294,9401604937.50000000,6101432400.00000000,False
037350,성도이엔지,KOSDAQ,일반서비스,8400,0.23866348,68.56778426,8.66752911,88.77551020,13.36032389,84.36588921,7.55441741,57.47084548,78.72995627,1068444493.25000000,1147402665.00000000,False
000520,삼일제약,KOSPI,제약,8300,-1.65876777,29.40962099,2.46913580,68.36734694,32.16560510,94.09620991,36.06557377,88.11953353,78.71355685,800683383.00000000,390278000.00000000,False
321370,센서뷰,KOSDAQ,전기·전자,1779,-6.61417323,2.29591837,5.26627219,80.90379009,59.40860215,98.65160350,16.65573770,73.65160350,78.69169096,17406579473.79999924,5023122033.00000000,False
003670,포스코퓨처엠,KOSPI,전기·전자,191300,0.63124671,75.25510204,6.69269381,84.76676385,4.76451260,71.31924198,31.02739726,85.49562682,78.58236152,64618569610.00000000,102330364750.00000000,False
294140,레몬,KOSDAQ,화학,2825,0.17730496,67.14650146,1.25448029,59.58454810,25.27716186,91.83673469,31.39534884,85.89650146,78.50400875,63233953.05000000,32622840.00000000,False
023150,MH에탄올,KOSPI,음식료·담배,4610,0.87527352,78.71720117,12.57631258,93.14868805,12.57631258,83.49125364,2.78706800,46.17346939,78.44752187,59139566.85000000,84912427.00000000,False
084730,팅크웨어,KOSDAQ,전기·전자,7030,0.71633238,76.74927114,5.87349398,82.65306122,9.67238690,80.13848397,13.57027464,69.24198251,78.37463557,99574963.50000000,85253510.00000000,False
443670,에스피소프트,KOSDAQ,IT 서비스,4945,-4.16666667,8.34548105,3.02083333,71.61078717,24.55919395,91.29008746,85.20599251,97.59475219,78.35276968,13787376414.50000000,2940136305.00000000,False
150900,파수AI,KOSDAQ,IT 서비스,4120,-2.71546635,17.60204082,5.37084399,81.19533528,16.54879774,86.33381924,36.65008292,88.44752187,78.34183673,1595911049.45000005,669246991.00000000,False
0017J0,세미티에스,KOSDAQ,기계·장비,3400,-0.14684288,55.94023324,34.12228797,99.30758017,33.07240705,94.42419825,-3.54609929,25.58309038,78.27259475,2435545097.59999990,3914562369.00000000,False
084370,유진테크,KOSDAQ,기계·장비,171700,2.20238095,88.41107872,1.77830468,63.77551020,19.90223464,88.77551020,16.80272109,73.83381924,78.25072886,29055838185.00000000,33769342850.00000000,False
013990,아가방컴퍼니,KOSDAQ,유통,5240,-0.19047619,54.73760933,2.94695481,71.17346939,10.78224101,81.41399417,54.11764706,93.80466472,78.15233236,441605482.75000000,840970720.00000000,False
024060,흥구석유,KOSDAQ,유통,12490,1.13360324,81.15889213,3.82377390,75.58309038,11.21994657,82.03352770,15.86270872,72.66763848,78.13775510,56980093786.75000000,14042099360.00000000,False
462980,아이지넷,KOSDAQ,IT 서비스,1750,-0.90600227,40.45189504,5.67632850,82.25218659,11.46496815,82.25218659,26.81159420,82.50728863,78.12317784,56804275.65000000,39362477.00000000,False
432470,케이엔에스,KOSDAQ,기계·장비,10420,3.16831683,91.76384840,1.36186770,60.56851312,9.68421053,80.22959184,50.14409222,93.00291545,78.03935860,3240019881.25000000,1721465550.00000000,False
264660,씨앤지하이테크,KOSDAQ,기계·장비,14890,1.01763908,80.13848397,2.26648352,67.05539359,14.09961686,84.65743440,24.08333333,80.17492711,78.02842566,443864976.00000000,387451910.00000000,False
451220,아이엠티,KOSDAQ,기계·장비,9560,4.02611534,94.02332362,8.75995449,89.03061224,19.20199501,88.22886297,-0.41666667,33.01749271,78.00655977,298913570.00000000,632352260.00000000,False
352940,인바이오,KOSDAQ,화학,2155,6.15763547,96.72011662,7.48129676,86.55247813,7.75000000,77.25947522,7.48129676,57.32507289,78.00655977,88392423.40000001,9914309.00000000,False
073540,에프알텍,KOSDAQ,전기·전자,2710,-1.98915009,25.32798834,4.83558994,79.70116618,19.91150442,88.81195335,23.74429224,79.91982507,77.95189504,90590923.75000000,74594095.00000000,False
347770,핌스,KOSDAQ,전기·전자,990,5.99571734,96.53790087,18.70503597,96.64723032,5.54371002,72.81341108,4.54065470,50.83819242,77.94096210,53067334.85000000,171386380.00000000,False
489460,바이오비쥬,KOSDAQ,화학,11740,-0.84459459,41.65451895,3.61871139,74.81778426,9.10780669,79.26384840,89.35483871,98.03206997,77.92274052,792292436.25000000,796952690.00000000,False
011500,한농화성,KOSPI,화학,14770,1.79186768,86.00583090,2.64072272,69.31486880,11.05263158,81.85131195,22.47097844,78.86297376,77.90816327,1006996780.25000000,1120995655.00000000,False
336370,솔루스첨단소재,KOSPI,전기·전자,8640,-2.04081633,25.03644315,8.67924528,88.84839650,19.00826446,88.15597668,12.50000000,67.21938776,77.86443149,2220563655.50000000,2052453005.00000000,False
299170,더블유에스아이,KOSDAQ,유통,1465,-0.34013605,51.49416910,5.62364816,81.99708455,18.91233766,88.04664723,10.81694402,64.46793003,77.86078717,4061226046.55000019,1039980738.00000000,False
065130,탑엔지니어링,KOSDAQ,기계·장비,3110,1.80032733,86.11516035,9.89399293,90.45189504,8.74125874,78.89941691,5.42372881,52.69679300,77.84620991,97107228.80000000,164865190.00000000,False
302430,이노메트리,KOSDAQ,기계·장비,7850,0.64102564,75.56486880,1.94805195,65.08746356,14.26491994,84.91253644,28.68852459,83.92857143,77.83345481,4521354492.25000000,743603915.00000000,False
474610,RF시스템즈,KOSDAQ,금속,8130,-0.61124694,46.13702624,2.65151515,69.38775510,17.65557164,87.02623907,35.27454243,87.64577259,77.76967930,689702656.00000000,502672700.00000000,False
331380,포커스에이아이,KOSDAQ,전기·전자,2160,-0.23094688,53.82653061,7.19602978,86.04227405,4.34782609,70.28061224,47.03880191,92.16472303,77.74052478,66057748.20000000,75403185.00000000,False
355150,코스텍시스,KOSDAQ,전기·전자,23500,-1.67364017,29.26384840,3.52422907,74.34402332,22.26847034,90.48833819,24.60233298,80.79446064,77.58381924,2987903362.25000000,3821493250.00000000,False
121890,에스디시스템,KOSDAQ,전기·전자,2905,1.04347826,80.44825073,6.21572212,83.67346939,1.92982456,63.19241983,61.20976693,95.11661808,77.44715743,165230129.84999999,371948520.00000000,False
061970,LB세미콘,KOSDAQ,전기·전자,4675,0.00000000,61.20626822,2.86028603,70.55393586,18.20480405,87.53644315,18.20480405,75.29154519,77.35969388,1507102501.65000010,1316022918.00000000,False
104830,원익머트리얼즈,KOSDAQ,화학,40650,0.86848635,78.68075802,0.99378882,57.58017493,26.63551402,92.27405248,19.03367496,76.12973761,77.27769679,2884692595.00000000,2801976150.00000000,False
226590,엠디바이스,KOSDAQ,전기·전자,14670,-0.06811989,57.28862974,1.94579569,65.05102041,21.13955409,89.57725948,24.85106383,80.94023324,77.26311953,1088439867.25000000,442760935.00000000,False
383310,에코프로에이치엔,KOSDAQ,화학,25200,0.00000000,61.20626822,13.51351351,94.13265306,10.76923077,81.37755102,4.78170478,51.34839650,77.18112245,3424820047.50000000,2365911450.00000000,False
203650,드림시큐리티,KOSDAQ,IT 서비스,2785,-3.46620451,12.02623907,2.38970588,67.96647230,38.21339950,95.51749271,32.93556086,86.84402332,77.16836735,28241645387.84999847,8297087256.00000000,False
038680,에스넷,KOSDAQ,IT 서비스,3920,0.90090090,78.93586006,8.43706777,88.44752187,2.61780105,65.34256560,27.27272727,82.94460641,77.15379009,266152366.75000000,364965665.00000000,False
039560,다산네트웍스,KOSDAQ,전기·전자,2765,-3.65853659,11.07871720,9.28853755,89.54081633,16.17647059,86.00583090,16.66666667,73.70626822,77.11370262,1067932264.60000002,913920284.00000000,False
297090,씨에스베어링,KOSDAQ,기계·장비,4865,-2.40722166,20.66326531,4.17558887,76.93148688,17.79661017,87.20845481,30.77956989,85.34985423,77.09912536,512823008.10000002,230780849.00000000,False
101170,우림피티에스,KOSDAQ,기계·장비,8810,-1.78372352,27.51457726,8.76543210,89.06705539,8.49753695,78.42565598,24.96453901,81.08600583,77.05903790,548697889.50000000,369226975.00000000,False
455180,케이지에이,KOSDAQ,기계·장비,1384,7.37005431,97.74052478,9.84126984,90.37900875,9.58036421,79.99271137,1.09569028,40.56122449,76.99708455,51162974.60000000,140523943.00000000,False
002960,한국쉘석유,KOSPI,화학,545000,2.05992509,87.64577259,5.00963391,80.10204082,9.32798395,79.62827988,9.54773869,61.69825073,76.98615160,483281200.00000000,784466000.00000000,False
055490,테이팩스,KOSPI,화학,17150,0.29239766,69.78862974,10.71659135,91.39941691,1.47928994,61.84402332,38.08373591,89.06705539,76.94970845,266222299.00000000,527650950.00000000,False
317870,엔바이오니아,KOSDAQ,기타제조,5500,3.38345865,92.45626822,2.80373832,70.18950437,5.16252390,72.04810496,37.84461153,88.95772595,76.91326531,54272463.50000000,41472330.00000000,False
264450,유비쿼스,KOSDAQ,전기·전자,11590,-0.08620690,57.21574344,3.11387900,72.30320700,13.18359375,84.07434402,22.51585624,78.97230321,76.83673469,817823843.75000000,450880710.00000000,False
005690,파미셀,KOSPI,전기·전자,12750,-1.54440154,30.90379009,5.54635762,81.81486880,18.71508380,87.82798834,14.34977578,70.33527697,76.83309038,20550198552.00000000,8134589035.00000000,False
000390,SP삼화,KOSPI,화학,7200,0.55865922,74.18002915,2.71041369,69.71574344,10.93990755,81.70553936,22.44897959,78.82653061,76.78024781,506475760.25000000,397342965.00000000,False
289080,SV인베스트먼트,KOSDAQ,금융,2685,-0.18587361,54.84693878,1.51228733,62.06268222,14.25531915,84.83965015,53.86819484,93.69533528,76.77842566,5943898240.25000000,1661233490.00000000,False
317530,에피소드컴퍼니,KOSDAQ,오락·문화,3310,13.35616438,98.90670554,2.63565891,69.27842566,12.01353638,82.68950437,11.26050420,65.01457726,76.75291545,72082818.59999999,201984605.00000000,False
330860,네패스아크,KOSDAQ,일반서비스,32750,4.29936306,94.89795918,6.33116883,84.00145773,34.22131148,94.82507289,-6.02582496,20.55393586,76.73104956,7027269392.50000000,10739820925.00000000,False
061090,세나테크놀로지,KOSDAQ,전기·전자,43300,-0.45977011,49.16180758,6.12745098,83.30903790,10.45918367,81.04956268,15.46666667,72.01166181,76.73104956,678995305.00000000,1072481875.00000000,False
168330,내츄럴엔도텍,KOSDAQ,일반서비스,2390,0.20964361,68.03935860,2.57510730,69.02332362,9.63302752,80.06559767,31.60792952,85.93294461,76.72376093,24873524.30000000,29457125.00000000,False
092300,현우산업,KOSDAQ,전기·전자,2735,-1.26353791,35.31341108,9.83935743,90.34256560,7.88954635,77.56924198,18.14254860,75.18221574,76.69825073,208969236.19999999,151187962.00000000,False
127710,아시아경제,KOSDAQ,IT 서비스,1422,-0.42016807,49.89067055,0.21141649,49.74489796,41.77467597,96.17346939,44.80651731,91.47230321,76.67638484,119367948.05000000,183523572.00000000,False
014680,한솔케미칼,KOSPI,화학,266500,0.75614367,77.25947522,1.71755725,63.19241983,31.93069307,94.02332362,9.67078189,61.88046647,76.66909621,13206830152.50000000,14778249750.00000000,False
041910,폴라리스AI파마,KOSDAQ,제약,5910,0.16949153,67.01895044,7.25952813,86.15160350,8.63970588,78.71720117,9.44444444,61.58892128,76.35204082,170633187.25000000,265832800.00000000,False
039030,이오테크닉스,KOSDAQ,기계·장비,519000,0.38684720,71.57434402,0.77669903,55.57580175,13.81578947,84.54810496,51.53284672,93.18513120,76.28644315,58792609800.00000000,104102017500.00000000,False
274400,이노시뮬레이션,KOSDAQ,IT 서비스,2305,0.21739130,68.18513120,12.99019608,93.65889213,3.13199105,66.90962099,16.06243706,72.88629738,76.25728863,27220025.45000000,52414088.00000000,False
420770,기가비스,KOSDAQ,기계·장비,137500,1.62601626,85.16763848,8.18253344,87.90087464,35.06876228,95.04373178,-9.24092409,16.50874636,76.20626822,16916553672.50000000,8673604250.00000000,False
260970,에스앤디,KOSDAQ,음식료·담배,61500,-2.38095238,21.08236152,4.59183673,78.53498542,18.04222649,87.35422741,21.30177515,77.69679300,76.14978134,701296950.00000000,658868000.00000000,False
028300,HLB,KOSDAQ,제약,46000,0.54644809,73.90670554,11.24546554,92.09183673,39.60546282,95.73615160,-11.87739464,13.48396501,76.00947522,53914244906.25000000,42454001925.00000000,True
307930,컴퍼니케이,KOSDAQ,금융,6500,1.72143975,85.67784257,3.17460317,72.66763848,8.51419032,78.46209913,14.84098940,71.02769679,75.95845481,337934117.00000000,102470590.00000000,False
417860,오브젠,KOSDAQ,IT 서비스,7310,0.82758621,78.17055394,7.34214391,86.37026239,4.87804878,71.57434402,12.98299845,67.96647230,75.95116618,380069631.00000000,107701340.00000000,False
412350,레이저쎌,KOSDAQ,기계·장비,6620,2.95489891,91.29008746,-0.45112782,38.62973761,34.14387031,94.78862974,32.40000000,86.40670554,75.91472303,2588707607.09999990,2451339445.00000000,False
083470,이엠앤아이,KOSDAQ,화학,974,-1.61616162,30.13848397,10.18099548,90.85276968,7.38699008,76.56705539,18.06060606,75.07288630,75.91107872,108188125.84999999,832126162.00000000,False
023810,인팩,KOSPI,운송장비·부품,5390,0.18587361,67.31049563,6.31163708,83.94679300,5.89390963,73.68804665,15.66523605,72.37609329,75.86552478,56158523.25000000,31501010.00000000,False
077500,유니퀘스트,KOSPI,유통,9960,2.68041237,90.30612245,-1.28840436,30.32069971,38.91213389,95.66326531,79.78339350,97.30320700,75.85276968,3154165420.25000000,2506129540.00000000,False
377330,이지트로닉스,KOSDAQ,전기·전자,2865,0.70298770,76.53061224,4.56204380,78.38921283,4.18181818,69.89795918,28.18791946,83.60058309,75.84912536,9096051.75000000,6705250.00000000,False
137080,나래나노텍,KOSDAQ,기계·장비,6770,-0.73313783,43.69533528,8.49358974,88.52040816,5.78125000,73.46938776,20.67736185,77.51457726,75.81632653,100284515.25000000,985775230.00000000,False
109670,씨싸이트,KOSDAQ,섬유·의류,16370,1.93026152,87.09912536,-2.15182307,23.68804665,219.10331384,100.00000000,286.99763593,99.92711370,75.80174927,3281783871.50000000,5209430720.00000000,False
011330,유니켐,KOSPI,운송장비·부품,4375,2.33918129,89.13994169,10.89987326,91.72740525,0.34403670,56.66909621,27.92397661,83.41836735,75.78352770,486465428.85000002,382826269.00000000,False
356890,싸이버원,KOSDAQ,IT 서비스,2615,-0.38095238,50.67419825,3.35968379,73.61516035,10.33755274,80.83090379,25.41966427,81.45043732,75.77441691,447397870.64999998,60872435.00000000,False
434480,모니터랩,KOSDAQ,IT 서비스,2900,-2.68456376,17.74781341,5.45454545,81.63265306,11.11111111,81.92419825,28.31858407,83.63702624,75.76166181,1490357375.95000005,428615538.00000000,False
425420,티에프이,KOSDAQ,전기·전자,63800,-1.08527132,37.90087464,0.78988942,55.75801749,21.06261860,89.46793003,76.73130194,97.08454810,75.72157434,9365819150.00000000,9111492800.00000000,False
174900,앱클론,KOSDAQ,제약,25200,-5.97014925,3.02478134,13.25842697,93.84110787,15.33180778,85.45918367,11.25827815,64.97813411,75.63411079,3873525805.50000000,4814767250.00000000,False
067920,이글루,KOSDAQ,IT 서비스,6130,-3.15955766,14.21282799,4.96575342,79.95626822,16.09848485,85.86005831,22.84569138,79.33673469,75.61953353,1117949000.75000000,742556505.00000000,False
282880,코윈로보틱스,KOSDAQ,기계·장비,11120,0.63348416,75.32798834,3.15398887,72.55830904,9.66469428,80.10204082,14.75748194,70.95481050,75.53206997,485110585.00000000,265242130.00000000,False
011690,와이투솔루션,KOSPI,전기·전자,3615,-3.72836218,10.71428571,6.48011782,84.25655977,12.26708075,83.01749271,23.37883959,79.73760933,75.50291545,590182517.64999998,428998460.00000000,False
322310,오로스테크놀로지,KOSDAQ,기계·장비,16180,1.76100629,85.82361516,6.51744569,84.32944606,27.90513834,92.85714286,-5.04694836,22.37609329,75.49927114,1389306287.75000000,1371657935.00000000,False
073490,LIG아큐버,KOSDAQ,전기·전자,32900,-0.90361446,40.48833819,2.17391304,66.70918367,12.47863248,83.23615160,42.11663067,90.63411079,75.48287172,1732578721.25000000,1339238250.00000000,False
025900,동화기업,KOSDAQ,종이·목재,7370,0.40871935,71.97521866,5.43633763,81.52332362,3.22128852,67.34693878,28.84615385,84.07434402,75.40816327,494356121.00000000,913870745.00000000,False
006405,삼성SDI우,KOSPI,전기·전자,223000,1.59453303,84.87609329,7.72946860,87.17201166,1.59453303,62.09912536,23.20441989,79.62827988,75.40451895,930489487.50000000,1643266250.00000000,False
016100,리더스코스메틱,KOSDAQ,종이·목재,1345,3.62095532,93.36734694,0.29828486,50.83819242,15.94827586,85.78717201,26.64783427,82.36151603,75.37536443,43362403.60000000,6553173.00000000,False
265520,AP시스템,KOSDAQ,기계·장비,20550,2.90435653,91.10787172,6.80873181,85.02186589,7.70440252,77.15014577,4.05063291,49.30758017,75.33892128,836765096.50000000,766217975.00000000,False
065440,이루온,KOSDAQ,IT 서비스,1559,-3.22780881,13.59329446,9.55727337,89.86880466,16.60433807,86.37026239,9.86610289,62.31778426,75.33163265,1077796530.09999990,448234191.00000000,False
049430,코메론,KOSDAQ,의료·정밀기기,22900,5.28735632,96.10058309,3.15315315,72.52186589,5.28735632,72.26676385,17.37570477,74.52623907,75.17857143,719405651.25000000,1257070200.00000000,False
491000,리브스메드,KOSDAQ,의료·정밀기기,37450,-0.79470199,42.49271137,23.19078947,97.92274052,10.96296296,81.74198251,1.90476190,43.54956268,75.03279883,6757306198.75000000,4468451875.00000000,False
032540,TJ미디어,KOSDAQ,전기·전자,3855,4.18918919,94.67930029,3.07486631,71.93877551,5.61643836,73.06851312,16.64145234,73.61516035,75.00000000,36495144.90000000,78681862.00000000,False
037070,파세코,KOSDAQ,전기·전자,6920,2.21565731,88.55685131,4.21686747,77.09548105,15.14143095,85.38629738,2.06489676,44.20553936,74.97995627,371536648.25000000,603717830.00000000,False
277070,린드먼아시아,KOSDAQ,금융,3435,0.14577259,66.25364431,2.53731343,68.69533528,11.70731707,82.39795918,16.83673469,73.87026239,74.96720117,25209179.15000000,3966640.00000000,False
005500,삼진제약,KOSPI,제약,20000,0.85728694,78.49854227,5.04201681,80.17492711,6.49627263,75.03644315,11.29660545,65.16034985,74.94897959,459137431.50000000,901112430.00000000,False
006730,서부TD,KOSDAQ,일반서비스,11820,-1.50000000,31.57798834,10.77788191,91.47230321,6.67870036,75.29154519,14.75728155,70.91836735,74.89978134,3804557143.25000000,6732140145.00000000,False
232830,아이티센피엔에스,KOSDAQ,IT 서비스,2870,-4.33333333,7.43440233,0.34965035,51.27551020,52.49734325,97.74052478,93.52663520,98.32361516,74.88702624,3873585034.80000019,470083175.00000000,False
010170,대한광통신,KOSDAQ,전기·전자,16970,-4.23250564,7.98104956,1.37395460,60.75072886,25.98366741,92.05539359,59.34272300,94.75218659,74.79591837,263631225917.25000000,110952799910.00000000,False
098660,에스티오,KOSDAQ,섬유·의류,1735,0.57971014,74.48979592,10.79182631,91.54518950,9.74067046,80.28425656,0.40509259,38.52040816,74.73032070,17121742.45000000,10232010.00000000,False
032680,소프트센,KOSDAQ,IT 서비스,1018,1.90190190,86.84402332,0.79207921,55.79446064,12.86031042,83.78279883,22.50300842,78.93586006,74.72303207,91160025.00000000,119663151.00000000,False
065350,신성델타테크,KOSDAQ,전기·전자,32450,0.15432099,66.43586006,5.52845528,81.77842566,5.18638574,72.08454810,16.51705566,73.43294461,74.69752187,2742317167.50000000,2326534325.00000000,False
073110,엘엠에스,KOSDAQ,전기·전자,5410,4.03846154,94.09620991,4.44015444,77.98833819,5.87084149,73.61516035,9.73630832,61.98979592,74.65014577,12280479.25000000,24869080.00000000,False
228850,레이언스,KOSDAQ,의료·정밀기기,8330,2.33415233,89.10349854,-0.11990408,42.52915452,17.82178218,87.28134111,40.47217538,90.05102041,74.59183673,603435324.25000000,481008280.00000000,False
271830,팸텍,KOSDAQ,기계·장비,1099,0.00000000,61.20626822,4.26944972,77.44169096,9.57128614,79.95626822,11.80061038,66.07142857,74.54992711,300157140.85000002,93752374.00000000,False
008250,이건산업,KOSPI,종이·목재,3300,0.60975610,74.92711370,6.10932476,83.23615160,3.44827586,67.96647230,17.22912966,74.38046647,74.52623907,103672250.75000000,103771450.00000000,False
009240,한샘,KOSPI,유통,40500,0.62111801,75.00000000,4.24710425,77.25947522,6.02094241,73.90670554,15.05681818,71.39212828,74.51895044,997610676.25000000,1546899000.00000000,False
299660,셀리드,KOSDAQ,일반서비스,2530,-3.25047801,13.30174927,4.76190476,79.31851312,6.07966457,74.08892128,98.43137255,98.61516035,74.48432945,3508947767.80000019,1697565486.00000000,False
012860,모베이스전자,KOSDAQ,운송장비·부품,2450,-0.20366599,54.37317784,6.06060606,83.16326531,8.64745011,78.79008746,10.11235955,62.86443149,74.47521866,1215718703.90000010,1381584344.00000000,False
290520,신도기연,KOSDAQ,기계·장비,1685,-0.58997050,46.57434402,5.44430538,81.55976676,8.56958763,78.64431487,13.54447439,69.20553936,74.42419825,34900622.60000000,31347400.00000000,False
078520,에이블씨엔씨,KOSPI,화학,11560,-1.95080577,25.80174927,7.83582090,87.35422741,6.34774609,74.70845481,22.19873150,78.71720117,74.41326531,873407915.75000000,744323225.00000000,False
440110,파두,KOSDAQ,전기·전자,83000,1.34310134,83.01749271,0.72815534,54.99271137,18.74105866,87.86443149,15.59888579,72.23032070,74.39139942,45430126307.50000000,29697025200.00000000,False
036220,오상헬스케어,KOSDAQ,의료·정밀기기,6780,0.74294205,77.07725948,7.10900474,85.82361516,2.10843373,63.70262391,20.21276596,77.04081633,74.34402332,2429752463.25000000,248674650.00000000,False
171010,램테크놀러지,KOSDAQ,화학,2765,1.46788991,83.89212828,8.64440079,88.73906706,4.73484848,71.17346939,5.93869732,54.30029155,74.34037901,72145975.59999999,166484115.00000000,False
356680,엑스게이트,KOSDAQ,IT 서비스,17930,-4.11764706,8.67346939,0.22358860,49.96355685,58.25242718,98.50583090,61.82310469,95.26239067,74.31122449,104631933516.00000000,24040708685.00000000,False
166480,코아스템켐온,KOSDAQ,제약,2340,-1.26582278,35.27696793,5.40540541,81.37755102,7.09382151,76.05685131,23.28767123,79.70116618,74.30393586,214821981.19999999,303238373.00000000,False
348340,뉴로메카,KOSDAQ,기계·장비,21300,0.47169811,72.81341108,6.76691729,84.91253644,17.80973451,87.24489796,-0.30890199,33.19970845,74.29300292,7457445708.00000000,14908173525.00000000,False
049950,미래컴퍼니,KOSDAQ,기계·장비,11270,1.89873418,86.77113703,2.54777070,68.80466472,7.74378585,77.22303207,14.41624365,70.40816327,74.28935860,193096242.75000000,215392920.00000000,False
109820,진매트릭스,KOSDAQ,일반서비스,1726,-7.15438408,1.82215743,13.85224274,94.35131195,5.88957055,73.65160350,25.52727273,81.59620991,74.26749271,518725573.00000000,501996717.00000000,False
091340,SK폴리텍,KOSDAQ,전기·전자,2720,0.55452865,74.08892128,1.68224299,62.90087464,7.72277228,77.18658892,31.08433735,85.53206997,74.26020408,80104938.00000000,132734992.00000000,False
065060,지엔코,KOSDAQ,섬유·의류,3410,0.29411765,69.86151603,10.89430894,91.69096210,0.88757396,59.58454810,23.10469314,79.51895044,74.23104956,27545364.55000000,6754520.00000000,False
372320,큐로셀,KOSDAQ,일반서비스,26350,0.76481836,77.36880466,21.42857143,97.33965015,9.79166667,80.43002915,-3.65630713,25.21865889,74.15451895,802073531.25000000,1820505925.00000000,False
010950,S-Oil,KOSPI,화학,169000,-1.05386417,38.30174927,4.32098765,77.58746356,7.23350254,76.27551020,26.59176030,82.32507289,74.08163265,62762295702.50000000,49727529100.00000000,False
062040,산일전기,KOSPI,전기·전자,222000,-3.05676856,14.75947522,4.71698113,79.00874636,11.61387632,82.32507289,23.60801782,79.77405248,74.06341108,61038079467.50000000,65029682750.00000000,False
296640,이노에이엑스,KOSDAQ,IT 서비스,6430,-0.61823802,45.95481050,4.38311688,77.87900875,5.23731588,72.23032070,31.22448980,85.71428571,73.99416910,53160275.50000000,74076750.00000000,False
053800,안랩,KOSDAQ,IT 서비스,75200,-2.08333333,24.34402332,0.53475936,53.17055394,31.69877408,93.95043732,40.29850746,89.97813411,73.96137026,10319228135.00000000,11872988850.00000000,False
025620,차AI헬스케어,KOSPI,화학,5610,2.18579235,88.30174927,11.08910891,91.83673469,20.38626609,89.06705539,-17.01183432,9.69387755,73.94679300,51349805.40000000,60418560.00000000,False
342870,오아,KOSDAQ,유통,3895,1.16883117,81.55976676,11.60458453,92.45626822,8.95104895,79.11807580,-0.89058524,31.88775510,73.91763848,19370542.10000000,52076915.00000000,False
012320,경동인베스트,KOSPI,기타금융,48850,2.08986416,87.82798834,12.16991963,92.93002915,2.19665272,63.88483965,7.95580110,58.34548105,73.88483965,451357722.50000000,387162675.00000000,False
003120,일성아이에스,KOSPI,제약,22300,0.45045045,72.41253644,3.24074074,72.99562682,8.51581509,78.49854227,12.11664153,66.69096210,73.87755102,124413403.75000000,321388550.00000000,False
415380,스튜디오삼익,KOSDAQ,유통,2195,-0.67873303,44.71574344,4.77326969,79.44606414,7.86240786,77.40524781,16.13756614,73.03206997,73.87390671,43287659.85000000,36619530.00000000,False
082210,옵트론텍,KOSDAQ,의료·정밀기기,1831,0.99282956,79.88338192,4.80824270,79.59183673,9.50956938,79.84693878,4.33048433,50.18221574,73.84110787,90041285.25000000,70796551.00000000,False
00781K,코리아써키트2우B,KOSPI,전기·전자,15900,-1.36476427,33.81924198,8.23689585,88.04664723,14.38848921,85.02186589,4.26229508,50.00000000,73.80466472,17665222.00000000,5818340.00000000,False
0013V0,삼진식품,KOSDAQ,음식료·담배,5450,-1.80180180,27.22303207,8.34990060,88.30174927,9.10910911,79.30029155,10.65989848,64.10349854,73.75364431,371692785.30000001,717383715.00000000,False
446540,메가터치,KOSDAQ,전기·전자,11030,0.27272727,69.62463557,-1.69340463,26.96793003,55.57122708,98.17784257,76.48000000,97.04810496,73.73360058,10674666928.00000000,9341530405.00000000,False
306040,에스제이그룹,KOSDAQ,섬유·의류,1841,4.18788908,94.64285714,22.81521014,97.84985423,0.60109290,58.16326531,7.91324736,58.16326531,73.71720117,199014271.09999999,541799250.00000000,False
056080,유진로봇,KOSDAQ,기계·장비,12690,3.00324675,91.47230321,8.92703863,89.24927114,3.93120393,69.20553936,4.35855263,50.25510204,73.65524781,5778309815.50000000,12870288535.00000000,False
493280,아이엠바이오로직스,KOSDAQ,일반서비스,18620,-0.42780749,49.70845481,12.71186441,93.44023324,27.97250859,92.89358601,-8.27586207,17.27405248,73.61516035,3117320454.25000000,1415251910.00000000,False
051910,LG화학,KOSPI,화학,281500,2.55009107,89.79591837,12.15139442,92.89358601,0.71556351,58.70991254,11.92842942,66.29008746,73.58965015,56834715475.00000000,152336289000.00000000,False
004270,남성,KOSPI,유통,5760,3.04114490,91.50874636,4.72727273,79.04518950,15.89537223,85.67784257,-0.74099604,32.14285714,73.56413994,46239476.25000000,21581370.00000000,False
009835,한화솔루션우,KOSPI,화학,18850,0.96411355,79.62827988,3.40098738,73.65160350,10.16949153,80.72157434,6.73839185,55.86734694,73.52040816,162323767.25000000,91349990.00000000,False
066670,디티씨,KOSDAQ,부동산,3310,0.45523520,72.52186589,2.00308166,65.52478134,4.91283677,71.61078717,39.36842105,89.79591837,73.51311953,54523393.25000000,57860260.00000000,False
239890,피엔에이치테크,KOSDAQ,화학,3800,-0.91264668,40.17857143,6.14525140,83.41836735,11.76470588,82.47084548,7.49646393,57.39795918,73.51129738,67765743.25000000,27001400.00000000,False
225190,LK삼양,KOSDAQ,의료·정밀기기,4300,-8.11965812,1.23906706,22.50712251,97.70408163,4.75030451,71.20991254,21.46892655,77.80612245,73.48032070,2623249774.59999990,789396714.00000000,False
010060,OCI홀딩스,KOSPI,기타금융,234000,-1.47368421,31.90597668,5.64334086,82.10641399,5.40540541,72.48542274,27.72925764,83.27259475,73.47120991,53825513327.50000000,42253105750.00000000,False
007530,와이엠,KOSDAQ,금속,1829,1.61111111,85.02186589,7.27272727,86.18804665,17.69626770,87.13556851,-5.62435501,21.28279883,73.46938776,92390703.45000000,61641035.00000000,False
184230,SGA솔루션즈,KOSDAQ,IT 서비스,2140,-6.14035088,2.80612245,3.88349515,75.83819242,16.87602403,86.40670554,22.77682157,79.22740525,73.44023324,695161168.54999995,267177084.00000000,False
348080,큐라티스,KOSDAQ,일반서비스,3760,-2.96774194,15.45189504,0.40053405,51.93148688,40.29850746,95.91836735,39.25925926,89.68658892,73.42930029,1370459309.09999990,139767761.00000000,False
403870,HPSP,KOSDAQ,기계·장비,64000,-2.43902439,20.44460641,0.78740157,55.72157434,20.07504690,88.95772595,62.84987277,95.40816327,73.42565598,144023508177.50000000,109583087450.00000000,False
014915,성문전자우,KOSPI,전기·전자,5000,2.04081633,87.48177843,3.95010395,76.20262391,4.93179433,71.64723032,11.60714286,65.77988338,73.42383382,3785232.75000000,433130.00000000,False
078860,아이오케이이엔엠,KOSDAQ,오락·문화,2975,1.53583618,84.51166181,2.40963855,68.18513120,10.80074488,81.45043732,8.57664234,59.65743440,73.41836735,206015495.50000000,30916845.00000000,False
215200,메가스터디교육,KOSDAQ,일반서비스,38700,1.44167759,83.81924198,4.87804878,79.75583090,10.88825215,81.66909621,1.30890052,41.72740525,73.32179300,1277159367.50000000,2334358800.00000000,False
264850,이랜시스,KOSDAQ,전기·전자,5790,-0.51546392,47.81341108,4.13669065,76.78571429,3.02491103,66.61807580,56.06469003,94.24198251,73.31268222,3194438575.50000000,926300530.00000000,False
005720,넥센,KOSPI,화학,6300,1.61290323,85.07653061,4.65116279,78.82653061,6.59898477,75.21865889,6.23946037,54.99271137,73.24161808,327436498.75000000,303373570.00000000,False
217820,원익피앤이,KOSDAQ,기계·장비,2340,-1.47368421,31.90597668,1.29870130,60.02186589,17.52887996,86.91690962,31.75675676,86.04227405,73.17237609,2970341584.59999990,603072890.00000000,False
303360,프로티아,KOSDAQ,의료·정밀기기,5910,-0.50505051,48.01384840,0.33955857,51.20262391,17.02970297,86.58892128,45.74599260,91.87317784,73.17237609,328014144.00000000,166586670.00000000,False
145720,덴티움,KOSPI,의료·정밀기기,40150,0.75282309,77.18658892,9.69945355,90.12390671,5.51905388,72.63119534,2.94871795,46.72011662,73.15233236,554244297.50000000,1349045650.00000000,False
010955,S-Oil우,KOSPI,화학,88200,-1.89098999,26.49416910,0.80000000,55.90379009,21.82320442,90.08746356,35.69230769,87.86443149,73.02842566,2210219095.00000000,718345600.00000000,False
044990,에이치엔에스하이텍,KOSDAQ,전기·전자,11780,-0.50675676,47.94096210,7.18835305,86.00583090,7.87545788,77.51457726,7.18835305,56.88775510,72.97922741,125191194.25000000,32586170.00000000,False
498390,한화플러스제5호스팩,KOSDAQ,금융,2750,-1.61001789,30.24781341,5.36398467,81.12244898,10.88709677,81.63265306,10.88709677,64.61370262,72.93731778,359072400.10000002,332137276.00000000,False
238200,비피도,KOSDAQ,음식료·담배,2800,2.75229358,90.57944606,4.08921933,76.67638484,4.67289720,70.95481050,9.80392157,62.20845481,72.88447522,9926985.50000000,4381530.00000000,False
017890,한국알콜,KOSDAQ,화학,16090,-0.55624227,47.04810496,1.83544304,64.13994169,11.50381150,82.28862974,24.05551272,80.10204082,72.88265306,1201295068.00000000,2143602055.00000000,False
049800,우진플라임,KOSPI,기계·장비,2010,-0.98522167,39.35860058,3.34190231,73.57871720,8.64864865,78.82653061,19.57168352,76.34839650,72.80976676,50356373.60000000,47872453.00000000,False
089970,브이엠,KOSDAQ,기계·장비,66800,3.08641975,91.69096210,7.05128205,85.45918367,25.09363296,91.65451895,-22.86374134,6.15889213,72.70043732,40330382437.50000000,36942035950.00000000,False
128820,대성산업,KOSPI,유통,4555,-9.98023715,0.69241983,12.60815822,93.18513120,9.49519231,79.81049563,10.29055690,63.33819242,72.61661808,3480951407.15000010,23857105188.00000000,False
065660,안트로젠,KOSDAQ,유통,16170,-0.49230769,48.46938776,10.07488087,90.70699708,5.41069100,72.52186589,7.58483034,57.61661808,72.59110787,306078390.25000000,273868050.00000000,False
131180,딜리,KOSDAQ,전기·전자,4335,3.58422939,93.14868805,4.33212996,77.73323615,2.84697509,66.12609329,12.59740260,67.41982507,72.56924198,20322600.50000000,2953390.00000000,False
000240,한국앤컴퍼니,KOSPI,기타금융,26200,3.96825397,93.84110787,4.59081836,78.49854227,6.72097760,75.43731778,2.94695481,46.68367347,72.44533528,1658341704.15000010,3342632900.00000000,False
272290,이녹스첨단소재,KOSDAQ,전기·전자,22300,1.36363636,83.19970845,4.20560748,77.02259475,8.25242718,77.98833819,3.96270396,49.10714286,72.44351312,1824464349.75000000,2381094825.00000000,False
402490,그린리소스,KOSDAQ,전기·전자,7640,1.19205298,81.70553936,2.27576975,67.16472303,21.26984127,89.75947522,1.19205298,40.99854227,72.42346939,1379921912.50000000,659776645.00000000,False
368770,파이버프로,KOSDAQ,의료·정밀기기,13550,-2.93696275,15.63411079,5.03875969,80.13848397,14.83050847,85.27696793,10.34201954,63.48396501,72.41253644,2783120441.50000000,2114913130.00000000,False
009290,광동제약,KOSPI,제약,6840,-2.28571429,22.04810496,6.37636081,84.07434402,8.91719745,79.04518950,12.13114754,66.76384840,72.39795918,911249256.50000000,1481134845.00000000,False
178320,서진시스템,KOSDAQ,전기·전자,41150,1.10565111,80.94023324,5.92020592,82.79883382,12.43169399,83.12682216,-1.31894484,30.86734694,72.35787172,41418375131.25000000,32734694550.00000000,False
009520,포스코엠텍,KOSDAQ,금속,13120,-0.15220700,55.68513120,5.38152610,81.30466472,3.22580645,67.38338192,20.47750230,77.15014577,72.34329446,1782420595.00000000,1929715610.00000000,False
299030,하나기술,KOSDAQ,기계·장비,15200,-2.81329923,16.72740525,6.59186536,84.51166181,6.29370629,74.52623907,20.63492063,77.44169096,72.32507289,572666498.50000000,862335650.00000000,False
317830,에스피시스템스,KOSDAQ,기계·장비,4900,-0.10193680,56.92419825,5.37634409,81.26822157,7.81078108,77.33236152,6.98689956,56.34110787,72.27405248,229308280.09999999,93341085.00000000,False
094360,칩스앤미디어,KOSDAQ,전기·전자,12660,0.31695721,70.04373178,1.93236715,64.90524781,17.33086191,86.84402332,6.38655462,55.17492711,72.24854227,1613207322.75000000,1220233055.00000000,False
032960,동일기연,KOSDAQ,전기·전자,2695,-4.43262411,7.03352770,1.31578947,60.14941691,31.14355231,93.69533528,23.62385321,79.81049563,72.18841108,118012349.45000000,160381895.00000000,False
089470,HDC현대EP,KOSPI,화학,3990,4.45026178,95.26239067,6.54205607,84.43877551,2.43902439,64.79591837,7.25806452,57.03352770,72.18294461,149243324.59999999,73597650.00000000,False
042700,한미반도체,KOSPI,기계·장비,263000,-0.37878788,50.76530612,1.93798450,64.94169096,9.35550936,79.66472303,22.04176334,78.60787172,72.14650146,168192638894.20001221,277866118858.00000000,False
000990,DB하이텍,KOSPI,전기·전자,136500,2.40060015,89.32215743,-0.87145969,34.29300292,35.41666667,95.15306122,16.96658098,74.12536443,72.10641399,95110923511.25000000,109837974012.00000000,False
226950,올릭스,KOSDAQ,일반서비스,118000,-2.15588723,23.45116618,15.00974659,95.11661808,21.02564103,89.39504373,-2.80065898,27.25947522,72.09001458,26739948010.00000000,30832528350.00000000,False
394280,오픈엣지테크놀로지,KOSDAQ,IT 서비스,10370,2.26824458,88.99416910,3.59640360,74.67201166,23.30558859,90.81632653,-5.12351327,22.23032070,72.07361516,1043224601.00000000,803454245.00000000,False
147830,제룡산업,KOSDAQ,금속,7250,0.83449235,78.27988338,3.42368046,73.79737609,5.07246377,71.86588921,12.05564142,66.54518950,72.02259475,804179967.50000000,791356830.00000000,False
148250,알엔투테크놀로지,KOSDAQ,전기·전자,2125,5.72139303,96.39212828,4.16666667,76.87682216,18.18687430,87.50000000,-5.76496674,20.99125364,71.90051020,130692577.34999999,285449838.00000000,False
044450,KSS해운,KOSPI,운송·창고,12400,1.47299509,83.96501458,-0.95846645,33.16326531,21.68792934,90.01457726,33.47685684,87.17201166,71.78571429,1830188114.75000000,658585265.00000000,False
046310,백금TA,KOSDAQ,전기·전자,2360,0.00000000,61.20626822,3.05676856,71.84766764,5.59284116,73.03206997,17.12158809,74.19825073,71.72740525,42327463.95000000,17769084.00000000,False
123040,엠에스오토텍,KOSDAQ,운송장비·부품,1736,1.34267367,82.98104956,5.85365854,82.54373178,1.75849941,62.60932945,13.02083333,68.07580175,71.72011662,108549347.40000001,93501211.00000000,False
451800,한화리츠,KOSPI,부동산,5450,2.05992509,87.64577259,2.44360902,68.29446064,3.80952381,68.87755102,16.95278970,74.08892128,71.62172012,385073113.00000000,349264420.00000000,False
0010V0,제이피아이헬스케어,KOSDAQ,의료·정밀기기,9080,2.94784580,91.23542274,2.25225225,66.94606414,2.83125708,66.03498542,23.70572207,79.88338192,71.59803207,34605965.00000000,28319715.00000000,False
059120,아진엑스텍,KOSDAQ,전기·전자,7440,0.26954178,69.51530612,1.08695652,58.30903790,4.49438202,70.51749271,58.97435897,94.71574344,71.59438776,3795840457.00000000,2054233710.00000000,False
065950,웰크론,KOSDAQ,섬유·의류,1209,-2.89156627,16.07142857,6.89655172,85.27696793,5.22193211,72.12099125,20.65868263,77.47813411,71.53425656,75344075.00000000,56880372.00000000,False
450950,아스테라시스,KOSDAQ,의료·정밀기기,6240,1.13452188,81.19533528,3.82695507,75.61953353,18.40607211,87.64577259,-2.34741784,28.20699708,71.50510204,361560568.85000002,538129335.00000000,False
457370,한켐,KOSDAQ,화학,10690,-1.29270545,34.80320700,-0.37278658,39.50437318,35.31645570,95.11661808,41.96547145,90.48833819,71.47594752,24602413921.00000000,3055016715.00000000,False
016740,두올,KOSPI,운송장비·부품,4045,0.24783147,69.24198251,1.76100629,63.59329446,9.02964960,79.22740525,13.30532213,68.76822157,71.44679300,350598439.35000002,183882635.00000000,False
322510,제이엘케이,KOSDAQ,IT 서비스,5150,-3.19548872,13.86661808,3.10310310,72.23032070,10.87190527,81.52332362,22.47324614,78.89941691,71.44497085,847438357.85000002,552385790.00000000,False
0117P0,피스피스스튜디오,KOSDAQ,유통,5560,0.72463768,76.78571429,4.51127820,78.24344023,1.45985401,61.73469388,20.08639309,76.85860058,71.21720117,460252620.00000000,197136355.00000000,False
032300,한국파마,KOSDAQ,제약,8440,-4.30839002,7.65306122,13.28859060,93.87755102,6.97084918,75.87463557,8.48329049,59.29300292,71.13702624,1749223639.50000000,1113893450.00000000,False
036030,케이티알파,KOSDAQ,유통,5040,0.19880716,67.67492711,2.33502538,67.56559767,6.66666667,75.25510204,14.15628539,69.97084548,71.13338192,167092124.59999999,165652105.00000000,False
037760,쎄니트,KOSDAQ,금속,2550,0.19646365,67.49271137,6.25000000,83.81924198,6.25000000,74.41690962,3.23886640,47.33965015,71.12973761,100585694.25000000,128969595.00000000,False
038460,바이오스마트,KOSDAQ,전기·전자,2870,-0.17391304,55.22959184,2.50000000,68.53134111,7.89473684,77.62390671,14.11530815,69.89795918,71.11151603,296481441.10000002,272247535.00000000,False
018470,조일알미늄,KOSPI,금속,5270,0.57251908,74.34402332,0.95785441,57.32507289,8.32476876,78.20699708,18.96162528,75.94752187,71.10422741,486079485.55000001,560723735.00000000,False
041920,메디아나,KOSDAQ,의료·정밀기기,10070,-2.13799806,23.79737609,3.17622951,72.70408163,18.47058824,87.68221574,8.27956989,58.89212828,71.04227405,666453317.00000000,609048695.00000000,False
093640,케이알엠,KOSDAQ,전기·전자,4755,-0.52301255,47.70408163,2.03862661,65.67055394,4.50549451,70.55393586,45.19083969,91.72740525,71.03862974,139760253.80000001,44645258.00000000,False
099430,바이오플러스,KOSDAQ,제약,3830,-0.26041667,52.84256560,7.58426966,86.84402332,12.97935103,83.81924198,-1.41570142,30.72157434,71.00947522,592195695.79999995,642435157.00000000,False
089890,코세스,KOSDAQ,기계·장비,32850,-0.15197568,55.72157434,-0.30349014,40.45189504,38.31578947,95.55393586,18.16546763,75.21865889,70.97303207,6572045173.75000000,6820022950.00000000,False
009470,삼화전기,KOSPI,전기·전자,26800,-0.74074074,43.54956268,1.90114068,64.65014577,16.26898048,86.15160350,10.51546392,63.81195335,70.97303207,1871001183.75000000,1052272200.00000000,False
417010,나노팀,KOSDAQ,기계·장비,6390,-1.69230769,28.86297376,5.09868421,80.32069971,2.89855072,66.29008746,33.96226415,87.35422741,70.96938776,1695725820.00000000,963951045.00000000,False
417970,모델솔루션,KOSDAQ,기계·장비,11070,-0.80645161,42.23760933,10.25896414,90.92565598,4.63137996,70.84548105,6.64739884,55.61224490,70.96209913,102744675.00000000,77966520.00000000,False
100790,미래에셋벤처투자,KOSDAQ,금융,16990,1.31186643,82.76239067,0.59206631,53.64431487,11.77631579,82.50728863,12.81540505,67.63848397,70.90014577,10012029163.00000000,7079361740.00000000,False
112290,와이씨켐,KOSDAQ,화학,12370,2.23140496,88.66618076,-1.66931638,27.18658892,28.05383023,92.93002915,27.65737874,83.16326531,70.82725948,2472358103.00000000,3087849430.00000000,False
019990,에너토크,KOSDAQ,기계·장비,5350,-3.25497288,13.26530612,4.69667319,78.93586006,9.96916752,80.61224490,12.86919831,67.71137026,70.79446064,883540024.25000000,473594945.00000000,False
225220,제놀루션,KOSDAQ,제약,1492,2.47252747,89.52259475,1.35869565,60.53206997,8.27285922,78.09766764,9.70588235,61.91690962,70.73432945,43845903.15000000,69046360.00000000,False
348350,위드텍,KOSDAQ,의료·정밀기기,9760,0.82644628,78.13411079,2.73684211,69.82507289,2.30607966,64.28571429,25.12820513,81.12244898,70.69970845,225935929.25000000,289776085.00000000,False
086450,동국제약,KOSDAQ,제약,22350,-2.40174672,20.73615160,3.47222222,74.08892128,7.45192308,76.71282799,21.99781659,78.49854227,70.68513120,9219446669.00000000,6997271950.00000000,False
010580,에스엠벡셀,KOSPI,운송장비·부품,2270,4.36781609,95.11661808,-3.19829424,16.98250729,33.84433962,94.67930029,42.58793970,90.92565598,70.66326531,13805918940.29999924,17749540732.00000000,False
090350,노루페인트,KOSPI,화학,8310,-0.12019231,56.59620991,5.05689001,80.21137026,3.48692403,68.11224490,13.06122449,68.18513120,70.60495627,277710705.50000000,251085050.00000000,False
189690,포시에스,KOSDAQ,IT 서비스,1610,5.09138381,95.88192420,8.63697706,88.70262391,4.68140442,71.02769679,-1.82926829,29.73760933,70.55758017,38738362.10000000,84180410.00000000,False
222420,쎄노텍,KOSDAQ,비금속,939,-1.98329854,25.43731778,3.87168142,75.80174927,12.58992806,83.52769679,8.42956120,59.18367347,70.53206997,243219670.75000000,141284898.00000000,False
464580,닷밀,KOSDAQ,오락·문화,1639,0.24464832,68.98688047,1.73805090,63.30174927,4.86244402,71.53790087,23.88510960,80.06559767,70.51749271,27566884.35000000,4166310.00000000,False
205500,넥써쓰,KOSDAQ,IT 서비스,1801,2.15541690,88.19241983,3.44629523,73.87026239,0.83986562,59.40233236,22.26748133,78.75364431,70.49198251,277392483.14999998,132696479.00000000,False
139670,키네마스터,KOSDAQ,IT 서비스,1940,2.26673695,88.95772595,3.19148936,72.74052478,0.15487868,55.28425656,35.56953180,87.79154519,70.38994169,25980404.55000000,14449030.00000000,False
089860,롯데렌탈,KOSPI,일반서비스,51200,0.19569472,67.45626822,1.99203187,65.37900875,1.78926441,62.68221574,58.75968992,94.67930029,70.36807580,3699089908.75000000,2591160650.00000000,False
066310,큐에스아이,KOSDAQ,전기·전자,8310,-3.03383897,15.05102041,1.58924205,62.53644315,18.88412017,87.97376093,17.37288136,74.48979592,70.35349854,857406821.25000000,457079625.00000000,False
014820,동원시스템즈,KOSPI,화학,22100,1.84331797,86.47959184,5.48926014,81.74198251,1.37614679,61.47959184,9.95024876,62.50000000,70.26239067,517914270.00000000,776479075.00000000,False
002620,제일파마홀딩스,KOSPI,일반서비스,7710,1.04849279,80.50291545,4.33017591,77.64212828,1.31406045,61.33381924,15.41916168,71.90233236,70.25692420,15729737.50000000,21772460.00000000,False
382840,원준,KOSDAQ,기계·장비,5300,-0.37593985,50.87463557,4.33070866,77.69679300,4.33070866,70.15306122,13.12700107,68.33090379,70.12390671,350294265.75000000,213624940.00000000,False
017250,인터엠,KOSDAQ,전기·전자,1090,2.05992509,87.64577259,3.02457467,71.64723032,3.21969697,67.31049563,10.77235772,64.43148688,70.06924198,21520603.10000000,18535291.00000000,False
067990,도이치모터스,KOSDAQ,유통,4040,0.74812968,77.15014577,4.25806452,77.29591837,7.44680851,76.63994169,1.50753769,42.49271137,70.05830904,188965310.55000001,262515072.00000000,False
084870,TBH글로벌,KOSPI,섬유·의류,2255,3.20366133,91.94606414,2.26757370,67.09183673,2.03619910,63.48396501,19.88304094,76.71282799,70.05830904,69728117.75000000,8176589.00000000,False
002840,미원상사,KOSPI,화학,139600,1.52727273,84.36588921,3.63771344,74.89067055,5.91805766,73.76093294,3.48406227,48.10495627,70.02915452,301080440.00000000,543908700.00000000,False
000590,CS홀딩스,KOSPI,기타금융,71700,1.27118644,82.32507289,3.46320346,74.01603499,6.53789004,75.10932945,3.31412104,47.66763848,70.01457726,40166262.50000000,75836700.00000000,False
094860,네오리진,KOSDAQ,IT 서비스,1584,0.44388079,72.37609329,1.53846154,62.20845481,7.82845473,77.36880466,11.62790698,65.81632653,70.01093294,160097402.59999999,75000464.00000000,False
089140,넥스턴앤롤코리아,KOSDAQ,기계·장비,2280,-2.56410256,19.02332362,7.80141844,87.31778426,7.54716981,76.93148688,6.54205607,55.46647230,69.96355685,113682403.95000000,122434665.00000000,False
009780,엠에스씨,KOSDAQ,음식료·담배,7330,-2.78514589,17.01895044,4.56490728,78.42565598,5.61959654,73.10495627,20.55921053,77.29591837,69.93075802,89505909.75000000,55259635.00000000,False
012610,경인양행,KOSPI,화학,3380,-2.31213873,21.72011662,3.68098160,75.07288630,7.47217806,76.78571429,15.55555556,72.13921283,69.83600583,351719175.94999999,272504995.00000000,False
114450,그린생명과학,KOSDAQ,제약,2380,-5.55555556,3.75364431,8.18181818,87.86443149,2.14592275,63.77551020,35.84474886,87.93731778,69.83236152,915628881.54999995,1204947864.00000000,False
003380,하림지주,KOSDAQ,금융,11440,-0.60816681,46.17346939,5.92592593,82.87172012,1.96078431,63.22886297,18.18181818,75.25510204,69.82142857,4318627243.25000000,5498311020.00000000,False
272210,한화시스템,KOSPI,전기·전자,76700,-1.28700129,34.87609329,1.99468085,65.41545190,8.64022663,78.75364431,18.54714065,75.51020408,69.71574344,57031027860.00000000,94755201700.00000000,False
226320,잇츠한불,KOSPI,화학,11250,-4.09207161,8.70991254,7.24499523,86.11516035,8.17307692,77.91545190,8.38150289,59.14723032,69.70116618,290674796.75000000,380280465.00000000,False
332370,아이디피,KOSDAQ,전기·전자,5530,6.96324952,97.33965015,3.55805243,74.48979592,2.97951583,66.47230321,6.34615385,55.13848397,69.69752187,12060995.25000000,15203620.00000000,False
330590,롯데리츠,KOSPI,부동산,4135,0.60827251,74.89067055,0.85365854,56.23177843,6.43500644,74.89067055,19.85507246,76.63994169,69.64285714,601770742.85000002,374654896.00000000,False
365340,성일하이텍,KOSDAQ,화학,37450,0.13368984,66.01676385,4.75524476,79.22740525,3.16804408,67.11005831,9.66325037,61.77113703,69.56814869,1196881131.25000000,1018366450.00000000,False
030190,NICE평가정보,KOSPI,IT 서비스,16630,-0.18007203,55.06559767,3.93750000,76.09329446,1.89950980,63.08309038,23.09400444,79.48250729,69.46428571,957408113.50000000,508785175.00000000,False
417790,트루엔,KOSDAQ,전기·전자,7170,1.41442716,83.56413994,10.13824885,90.77988338,-0.82987552,46.82944606,18.51239669,75.47376093,69.41690962,90829258.00000000,58393650.00000000,False
143240,사람인,KOSDAQ,IT 서비스,17760,1.48571429,84.11078717,1.19658120,59.14723032,5.58858502,72.99562682,14.28571429,70.24416910,69.40233236,177693784.25000000,176453970.00000000,False
153490,우리이앤엘하루틴,KOSDAQ,전기·전자,3175,-4.22322775,8.09037901,2.75080906,69.89795918,5.65723794,73.21428571,44.97716895,91.58163265,69.38046647,35144075.80000000,25477755.00000000,False
078160,메디포스트,KOSDAQ,제약,9600,-4.66732870,5.90379009,6.66666667,84.73032070,6.07734807,74.05247813,13.20754717,68.56778426,69.34402332,428973252.25000000,561181430.00000000,False
446840,지슨,KOSDAQ,의료·정밀기기,3625,-0.27510316,52.55102041,11.71032357,92.52915452,20.43189369,89.13994169,-31.60377358,3.35276968,69.34037901,74079089.80000000,31147290.00000000,False
290090,트윔,KOSDAQ,IT 서비스,4665,-0.63897764,45.44460641,3.32225914,73.50583090,12.00480192,82.65306122,3.66666667,48.39650146,69.33673469,14503023.65000000,35948584.00000000,False
000325,노루홀딩스우,KOSPI,기타금융,28450,-1.72711572,28.13411079,5.37037037,81.15889213,3.83211679,68.95043732,16.12244898,72.95918367,69.33309038,2716562.50000000,1838100.00000000,False
140070,서플러스글로벌,KOSDAQ,유통,2245,0.89887640,78.89941691,-0.66371681,36.29737609,9.51219512,79.91982507,49.66666667,92.85714286,69.31851312,140379467.25000000,48295548.00000000,False
469610,이노테크,KOSDAQ,기계·장비,15870,-0.37664783,50.83819242,3.52250489,74.27113703,2.98507463,66.52696793,19.86404834,76.67638484,69.31122449,1390947497.25000000,423942695.00000000,False
005960,동부건설,KOSPI,건설,8360,0.11976048,65.74344023,0.60168472,53.75364431,8.85416667,78.97230321,17.91255289,74.96355685,69.28206997,449840597.00000000,298387695.00000000,False
014530,극동유화,KOSPI,화학,3420,1.03397341,80.28425656,2.08955224,65.99854227,5.55555556,72.90451895,9.26517572,61.18804665,69.22740525,1752602935.25000000,273879849.00000000,False
130580,나이스디앤비,KOSDAQ,일반서비스,6810,-2.01438849,25.14577259,0.88888889,56.63265306,13.12292359,83.96501458,24.49725777,80.61224490,69.21282799,173268390.75000000,160920410.00000000,False
170030,현대공업,KOSDAQ,운송장비·부품,4975,0.91277890,79.04518950,3.10880829,72.26676385,3.64583333,68.36734694,9.34065934,61.37026239,69.20553936,60205419.45000000,68256790.00000000,False
378340,필에너지,KOSDAQ,기계·장비,12670,-0.78308536,42.63848397,2.92445167,70.91836735,5.75959933,73.43294461,15.07720254,71.42857143,69.19825073,562717190.25000000,873170305.00000000,False
109960,앱토크롬,KOSDAQ,유통,1927,2.77333333,90.74344023,2.11976683,66.29008746,3.21371184,67.23760933,12.10005817,66.61807580,69.18002915,5226113.85000000,2412036.00000000,False
419530,SAMG엔터,KOSDAQ,오락·문화,21850,-0.90702948,40.41545190,19.39890710,97.01166181,14.51781971,85.09475219,-16.60305344,9.91253644,69.16545190,1866263328.25000000,3824116400.00000000,False
393210,토마토시스템,KOSDAQ,IT 서비스,3405,-4.08450704,8.78279883,-0.87336245,34.25655977,49.01531729,97.08454810,66.09756098,95.80903790,69.15087464,9232052398.25000000,1148966035.00000000,False
065370,위세아이텍,KOSDAQ,IT 서비스,3170,0.00000000,61.20626822,7.64006791,86.98979592,7.27580372,76.42128280,-0.93750000,31.66909621,69.11989796,19343041.75000000,44531854.00000000,False
037030,파워넷,KOSDAQ,전기·전자,3810,-3.66624526,11.04227405,4.24076607,77.22303207,21.53110048,89.90524781,2.00803213,44.07798834,69.04883382,1638318820.65000010,966552325.00000000,False
017370,우신시스템,KOSPI,기계·장비,3750,4.89510490,95.77259475,8.69565217,88.90306122,7.14285714,76.09329446,-14.08934708,11.77113703,69.03972303,36702400.70000000,51653912.00000000,False
476080,M83,KOSDAQ,오락·문화,4170,1.70731707,85.56851312,1.95599022,65.16034985,2.20588235,63.95772595,19.82758621,76.60349854,69.00874636,38402798.45000000,69042941.00000000,False
219750,한국비티비,KOSDAQ,의료·정밀기기,1810,0.05527916,64.94169096,7.67400357,87.13556851,12.07430341,82.79883382,-9.45472736,16.18075802,68.99052478,25304535.60000000,17379728.00000000,False
092220,KEC,KOSPI,전기·전자,3130,2.12071778,88.04664723,0.96774194,57.39795918,19.23809524,88.33819242,0.32051282,38.04664723,68.96865889,2212337815.25000000,895179356.00000000,False
053300,한국정보인증,KOSDAQ,IT 서비스,5260,-2.04841713,24.92711370,3.13725490,72.44897959,3.95256917,69.31486880,29.87654321,84.91253644,68.93586006,3321432279.00000000,1009952320.00000000,False
215360,우리산업,KOSDAQ,운송장비·부품,6570,1.07692308,80.72157434,6.82926829,85.05830904,1.86046512,62.97376093,4.45151033,50.54664723,68.88848397,56034101.00000000,73439810.00000000,False
011300,우성머티리얼스,KOSPI,섬유·의류,2855,2.14669052,88.11953353,-0.52264808,37.57288630,17.24845996,86.73469388,14.20000000,70.04373178,68.78644315,301089512.14999998,197196653.00000000,False
950250,테라뷰,KOSDAQ,금융,4080,-1.21065375,36.24271137,-2.62529833,20.37172012,75.86206897,99.30758017,70.71129707,96.42857143,68.74453353,8744109756.45000076,1689081858.00000000,False
192390,윈하이텍,KOSDAQ,금속,1894,0.79829697,77.87900875,4.18041804,76.96793003,6.52418448,75.07288630,0.58417419,39.10349854,68.72813411,49085831.90000000,41180799.00000000,False
115310,인포바인,KOSDAQ,통신,9590,1.37420719,83.23615160,0.41884817,52.15014577,3.11827957,66.80029155,41.02941176,90.19679300,68.72813411,46363547.50000000,31677770.00000000,False
373200,엑스플러스,KOSDAQ,기타제조,2040,6.25000000,96.86588921,9.50080515,89.72303207,7.08661417,76.02040816,-19.68503937,8.34548105,68.68075802,168780603.05000001,1334556218.00000000,False
003280,흥아해운,KOSPI,운송·창고,1849,-0.16198704,55.43002915,1.92943771,64.86880466,6.32547441,74.67201166,13.22718922,68.65889213,68.60422741,17979092393.95000076,4336389528.00000000,False
336680,탑런토탈솔루션,KOSDAQ,전기·전자,3030,0.33112583,70.22594752,2.53807107,68.76822157,2.53807107,65.16034985,17.21470019,74.30758017,68.57871720,54405772.45000000,30990820.00000000,False
115570,스타플렉스,KOSDAQ,화학,2775,2.77777778,90.83454810,0.72595281,54.91982507,5.91603053,73.72448980,12.80487805,67.60204082,68.56960641,32929490.05000000,13571180.00000000,False
468530,프로티나,KOSDAQ,일반서비스,44750,4.31235431,95.04373178,-13.10679612,1.56705539,50.42016807,97.37609329,91.23931624,98.21428571,68.56778426,6782658153.75000000,8181892975.00000000,False
131100,티엔엔터테인먼트,KOSDAQ,오락·문화,3200,-9.85915493,0.76530612,14.08199643,94.75218659,40.96916300,96.13702624,-20.79207921,7.65306122,68.48760933,412009563.94999999,158636105.00000000,False
084010,대한제강,KOSPI,금속,8740,-4.27163198,7.87172012,10.63291139,91.29008746,2.22222222,63.99416910,16.37816245,73.28717201,68.42930029,1917632517.25000000,1296198315.00000000,False
039200,오스코텍,KOSDAQ,제약,37600,-4.93046776,5.28425656,5.17482517,80.55758017,4.58970793,70.69970845,20.51282051,77.22303207,68.42018950,3919411427.50000000,4582141100.00000000,False
234030,싸이닉솔루션,KOSDAQ,전기·전자,3725,-0.66666667,44.97084548,-0.13404826,42.34693878,25.84459459,92.01895044,15.50387597,72.04810496,68.41836735,1940746132.09999990,1011806340.00000000,False
045100,한양이엔지,KOSDAQ,일반서비스,33100,-0.30120482,52.15014577,2.16049383,66.54518950,5.41401274,72.55830904,14.73136915,70.84548105,68.37099125,2563004512.50000000,1978290525.00000000,False
078070,유비쿼스홀딩스,KOSDAQ,금융,9150,-1.40086207,33.27259475,3.27313770,73.17784257,5.53633218,72.77696793,14.08977556,69.82507289,68.35641399,180422767.00000000,214717440.00000000,False
148780,비큐AI,KOSDAQ,IT 서비스,3890,-2.13836478,23.76093294,1.83246073,64.10349854,3.32005312,67.65670554,96.26639758,98.43294461,68.35641399,257288372.75000000,144788629.00000000,False
311320,지오엘리먼트,KOSDAQ,전기·전자,9000,2.27272727,89.03061224,8.04321729,87.75510204,1.46561443,61.77113703,1.35135135,41.98250729,68.33454810,309263445.00000000,396929000.00000000,False
094840,슈프리마에이치큐,KOSDAQ,전기·전자,13150,-0.15186029,55.75801749,0.99846390,57.72594752,9.94983278,80.53935860,11.72472387,65.92565598,68.29446064,213868451.00000000,238793795.00000000,False
060280,큐렉소,KOSDAQ,유통,8580,-0.46403712,49.05247813,4.76190476,79.31851312,5.53505535,72.74052478,5.14705882,52.18658892,68.23432945,1658597076.25000000,2002561650.00000000,False
054210,이랜텍,KOSDAQ,전기·전자,7140,-0.13986014,56.08600583,7.85498489,87.44533528,2.00000000,63.33819242,6.40834575,55.28425656,68.23432945,756838047.75000000,1025472760.00000000,False
006125,SK디스커버리우,KOSPI,기타금융,43800,-0.79275198,42.52915452,2.93772033,71.06413994,4.28571429,70.11661808,16.18037135,73.06851312,68.23250729,82638036.25000000,55715400.00000000,False
090460,비에이치,KOSPI,전기·전자,21650,-1.14155251,37.02623907,5.86797066,82.61661808,1.16822430,60.58673469,20.68004459,77.55102041,68.23250729,18128765466.50000000,11012257375.00000000,False
450080,에코프로머티,KOSPI,전기·전자,37700,-1.04986877,38.41107872,7.86838340,87.53644315,3.28767123,67.56559767,6.19718310,54.84693878,68.09766764,11131617125.00000000,17444372450.00000000,False
389260,대명에너지,KOSDAQ,건설,13510,-0.14781966,55.86734694,4.08320493,76.63994169,3.68380660,68.54956268,8.86381950,60.45918367,68.09037901,1170314522.75000000,787086025.00000000,False
351870,차이커뮤니케이션,KOSDAQ,일반서비스,2480,3.54906054,93.00291545,10.46770601,91.03498542,-3.31384016,35.20408163,32.97587131,86.88046647,68.06851312,44320458.70000000,56240410.00000000,False
109080,옵티시스,KOSDAQ,전기·전자,9330,-4.30769231,7.68950437,1.74482007,63.37463557,14.19828641,84.76676385,15.32756489,71.79300292,68.04664723,361795943.25000000,172230210.00000000,False
040300,YTN,KOSDAQ,오락·문화,2265,0.66666667,76.02040816,0.00000000,45.55393586,12.68656716,83.56413994,12.12871287,66.72740525,68.03935860,1714369457.50000000,130526140.00000000,False
018290,브이티,KOSDAQ,화학,13040,-4.32868672,7.50728863,7.06075534,85.53206997,5.58704453,72.95918367,9.76430976,62.06268222,68.00655977,2336263803.00000000,4526961350.00000000,False
002030,아세아,KOSPI,일반서비스,209500,2.19512195,88.37463557,5.38229376,81.34110787,0.96385542,59.83965015,5.86154624,53.97230321,67.97011662,393248775.00000000,495065500.00000000,False
282720,금양그린파워,KOSDAQ,건설,7650,-0.77821012,42.85714286,2.82258065,70.29883382,4.08163265,69.56997085,16.61585366,73.50583090,67.90451895,135620389.50000000,101938920.00000000,False
085620,미래에셋생명,KOSPI,보험,20350,-10.15452539,0.58309038,7.90031813,87.57288630,2.46727090,64.90524781,21.63777645,78.06122449,67.90451895,2766016747.50000000,5504710150.00000000,False
015590,DKME,KOSPI,기계·장비,2225,1.13636364,81.26822157,-1.33037694,30.02915452,43.36340206,96.50145773,9.06862745,60.75072886,67.88629738,268034046.19999999,84790230.00000000,False
036640,HRS,KOSDAQ,화학,5080,0.79365079,77.84256560,2.31621349,67.49271137,3.35707019,67.74781341,10.43478261,63.62973761,67.85714286,143181061.65000001,238605540.00000000,False
093370,후성,KOSPI,화학,15030,-0.66093853,45.04373178,-0.26542800,40.88921283,16.51162791,86.26093294,26.94256757,82.65306122,67.80612245,68414572267.25000000,34821414370.00000000,False
262840,아이퀘스트,KOSDAQ,IT 서비스,2915,1.03986135,80.32069971,2.10157618,66.07142857,6.38686131,74.81778426,4.29338104,50.10932945,67.80247813,60485192.10000000,53943105.00000000,False
240550,동방메디컬,KOSDAQ,의료·정밀기기,6310,-1.25195618,35.45918367,2.10355987,66.10787172,7.86324786,77.44169096,12.47771836,67.12827988,67.78061224,3126304948.25000000,369783510.00000000,False
051370,인터플렉스,KOSDAQ,전기·전자,7080,-0.70126227,44.38775510,1.87050360,64.35860058,10.45241810,81.01311953,7.76255708,57.87172012,67.72594752,1888920821.25000000,1163470615.00000000,False
092200,디아이씨,KOSPI,운송장비·부품,5730,0.52631579,73.65160350,5.33088235,81.04956268,-1.37693632,44.49708455,42.71481943,91.03498542,67.68586006,1180927178.50000000,1088246020.00000000,False
000020,동화약품,KOSPI,제약,5410,-2.16998192,23.32361516,7.34126984,86.33381924,3.63984674,68.33090379,8.85311871,60.42274052,67.64941691,2695288732.94999981,1955321720.00000000,False
007540,샘표,KOSPI,기타금융,46850,0.10683761,65.59766764,1.07874865,58.23615160,8.95348837,79.15451895,8.57473928,59.62099125,67.61661808,4599573315.00000000,349324300.00000000,False
378800,샤페론,KOSDAQ,제약,2680,-1.47058824,31.97886297,7.63052209,86.95335277,5.09803922,71.93877551,3.27552987,47.48542274,67.55648688,81652060.90000001,119569095.00000000,False
030210,다올투자증권,KOSPI,증권,3965,1.01910828,80.17492711,1.66666667,62.82798834,1.79717587,62.75510204,21.43950995,77.76967930,67.52186589,303713984.30000001,716704124.00000000,False
088290,이원컴포텍,KOSDAQ,운송장비·부품,2525,0.39761431,71.84766764,5.20833333,80.64868805,4.12371134,69.67930029,1.20240481,41.07142857,67.46537901,17662843.75000000,50141380.00000000,False
060230,제이케이시냅스,KOSDAQ,화학,1285,-2.57771039,18.87755102,5.24160524,80.75801749,3.62903226,68.29446064,14.12078153,69.93440233,67.41982507,242034504.90000001,58572030.00000000,False
420570,제이투케이바이오,KOSDAQ,화학,9490,-3.75253550,10.60495627,3.82932166,75.65597668,3.94304491,69.27842566,22.60981912,79.04518950,67.27769679,582939442.75000000,297193385.00000000,False
096870,엘디티,KOSDAQ,전기·전자,2435,-1.81451613,27.04081633,4.50643777,78.17055394,2.95983087,66.36297376,15.95238095,72.81341108,67.26311953,110563071.84999999,165026485.00000000,False
217270,넵튠,KOSDAQ,IT 서비스,2455,-0.60728745,46.24635569,3.58649789,74.52623907,2.93501048,66.32653061,13.13364055,68.36734694,67.18658892,119182733.45000000,125894861.00000000,False
010470,오리콤,KOSDAQ,일반서비스,5120,0.78740157,77.75145773,2.19560878,66.83673469,4.48979592,70.48104956,6.66666667,55.72157434,67.16290087,21447420.45000000,23869570.00000000,False
104200,NHN벅스,KOSDAQ,IT 서비스,2710,1.30841121,82.68950437,22.34762980,97.59475219,0.74349442,58.81924198,-1.63339383,30.24781341,67.12463557,134518022.65000001,84316645.00000000,False
101670,하이드로리튬,KOSDAQ,금속,538,1.50943396,84.23833819,13.02521008,93.69533528,6.74603175,75.47376093,-42.15053763,1.85860058,67.09365889,399151418.19999999,1039255276.00000000,False
367000,플래티어,KOSDAQ,IT 서비스,3570,-1.38121547,33.63702624,2.88184438,70.75437318,3.47826087,68.07580175,19.19866444,76.23906706,67.06814869,17774520.05000000,12038115.00000000,False
279600,미디어젠,KOSDAQ,IT 서비스,3945,1.80645161,86.22448980,3.27225131,73.14139942,1.15384615,60.45918367,9.43134535,61.55247813,67.05903790,7615997.30000000,8339469.00000000,False
060720,KH바텍,KOSDAQ,전기·전자,11340,-1.30548303,34.65743440,3.46715328,74.05247813,2.53164557,65.05102041,19.74656811,76.42128280,66.98615160,945043431.25000000,624527260.00000000,False
078130,에스엠국일,KOSDAQ,종이·목재,3730,-1.19205298,36.40670554,7.64790765,87.02623907,7.18390805,76.16618076,-0.26737968,33.38192420,66.89139942,301298804.64999998,316026172.00000000,False
069510,에스텍,KOSDAQ,전기·전자,13460,-0.37009623,50.94752187,3.45887779,73.97959184,2.74809160,65.70699708,11.98003328,66.50874636,66.87317784,53624623.75000000,47067280.00000000,False
100660,서암기계공업,KOSDAQ,기계·장비,3255,-0.30627871,52.04081633,3.16957211,72.63119534,3.66242038,68.40379009,9.96621622,62.53644315,66.86224490,119577519.09999999,54184950.00000000,False
001360,삼성제약,KOSPI,제약,1385,-2.73876404,17.38338192,6.21165644,83.63702624,4.60725076,70.73615160,8.11865730,58.63702624,66.85131195,652576778.45000005,417160004.00000000,False
090355,노루페인트우,KOSPI,화학,12150,-0.57283142,46.93877551,3.22854715,72.92274052,1.84409053,62.86443149,18.76832845,75.65597668,66.84766764,1798692.00000000,4486640.00000000,False
093050,LF,KOSPI,섬유·의류,23650,-0.21097046,54.15451895,3.27510917,73.21428571,5.34521158,72.37609329,5.34521158,52.47813411,66.82580175,579526221.25000000,781985500.00000000,False
263690,디알젬,KOSDAQ,의료·정밀기기,5290,0.18939394,67.34693878,2.12355212,66.32653061,5.80000000,73.54227405,5.80000000,53.82653061,66.81486880,41962429.95000000,30794440.00000000,False
458650,성우,KOSDAQ,전기·전자,8090,-0.73619632,43.62244898,8.15508021,87.82798834,4.25257732,70.04373178,0.99875156,40.41545190,66.81122449,64572798.00000000,62979070.00000000,False
019170,신풍제약,KOSPI,제약,9890,-9.51509607,0.91107872,9.40265487,89.65014577,0.71283096,58.67346939,25.66709022,81.74198251,66.80393586,4804686516.00000000,8503896770.00000000,False
014285,금강공업우,KOSPI,금속,5820,-1.18845501,36.51603499,2.64550265,69.35131195,10.43643264,80.94023324,4.11449016,49.45335277,66.72376093,10040616.00000000,1832700.00000000,False
004360,세방,KOSPI,운송·창고,13690,1.48257969,84.07434402,2.77777778,70.00728863,1.40740741,61.55247813,10.31426269,63.44752187,66.72011662,206531892.75000000,374538045.00000000,False
284740,쿠쿠홈시스,KOSPI,일반서비스,24500,-1.40845070,33.14504373,2.51046025,68.65889213,4.03397028,69.49708455,17.50599520,74.67201166,66.64540816,331965028.75000000,399455525.00000000,False
169330,엠브레인,KOSDAQ,일반서비스,1830,0.99337748,79.91982507,-2.91777188,18.54956268,32.03463203,94.05976676,20.39473684,77.11370262,66.60349854,68032339.80000000,98567499.00000000,False
475430,키스트론,KOSDAQ,전기·전자,4430,1.02622577,80.24781341,0.91116173,56.92419825,7.52427184,76.85860058,5.60190703,53.42565598,66.53061224,557089916.39999998,478090010.00000000,False
383220,FF,KOSPI,섬유·의류,72900,-0.54570259,47.33965015,6.42335766,84.20189504,11.12804878,81.96064140,-7.13375796,18.73177843,66.52514577,3280610730.15000010,4573894300.00000000,False
376980,원티드랩,KOSDAQ,IT 서비스,3145,-0.47468354,48.72448980,0.64000000,54.08163265,3.79537954,68.80466472,38.85209713,89.32215743,66.48323615,18744097.40000000,30943185.00000000,False
042370,비츠로테크,KOSDAQ,금융,10580,-2.30840259,21.75655977,-1.02899906,32.68950437,29.33985330,93.33090379,31.26550868,85.75072886,66.46501458,17216594282.50000000,5212010215.00000000,False
364950,에이아이코리아,KOSDAQ,기계·장비,3830,-2.66836086,17.89358601,12.31671554,92.96647230,8.65248227,78.86297376,-3.28282828,26.16618076,66.45772595,73733302.70000000,46257900.00000000,False
218410,RFHIC,KOSDAQ,전기·전자,58000,-0.34364261,51.42128280,-0.68493151,35.89650146,19.71104231,88.66618076,18.36734694,75.32798834,66.44314869,33897864671.25000000,16846385850.00000000,False
122350,삼기,KOSDAQ,운송장비·부품,1733,8.24484697,97.99562682,9.33753943,89.61370262,-0.51664753,48.36005831,5.03030303,52.04081633,66.43586006,3617915311.34999990,38094642107.00000000,False
376300,디어유,KOSDAQ,IT 서비스,19480,2.95983087,91.36297376,5.58265583,81.92419825,6.10021786,74.12536443,-10.23041475,15.34256560,66.43221574,1281426012.25000000,2279214270.00000000,False
235980,메드팩토,KOSDAQ,일반서비스,3000,-1.63934426,29.68294461,4.16666667,76.87682216,5.07880911,71.90233236,7.91366906,58.19970845,66.43221574,323213659.30000001,285773484.00000000,False
024070,WISCOM,KOSPI,화학,2005,1.57041540,84.73032070,0.30015008,50.91107872,5.74894515,73.39650146,11.94863205,66.43586006,66.39212828,26295801.00000000,10231310.00000000,False
460470,아이빔테크놀로지,KOSDAQ,의료·정밀기기,3020,-2.89389068,16.03498542,3.60205832,74.70845481,7.47330961,76.82215743,7.85714286,58.01749271,66.34839650,70499062.95000000,80300979.00000000,False
048530,인트론바이오,KOSDAQ,제약,2885,0.69808028,76.42128280,1.94346290,64.97813411,0.52264808,57.79883382,23.81974249,80.02915452,66.26093294,199353888.44999999,273965330.00000000,False
028670,팬오션,KOSPI,운송·창고,6090,-1.77419355,27.62390671,5.91304348,82.76239067,0.49504950,57.52551020,21.80000000,78.27988338,66.25728863,16278719510.25000000,11164450135.00000000,False
008350,남선알미늄,KOSPI,금속,1091,2.05799813,87.53644315,2.15355805,66.50874636,3.21665090,67.27405248,5.51257253,53.17055394,66.25000000,756645902.29999995,1202851723.00000000,False
388790,라이콤,KOSDAQ,전기·전자,5210,-1.51228733,31.45043732,0.38535645,51.74927114,24.79041916,91.43586006,6.21814475,54.88338192,66.22084548,5822558642.69999981,1882329035.00000000,False
032580,피델릭스,KOSDAQ,전기·전자,7570,-0.65616798,45.11661808,-4.29835651,11.91690962,54.48979592,97.99562682,54.80572597,94.02332362,66.08965015,5161498714.05000019,3492290590.00000000,False
359090,씨엔알리서치,KOSDAQ,일반서비스,2325,-0.21459227,54.02696793,-0.85287846,34.40233236,17.36496719,86.88046647,21.53685311,77.95189504,66.06596210,23416598.90000000,27967552.00000000,False
399720,가온칩스,KOSDAQ,전기·전자,47400,3.04347826,91.54518950,3.60655738,74.74489796,10.10452962,80.68513120,-14.74820144,11.04227405,66.06049563,6198724421.25000000,9920827950.00000000,False
389140,포바이포,KOSDAQ,오락·문화,5450,-1.97841727,25.47376093,2.05992509,65.81632653,6.03112840,73.97959184,14.61619348,70.62682216,66.00947522,239035933.50000000,157281135.00000000,False
183300,코미코,KOSDAQ,기계·장비,33500,2.13414634,88.08309038,-1.90336750,25.32798834,27.13472486,92.49271137,10.14302154,62.97376093,65.99854227,16962413787.50000000,9680228200.00000000,False
446070,유니드비티플러스,KOSPI,종이·목재,3950,-0.62893082,45.79081633,1.28205128,59.82142857,4.22163588,69.97084548,20.61068702,77.40524781,65.99489796,187977730.34999999,93912875.00000000,False
448900,한국피아이엠,KOSDAQ,운송장비·부품,53100,-2.38970588,20.93658892,1.72413793,63.26530612,7.16448032,76.12973761,15.43478261,71.97521866,65.92018950,3173897332.50000000,2437414100.00000000,False
452300,캡스톤파트너스,KOSDAQ,금융,2450,-1.01010101,39.03061224,1.23966942,59.43877551,7.22100656,76.20262391,13.16397229,68.44023324,65.90379009,115706665.50000000,183562565.00000000,False
215090,솔디펜스,KOSDAQ,의료·정밀기기,1430,0.70422535,76.56705539,-0.55632823,37.17201166,9.16030534,79.40962099,19.76549414,76.45772595,65.86370262,130497891.00000000,24327093.00000000,False
017860,DS단석,KOSPI,화학,12830,-1.83626626,26.85860058,1.58353127,62.42711370,7.45393635,76.74927114,13.13932981,68.40379009,65.79446064,1104127703.75000000,777104545.00000000,False
035460,기산텔레콤,KOSDAQ,전기·전자,2490,-5.14285714,4.73760933,1.42566191,61.18804665,8.26086957,78.02478134,22.05882353,78.64431487,65.76895044,504300783.80000001,494983137.00000000,False
012750,에스원,KOSPI,일반서비스,83900,0.35885167,71.02769679,2.19244823,66.80029155,6.06826802,74.01603499,2.31707317,44.95262391,65.73979592,5841423833.85000038,5114958700.00000000,False
086980,쇼박스,KOSDAQ,오락·문화,1978,15.00000000,99.08892128,13.02857143,93.73177843,1.85375901,62.93731778,-12.86343612,12.57288630,65.71793003,309459399.35000002,3638265446.00000000,False
031820,아이티센씨티에스,KOSPI,IT 서비스,5810,-0.34305317,51.45772595,2.83185841,70.37172012,1.21951220,60.82361516,18.57142857,75.58309038,65.70335277,194080634.50000000,161454900.00000000,False
066970,엘앤에프,KOSPI,전기·전자,115600,-1.28095645,35.02186589,3.21428571,72.81341108,0.96069869,59.76676385,26.33879781,82.17930029,65.68877551,58012124362.50000000,48851648000.00000000,False
031430,신세계인터내셔날,KOSPI,유통,11030,1.65898618,85.31341108,5.24809160,80.83090379,5.95581172,73.79737609,-8.69205298,16.90962099,65.68148688,609969644.00000000,1759114150.00000000,False
225530,HC보광산업,KOSDAQ,비금속,2185,2.10280374,87.93731778,3.30969267,73.43294461,5.55555556,72.90451895,-2.23713647,28.46209913,65.67784257,21960243.45000000,75769425.00000000,False
001460,BYC,KOSPI,섬유·의류,37850,0.00000000,61.20626822,5.43175487,81.48688047,0.26490066,56.34110787,10.02906977,62.68221574,65.63957726,111191607.50000000,56928650.00000000,False
452200,민테크,KOSDAQ,의료·정밀기기,1679,-0.29691211,52.25947522,1.45015106,61.47959184,4.93750000,71.68367347,11.85876083,66.21720117,65.58673469,96519293.90000001,83166718.00000000,False
225590,패션플랫폼,KOSDAQ,섬유·의류,3200,9.77701544,98.25072886,7.56302521,86.77113703,0.31347962,56.48688047,0.00000000,35.65962099,65.58309038,92721053.50000000,237299866.00000000,False
262260,에이프로,KOSDAQ,전기·전자,4310,-2.04545455,25.00000000,-1.03329506,32.61661808,16.48648649,86.22448980,54.75763016,93.98688047,65.57215743,205170249.09999999,69473392.00000000,False
330730,스톤브릿지벤처스,KOSDAQ,금융,4760,2.47578041,89.57725948,3.59085963,74.59912536,0.21052632,55.64868805,8.67579909,59.83965015,65.56486880,126956909.50000000,83657865.00000000,False
484120,도우인시스,KOSDAQ,전기·전자,23250,1.08695652,80.79446064,-3.12500000,17.51093294,13.69193154,84.43877551,47.15189873,92.23760933,65.55575802,1477261314.25000000,1568441125.00000000,False
066700,테라젠이텍스,KOSDAQ,제약,2275,0.22026432,68.29446064,0.22026432,49.92711370,6.30841121,74.59912536,13.46633416,69.09620991,65.46647230,116753494.40000001,39740740.00000000,False
290650,엘앤씨바이오,KOSDAQ,제약,55800,-2.78745645,16.98250729,8.56031128,88.66618076,19.10352188,88.19241983,-17.45806337,9.43877551,65.46282799,12172818657.75000000,20658450150.00000000,False
208140,정다운,KOSDAQ,음식료·담배,2330,2.19298246,88.33819242,3.09734513,72.17565598,2.19298246,63.84839650,3.09734513,47.15743440,65.45736152,53559520.95000000,254487430.00000000,False
362320,청담글로벌,KOSDAQ,유통,4505,6.12485277,96.61078717,8.55421687,88.62973761,1.23595506,60.86005831,-4.14893617,24.30758017,65.45553936,439286150.64999998,509607971.00000000,False
382900,범한퓨얼셀,KOSDAQ,전기·전자,24400,-1.61290323,30.17492711,-2.59481038,20.59037901,31.60733549,93.91399417,52.40474703,93.33090379,65.42638484,6158258209.00000000,1395976275.00000000,False
102460,이연제약,KOSPI,제약,10270,1.48221344,84.03790087,2.18905473,66.76384840,3.31991952,67.60204082,4.15821501,49.63556851,65.40087464,216010407.50000000,296561570.00000000,False
372910,한컴라이프케어,KOSPI,의료·정밀기기,2135,0.23474178,68.47667638,-1.83908046,25.76530612,14.78494624,85.16763848,28.15126050,83.56413994,65.35714286,2709535656.55000019,333012612.00000000,False
008970,KBI동양철관,KOSPI,금속,1421,1.35520685,83.09037901,-4.18071477,12.46355685,24.32195976,91.21720117,28.36495032,83.70991254,65.27696793,6004743337.64999962,2882757621.00000000,False
024900,디와이덕양,KOSPI,운송장비·부품,2185,-0.68181818,44.62463557,-2.23713647,22.95918367,28.90855457,93.18513120,27.40524781,83.09037901,65.24234694,564279785.35000002,145954952.00000000,False
078890,가온그룹,KOSDAQ,전기·전자,4490,-0.77348066,43.07580175,2.62857143,69.24198251,6.02125148,73.94314869,5.39906103,52.62390671,65.18221574,264617169.30000001,170187725.00000000,False
012210,삼미금속,KOSDAQ,금속,12160,-9.99259808,0.65597668,-0.89649552,33.96501458,19.21568627,88.26530612,87.36517720,97.74052478,65.10932945,73455992513.00000000,28060369455.00000000,False
458870,씨어스,KOSDAQ,의료·정밀기기,26100,1.35922330,83.16326531,2.55402750,68.84110787,16.25835189,86.11516035,-19.69230769,8.30903790,65.07653061,4582174540.00000000,3594446800.00000000,False
258790,소프트캠프,KOSDAQ,IT 서비스,7200,-1.23456790,35.89650146,-3.74331551,14.39504373,32.35294118,94.13265306,79.10447761,97.26676385,65.01457726,372933749.25000000,273516830.00000000,False
004490,세방전지,KOSPI,전기·전자,63100,0.63795853,75.47376093,5.69514238,82.32507289,-1.86625194,41.58163265,24.21259843,80.28425656,64.93440233,4353064252.50000000,5164341450.00000000,False
043710,코스리거글로벌,KOSDAQ,유통,3310,1.06870229,80.64868805,5.41401274,81.45043732,3.92464678,69.16909621,-4.33526012,23.79737609,64.92711370,41816133.25000000,23991234.00000000,False
018310,삼목에스폼,KOSDAQ,금속,14980,0.33489618,70.44460641,1.35317997,60.45918367,8.55072464,78.57142857,1.28465179,41.58163265,64.92711370,247931985.50000000,108527370.00000000,False
170790,파이오링크,KOSDAQ,전기·전자,8560,-1.60919540,30.28425656,3.13253012,72.41253644,3.75757576,68.73177843,10.16731017,63.15597668,64.87609329,218214144.25000000,194842240.00000000,False
405920,나라셀라,KOSDAQ,유통,1898,-1.40259740,33.23615160,3.65920262,75.00000000,4.63065050,70.80903790,5.62047858,53.46209913,64.83965015,11004216.50000000,23017734.00000000,False
035610,솔본,KOSDAQ,일반서비스,4965,1.74180328,85.71428571,-0.30120482,40.56122449,3.54535975,68.18513120,28.96103896,84.11078717,64.83600583,324228111.94999999,462934585.00000000,False
003310,대주산업,KOSDAQ,음식료·담배,1708,-0.11695906,56.66909621,5.10769231,80.35714286,0.23474178,55.94023324,10.19354839,63.19241983,64.78862974,354616756.64999998,149661942.00000000,False
086670,비엠티,KOSDAQ,기계·장비,18840,-0.26469031,52.76967930,-1.36125654,29.55539359,13.35740072,84.32944606,29.21810700,84.40233236,64.75583090,957760857.25000000,723923130.00000000,False
033290,로젠,KOSDAQ,유통,1561,2.09287116,87.86443149,2.49507551,68.44023324,2.36065574,64.43148688,3.58327804,48.32361516,64.75583090,28020456.40000000,93654581.00000000,False
00806K,대덕1우,KOSPI,기타금융,11010,0.54794521,73.97959184,3.77002828,75.36443149,2.32342007,64.32215743,2.32342007,45.04373178,64.74489796,32893957.25000000,39605330.00000000,False
050890,쏠리드,KOSDAQ,전기·전자,9760,-2.20440882,22.77696793,2.30607966,67.34693878,16.19047619,86.04227405,0.51493306,38.99416910,64.69752187,16282220243.25000000,7433846445.00000000,False
054450,텔레칩스,KOSDAQ,전기·전자,10210,0.69033531,76.27551020,1.08910891,58.34548105,8.04232804,77.73323615,1.28968254,41.65451895,64.55539359,569961079.75000000,475781145.00000000,False
092190,서울바이오시스,KOSDAQ,전기·전자,8290,3.62500000,93.40379009,-0.71856287,35.42274052,4.01505646,69.46064140,28.72670807,83.96501458,64.54446064,1529116070.50000000,769960445.00000000,False
006660,삼성공조,KOSPI,운송장비·부품,12720,-1.01167315,38.99416910,1.92307692,64.83236152,0.63291139,58.23615160,39.01639344,89.43148688,64.52988338,3739981227.25000000,962094105.00000000,False
015860,일진홀딩스,KOSPI,기타금융,7070,-1.11888112,37.42711370,0.14164306,48.79737609,5.99700150,73.87026239,27.15827338,82.90816327,64.51166181,600617552.00000000,655391400.00000000,False
063160,종근당바이오,KOSPI,제약,13980,-6.80000000,2.04081633,7.12643678,85.86005831,3.02137067,66.58163265,8.54037267,59.51166181,64.49708455,550974790.50000000,1177216150.00000000,False
095500,미래나노텍,KOSDAQ,화학,7020,0.42918455,72.19387755,6.04229607,83.12682216,3.23529412,67.45626822,-3.17241379,26.45772595,64.43148688,479828625.50000000,660801935.00000000,False
009580,무림PP,KOSPI,종이·목재,1742,-1.02272727,38.77551020,0.92699884,57.17930029,8.53582555,78.53498542,8.67124142,59.80320700,64.40597668,2987432993.44999981,369663477.00000000,False
054950,제이브이엠,KOSDAQ,기계·장비,24200,-0.20618557,54.30029155,1.25523013,59.62099125,3.41880342,67.85714286,13.88235294,69.64285714,64.38775510,355383528.39999998,382855625.00000000,False
377480,마음AI,KOSDAQ,IT 서비스,10170,-1.07003891,38.04664723,1.49700599,61.95335277,3.03951368,66.65451895,19.78798587,76.53061224,64.35860058,490155932.25000000,251211250.00000000,False
066130,하츠,KOSDAQ,전기·전자,3515,0.86083214,78.60787172,1.88405797,64.52259475,1.88405797,63.01020408,8.48765432,59.36588921,64.29482507,36968500.80000000,11282260.00000000,False
065170,비엘팜텍,KOSDAQ,유통,2380,-0.41841004,49.92711370,8.92448513,89.21282799,9.67741935,80.17492711,-39.13043478,2.29591837,64.28571429,2110815316.59999990,1140805247.00000000,False
011320,유니크,KOSDAQ,운송장비·부품,3960,-0.87609512,41.10787172,2.06185567,65.85276968,4.34782609,70.28061224,9.39226519,61.51603499,64.28206997,82720765.15000001,162894501.00000000,False
056360,코위버,KOSDAQ,전기·전자,6190,-3.58255452,11.44314869,-0.64205457,36.47959184,20.89843750,89.28571429,26.32653061,82.14285714,64.23104956,1354147027.50000000,557186710.00000000,False
005180,빙그레,KOSPI,음식료·담배,87200,-1.46892655,32.03352770,1.75029172,63.44752187,1.27758420,61.15160350,33.33333333,87.08090379,64.11443149,4268975155.00000000,1473399100.00000000,False
101730,위메이드맥스,KOSDAQ,IT 서비스,4710,-11.29943503,0.40087464,6.20067644,83.60058309,16.15289766,85.93294461,-4.75227503,22.99562682,64.09256560,4281143352.80000019,3846522114.00000000,False
122640,예스티,KOSDAQ,기계·장비,32200,1.57728707,84.80320700,-4.02384501,13.41107872,17.30418944,86.80758017,29.05811623,84.32944606,64.09256560,11402291031.25000000,6841295425.00000000,False
067000,조이시티,KOSDAQ,IT 서비스,1180,-0.67340067,44.89795918,1.98789974,65.30612245,3.05676856,66.69096210,12.06077873,66.58163265,64.07434402,783246162.10000002,274492074.00000000,False
023770,플레이위드,KOSDAQ,IT 서비스,2780,3.92523364,93.80466472,10.75697211,91.43586006,-3.97236615,31.81486880,15.83333333,72.59475219,64.05612245,59700631.55000000,127089475.00000000,False
007340,DN오토모티브,KOSPI,전기·전자,48450,-0.61538462,46.02769679,-0.51334702,37.71865889,6.48351648,75.00000000,42.08211144,90.59766764,64.03790087,5756812156.25000000,5218345150.00000000,False
487720,키움제10호스팩,KOSDAQ,금융,2120,-0.70257611,44.35131195,3.41463415,73.72448980,3.66748166,68.44023324,4.43349754,50.43731778,64.01603499,15801692.20000000,5713910.00000000,False
033100,제룡전기,KOSDAQ,전기·전자,48300,-1.42857143,32.76239067,1.36411333,60.60495627,5.22875817,72.15743440,13.11475410,68.29446064,63.97959184,3584088576.25000000,3624831475.00000000,False
321260,프로이천,KOSDAQ,전기·전자,1715,0.11675423,65.70699708,1.53937241,62.24489796,5.79888957,73.50583090,2.94117647,46.61078717,63.96865889,229356610.69999999,94492603.00000000,False
263770,유에스티,KOSDAQ,금속,1712,-1.94730813,25.83819242,2.33114166,67.52915452,4.19963481,69.93440233,11.60365059,65.74344023,63.96501458,13178316.25000000,4075636.00000000,False
388720,유일로보틱스,KOSDAQ,기계·장비,69400,-0.14388489,56.01311953,2.96735905,71.28279883,4.83383686,71.46501458,1.31386861,41.85495627,63.94314869,2305973162.50000000,1830788650.00000000,False
004410,서울식품,KOSPI,음식료·담배,1229,0.24469821,69.02332362,0.90311987,56.77842566,1.15226337,60.42274052,22.53240279,79.00874636,63.90670554,135222773.65000001,154991932.00000000,False
041190,우리기술투자,KOSDAQ,금융,5970,-0.50000000,48.21428571,4.00696864,76.42128280,-0.99502488,45.99125364,36.92660550,88.55685131,63.85568513,18746370813.25000000,5992565005.00000000,False
191410,육일씨엔에쓰,KOSDAQ,전기·전자,1721,0.05813953,65.01457726,8.92405063,89.17638484,-4.22927101,30.86734694,43.41666667,91.18075802,63.83746356,300727834.89999998,153115826.00000000,False
089980,상아프론테크,KOSDAQ,화학,16090,-1.52998776,31.12244898,0.37429819,51.60349854,6.91029900,75.72886297,17.53104456,74.70845481,63.82653061,777330514.75000000,266102520.00000000,False
127980,화인써키트,KOSDAQ,전기·전자,2910,-4.43349754,6.99708455,10.01890359,90.63411079,8.37988827,78.24344023,-4.90196078,22.66763848,63.72084548,26185367.05000000,37290580.00000000,False
004830,덕성,KOSPI,화학,3440,-0.57803468,46.81122449,5.35987749,81.08600583,2.22882615,64.03061224,2.38095238,45.15306122,63.64978134,100588680.84999999,201939404.00000000,False
301300,바이브컴퍼니,KOSDAQ,IT 서비스,1777,3.19396051,91.90962099,14.86748546,95.00728863,-7.01203558,21.10058309,34.01206637,87.39067055,63.61151603,145467648.80000001,16404381.00000000,False
086710,선진뷰티사이언스,KOSDAQ,화학,7100,1.13960114,81.30466472,3.64963504,74.96355685,1.13960114,60.34985423,2.01149425,44.13265306,63.58600583,40690701.00000000,73297150.00000000,False
253840,수젠텍,KOSDAQ,제약,4545,-6.38516993,2.58746356,1.79171333,63.92128280,4.00457666,69.42419825,25.55248619,81.63265306,63.53134111,1796700911.20000005,1965432187.00000000,False
009150,삼성전기,KOSPI,전기·전자,1559000,-2.98693217,15.34256560,2.97225892,71.31924198,7.22145805,76.23906706,4.42062960,50.36443149,63.49854227,858025151214.75000000,873806672350.00000000,False
0009K0,에임드바이오,KOSDAQ,일반서비스,24650,-4.27184466,7.83527697,10.53811659,91.14431487,1.64948454,62.28134111,5.11727079,52.15014577,63.46938776,2518875316.25000000,2841789975.00000000,False
053080,케이엔솔,KOSDAQ,기계·장비,9190,-1.07642626,37.93731778,2.91153415,70.80903790,3.37457818,67.82069971,6.98486612,56.30466472,63.42565598,375768501.75000000,312930395.00000000,False
043200,파루,KOSDAQ,전기·전자,1252,-1.02766798,38.70262391,1.29449838,59.94897959,4.33333333,70.18950437,12.58992806,67.36516035,63.40379009,116794870.45000000,57070056.00000000,False
000227,유유제약2우B,KOSPI,제약,7980,-1.72413793,28.20699708,3.90625000,75.98396501,12.39436620,83.09037901,-5.00000000,22.43075802,63.33819242,7767553.00000000,1766470.00000000,False
307870,비투엔,KOSDAQ,IT 서비스,1287,2.96000000,91.39941691,6.80497925,84.98542274,-4.66666667,29.09985423,30.52738337,85.16763848,63.30903790,750051787.79999995,816681436.00000000,False
413390,엠오티,KOSDAQ,기계·장비,6730,0.00000000,61.20626822,6.99523052,85.38629738,-2.18023256,40.01457726,20.60931900,77.36880466,63.21610787,99976094.25000000,109815310.00000000,False
065510,휴비츠,KOSDAQ,의료·정밀기기,7190,-0.96418733,39.65014577,7.47384155,86.51603499,1.55367232,62.06268222,1.41043724,42.23760933,63.19241983,192693647.75000000,145408910.00000000,False
294630,서남,KOSDAQ,전기·전자,3090,-1.59235669,30.43002915,1.98019802,65.26967930,1.31147541,61.29737609,24.09638554,80.21137026,63.18513120,635910022.39999998,311044523.00000000,False
493330,지에프아이,KOSDAQ,기계·장비,13830,5.33130236,96.13702624,14.01483924,94.67930029,-7.67690254,19.31486880,32.98076923,86.91690962,63.12682216,717138294.75000000,870265545.00000000,False
267980,매일유업,KOSDAQ,음식료·담배,34600,-0.43165468,49.63556851,4.21686747,77.09548105,1.61527166,62.17201166,4.53172205,50.80174927,63.12135569,146616200.00000000,153249000.00000000,False
137310,에스디바이오센서,KOSPI,의료·정밀기기,6480,-4.84581498,5.57580175,5.70962480,82.39795918,5.02431118,71.79300292,2.53164557,45.59037901,63.11224490,801174310.25000000,1157809910.00000000,False
009320,아진전자부품,KOSPI,운송장비·부품,982,1.86721992,86.69825073,1.13285273,58.70991254,3.47734457,68.03935860,3.47734457,48.06851312,63.11224490,68736221.45000000,40208053.00000000,False
376180,피코그램,KOSDAQ,기타제조,1445,-0.13821700,56.19533528,3.95683453,76.23906706,2.04802260,63.55685131,2.70078181,45.99125364,63.11224490,45516961.50000000,26443478.00000000,False
189860,서전기전,KOSDAQ,전기·전자,4920,-2.38095238,21.08236152,-0.50556117,37.93731778,11.06094808,81.88775510,28.96461337,84.18367347,63.08126822,3788848294.90000010,410441557.00000000,False
026960,동서,KOSPI,유통,26300,0.19047619,67.38338192,3.33988212,73.54227405,3.13725490,66.94606414,0.19047619,37.50000000,63.07944606,1706615068.75000000,1129543250.00000000,False
064760,티씨케이,KOSDAQ,비금속,293000,4.08525755,94.20553936,-3.30033003,16.61807580,9.12476723,79.33673469,29.64601770,84.62099125,63.06486880,19563195800.00000000,24265512500.00000000,False
340810,시선AI,KOSDAQ,IT 서비스,3835,4.21195652,94.71574344,6.23268698,83.70991254,-6.46341463,22.99562682,70.06651885,96.31924198,63.04664723,1242270686.50000000,646161455.00000000,False
256630,포인트엔지니어링,KOSDAQ,금속,4415,1.26146789,82.28862974,2.08092486,65.96209913,1.14547537,60.38629738,5.87529976,54.11807580,62.99562682,12670296.80000000,14722535.00000000,False
058610,에스피지,KOSDAQ,전기·전자,97300,-2.60260260,18.54956268,0.20597322,49.63556851,4.96224380,71.72011662,35.13888889,87.57288630,62.94825073,34258244055.00000000,21831556250.00000000,False
355390,크라우드웍스,KOSDAQ,IT 서비스,1612,-7.35632184,1.74927114,5.70491803,82.36151603,13.20224719,84.11078717,-5.17647059,22.08454810,62.94460641,716905226.35000002,502962870.00000000,False
010040,한국내화,KOSPI,비금속,1694,0.17740982,67.20116618,0.59382423,53.68075802,3.86266094,69.09620991,9.78613091,62.13556851,62.88994169,39452706.25000000,15519634.00000000,False
099190,아이센스,KOSDAQ,의료·정밀기기,16620,-1.07142857,38.01020408,4.46260214,78.06122449,0.84951456,59.47521866,8.48563969,59.32944606,62.87536443,595743588.75000000,324197150.00000000,False
140430,카티스,KOSDAQ,IT 서비스,2400,-4.19161677,8.19970845,-3.03030303,17.96647230,38.32853026,95.59037901,45.45454545,91.80029155,62.80612245,2755266544.80000019,366607155.00000000,False
307280,원바이오젠,KOSDAQ,제약,6050,0.49833887,73.32361516,0.16556291,49.01603499,3.06643952,66.72740525,14.36672968,70.37172012,62.80247813,105396008.50000000,23894840.00000000,False
032620,GC메디아이,KOSDAQ,IT 서비스,3220,0.00000000,61.20626822,0.62500000,53.93586006,4.71544715,71.10058309,8.78378378,60.20408163,62.78243440,119975339.65000001,169392165.00000000,False
002710,TCC스틸,KOSPI,금속,13930,-1.13555713,37.13556851,-4.65434634,10.64139942,26.17753623,92.09183673,58.11577753,94.60641399,62.66399417,8786864427.50000000,5598423050.00000000,False
437730,삼현,KOSDAQ,운송장비·부품,48400,-3.77733598,10.45918367,-3.39321357,16.03498542,42.98375185,96.42857143,43.19526627,91.10787172,62.64941691,28834640822.50000000,13859588700.00000000,False
227950,엔투텍,KOSDAQ,기계·장비,1319,4.26877470,94.86151603,9.00826446,89.35860058,-0.45283019,48.83381924,-0.15140045,33.92857143,62.61297376,127271632.95000000,138882202.00000000,False
021240,코웨이,KOSPI,일반서비스,100300,-0.79129575,42.56559767,0.90543260,56.85131195,2.66120778,65.48833819,18.00000000,75.03644315,62.51457726,20417034835.15000153,16294552350.00000000,False
103590,일진전기,KOSPI,전기·전자,82000,-5.74712644,3.49854227,-0.72639225,35.34985423,16.14730878,85.89650146,31.62118780,85.96938776,62.50728863,35022300012.50000000,57351338450.00000000,False
005440,현대지에프홀딩스,KOSPI,기타금융,12850,4.72697637,95.55393586,0.39062500,51.82215743,7.35171261,76.53061224,-0.15540016,33.89212828,62.49271137,4830276386.50000000,9858876135.00000000,False
482690,대신밸런스제19호스팩,KOSDAQ,금융,2105,1.44578313,83.85568513,2.68292683,69.56997085,1.20192308,60.71428571,2.18446602,44.49708455,62.44169096,36947122.95000000,5324730.00000000,False
009070,KCTC,KOSPI,운송·창고,4165,-0.71513707,44.05976676,3.73599004,75.29154519,1.21506683,60.78717201,6.65813060,55.64868805,62.43804665,491834554.30000001,553306323.00000000,False
278280,천보,KOSDAQ,화학,38900,0.77720207,77.58746356,9.57746479,89.94169096,-2.62828536,37.97376093,9.88700565,62.42711370,62.41618076,1010819553.75000000,1397942375.00000000,False
067280,멀티캠퍼스,KOSDAQ,일반서비스,26050,0.57915058,74.45335277,-0.76190476,35.05830904,9.68421053,80.22959184,9.45378151,61.62536443,62.37973761,252403420.00000000,147893150.00000000,False
122310,제노레이,KOSDAQ,의료·정밀기기,3390,1.04321908,80.39358601,1.80180180,63.99416910,2.72727273,65.67055394,2.10843373,44.35131195,62.37609329,21166739.75000000,12734855.00000000,False
040610,SGG,KOSDAQ,운송장비·부품,3225,0.15527950,66.50874636,2.38095238,67.91180758,1.25588697,61.04227405,6.08552632,54.62827988,62.36698251,58505094.35000000,30412945.00000000,False
256150,한독크린텍,KOSDAQ,기계·장비,5030,-0.59288538,46.51967930,0.60000000,53.71720117,5.23012552,72.19387755,10.30701754,63.41107872,62.32689504,18275858.40000000,2672160.00000000,False
009730,이렘,KOSDAQ,금속,2075,4.11440040,94.24198251,-0.71770335,35.45918367,1.96560197,63.26530612,29.68750000,84.73032070,62.31413994,120090446.65000001,284177343.00000000,False
365900,브이씨,KOSDAQ,기타제조,2500,0.60362173,74.79956268,3.09278351,72.10276968,4.16666667,69.82507289,-3.28820116,26.09329446,62.25947522,101017148.65000001,133230125.00000000,False
067010,이씨에스,KOSDAQ,IT 서비스,2560,-0.19493177,54.59183673,1.38613861,60.82361516,0.58939096,58.12682216,19.62616822,76.38483965,62.23396501,126162959.70000000,57003330.00000000,False
950190,고스트스튜디오,KOSDAQ,IT 서비스,9780,0.30769231,69.97084548,1.03305785,58.01749271,2.62329486,65.37900875,7.70925110,57.76239067,62.10641399,1391704657.75000000,119370880.00000000,False
005800,신영와코루,KOSPI,섬유·의류,13780,1.32352941,82.83527697,0.51057622,53.02478134,1.54753132,62.02623907,11.48867314,65.48833819,62.09912536,49780440.50000000,16713440.00000000,False
064850,에프앤가이드,KOSDAQ,IT 서비스,20350,-1.21359223,36.18804665,2.10737582,66.18075802,21.49253731,89.86880466,-11.90476190,13.33819242,62.08819242,737668103.75000000,499005775.00000000,False
084695,대상홀딩스우,KOSPI,기타금융,13740,-1.92719486,26.02040816,-0.50687907,37.90087464,10.45016077,80.97667638,22.02486679,78.53498542,62.06997085,48006386.50000000,62241750.00000000,False
033530,SJG세종,KOSPI,운송장비·부품,6880,1.32547865,82.87172012,1.47492625,61.77113703,-0.14513788,50.80174927,17.40614334,74.56268222,62.05174927,213342568.00000000,352591640.00000000,False
100220,비상교육,KOSPI,오락·문화,5060,1.40280561,83.52769679,1.70854271,63.08309038,3.16004077,67.01895044,0.79681275,39.68658892,62.02259475,115000407.25000000,45661350.00000000,False
088130,동아엘텍,KOSDAQ,기계·장비,5600,1.08303249,80.75801749,0.00000000,45.55393586,2.75229358,65.77988338,13.82113821,69.53352770,61.96064140,406665275.00000000,391510030.00000000,False
042600,새로닉스,KOSDAQ,전기·전자,11980,0.67226891,76.09329446,-1.07349298,32.25218659,3.90286210,69.13265306,29.79414951,84.87609329,61.91326531,249286055.00000000,254425330.00000000,False
053700,삼보모터스,KOSDAQ,운송장비·부품,4000,1.39416984,83.49125364,3.09278351,72.10276968,-0.24937656,50.21865889,8.10810811,58.56413994,61.78024781,362163623.69999999,286225480.00000000,False
459100,위츠,KOSDAQ,전기·전자,4140,0.72992701,76.85860058,2.72952854,69.78862974,2.09617756,63.66618076,0.36363636,38.30174927,61.74927114,33338848.10000000,18786055.00000000,False
051915,LG화학우,KOSPI,화학,124700,2.38095238,89.24927114,10.15901060,90.81632653,-2.11930926,40.45189504,3.05785124,46.90233236,61.73104956,2814044074.69999981,5473778150.00000000,False
001530,DI동일,KOSPI,유통,26950,6.52173913,96.93877551,6.31163708,83.94679300,-4.77031802,28.46209913,20.58165548,77.33236152,61.72922741,718918573.75000000,2599631575.00000000,False
285490,노바텍,KOSDAQ,기타제조,12340,-3.21568627,13.70262391,1.48026316,61.82580175,4.75382003,71.24635569,11.97822142,66.47230321,61.71100583,255071020.50000000,319840690.00000000,False
004780,대륙제관,KOSDAQ,금속,4235,0.00000000,61.20626822,2.29468599,67.27405248,0.83333333,59.32944606,7.76081425,57.83527697,61.60167638,97893817.55000000,59262140.00000000,False
229000,젠큐릭스,KOSDAQ,제약,1957,0.00000000,61.20626822,0.00000000,45.55393586,2.40711669,64.65014577,23.23677582,79.66472303,61.57981050,405607579.50000000,0.00000000,False
114190,강원에너지,KOSDAQ,전기·전자,9050,-1.20087336,36.37026239,7.10059172,85.64139942,0.22148394,55.79446064,4.14269275,49.59912536,61.56705539,902915834.25000000,899554375.00000000,False
453450,그리드위즈,KOSDAQ,일반서비스,13100,-1.72543136,28.17055394,3.96825397,76.31195335,1.62916990,62.20845481,6.15883306,54.73760933,61.54154519,220340440.00000000,125515605.00000000,False
079950,인베니아,KOSDAQ,기계·장비,1453,-2.28648285,22.01166181,5.59593023,81.96064140,-2.48322148,38.99416910,65.48974943,95.73615160,61.53425656,112831329.90000001,35400710.00000000,False
046890,서울반도체,KOSDAQ,전기·전자,10380,0.00000000,61.20626822,-0.09624639,42.78425656,6.90010299,75.69241983,9.37829294,61.44314869,61.52150146,2828882601.50000000,1878381590.00000000,False
012170,아센디오,KOSPI,오락·문화,3000,-4.45859873,6.88775510,2.73972603,69.86151603,-0.33222591,49.70845481,251.28805621,99.89067055,61.50874636,72300593.90000001,57294295.00000000,False
114810,한솔아이원스,KOSDAQ,기계·장비,14650,0.41124058,72.01166181,-1.67785235,27.15014577,5.54755043,72.84985423,30.10657194,85.09475219,61.50510204,2948659968.00000000,2347115535.00000000,False
036460,한국가스공사,KOSPI,전기·가스,35700,-1.10803324,37.60932945,2.14592275,66.43586006,1.70940171,62.46355685,10.52631579,63.88483965,61.45408163,5365341430.00000000,5554929225.00000000,False
093520,매커스,KOSDAQ,유통,28450,0.70796460,76.65816327,-2.73504274,19.56997085,4.78821363,71.35568513,74.53987730,96.82944606,61.44497085,477886878.75000000,221483850.00000000,False
020000,한섬,KOSPI,섬유·의류,21300,-1.61662818,30.10204082,0.47169811,52.58746356,37.41935484,95.33527697,-5.12249443,22.26676385,61.37390671,3217879414.75000000,1745330750.00000000,False
101000,KS인더스트리,KOSDAQ,기계·장비,1427,-10.02522068,0.61953353,-1.10880111,31.85131195,11.22369447,82.06997085,57.67955801,94.49708455,61.34475219,619774423.75000000,106917094.00000000,False
015230,대창단조,KOSPI,운송장비·부품,6590,-0.45317221,49.30758017,1.85471406,64.21282799,0.30441400,56.45043732,15.81722320,72.52186589,61.27915452,398555878.00000000,188901240.00000000,False
004090,한국석유,KOSPI,비금속,11780,-0.42265427,49.85422741,2.16825672,66.61807580,2.43478261,64.75947522,4.89759573,51.78571429,61.23177843,8730419009.50000000,1061321130.00000000,False
134380,미원화학,KOSPI,화학,10360,0.97465887,79.81049563,1.76817289,63.70262391,0.68027211,58.52769679,5.71428571,53.64431487,61.23177843,44401299.00000000,17604720.00000000,False
424960,스마트레이더시스템,KOSDAQ,의료·정밀기기,3890,-1.01781170,38.92128280,2.36842105,67.78425656,2.23390276,64.10349854,7.16253444,56.77842566,61.22448980,52856955.10000000,31097170.00000000,False
435570,에르코스,KOSDAQ,음식료·담배,7160,1.56028369,84.65743440,0.28011204,50.72886297,0.56179775,58.01749271,15.11254019,71.50145773,61.19169096,18847575.00000000,9925460.00000000,False
002700,신일전자,KOSPI,유통,1039,-1.23574144,35.82361516,4.00400400,76.38483965,5.05561173,71.82944606,-1.88857413,29.55539359,61.14067055,517838140.30000001,438035324.00000000,False
115440,우리넷,KOSDAQ,전기·전자,10910,-3.96126761,9.32944606,-5.86712683,7.50728863,52.16178522,97.66763848,57.43145743,94.42419825,61.13702624,30664565546.75000000,4139599580.00000000,False
108490,로보티즈,KOSDAQ,기계·장비,298000,-1.97368421,25.58309038,3.29289428,73.32361516,-1.16086235,45.33527697,46.07843137,92.01895044,61.09329446,103715186258.75000000,78118767500.00000000,False
0030R0,대신밸류리츠,KOSPI,기타금융,3965,-0.99875156,39.24927114,5.73333333,82.43440233,0.50697085,57.65306122,2.98701299,46.79300292,61.07507289,59765476.80000000,67219293.00000000,False
025320,시노펙스,KOSDAQ,전기·전자,3965,0.00000000,61.20626822,4.89417989,79.81049563,2.05920206,63.59329446,-2.57985258,27.69679300,61.04045190,1151560945.45000005,1054849686.00000000,False
417310,코람코더원리츠,KOSPI,부동산,2385,0.00000000,61.20626822,0.84566596,56.15889213,0.84566596,59.43877551,15.10617761,71.46501458,61.03680758,257950589.94999999,91228575.00000000,False
201490,미투온,KOSDAQ,IT 서비스,3255,-2.54491018,19.05976676,-4.26470588,12.09912536,23.06238185,90.77988338,67.35218509,95.91836735,61.03134111,33646997850.54999924,3594580876.00000000,False
309930,조이웍스앤코,KOSDAQ,유통,921,-3.15457413,14.24927114,7.59345794,86.88046647,3.59955006,68.25801749,-1.18025751,31.12244898,61.01676385,88638349.45000000,17314856.00000000,False
108320,LX세미콘,KOSPI,전기·전자,37600,0.80428954,77.98833819,2.17391304,66.70918367,2.87277702,66.25364431,-0.26525199,33.41836735,60.99672012,3546097983.75000000,1391965175.00000000,False
452160,제이엔비,KOSDAQ,기계·장비,3160,0.63694268,75.41909621,2.26537217,67.01895044,0.79744817,59.18367347,3.60655738,48.36005831,60.99307580,27134380.60000000,9021545.00000000,False
389680,유디엠텍,KOSDAQ,IT 서비스,2810,-2.76816609,17.09183673,-8.16993464,4.66472303,42.42270654,96.28279883,73.34978408,96.75655977,60.97303207,393248459.60000002,206906085.00000000,False
073190,듀오백,KOSDAQ,기타제조,1622,0.00000000,61.20626822,0.00000000,45.55393586,0.00000000,53.06122449,147.25609756,99.74489796,60.96027697,0.00000000,0.00000000,False
338220,뷰노,KOSDAQ,IT 서비스,7940,-2.93398533,15.67055394,-0.50125313,38.01020408,51.52671756,97.52186589,2.18790219,44.53352770,60.88556851,3263405030.30000019,1387324160.00000000,False
363250,진시스템,KOSDAQ,의료·정밀기기,4200,0.47846890,72.97740525,-1.63934426,27.38702624,5.13141427,71.97521866,27.08018154,82.83527697,60.87099125,42288284.95000000,9545025.00000000,False
049480,오픈베이스,KOSDAQ,IT 서비스,1977,-0.65326633,45.18950437,3.07612096,71.97521866,8.26944140,78.06122449,-8.04651163,17.52915452,60.84183673,483396118.55000001,398966798.00000000,False
131090,시큐브,KOSDAQ,IT 서비스,4340,0.69605568,76.36661808,-0.11507480,42.60204082,2.72189349,65.63411079,14.51187335,70.55393586,60.78170554,70653726.15000001,65757995.00000000,False
091440,한울소재과학,KOSDAQ,전기·전자,2765,-0.18050542,55.02915452,0.00000000,45.55393586,2.78810409,65.92565598,19.18103448,76.20262391,60.77988338,854489195.35000002,356529160.00000000,False
003220,대원제약,KOSPI,제약,8100,-1.21951220,36.07871720,5.05836576,80.24781341,1.25000000,60.98760933,1.75879397,43.18513120,60.71428571,318666823.50000000,413534395.00000000,False
113810,디젠스,KOSDAQ,운송장비·부품,3100,-1.11642743,37.50000000,2.81923715,70.26239067,-0.95846645,46.13702624,33.33333333,87.08090379,60.69970845,65571233.95000000,22431015.00000000,False
078000,텔코웨어,KOSPI,IT 서비스,13600,0.36900369,71.24635569,1.11524164,58.60058309,1.41685309,61.62536443,6.66666667,55.72157434,60.49927114,25421834.00000000,10025890.00000000,False
304360,에스바이오메딕스,KOSDAQ,제약,21950,-4.56521739,6.26822157,6.03864734,83.09037901,0.00000000,53.06122449,13.20268179,68.51311953,60.48104956,534448536.25000000,943833725.00000000,False
001120,LX인터내셔널,KOSPI,유통,43250,-2.03850510,25.09110787,-0.34562212,39.86880466,8.39598997,78.31632653,16.41991925,73.32361516,60.46100583,4454262455.00000000,4251780775.00000000,False
094970,제이엠티,KOSDAQ,전기·전자,2760,0.18148820,67.27405248,2.60223048,69.09620991,1.28440367,61.22448980,1.47058824,42.40160350,60.42638484,185056344.84999999,197642111.00000000,False
009140,케이아이이,KOSPI,전기·전자,22700,-4.82180294,5.64868805,14.24257675,94.86151603,0.22075055,55.75801749,2.48306998,45.44460641,60.41545190,160531379.00000000,194789350.00000000,False
005725,넥센우,KOSPI,화학,4490,0.00000000,61.20626822,0.89887640,56.70553936,3.81502890,68.91399417,3.81502890,48.57871720,60.41362974,5066734.75000000,13474205.00000000,False
126880,제이엔케이글로벌,KOSDAQ,기계·장비,2740,-1.96779964,25.65597668,2.42990654,68.22157434,8.94632207,79.08163265,-2.14285714,28.68075802,60.40087464,119107449.45000000,193545945.00000000,False
315640,딥노이드,KOSDAQ,IT 서비스,2080,-4.14746544,8.45481050,-2.34741784,22.12099125,16.20111732,86.07871720,47.51773050,92.34693878,60.38265306,523869656.80000001,281493633.00000000,False
252990,샘씨엔에스,KOSDAQ,전기·전자,18200,-2.93333333,15.72521866,-8.86329494,3.89941691,39.78494624,95.77259475,71.37476460,96.53790087,60.35896501,14099952016.00000000,8701522520.00000000,False
131370,알서포트,KOSDAQ,IT 서비스,1516,0.33090668,70.18950437,3.26975477,73.10495627,-0.32873110,49.74489796,7.51773050,57.43440233,60.33527697,83702370.95000000,70291820.00000000,False
052460,아이크래프트,KOSDAQ,IT 서비스,5840,-1.68350168,29.11807580,-6.70926518,6.12244898,22.04806688,90.23323615,82.50000000,97.44897959,60.33163265,1231148557.40000010,872742280.00000000,False
053450,세코닉스,KOSDAQ,의료·정밀기기,3270,-0.90909091,40.32434402,2.99212598,71.39212828,5.82524272,73.57871720,-2.82317979,27.18658892,60.31887755,97864525.84999999,79914285.00000000,False
119830,아이텍,KOSDAQ,일반서비스,6590,1.38461538,83.30903790,-3.08823529,17.78425656,8.38815789,78.27988338,19.81818182,76.56705539,60.29154519,830353200.75000000,597256690.00000000,False
011700,한신기계,KOSPI,기계·장비,2485,-1.77865613,27.58746356,1.22199593,59.29300292,4.63157895,70.88192420,7.11206897,56.63265306,60.22594752,832527766.89999998,428037036.00000000,False
004985,성신양회우,KOSPI,비금속,9110,2.59009009,89.94169096,1.22222222,59.32944606,5.43981481,72.59475219,-5.30145530,21.86588921,60.20408163,10029584.00000000,5370720.00000000,False
031330,에스에이엠티,KOSDAQ,유통,8600,0.35005834,70.77259475,2.99401198,71.42857143,6.96517413,75.83819242,-22.52252252,6.45043732,60.13119534,3099881137.25000000,2329219625.00000000,False
457550,우진엔텍,KOSDAQ,일반서비스,14130,0.00000000,61.20626822,2.98833819,71.35568513,5.13392857,72.01166181,-7.03947368,18.95043732,60.12208455,1057264438.00000000,0.00000000,False
101160,월덱스,KOSDAQ,전기·전자,32050,-0.46583851,48.97959184,-0.46583851,38.44752187,6.12582781,74.19825073,13.65248227,69.35131195,59.98177843,1389789540.00000000,998422300.00000000,False
068930,디지털대성,KOSDAQ,일반서비스,9250,0.21668472,68.14868805,-2.83613445,19.09620991,7.30858469,76.49416910,28.47222222,83.81924198,59.90524781,905680711.25000000,342956115.00000000,False
088390,이녹스,KOSDAQ,운송장비·부품,8220,-1.32052821,34.47521866,0.73529412,55.30247813,2.75000000,65.74344023,12.91208791,67.78425656,59.89249271,39219901.25000000,19004570.00000000,False
471820,셀로맥스사이언스,KOSDAQ,음식료·담배,4195,2.81862745,90.88921283,1.20627262,59.18367347,2.56723716,65.19679300,-0.11904762,34.03790087,59.73032070,19777521.40000000,10307290.00000000,False
004650,창해에탄올,KOSDAQ,음식료·담배,9500,0.21097046,68.11224490,2.04081633,65.70699708,1.17145900,60.64139942,2.26049516,44.75218659,59.73032070,107291364.50000000,159016940.00000000,False
028100,동아지질,KOSPI,건설,19440,-0.35879036,51.09329446,-2.01612903,24.59912536,8.48214286,78.38921283,22.88242731,79.40962099,59.72667638,2514028404.75000000,590101740.00000000,False
017650,대림제지,KOSDAQ,종이·목재,10800,0.00000000,61.20626822,0.00000000,45.55393586,1.50375940,61.88046647,18.94273128,75.91107872,59.72120991,62830989.50000000,0.00000000,False
044960,이글벳,KOSDAQ,유통,3190,0.00000000,61.20626822,2.40770465,68.14868805,0.47244094,57.19752187,4.76190476,51.20262391,59.68476676,113203975.90000001,158221370.00000000,False
015710,코콤,KOSDAQ,전기·전자,2940,-0.33898305,51.53061224,1.55440415,62.28134111,0.34129693,56.59620991,11.78707224,66.03498542,59.68294461,22224596.35000000,15372615.00000000,False
006280,녹십자,KOSPI,제약,128000,-1.84049080,26.82215743,3.98050366,76.34839650,0.54988217,57.87172012,6.13598673,54.70116618,59.67565598,3033025895.00000000,3874327700.00000000,False
484590,삼양컴텍,KOSDAQ,금속,7100,-0.28089888,52.44169096,-0.69930070,35.67784257,4.25844347,70.08017493,21.99312715,78.46209913,59.67201166,1394390453.25000000,961116350.00000000,False
007575,일양약품우,KOSPI,제약,7940,0.63371356,75.36443149,-0.12578616,42.38338192,2.84974093,66.18075802,10.89385475,64.65014577,59.65379009,2380398.50000000,1804330.00000000,False
302550,리메드,KOSDAQ,의료·정밀기기,2700,3.25047801,92.05539359,2.85714286,70.48104956,0.55865922,57.98104956,-1.63934426,30.21137026,59.58454810,55783389.35000000,187367722.00000000,False
039860,나노엔텍,KOSDAQ,의료·정밀기기,4500,-1.09890110,37.79154519,-1.74672489,26.45772595,8.82708585,78.93586006,25.34818942,81.34110787,59.55903790,1354260620.54999995,712856505.00000000,False
0091W0,신영스팩11호,KOSDAQ,금융,2050,0.00000000,61.20626822,1.99004975,65.34256560,1.73697270,62.57288630,1.99004975,44.02332362,59.55721574,27847832.10000000,1932500.00000000,False
033830,티비씨,KOSDAQ,오락·문화,1734,1.82031709,86.33381924,2.00000000,65.48833819,-0.23014960,50.43731778,6.51105651,55.43002915,59.54081633,18439751.65000000,22282754.00000000,False
204620,글로벌텍스프리,KOSDAQ,금융,5720,-0.34843206,51.34839650,-0.86655113,34.32944606,7.92452830,77.66034985,11.28404669,65.08746356,59.51530612,3913573503.00000000,2245640495.00000000,False
066900,디에이피,KOSDAQ,전기·전자,1790,0.33632287,70.48104956,1.24434389,59.51166181,5.29411765,72.30320700,-2.39912759,28.13411079,59.44970845,14202604.70000000,5225705.00000000,False
024940,PN풍년,KOSDAQ,유통,2055,0.73529412,76.93148688,-0.24271845,41.10787172,7.59162304,77.00437318,1.73267327,43.03935860,59.43513120,241893888.65000001,63431785.00000000,False
003720,삼영,KOSPI,화학,6330,-1.70807453,28.49854227,1.44230769,61.37026239,2.42718447,64.72303207,9.32642487,61.33381924,59.41690962,867097764.50000000,866906285.00000000,False
037370,EG,KOSDAQ,화학,4210,-2.65895954,18.07580175,-2.77136259,19.38775510,14.24694708,84.80320700,38.94389439,89.35860058,59.41690962,83693191.84999999,31733290.00000000,False
084650,랩지노믹스,KOSDAQ,일반서비스,2775,-3.81282496,10.24052478,6.11854685,83.27259475,11.00000000,81.81486880,-32.23443223,3.24344023,59.38046647,267614736.75000000,164676725.00000000,False
0015G0,그린광학,KOSDAQ,의료·정밀기기,14850,-3.50877193,11.88046647,2.34321158,67.67492711,5.69395018,73.32361516,1.64271047,42.74781341,59.36953353,963509140.25000000,592486610.00000000,False
238490,힘스,KOSDAQ,기계·장비,2345,3.99113082,93.98688047,5.63063063,82.03352770,-1.88284519,41.39941691,1.95652174,43.80466472,59.32944606,26285761.45000000,29077073.00000000,False
086060,진바이오텍,KOSDAQ,유통,4945,-0.50301811,48.10495627,1.43589744,61.26093294,1.12474438,60.31341108,8.68131868,59.87609329,59.28935860,63028284.00000000,112405140.00000000,False
263810,상신전자,KOSDAQ,전기·전자,2590,0.58252427,74.56268222,0.00000000,45.55393586,2.57425743,65.23323615,8.82352941,60.34985423,59.28571429,66545383.95000000,54357340.00000000,False
078340,컴투스,KOSDAQ,IT 서비스,35750,-3.24763194,13.33819242,-2.32240437,22.30320700,12.77602524,83.63702624,37.76493256,88.88483965,59.25655977,3554075597.50000000,2767559925.00000000,False
473980,노머스,KOSDAQ,오락·문화,11300,8.75842156,98.10495627,10.45943304,90.99854227,-2.16450216,40.08746356,-1.65361184,30.17492711,59.18002915,351908622.00000000,1342688390.00000000,False
009900,명신산업,KOSPI,운송장비·부품,8450,0.35629454,70.95481050,2.05314010,65.74344023,-1.85830430,41.67274052,21.93362193,78.35276968,59.15816327,1893096051.25000000,875374550.00000000,False
027040,서울전자통신,KOSDAQ,전기·전자,1900,-5.00000000,4.99271137,2.81385281,70.22594752,6.26398210,74.45335277,0.52910053,39.03061224,59.15451895,1040717322.79999995,228228010.00000000,False
271940,일진하이솔루스,KOSPI,운송장비·부품,11500,-1.62532079,29.95626822,2.86225403,70.66326531,0.08703220,54.99271137,11.00386100,64.75947522,59.14358601,590575432.00000000,263821830.00000000,False
049080,기가레인,KOSDAQ,전기·전자,9050,-3.82571732,10.16763848,-4.02969247,13.33819242,16.17458280,85.96938776,96.95321001,98.50583090,59.10714286,7808221186.50000000,1376057495.00000000,False
009460,한창제지,KOSPI,종이·목재,2760,1.84501845,86.51603499,0.72992701,55.12026239,0.36363636,56.77842566,6.76982592,55.99489796,59.09803207,21211811.60000000,16003490.00000000,False
33637K,솔루스첨단소재1우,KOSPI,전기·전자,1535,-0.45395590,49.27113703,2.40160107,68.03935860,6.22837370,74.34402332,-6.28815629,20.08017493,59.09256560,18087989.80000000,11131142.00000000,False
000700,유수홀딩스,KOSPI,일반서비스,6640,1.06544901,80.57580175,-0.30030030,40.63411079,1.06544901,60.13119534,16.90140845,73.94314869,59.08892128,164125243.25000000,237242375.00000000,False
389500,에스비비테크,KOSDAQ,기계·장비,41250,-3.05522914,14.79591837,-0.36231884,39.61370262,6.31443299,74.63556851,22.76785714,79.19096210,59.05612245,4459456192.50000000,2611528325.00000000,False
405000,플라즈맵,KOSDAQ,의료·정밀기기,3755,-4.33121019,7.47084548,2.03804348,65.63411079,7.28571429,76.45772595,0.94086022,40.16034985,59.05247813,68183331.59999999,31249825.00000000,False
180400,DXVX,KOSDAQ,일반서비스,2330,0.86580087,78.64431487,1.74672489,63.41107872,2.86975717,66.21720117,-2.30607966,28.35276968,59.04518950,80964696.55000000,76805495.00000000,False
001465,BYC우,KOSPI,섬유·의류,26800,-1.10701107,37.66399417,3.07692308,72.01166181,-0.55658627,48.14139942,15.51724138,72.08454810,59.04336735,55402973.75000000,31030100.00000000,False
014580,태경비케이,KOSPI,비금속,3915,-1.38539043,33.52769679,3.70860927,75.18221574,2.75590551,65.81632653,-0.12755102,34.00145773,59.03425656,142590215.50000000,150989058.00000000,False
0004V0,엔비알모션,KOSDAQ,금속,6060,-1.14192496,36.98979592,2.02020202,65.56122449,8.60215054,78.68075802,-5.90062112,20.77259475,58.99416910,1294751240.25000000,487538980.00000000,False
058110,멕아이씨에스,KOSDAQ,의료·정밀기기,1630,-4.06121248,8.85568513,10.80897349,91.61807580,3.95408163,69.35131195,-11.89189189,13.44752187,58.80102041,173822933.65000001,151657713.00000000,False
012620,원일특강,KOSDAQ,금속,7270,0.13774105,66.14431487,0.00000000,45.55393586,3.12056738,66.87317784,8.18452381,58.70991254,58.77186589,29151365.00000000,17858580.00000000,False
146060,율촌,KOSDAQ,금속,1073,-0.83179298,41.90962099,2.28789323,67.20116618,-0.37140204,49.41690962,16.37744035,73.25072886,58.76822157,31711321.00000000,10982371.00000000,False
237750,피앤씨테크,KOSDAQ,전기·전자,3470,3.42771982,92.56559767,3.89221557,75.87463557,1.16618076,60.53206997,-13.35830212,12.39067055,58.70991254,20174213.00000000,17763560.00000000,False
000500,가온전선,KOSPI,전기·전자,299500,-2.44299674,20.33527697,-5.22151899,9.14723032,27.71855011,92.78425656,28.81720430,84.03790087,58.69897959,89381218487.50000000,39035951000.00000000,False
051490,나라엠앤디,KOSDAQ,기계·장비,2670,0.75471698,77.22303207,6.16302187,83.49125364,-1.47601476,43.73177843,1.32827324,41.94606414,58.65160350,48450771.10000000,37146815.00000000,False
00279K,아모레퍼시픽홀딩스3우C,KOSPI,화학,21650,0.46403712,72.59475219,0.46403712,52.51457726,1.16822430,60.58673469,7.17821782,56.81486880,58.61151603,69157599.75000000,27105550.00000000,False
025550,한국선재,KOSDAQ,금속,2310,-1.49253731,31.66909621,-0.43103448,38.88483965,9.21985816,79.48250729,8.70588235,59.93075802,58.61151603,142739092.75000000,97901147.00000000,False
008370,원풍,KOSDAQ,화학,5150,-1.71755725,28.31632653,1.37795276,60.78717201,3.20641283,67.20116618,5.42476970,52.73323615,58.49489796,67201876.84999999,47502080.00000000,False
080520,오디텍,KOSDAQ,전기·전자,2855,0.17543860,67.05539359,0.88339223,56.59620991,3.44202899,67.93002915,0.35149385,38.15597668,58.48760933,27361785.25000000,24917980.00000000,False
001620,케이비아이동국실업,KOSPI,운송장비·부품,2240,1.81818182,86.29737609,2.75229358,69.93440233,-0.44444444,48.87026239,2.75229358,46.13702624,58.38556851,28938679.05000000,52077605.00000000,False
484870,엠앤씨솔루션,KOSPI,기계·장비,18630,-2.15336134,23.50583090,4.60415497,78.57142857,9.26686217,79.59183673,-34.86013986,2.98833819,58.35641399,2337395384.75000000,1650771355.00000000,False
361570,알비더블유,KOSDAQ,오락·문화,1602,-0.80495356,42.31049563,0.06246096,48.28717201,2.36421725,64.50437318,13.29561528,68.73177843,58.26530612,156499492.19999999,24763037.00000000,False
008355,남선알미우,KOSPI,금속,7270,1.25348189,82.14285714,3.70898716,75.21865889,-1.88933873,41.32653061,5.97667638,54.48250729,58.20699708,3333359.00000000,1620800.00000000,False
179900,유티아이,KOSDAQ,전기·전자,2460,0.00000000,61.20626822,11.06094808,91.80029155,1.02669405,59.98542274,-37.08439898,2.69679300,58.19424198,632386225.79999995,696434195.00000000,False
045520,크린앤사이언스,KOSDAQ,기계·장비,3200,-1.68970814,28.93586006,-3.32326284,16.43586006,24.27184466,91.14431487,13.67673179,69.42419825,58.16690962,147213854.59999999,32534345.00000000,False
039740,한국정보공학,KOSDAQ,유통,3050,3.56536503,93.11224490,4.27350427,77.47813411,-0.65146580,47.84985423,-0.65146580,32.32507289,58.15962099,27336073.25000000,20926395.00000000,False
002230,피에스텍,KOSDAQ,의료·정밀기기,5140,-1.15384615,36.73469388,0.98231827,57.50728863,0.39062500,56.88775510,15.63554556,72.33965015,58.14868805,186278694.40000001,129691910.00000000,False
126340,비나텍,KOSDAQ,전기·전자,87800,-5.79399142,3.27988338,-4.87540628,9.91253644,36.76012461,95.26239067,28.36257310,83.67346939,58.14139942,13081233990.00000000,11298193050.00000000,False
060570,드림어스컴퍼니,KOSDAQ,오락·문화,4915,-1.60160160,30.35714286,-2.48015873,21.28279883,22.11180124,90.26967930,10.07838746,62.79154519,58.08673469,134053153.55000000,17402960.00000000,False
110790,크리스에프앤씨,KOSDAQ,섬유·의류,3000,0.50251256,73.43294461,1.18043845,58.96501458,2.04081633,63.52040816,0.33444816,38.11953353,58.06486880,9987521.00000000,9011035.00000000,False
031310,아이즈비전,KOSDAQ,통신,986,-0.80482897,42.34693878,4.44915254,78.02478134,-1.49850150,43.62244898,11.03603604,64.83236152,58.05758017,47883361.50000000,46036614.00000000,False
215380,콜마바이오텍,KOSDAQ,일반서비스,2310,-3.54906054,11.58892128,3.58744395,74.56268222,7.69230769,77.07725948,-7.41482966,18.40379009,58.03935860,205055510.30000001,424397090.00000000,False
050090,비케이홀딩스,KOSDAQ,일반서비스,696,0.00000000,61.20626822,14.47368421,94.93440233,-12.34256927,9.69387755,87.09677419,97.70408163,58.01931487,178063809.15000001,0.00000000,False
038010,제일테크노스,KOSDAQ,금속,5420,-1.45454545,32.19752187,5.24271845,80.79446064,2.26415094,64.17638484,-4.07079646,24.41690962,58.01202624,62951022.00000000,17253100.00000000,False
042500,링네트,KOSDAQ,IT 서비스,4310,-0.80552359,42.27405248,3.48139256,74.12536443,-0.57670127,48.06851312,9.39086294,61.47959184,57.98833819,308903630.55000001,408975890.00000000,False
289930,웨이비스,KOSDAQ,전기·전자,7920,-2.46305419,20.06195335,-0.87609512,34.16545190,12.98145506,83.85568513,9.09090909,60.95116618,57.98833819,804561528.00000000,331855815.00000000,False
419080,엔젯,KOSDAQ,기계·장비,4970,0.20161290,67.78425656,0.00000000,45.55393586,-0.20080321,50.54664723,32.53333333,86.47959184,57.95918367,109514951.55000000,145940590.00000000,False
009300,삼아제약,KOSDAQ,제약,14000,0.00000000,61.20626822,0.07147963,48.36005831,0.79193665,59.14723032,13.08562197,68.25801749,57.93913994,15650217.25000000,3703720.00000000,False
003465,유화증권우,KOSPI,증권,3200,1.42630745,83.67346939,2.56410256,68.95043732,-1.38674884,44.35131195,6.66666667,55.72157434,57.93731778,1100027.75000000,35475.00000000,False
432320,KB스타리츠,KOSPI,부동산,1613,-0.55487053,47.12099125,-1.76613886,26.34839650,7.67690254,77.04081633,15.79325197,72.48542274,57.93002915,697948212.04999995,258977822.00000000,False
000640,동아쏘시오홀딩스,KOSPI,기타금융,93400,-1.58061117,30.57580175,0.75512406,55.50291545,1.41150923,61.58892128,12.53012048,67.27405248,57.79883382,862366520.00000000,707496400.00000000,False
054620,APS,KOSDAQ,금융,3960,-1.00000000,39.13994169,6.30872483,83.89212828,1.53846154,61.97157434,-6.60377358,19.56997085,57.78425656,293046935.55000001,60250345.00000000,False
069080,웹젠,KOSDAQ,IT 서비스,11910,-2.13640099,23.83381924,2.49569707,68.47667638,6.24442462,74.38046647,-3.56275304,25.51020408,57.78061224,1007119409.50000000,1963262245.00000000,False
0041L0,하나35호스팩,KOSDAQ,금융,2010,0.50000000,73.36005831,2.34215886,67.63848397,0.80240722,59.22011662,-0.74074074,32.17930029,57.75145773,24080837.20000000,25474320.00000000,False
004080,신흥,KOSPI,유통,14620,1.52777778,84.40233236,-0.67934783,36.00583090,4.35403283,70.37172012,4.87804878,51.71282799,57.73323615,64802572.75000000,67438260.00000000,False
200710,에이디테크놀로지,KOSDAQ,전기·전자,28100,-0.35460993,51.20262391,0.89766607,56.66909621,14.69387755,85.13119534,-20.73342736,7.72594752,57.71865889,2559439263.75000000,3207207700.00000000,False
339770,교촌에프앤비,KOSPI,유통,3875,-1.02171137,38.81195335,1.30718954,60.05830904,1.97368421,63.30174927,5.29891304,52.36880466,57.69314869,122239622.55000000,246849439.00000000,False
044820,코스맥스비티아이,KOSPI,기타금융,24650,-3.71093750,10.86005831,-0.80482897,34.69387755,5.34188034,72.33965015,32.02999464,86.18804665,57.66763848,758516610.00000000,789750725.00000000,False
071670,에이테크솔루션,KOSDAQ,기계·장비,5310,-3.45454545,12.09912536,0.56818182,53.35276968,6.20000000,74.23469388,5.77689243,53.75364431,57.66034985,81787548.45000000,88013695.00000000,False
252500,세화피앤씨,KOSDAQ,화학,2380,-2.25872690,22.41253644,4.61538462,78.68075802,4.15754923,69.78862974,-6.66666667,19.47886297,57.65670554,121435730.50000000,15888900.00000000,False
448710,코츠테크놀로지,KOSDAQ,전기·전자,11270,-1.14035088,37.06268222,1.62308386,62.64577259,0.62500000,58.19970845,8.46968239,59.22011662,57.62390671,205318944.50000000,187422115.00000000,False
036090,위지트,KOSDAQ,기계·장비,1388,-2.04657728,24.96355685,0.65264685,54.26384840,2.51107829,65.01457726,10.59760956,63.95772595,57.57288630,778787736.45000005,183216093.00000000,False
007370,진양제약,KOSDAQ,제약,4020,0.00000000,61.20626822,1.25944584,59.69387755,0.50000000,57.58017493,5.09803922,52.11370262,57.48360058,29018021.50000000,32180800.00000000,False
214390,경보제약,KOSPI,제약,5500,1.28913444,82.41618076,0.91743119,57.03352770,-0.18148820,50.61953353,8.48126233,59.25655977,57.45080175,92528071.00000000,82325160.00000000,False
227610,아우딘퓨쳐스,KOSDAQ,화학,1051,6.16161616,96.75655977,4.26587302,77.40524781,-1.77570093,42.20116618,0.28625954,37.97376093,57.37244898,29791246.65000000,49846689.00000000,False
099220,SDN,KOSDAQ,유통,5350,0.94339623,79.30029155,2.29445507,67.23760933,4.69667319,71.06413994,-29.13907285,3.79008746,57.28498542,72507649.25000000,56710530.00000000,False
236200,슈프리마,KOSDAQ,전기·전자,54600,0.73800738,77.00437318,-4.37828371,11.55247813,7.26915521,76.38483965,21.33333333,77.73323615,57.26676385,1455633737.50000000,1051113200.00000000,False
309960,LB인베스트먼트,KOSDAQ,금융,4320,0.00000000,61.20626822,1.05263158,58.12682216,2.36966825,64.55903790,0.69930070,39.39504373,57.26129738,173197918.94999999,87674281.00000000,False
0096B0,삼성스팩12호,KOSDAQ,금융,1997,0.75681130,77.29591837,1.47357724,61.73469388,0.55387714,57.90816327,0.50327126,38.84839650,57.18294461,11762730.95000000,31294565.00000000,False
059210,메타바이오메드,KOSDAQ,제약,3790,0.66401062,75.94752187,3.55191257,74.45335277,-1.17340287,45.29883382,2.57104195,45.66326531,57.18294461,265262346.15000001,256122125.00000000,False
197140,디지캡,KOSDAQ,IT 서비스,2395,0.00000000,61.20626822,1.69851380,62.97376093,-1.03305785,45.84548105,13.50710900,69.13265306,57.17747813,38350563.35000000,31882980.00000000,False
120115,코오롱인더우,KOSPI,화학,25400,-0.78125000,42.72959184,0.39525692,51.87682216,1.39720559,61.51603499,10.19522777,63.22886297,57.08819242,124233138.75000000,87474575.00000000,False
285800,진영,KOSDAQ,화학,4285,0.35128806,70.84548105,-2.94450736,18.44023324,16.91678035,86.51603499,4.00485437,49.23469388,57.06997085,1527774097.70000005,41198779.00000000,False
017180,명문제약,KOSPI,제약,1270,-3.49544073,11.95335277,2.33682514,67.60204082,2.00803213,63.37463557,4.61285008,50.98396501,57.02259475,447640398.30000001,93977400.00000000,False
054540,삼영엠텍,KOSDAQ,금속,6850,-2.69886364,17.63848397,0.73529412,55.30247813,3.78787879,68.76822157,6.69781931,55.79446064,57.02077259,557068634.00000000,782654815.00000000,False
131220,대한과학,KOSDAQ,유통,3705,-0.53691275,47.44897959,6.00858369,83.05393586,-1.06809079,45.66326531,2.34806630,45.08017493,56.94241983,17837722.15000000,13605031.00000000,False
050960,수산아이앤티,KOSDAQ,IT 서비스,8760,-2.66666667,17.93002915,1.74216028,63.33819242,0.11428571,55.10204082,14.50980392,70.51749271,56.93877551,23703206.75000000,10622030.00000000,False
293490,카카오게임즈,KOSDAQ,IT 서비스,9330,-7.53221011,1.60349854,0.43057051,52.22303207,4.83146067,71.42857143,10.02358491,62.64577259,56.92784257,3281064525.00000000,4916164945.00000000,False
019175,신풍제약우,KOSPI,제약,14420,-6.36363636,2.69679300,3.51758794,74.23469388,-0.68870523,47.48542274,20.16666667,76.96793003,56.92784257,58163956.50000000,55471390.00000000,False
035000,HS애드,KOSPI,일반서비스,6390,0.00000000,61.20626822,5.97014925,82.98104956,-2.59146341,38.26530612,5.44554455,52.80612245,56.88228863,1130216292.75000000,172404740.00000000,False
462510,라메디텍,KOSDAQ,의료·정밀기기,3395,-3.27635328,13.19241983,-6.98630137,5.64868805,30.32629559,93.44023324,25.97402597,81.92419825,56.77478134,511190999.14999998,122536497.00000000,False
900250,크리스탈신소재,KOSDAQ,금융,1222,-1.45161290,32.30685131,-0.81168831,34.62099125,4.17732310,69.86151603,18.98734177,76.02040816,56.76567055,93952758.00000000,44226155.00000000,False
049960,쎌바이오텍,KOSDAQ,제약,15520,1.90413657,86.91690962,2.30718523,67.38338192,-1.39771283,44.27842566,4.51178451,50.69241983,56.75655977,111574226.00000000,69930085.00000000,False
348370,엔켐,KOSDAQ,화학,21800,-5.42299349,4.15451895,5.56900726,81.86953353,2.58823529,65.26967930,-2.46085011,27.95189504,56.67456268,4238774306.00000000,8111230200.00000000,False
038870,에코심플렉스,KOSDAQ,일반서비스,2180,3.56294537,93.07580175,-0.90909091,33.74635569,20.04405286,88.88483965,-19.55719557,8.41836735,56.66909621,116277710.80000000,25571599.00000000,False
452430,사피엔반도체,KOSDAQ,전기·전자,35300,1.00143062,80.06559767,-8.90322581,3.82653061,8.28220859,78.13411079,24.95575221,81.04956268,56.61807580,2018353822.50000000,1044300225.00000000,False
432980,엠에프씨,KOSDAQ,제약,2620,-1.68855535,29.06341108,4.38247012,77.84256560,3.35305720,67.71137026,-9.49913644,16.14431487,56.57252187,117481274.59999999,10445055.00000000,False
148930,에이치와이티씨,KOSDAQ,금속,3230,1.57232704,84.76676385,7.66666667,87.08090379,-1.22324159,45.00728863,-6.37681159,19.82507289,56.56887755,24346963.45000000,14716045.00000000,False
0071M0,삼성스팩11호,KOSDAQ,금융,2005,2.55754476,89.86880466,0.70316424,54.62827988,1.26262626,61.07871720,-0.24875622,33.56413994,56.51967930,14108225.10000000,30838101.00000000,False
072990,에이치시티,KOSDAQ,일반서비스,3170,0.00000000,61.20626822,0.63492063,54.00874636,4.96688742,71.75655977,-2.76073620,27.36880466,56.49963557,302589928.69999999,92317905.00000000,False
025530,SJM홀딩스,KOSPI,유통,3635,-0.41095890,50.00000000,0.83217753,56.01311953,0.69252078,58.56413994,6.91176471,56.19533528,56.46865889,19220277.00000000,24624390.00000000,False
092730,네오팜,KOSDAQ,화학,23200,-4.52674897,6.45043732,-0.21505376,41.50874636,3.80313199,68.84110787,22.62156448,79.08163265,56.45043732,1229436193.75000000,797698450.00000000,False
373160,데이원컴퍼니,KOSDAQ,일반서비스,3280,-0.60606061,46.37390671,-1.35338346,29.66472303,10.81081081,81.48688047,4.79233227,51.42128280,56.41581633,17762146.80000000,1694860.00000000,False
014470,부방,KOSDAQ,부동산,1049,-0.47438330,48.76093294,-1.03773585,32.58017493,5.53319920,72.70408163,10.30494217,63.37463557,56.40670554,72158957.59999999,38227383.00000000,False
014825,동원시스템즈우,KOSPI,화학,13960,3.33086603,92.31049563,6.64629488,84.69387755,-3.85674931,32.47084548,1.97224251,43.87755102,56.40306122,1645885.50000000,1360940.00000000,False
403550,쏘카,KOSPI,일반서비스,11120,-3.30434783,13.08309038,3.92523364,76.03862974,-0.26905830,50.10932945,9.23379175,61.11516035,56.38666181,158060925.75000000,112287610.00000000,False
053050,지에스이,KOSDAQ,전기·가스·수도,1940,2.59122158,89.97813411,2.10526316,66.14431487,-1.32248220,44.64285714,3.52187834,48.17784257,56.33381924,754540594.54999995,275405902.00000000,False
489210,교보17호스팩,KOSDAQ,금융,2065,0.24271845,68.87755102,0.73170732,55.19314869,0.97799511,59.87609329,2.22772277,44.67930029,56.33199708,19322268.30000000,10966892.00000000,False
318160,셀바이오휴먼텍,KOSDAQ,섬유·의류,6790,4.30107527,94.93440233,-5.56328234,8.34548105,7.26698262,76.34839650,13.35559265,68.84110787,56.30466472,314447740.25000000,92041060.00000000,False
192410,오늘이엔엠,KOSDAQ,전기·전자,3935,12.42857143,98.79737609,15.05847953,95.18950437,-19.69387755,3.86297376,25.51834131,81.55976676,56.29373178,312443112.19999999,966539357.00000000,False
220100,퓨쳐켐,KOSDAQ,제약,7020,-2.09205021,24.23469388,1.44508671,61.40670554,4.00000000,69.38775510,0.38610039,38.39285714,56.27915452,839010018.75000000,440712330.00000000,False
331740,아우토크립트,KOSDAQ,IT 서비스,6760,-4.92264416,5.35714286,5.95611285,82.94460641,2.26928896,64.21282799,-3.42857143,25.87463557,56.27915452,397616457.25000000,164115840.00000000,False
018120,진로발효,KOSDAQ,음식료·담배,16780,0.65986803,75.91107872,0.65986803,54.30029155,0.65986803,58.41836735,2.31707317,44.95262391,56.23906706,10421286.75000000,11418250.00000000,False
192400,쿠쿠홀딩스,KOSPI,기타금융,27350,0.36697248,71.17346939,1.67286245,62.86443149,-1.08499096,45.62682216,8.74751491,60.05830904,56.23906706,328715720.00000000,743698950.00000000,False
095340,ISC,KOSDAQ,유통,200000,-0.24937656,53.04300292,-6.10328638,7.08819242,7.52688172,76.89504373,41.04372355,90.23323615,56.23542274,33277592240.00000000,40987933100.00000000,False
002200,한국수출포장,KOSPI,종이·목재,2760,-0.89766607,40.59766764,-1.07526882,32.21574344,2.98507463,66.52696793,22.66666667,79.15451895,56.16618076,114399094.50000000,38603230.00000000,False
388050,지투파워,KOSDAQ,전기·전자,10100,0.19841270,67.63848397,1.00000000,57.79883382,-3.44168260,34.47521866,44.69914040,91.36297376,56.16618076,16930191431.75000000,3290043055.00000000,False
027580,상보,KOSDAQ,화학,1869,-2.65625000,18.14868805,-4.39897698,11.47959184,10.72274882,81.26822157,45.90163934,91.98250729,56.16253644,109185910.40000001,63750674.00000000,False
003240,태광산업,KOSPI,화학,914000,-0.54406964,47.37609329,0.32930845,51.12973761,0.21929825,55.72157434,13.39950372,68.91399417,56.14795918,872116000.00000000,953132000.00000000,False
025890,한국주강,KOSPI,기계·장비,2630,0.38167939,71.51967930,-1.86567164,25.58309038,2.53411306,65.08746356,19.27437642,76.27551020,56.11698251,78731185.34999999,9751615.00000000,False
095610,테스,KOSDAQ,기계·장비,163300,0.43050431,72.23032070,-3.20094843,16.94606414,6.94171578,75.76530612,12.62068966,67.49271137,56.11151603,56124892770.00000000,33820707100.00000000,False
008730,율촌화학,KOSPI,화학,15520,-0.76726343,43.16690962,6.88705234,85.24052478,-3.66232154,33.41836735,10.54131054,63.92128280,56.04045190,828679310.50000000,1424149225.00000000,False
042110,에스씨디,KOSDAQ,전기·전자,1055,-1.76908752,27.69679300,5.92369478,82.83527697,0.38058991,56.85131195,-2.31481481,28.31632653,56.02405248,163521237.80000001,240459159.00000000,False
049550,잉크테크,KOSDAQ,화학,3455,-0.28860029,52.36880466,0.87591241,56.48688047,-0.14450867,50.83819242,12.72430669,67.52915452,56.02405248,22529693.00000000,39725220.00000000,False
215100,로보로보,KOSDAQ,전기·전자,4100,-0.72639225,43.87755102,2.50000000,68.53134111,-1.20481928,45.11661808,11.11111111,64.90524781,55.97485423,251309601.75000000,169356670.00000000,False
035080,그래디언트,KOSDAQ,유통,11580,1.13537118,81.23177843,0.52083333,53.09766764,-2.52525253,38.62973761,26.55737705,82.28862974,55.96209913,369743060.75000000,489681285.00000000,False
003610,방림,KOSPI,섬유·의류,5480,0.00000000,61.20626822,0.73529412,55.30247813,0.18281536,55.39358601,6.40776699,55.24781341,55.91836735,376360642.25000000,55100370.00000000,False
140410,메지온,KOSDAQ,일반서비스,69000,2.22222222,88.59329446,-5.34979424,8.70991254,4.22960725,70.00728863,26.14259598,82.03352770,55.88192420,7402897350.00000000,4475738150.00000000,False
015890,태경산업,KOSPI,화학,4800,-0.51813472,47.77696793,1.15911486,58.81924198,0.52356021,57.83527697,4.80349345,51.53061224,55.86370262,78920281.90000001,141479755.00000000,False
120110,코오롱인더,KOSPI,화학,55700,-0.35778175,51.16618076,1.27272727,59.76676385,0.90579710,59.62099125,2.20183486,44.60641399,55.81632653,10523400175.00000000,11771455300.00000000,False
290740,액트로,KOSDAQ,전기·전자,11450,1.32743363,82.90816327,-3.37552743,16.21720117,1.05913504,60.09475219,50.65789474,93.03935860,55.80174927,788371408.50000000,231589625.00000000,False
012630,HDC,KOSPI,기타금융,24050,6.18101545,96.79300292,-5.31496063,8.81924198,4.56521739,70.66326531,18.76543210,75.61953353,55.71428571,2708276421.25000000,1378249050.00000000,False
478110,이베스트스팩6호,KOSDAQ,금융,2070,0.38797284,71.64723032,0.72992701,55.12026239,0.72992701,58.74635569,1.47058824,42.40160350,55.67966472,10955922.00000000,4020400.00000000,False
122900,아이마켓코리아,KOSPI,유통,8200,-0.24330900,53.27988338,0.00000000,45.55393586,0.36719706,56.81486880,14.04728790,69.78862974,55.67784257,389716751.75000000,406939720.00000000,False
033780,KTG,KOSPI,음식료·담배,177300,-0.78343593,42.60204082,0.45325779,52.47813411,4.11039342,69.64285714,0.51020408,38.95772595,55.65233236,38403518919.30000305,37361068700.00000000,False
188260,세니젠,KOSDAQ,기타제조,2085,-0.71428571,44.11443149,1.70731707,63.04664723,2.45700246,64.83236152,-0.95011876,31.59620991,55.57762391,27534274.80000000,8816700.00000000,False
010660,화천기계,KOSPI,기계·장비,3060,1.15702479,81.48688047,0.32786885,51.09329446,-1.76565008,42.31049563,18.83495146,75.80174927,55.56122449,191127837.34999999,112145250.00000000,False
000670,영풍,KOSPI,금속,40500,0.74626866,77.11370262,-1.69902913,26.85860058,2.66159696,65.52478134,12.97071130,67.89358601,55.55758017,5435918993.75000000,1900896450.00000000,False
007770,한일화학,KOSDAQ,화학,7990,1.52477764,84.32944606,-0.12500000,42.49271137,-0.86848635,46.68367347,21.98473282,78.42565598,55.53935860,14810779.75000000,4896780.00000000,False
047080,한빛소프트,KOSDAQ,IT 서비스,1080,-0.09250694,57.10641399,2.85714286,70.48104956,-1.36986301,44.53352770,5.88235294,54.15451895,55.49927114,48807027.80000000,27883997.00000000,False
170920,엘티씨,KOSDAQ,화학,40900,0.49140049,73.17784257,-0.48661800,38.22886297,9.35828877,79.70116618,-4.21545667,24.05247813,55.47740525,7514069833.75000000,8215935300.00000000,False
474490,유안타제16호스팩,KOSDAQ,금융,2090,0.48076923,73.03206997,0.72289157,54.88338192,0.48076923,57.32507289,1.95121951,43.76822157,55.45189504,20146132.50000000,12454655.00000000,False
044490,태웅,KOSDAQ,금속,35800,-0.96818811,39.61370262,-6.15989515,6.96064140,8.98021309,79.19096210,36.64122137,88.41107872,55.40816327,9096579292.50000000,3397618350.00000000,False
002220,한일철강,KOSPI,금속,3030,4.30292599,94.97084548,7.06713781,85.56851312,-0.49261084,48.54227405,-28.11387900,4.04518950,55.39358601,388400214.85000002,1337575871.00000000,False
160980,싸이맥스,KOSDAQ,기계·장비,27100,-0.36764706,51.02040816,-0.91407678,33.70991254,17.57049892,86.95335277,-3.04114490,26.67638484,55.33163265,3181117141.25000000,3416210200.00000000,False
002460,HS화성,KOSPI,건설,11100,0.09017133,65.23323615,0.18050542,49.23469388,1.27737226,61.11516035,3.44827586,47.92274052,55.32434402,64041721.25000000,68194660.00000000,False
159580,제로투세븐,KOSDAQ,유통,2220,-1.55210643,30.86734694,6.73076923,84.80320700,-0.89285714,46.55612245,1.13895216,40.77988338,55.30612245,83835461.30000000,79588755.00000000,False
275630,에스에스알,KOSDAQ,IT 서비스,4050,1.50375940,84.18367347,6.57894737,84.47521866,-5.15222482,27.29591837,5.46875000,53.02478134,55.28425656,49432396.60000000,5535415.00000000,False
212710,아이에스티이,KOSDAQ,전기·전자,7380,-0.13531800,56.26822157,3.07262570,71.90233236,2.50000000,64.94169096,-15.56064073,10.53206997,55.28061224,418386376.25000000,416572390.00000000,False
089600,KT나스미디어,KOSDAQ,일반서비스,12430,0.56634304,74.30758017,1.38662316,60.86005831,-3.34370140,35.05830904,21.50537634,77.84256560,55.28061224,228187350.50000000,58088260.00000000,False
009810,MDS스피어,KOSPI,유통,1944,-0.30769231,51.98615160,-0.10277492,42.71137026,2.36966825,64.55903790,7.28476821,57.17930029,55.27150146,17175490.60000000,3269705.00000000,False
039240,경남스틸,KOSDAQ,금속,1933,0.62467465,75.07288630,0.57232050,53.38921283,1.79041601,62.71865889,-0.36082474,33.12682216,55.23688047,93052160.40000001,27003190.00000000,False
075970,동국알앤에스,KOSDAQ,비금속,1671,0.42067308,72.15743440,0.11983223,48.61516035,2.32700551,64.35860058,0.36036036,38.26530612,55.19679300,34771009.45000000,109726864.00000000,False
226400,오스테오닉,KOSDAQ,의료·정밀기기,4215,0.23781213,68.51311953,3.81773399,75.51020408,-0.47225502,48.68804665,-1.28805621,30.94023324,55.16763848,428888706.39999998,182259395.00000000,False
054670,대한뉴팜,KOSDAQ,제약,5640,-0.35335689,51.23906706,2.91970803,70.88192420,0.00000000,53.06122449,0.17761989,37.35422741,55.08381924,65555079.00000000,23390610.00000000,False
001000,신라섬유,KOSDAQ,부동산,2245,29.84384037,99.59912536,36.97376449,99.52623907,-2.81385281,37.20845481,-43.02030457,1.74927114,55.05102041,163841742.15000001,1380164008.00000000,False
012280,영화금속,KOSPI,운송장비·부품,3865,0.78226858,77.66034985,12.02898551,92.74781341,-2.15189873,40.12390671,-9.16568743,16.58163265,54.95626822,66543566.25000000,38005289.00000000,False
099750,이지케어텍,KOSDAQ,IT 서비스,7120,-1.52143845,31.34110787,-1.38504155,29.30029155,4.09356725,69.60641399,18.86477462,75.83819242,54.93440233,1381521289.00000000,96984540.00000000,False
317690,퀀타매트릭스,KOSDAQ,의료·정밀기기,2375,-0.21008403,54.19096210,3.03687636,71.72011662,-1.24740125,44.93440233,4.16666667,49.70845481,54.85058309,125295294.05000000,79153805.00000000,False
071200,인피니트헬스케어,KOSDAQ,IT 서비스,10850,-4.99124343,5.02915452,-8.43881857,4.30029155,19.23076923,88.30174927,37.16814159,88.64795918,54.84329446,2479254906.00000000,1044000715.00000000,False
459510,나우로보틱스,KOSDAQ,기계·장비,15320,-2.48249523,19.67930029,-1.35222151,29.70116618,4.64480874,70.91836735,21.58730159,77.98833819,54.84329446,1744538587.25000000,418175365.00000000,False
38380K,LX홀딩스1우,KOSPI,기타금융,7600,-0.91264668,40.17857143,0.92961487,57.21574344,0.66225166,58.45481050,4.68319559,51.16618076,54.79774052,8098353.50000000,10622990.00000000,False
004700,조광피혁,KOSPI,섬유·의류,65600,-1.35338346,34.14723032,0.15267176,48.87026239,3.14465409,66.98250729,4.12698413,49.52623907,54.77405248,46254037.50000000,23668000.00000000,False
000440,중앙에너비스,KOSDAQ,유통,12510,0.88709677,78.86297376,0.96852300,57.43440233,2.79375514,65.96209913,-9.41346850,16.29008746,54.75947522,1314904332.25000000,191280440.00000000,False
311690,CJ바이오사이언스,KOSDAQ,일반서비스,3950,1.80412371,86.16982507,6.61268556,84.54810496,-1.74129353,42.41982507,-7.05882353,18.87755102,54.72485423,18630784.25000000,35625210.00000000,False
323990,박셀바이오,KOSDAQ,일반서비스,4365,-0.56947608,46.97521866,2.70588235,69.67930029,-0.79545455,47.01166181,4.80192077,51.49416910,54.70481050,612160097.35000002,237901952.00000000,False
000220,유유제약,KOSPI,제약,3830,0.00000000,61.20626822,3.79403794,75.40087464,-2.79187817,37.39067055,6.24133148,55.02915452,54.70298834,271253342.05000001,174939254.00000000,False
298830,슈어소프트테크,KOSDAQ,IT 서비스,4265,-0.81395349,42.01895044,2.77108434,69.97084548,-1.50115473,43.58600583,8.80102041,60.27696793,54.68294461,699818072.20000005,494203288.00000000,False
047050,포스코인터내셔널,KOSPI,유통,56800,0.00000000,61.20626822,-2.57289880,20.80903790,3.83912249,69.02332362,16.63244353,73.54227405,54.68112245,30803301130.00000000,30620344250.00000000,False
319660,피에스케이,KOSDAQ,기계·장비,145100,5.75801749,96.42857143,-2.28956229,22.59475219,13.18252730,84.03790087,-4.66491459,23.10495627,54.65743440,50911877072.50000000,61533686550.00000000,False
453340,현대그린푸드,KOSPI,유통,19110,0.63191153,75.29154519,-0.88174274,34.11078717,2.30192719,64.24927114,6.75977654,55.90379009,54.64285714,712111496.25000000,607083080.00000000,False
473950,에스케이증권제13호스팩,KOSDAQ,금융,2062,0.58536585,74.59912536,0.34063260,51.23906706,0.58536585,58.09037901,1.57635468,42.71137026,54.61005831,14291225.75000000,3834985.00000000,False
489480,키움제11호스팩,KOSDAQ,금융,2200,0.00000000,61.20626822,0.00000000,45.55393586,0.45662100,57.12463557,8.64197531,59.76676385,54.59001458,9087523.00000000,0.00000000,False
082270,젬백스,KOSDAQ,기계·장비,10650,-3.96753832,9.25655977,3.29776916,73.36005831,2.60115607,65.30612245,-2.65082267,27.58746356,54.57361516,1178376514.50000000,1156794780.00000000,False
001230,동국홀딩스,KOSPI,기타금융,2010,0.00000000,61.20626822,-1.22850123,30.61224490,0.65097646,58.34548105,23.16176471,79.59183673,54.56086006,1786363275.45000005,814484994.00000000,False
0134X0,대신밸런스제20호스팩,KOSDAQ,금융,1988,0.15113350,66.36297376,1.06761566,58.16326531,0.45477514,57.06997085,0.35335689,38.22886297,54.55903790,29823377.25000000,91296883.00000000,False
083420,그린케미칼,KOSPI,화학,4740,-0.52465897,47.63119534,1.39037433,60.89650146,-0.62893082,47.95918367,9.46882217,61.66180758,54.54810496,75726602.25000000,101744685.00000000,False
382480,지아이텍,KOSDAQ,기계·장비,1629,0.55555556,74.12536443,1.87617261,64.39504373,0.67985167,58.49125364,-5.34572923,21.82944606,54.49344023,94949852.65000001,79441895.00000000,False
900260,로스웰,KOSDAQ,금융,1898,-2.11449201,24.01603499,-1.86142709,25.65597668,6.68915121,75.36443149,14.96062992,71.24635569,54.49344023,74128697.50000000,22817492.00000000,False
107600,새빗켐,KOSDAQ,화학,14260,-1.24653740,35.67784257,10.54263566,91.18075802,-5.87458746,24.41690962,13.44470963,69.02332362,54.49344023,266707466.00000000,294504795.00000000,False
297890,HB솔루션,KOSDAQ,기계·장비,1633,0.92707046,79.15451895,3.28905756,73.28717201,-2.27408737,39.75947522,1.80798005,43.40379009,54.48615160,436936501.55000001,285420245.00000000,False
052300,오션인더블유,KOSDAQ,유통,1568,-0.50761421,47.88629738,-2.12234707,23.87026239,6.95770805,75.80174927,9.19220056,61.04227405,54.47886297,376731888.60000002,42308556.00000000,False
123420,위메이드플레이,KOSDAQ,IT 서비스,6410,0.62794349,75.21865889,-0.77399381,34.87609329,2.23285486,64.06705539,5.95041322,54.33673469,54.47886297,211295300.75000000,60874085.00000000,False
298540,더네이쳐홀딩스,KOSDAQ,섬유·의류,6720,2.75229358,90.57944606,-0.59171598,36.84402332,1.20481928,60.75072886,4.34782609,50.21865889,54.45517493,88434590.50000000,67807200.00000000,False
004590,한국가구,KOSDAQ,유통,5260,-1.49812734,31.63265306,0.95969290,57.36151603,3.74753452,68.65889213,-0.37878788,33.09037901,54.45335277,144075593.00000000,108374800.00000000,False
001067,JW중외제약2우B,KOSPI,제약,49950,-0.10000000,57.03352770,0.20060181,49.48979592,-0.49800797,48.50583090,15.62500000,72.30320700,54.41326531,2305000.00000000,49950.00000000,False
024840,KBI메탈,KOSDAQ,금속,5880,-2.80991736,16.76384840,-5.92000000,7.43440233,10.73446328,81.30466472,39.33649289,89.75947522,54.38046647,16929203483.25000000,6045424920.00000000,False
000850,화천기공,KOSPI,기계·장비,36950,0.40760870,71.93877551,-0.93833780,33.45481050,0.95628415,59.73032070,11.63141994,65.85276968,54.29300292,252079651.25000000,96001550.00000000,False
28513K,SK케미칼우,KOSPI,화학,25300,-1.36452242,33.85568513,-1.93798450,25.07288630,3.47648262,68.00291545,24.63054187,80.83090379,54.27478134,83185491.25000000,17937550.00000000,False
0093G0,미래에셋비전스팩8호,KOSDAQ,금융,1992,0.20120724,67.74781341,1.52905199,62.17201166,0.15082956,55.21137026,-0.20040080,33.76457726,54.26384840,11233931.00000000,449864.00000000,False
000860,강남제비스코,KOSPI,화학,12680,1.60256410,84.98542274,4.53421270,78.35276968,-2.38645112,39.39504373,-0.62695925,32.43440233,54.24927114,67523693.25000000,46251380.00000000,False
396270,넥스트칩,KOSDAQ,전기·전자,2305,-0.43196544,49.59912536,-3.15126050,17.34693878,12.71393643,83.60058309,5.49199085,53.13411079,54.23104956,1375242530.15000010,368072955.00000000,False
079810,APS이노베이션,KOSDAQ,전기·전자,3695,1.23287671,81.96064140,3.50140056,74.16180758,-8.65265760,16.83673469,29.87697715,84.94897959,54.16909621,218083239.15000001,254984687.00000000,False
237880,클리오,KOSDAQ,화학,12140,-2.80224179,16.87317784,2.27464195,67.12827988,-0.16447368,50.72886297,8.78136201,60.16763848,54.15087464,717488105.00000000,1253867910.00000000,False
049070,인탑스,KOSDAQ,전기·전자,18650,-0.42712226,49.74489796,3.61111111,74.78134111,-3.26763485,35.45918367,10.02949853,62.71865889,54.13629738,1163956352.50000000,1107452160.00000000,False
466690,키움히어로제1호스팩,KOSDAQ,금융,2015,0.00000000,61.20626822,0.75000000,55.46647230,0.75000000,58.96501458,0.49875312,38.81195335,54.10896501,7166102.40000000,24783510.00000000,False
143160,아이디스,KOSDAQ,전기·전자,16050,0.37523452,71.39212828,0.50093926,52.95189504,-0.43424318,48.90670554,7.57372654,57.58017493,54.10349854,52661311.00000000,43507120.00000000,False
053620,태양,KOSDAQ,금속,6870,3.77643505,93.62244898,0.58565154,53.53498542,-1.15107914,45.40816327,5.36809816,52.51457726,54.08892128,49906892.75000000,299809070.00000000,False
096350,대창솔루션,KOSDAQ,금속,1887,-1.10062893,37.71865889,1.50618612,62.02623907,-2.58131131,38.33819242,25.71618921,81.85131195,54.08527697,343202696.64999998,169052381.00000000,False
039610,화성밸브,KOSDAQ,기계·장비,6450,-1.37614679,33.74635569,-8.76944837,4.00874636,12.56544503,83.43658892,24.27745665,80.46647230,54.04518950,2167836259.25000000,724507780.00000000,False
475460,미트박스,KOSDAQ,IT 서비스,2690,-9.88274707,0.72886297,2.47619048,68.40379009,-2.71247740,37.71865889,45.32685035,91.76384840,54.03425656,372850688.19999999,310200235.00000000,False
047560,이스트소프트,KOSDAQ,IT 서비스,7710,-4.22360248,8.05393586,2.39043825,68.00291545,1.04849279,60.05830904,1.98412698,43.98688047,54.02696793,304098255.50000000,210053175.00000000,False
462860,더즌,KOSDAQ,통신,2935,5.38599641,96.20991254,3.16344464,72.59475219,-12.64880952,9.22011662,57.96555436,94.56997085,54.00145773,11418979128.04999924,4855861196.00000000,False
293940,신한알파리츠,KOSPI,부동산,5520,-0.18083183,54.97448980,-0.89766607,33.85568513,3.37078652,67.78425656,6.76982592,55.99489796,53.96683673,531461107.50000000,457727305.00000000,False
052260,현대바이오랜드,KOSDAQ,화학,4750,-7.40740741,1.71282799,-12.19963031,1.78571429,19.79823455,88.70262391,37.48191027,88.73906706,53.93586006,10467503150.20000076,4357289885.00000000,False
352700,씨앤투스,KOSDAQ,화학,1480,0.00000000,61.20626822,-0.40376851,39.13994169,0.47522064,57.28862974,11.52976639,65.63411079,53.90488338,21206869.15000000,6747180.00000000,False
348150,고바이오랩,KOSDAQ,일반서비스,2920,1.56521739,84.69387755,1.91972077,64.79591837,0.34364261,56.63265306,-9.03426791,16.69096210,53.89941691,62399443.00000000,44858315.00000000,False
177830,파버나인,KOSDAQ,전기·전자,2195,3.29411765,92.16472303,5.27577938,80.94023324,-1.56950673,43.18513120,-9.85626283,15.56122449,53.88483965,33869362.45000000,49369575.00000000,False
067830,세이브존IC,KOSPI,유통,2360,0.00000000,61.20626822,3.05676856,71.84766764,-1.66666667,42.63848397,2.60869565,45.69970845,53.87026239,58962312.60000000,89845680.00000000,False
195500,마니커에프앤지,KOSDAQ,음식료·담배,1732,0.52234475,73.61516035,1.70287728,63.01020408,-3.02351624,36.40670554,11.31105398,65.19679300,53.86661808,57526279.65000000,70438616.00000000,False
439580,블루엠텍,KOSDAQ,유통,2425,-21.26623377,0.14577259,-17.37649063,0.65597668,20.04950495,88.92128280,41.48191365,90.41545190,53.86297376,5970919838.55000019,11038804204.00000000,False
474660,신한제12호스팩,KOSDAQ,금융,2095,0.23923445,68.64067055,0.47961631,52.69679300,0.23923445,56.06778426,1.94647202,43.73177843,53.84657434,58364206.90000000,196253005.00000000,False
123690,한국화장품,KOSPI,유통,6400,-2.88315630,16.21720117,2.56410256,68.95043732,0.15649452,55.35714286,3.05958132,46.93877551,53.83746356,1866971317.50000000,406445060.00000000,False
406820,뷰티스킨,KOSDAQ,화학,2385,-9.31558935,0.98396501,-4.60000000,10.71428571,26.59235669,92.20116618,13.03317536,68.11224490,53.81559767,4776003541.69999981,3132242952.00000000,False
002600,조흥,KOSPI,음식료·담배,139000,0.00000000,61.20626822,1.45985401,61.62536443,0.00000000,53.06122449,0.79767948,39.72303207,53.77733236,3429685.00000000,417000.00000000,False
123840,뉴온,KOSDAQ,음식료·담배,1719,3.55421687,93.03935860,1.11764706,58.63702624,2.13903743,63.73906706,-21.86363636,6.85131195,53.76093294,44832629.35000000,8583034.00000000,False
021040,대호특수강,KOSDAQ,금속,949,1.28068303,82.36151603,1.49732620,61.98979592,-1.65803109,42.71137026,3.94304491,49.01603499,53.72084548,28504421.70000000,105407196.00000000,False
002355,넥센타이어1우B,KOSPI,화학,3955,-0.12626263,56.41399417,0.63613232,54.04518950,1.02171137,59.94897959,0.63613232,39.28571429,53.69169096,55957315.15000000,650650.00000000,False
071090,하이스틸,KOSPI,금속,3425,0.29282577,69.82507289,-15.43209877,1.02040816,8.55784469,78.60787172,17.69759450,74.78134111,53.68804665,6236312792.35000038,687576850.00000000,False
332570,PS일렉트로닉스,KOSDAQ,전기·전자,8380,-3.00925926,15.12390671,-6.78531702,5.94023324,9.25684485,79.51895044,49.91055456,92.93002915,53.68804665,21776589051.50000000,10393019935.00000000,False
005257,녹십자홀딩스2우,KOSPI,일반서비스,18000,-4.00000000,9.12900875,0.72747622,54.95626822,1.69491525,62.42711370,7.07911957,56.52332362,53.67529155,7639707.50000000,7296810.00000000,False
208710,포톤,KOSDAQ,전기·전자,2705,-6.72413793,2.18658892,-2.52252252,21.10058309,4.84496124,71.50145773,47.57228587,92.41982507,53.63338192,350381740.94999999,125867230.00000000,False
221840,하이즈항공,KOSDAQ,운송장비·부품,2065,1.97530864,87.24489796,-1.43198091,28.97230321,0.73170732,58.78279883,10.36878675,63.52040816,53.63338192,19149015.40000000,15501900.00000000,False
126560,현대퓨처넷,KOSPI,통신,3380,0.14814815,66.29008746,-0.29498525,40.70699708,-0.29498525,50.00000000,16.75302245,73.79737609,53.60058309,195168318.69999999,134696155.00000000,False
115160,휴맥스,KOSDAQ,유통,5500,-3.84615385,9.94897959,2.61194030,69.13265306,4.56273764,70.62682216,-7.71812081,18.03935860,53.59329446,46998887.25000000,27373520.00000000,False
093190,빅솔론,KOSDAQ,전기·전자,8350,1.58150852,84.83965015,1.33495146,60.27696793,-2.45327103,39.10349854,7.18870347,56.92419825,53.59329446,95290748.75000000,53882280.00000000,False
0041J0,엘에스스팩1호,KOSDAQ,금융,1998,0.55359839,74.05247813,0.35158212,51.34839650,0.50301811,57.61661808,0.40201005,38.48396501,53.55320700,8595569.80000000,21460655.00000000,False
0041B0,교보18호스팩,KOSDAQ,금융,2020,0.64773293,75.72886297,0.49751244,52.87900875,0.74812968,58.87390671,-0.49261084,32.81705539,53.54956268,6962913.95000000,35338980.00000000,False
068100,케이웨더,KOSDAQ,기계·장비,2320,-0.64239829,45.28061224,-0.42918455,38.97594752,3.11111111,66.76384840,5.45454545,52.91545190,53.50947522,15346876.45000000,16959670.00000000,False
424870,이뮨온시아,KOSDAQ,일반서비스,3275,-5.61959654,3.60787172,-1.65165165,27.29591837,12.54295533,83.30903790,7.90774300,58.12682216,53.49854227,5197398673.50000000,1630870280.00000000,False
036000,예림당,KOSDAQ,오락·문화,2810,2.18181818,88.26530612,2.93040293,70.99125364,-3.76712329,32.79883382,4.65549348,51.11151603,53.46574344,40467560.85000000,92808825.00000000,False
063440,SMLifeDesign,KOSDAQ,출판·매체복제,1086,0.27700831,69.67930029,-0.45829514,38.55685131,5.64202335,73.14139942,-2.33812950,28.24344023,53.44023324,81273799.20000000,67172444.00000000,False
293480,하나제약,KOSPI,제약,8470,-0.58685446,46.68367347,2.79126214,70.11661808,-0.35294118,49.56268222,0.71343639,39.43148688,53.41472303,116652891.50000000,100700550.00000000,False
109860,동일금속,KOSDAQ,금속,7540,0.26595745,69.42419825,1.34408602,60.34985423,-0.65876153,47.77696793,2.72479564,46.10058309,53.37827988,18319136.00000000,5579090.00000000,False
381620,제닉스로보틱스,KOSDAQ,기계·장비,5950,-0.83333333,41.87317784,1.19047619,59.03790087,-1.81518152,41.94606414,16.43835616,73.36005831,53.34912536,268184252.25000000,268262710.00000000,False
0011A0,액스비스,KOSDAQ,전기·전자,10520,-4.36363636,7.32507289,-6.82019486,5.86734694,23.04093567,90.74344023,15.85903084,72.63119534,53.31632653,17687813730.25000000,1441336265.00000000,False
000230,일동홀딩스,KOSPI,제약,6130,-2.07667732,24.45335277,3.89830508,75.94752187,-0.32520325,49.78134111,1.15511551,40.81632653,53.30539359,65964688.50000000,36563110.00000000,False
163280,에어레인,KOSDAQ,기계·장비,3765,-2.58732212,18.71355685,-1.18110236,30.94023324,6.20592384,74.27113703,9.76676385,62.09912536,53.28170554,553828551.85000002,213335495.00000000,False
448280,에코아이,KOSDAQ,일반서비스,9470,-1.55925156,30.75801749,-0.10548523,42.63848397,-0.62959077,47.92274052,42.62048193,90.99854227,53.23615160,68521537.00000000,28664090.00000000,False
256840,한국비엔씨,KOSDAQ,제약,3065,-5.83717358,3.13411079,-5.69230769,8.09037901,13.72912801,84.47521866,27.70833333,83.23615160,53.17784257,16792980585.20000076,6345901666.00000000,False
066620,국보디자인,KOSDAQ,건설,25200,1.61290323,85.07653061,1.81818182,64.04883382,-2.32558140,39.54081633,3.49075975,48.14139942,53.16690962,103253646.25000000,190628600.00000000,False
050120,ES큐브,KOSDAQ,유통,3315,0.45454545,72.48542274,-2.50000000,21.13702624,1.53139357,61.91690962,16.93121693,74.05247813,53.16690962,18608117.45000000,3656740.00000000,False
089850,유비벨록스,KOSDAQ,IT 서비스,4260,-2.18140069,23.14139942,-0.11723329,42.56559767,3.27272727,67.49271137,6.50000000,55.39358601,53.15962099,27881411.95000000,28168050.00000000,False
110020,전진바이오팜,KOSDAQ,화학,2050,-0.24330900,53.27988338,-2.61282660,20.48104956,3.11871227,66.83673469,17.47851003,74.63556851,53.13411079,29758662.15000000,38792625.00000000,False
009620,삼보산업,KOSDAQ,금속,4620,-0.32362460,51.71282799,-19.23076923,0.47376093,6.20689655,74.30758017,41.71779141,90.45189504,53.12682216,128752911.00000000,66830005.00000000,False
272550,삼양패키징,KOSPI,화학,9840,-0.60606061,46.37390671,0.00000000,45.55393586,-0.10152284,51.09329446,15.22248244,71.72011662,53.08491254,109560131.50000000,59087710.00000000,False
009970,영원무역홀딩스,KOSPI,기타금융,169700,0.47365305,72.92274052,4.49507389,78.09766764,-0.58582308,48.03206997,-9.73404255,15.67055394,53.06851312,1597815705.00000000,2150616900.00000000,False
014280,금강공업,KOSPI,금속,4580,-0.32644178,51.67638484,-5.56701031,8.30903790,7.25995316,76.31195335,17.13554987,74.23469388,53.03206997,4573566175.50000000,575352649.00000000,False
466410,사이냅소프트,KOSDAQ,IT 서비스,8620,-2.92792793,15.77988338,0.81871345,55.94023324,1.65094340,62.31778426,3.85542169,48.65160350,53.01749271,38298672.25000000,121991400.00000000,False
038110,에코플라스틱,KOSDAQ,운송장비·부품,2045,-0.48661800,48.57871720,1.48883375,61.88046647,-0.24390244,50.30976676,3.23069157,47.30320700,53.00655977,286804307.00000000,174072391.00000000,False
049470,비트플래닛,KOSDAQ,IT 서비스,2560,-1.91570881,26.20262391,-4.83271375,10.09475219,3.85395538,69.05976676,95.41984733,98.39650146,52.95189504,989804393.35000002,65262440.00000000,False
0068Y0,비엔케이제3호스팩,KOSDAQ,금융,1991,-0.05020080,57.54373178,0.30226700,51.02040816,1.11731844,60.27696793,0.35282258,38.19241983,52.80976676,13195021.90000000,9677631.00000000,False
001275,부국증권우,KOSPI,증권,30450,0.00000000,61.20626822,0.66115702,54.33673469,0.32948929,56.55976676,0.49504950,38.77551020,52.80065598,14370687.50000000,17622650.00000000,False
054220,비츠로시스,KOSDAQ,전기·전자,1679,-1.23529412,35.86005831,0.71985603,54.84693878,-0.88547816,46.61078717,14.29543907,70.29883382,52.74416910,181880097.94999999,102246744.00000000,False
128660,피제이메탈,KOSDAQ,금속,2885,1.22807018,81.88775510,1.40597540,61.04227405,-2.86195286,37.06268222,7.24907063,56.99708455,52.72594752,143878588.00000000,126944475.00000000,False
492220,KB제31호스팩,KOSDAQ,금융,2040,0.24570025,69.13265306,0.24570025,50.40087464,0.24570025,56.23177843,0.99009901,40.37900875,52.60204082,44692816.95000000,7478375.00000000,False
010280,아이티센엔텍,KOSDAQ,IT 서비스,5720,-0.86655113,41.25364431,-4.50751252,11.07871720,4.76190476,71.28279883,27.67857143,83.19970845,52.60204082,424320530.50000000,355461010.00000000,False
171120,라이온켐텍,KOSDAQ,화학,2020,-0.49261084,48.43294461,1.15172759,58.78279883,0.74812968,58.87390671,-0.49261084,32.81705539,52.59110787,78258727.09999999,40206970.00000000,False
277410,인산가,KOSDAQ,음식료·담배,5670,0.35398230,70.90014577,2.34657040,67.71137026,1.25000000,60.98760933,-29.12500000,3.82653061,52.56377551,23872941.00000000,18929070.00000000,False
371950,풍원정밀,KOSDAQ,전기·전자,3085,-16.28222524,0.29154519,3.52348993,74.30758017,6.37931034,74.78134111,-45.20426288,1.60349854,52.55466472,761292063.39999998,1644661581.00000000,False
121440,골프존홀딩스,KOSDAQ,유통,7770,0.51746442,73.57871720,0.77821012,55.61224490,-3.47826087,34.32944606,16.84210526,73.90670554,52.55466472,209725516.50000000,49333250.00000000,False
117730,티로보틱스,KOSDAQ,기계·장비,14280,-2.45901639,20.22594752,-5.86684245,7.54373178,9.76172175,80.32069971,24.49869224,80.64868805,52.54373178,1921134542.00000000,780098440.00000000,False
085310,엔케이,KOSPI,금속,8950,-0.44493882,49.52623907,0.22396417,50.00000000,-1.97152245,41.10787172,24.30555556,80.50291545,52.49635569,93735871.50000000,123583520.00000000,False
081180,쎄크,KOSDAQ,기계·장비,6090,-5.28771384,4.40962099,-4.84375000,9.98542274,17.11538462,86.69825073,15.34090909,71.82944606,52.48177843,899579287.00000000,1003346265.00000000,False
020710,시공테크,KOSDAQ,일반서비스,3640,0.97087379,79.73760933,1.39275766,60.93294461,-1.62162162,42.89358601,2.39099859,45.18950437,52.44897959,1168152908.40000010,126606470.00000000,False
144510,지씨셀,KOSDAQ,일반서비스,14690,-2.58620690,18.76822157,4.70420527,78.97230321,-2.71523179,37.68221574,8.33333333,58.96501458,52.43440233,625554240.00000000,480157100.00000000,False
394800,쓰리빌리언,KOSDAQ,일반서비스,5860,-0.84602369,41.61807580,-8.72274143,4.04518950,19.83640082,88.73906706,7.72058824,57.79883382,52.43075802,6204786205.05000019,7373181445.00000000,False
043370,피에이치에이,KOSDAQ,운송장비·부품,11270,0.62500000,75.12755102,-0.44169611,38.77551020,0.80500894,59.25655977,3.39449541,47.81341108,52.41071429,164830749.50000000,108833360.00000000,False
097950,CJ제일제당,KOSPI,음식료·담배,182600,0.49532196,73.25072886,2.12527964,66.36297376,-0.10940919,51.05685131,-4.49790795,23.61516035,52.37973761,8715212287.50000000,12903252700.00000000,False
102260,동성케미컬,KOSPI,화학,3695,0.00000000,61.20626822,0.40760870,52.11370262,-0.40431267,49.16180758,6.17816092,54.77405248,52.37427114,230391131.59999999,220474446.00000000,False
024720,콜마홀딩스,KOSPI,기타금융,9360,1.18918919,81.66909621,1.07991361,58.27259475,-3.70370370,33.07215743,12.36494598,67.05539359,52.28862974,180723486.00000000,412619125.00000000,False
438700,버넥트,KOSDAQ,IT 서비스,1818,-0.98039216,39.54081633,-0.38356164,39.43148688,3.58974359,68.22157434,2.71186441,46.02769679,52.27769679,38830994.30000000,19136389.00000000,False
112040,위메이드,KOSDAQ,IT 서비스,15480,-2.27272727,22.26676385,3.89261745,75.91107872,1.84210526,62.82798834,-15.77801959,10.45918367,52.22303207,3209744771.00000000,3154259305.00000000,False
094800,맵스리얼티,KOSPI,기타금융,7470,-0.40000000,50.12755102,-5.08259212,9.36588921,3.75000000,68.69533528,29.46273830,84.51166181,52.20298834,1031977869.00000000,408359285.00000000,False
037460,삼지전자,KOSDAQ,전기·전자,31050,0.16129032,66.58163265,0.48543689,52.73323615,2.64462810,65.41545190,-7.86350148,17.74781341,52.19387755,1384547051.25000000,787192825.00000000,False
037230,한국팩키지,KOSDAQ,종이·목재,1364,3.72623574,93.54956268,2.24887556,66.90962099,-2.01149425,40.88921283,-0.87209302,31.96064140,52.17565598,87888933.09999999,32361385.00000000,False
000050,경방,KOSPI,유통,8060,0.37359900,71.35568513,2.02531646,65.59766764,-1.46699267,43.78644315,0.62421973,39.17638484,52.16472303,210885729.50000000,274791630.00000000,False
195940,HK이노엔,KOSDAQ,제약,40300,-0.86100861,41.36297376,2.93742018,71.02769679,-1.46699267,43.78644315,2.67515924,45.88192420,52.13556851,3592163321.25000000,5197742025.00000000,False
095700,제넥신,KOSDAQ,일반서비스,2885,-3.83333333,9.98542274,5.67765568,82.28862974,-5.56464812,25.51020408,24.89177489,80.97667638,52.08454810,757704747.50000000,533259220.00000000,False
474930,신한제13호스팩,KOSDAQ,금융,2100,0.47846890,72.97740525,0.47846890,52.66034985,0.00000000,53.06122449,0.47846890,38.66618076,52.05357143,32377167.35000000,5081600.00000000,False
036480,대성미생물,KOSDAQ,제약,6050,0.33167496,70.26239067,3.24232082,73.03206997,-1.78571429,42.11005831,-1.14379085,31.15889213,52.01166181,22315251.00000000,18798290.00000000,False
228670,레이,KOSDAQ,의료·정밀기기,4500,3.21100917,91.98250729,3.44827586,73.90670554,-3.32975295,35.09475219,-0.44247788,32.94460641,51.99708455,166978172.94999999,352733064.00000000,False
026890,스틱인베스트먼트,KOSPI,기타금융,8130,-1.09489051,37.86443149,2.78128951,70.04373178,-3.67298578,33.23615160,13.70629371,69.49708455,51.99344023,325438912.25000000,443563810.00000000,False
481890,엔에이치스팩31호,KOSDAQ,금융,2075,0.24154589,68.71355685,0.24154589,50.10932945,0.48426150,57.36151603,0.00000000,35.65962099,51.98068513,31996718.50000000,36635520.00000000,False
065770,CS,KOSDAQ,전기·전자,1145,29.96594779,99.78134111,34.07494145,99.27113703,-4.97925311,27.76967930,-24.17218543,5.46647230,51.96064140,277351896.80000001,907458594.00000000,False
151860,KG에코솔루션,KOSDAQ,운송장비·부품,5400,0.37174721,71.28279883,2.85714286,70.48104956,-3.22580645,35.64139942,2.85714286,46.39212828,51.80758017,504559738.25000000,168922400.00000000,False
082800,비보존제약,KOSDAQ,제약,2990,-2.12765957,23.92492711,5.28169014,80.97667638,-5.82677165,24.59912536,19.36127745,76.31195335,51.78753644,441952792.14999998,304203175.00000000,False
145270,케이탑리츠,KOSPI,부동산,800,-0.37359900,50.91107872,-0.37359900,39.46793003,1.01010101,59.91253644,5.96026490,54.40962099,51.77842566,20025599.90000000,11668191.00000000,False
006090,사조오양,KOSPI,음식료·담배,8970,-0.88397790,40.99854227,-0.66445183,36.26093294,1.24153499,60.89650146,9.79192166,62.17201166,51.77113703,40975539.75000000,15056820.00000000,False
391710,코닉오토메이션,KOSDAQ,기계·장비,1223,-2.08166533,24.38046647,-4.30359937,11.84402332,8.13439434,77.84256560,16.25475285,73.14139942,51.75655977,1125775505.95000005,66034580.00000000,False
478390,KB제29호스팩,KOSDAQ,금융,2070,0.24213075,68.78644315,0.00000000,45.55393586,0.48543689,57.39795918,1.22249389,41.18075802,51.74016035,29561798.70000000,22655600.00000000,False
005830,DB손해보험,KOSPI,보험,186100,-0.16094421,55.46647230,0.37756203,51.67638484,-3.27442827,35.34985423,27.03071672,82.72594752,51.73469388,39548092276.30000305,41258541750.00000000,False
010640,진양폴리,KOSPI,화학,2075,1.21951220,81.83309038,-5.25114155,9.07434402,3.23383085,67.41982507,13.63636364,69.29664723,51.73287172,243008161.09999999,134972192.00000000,False
215790,이노인스트루먼트,KOSDAQ,전기·전자,666,0.00000000,61.20626822,1.36986301,60.69606414,2.46153846,64.86880466,-21.46226415,7.14285714,51.70553936,1944998223.29999995,0.00000000,False
368600,아이씨에이치,KOSDAQ,전기·전자,956,0.00000000,61.20626822,0.00000000,45.55393586,-3.82293763,32.65306122,56.46481178,94.27842566,51.70371720,1185143933.15000010,0.00000000,False
200780,비씨월드제약,KOSDAQ,제약,3045,0.16447368,66.78206997,0.99502488,57.67128280,0.49504950,57.52551020,-4.54545455,23.46938776,51.68367347,14564040.25000000,4312040.00000000,False
461300,아이스크림미디어,KOSDAQ,IT 서비스,18190,2.71033315,90.37900875,0.49723757,52.84256560,-4.26315789,30.75801749,15.78612349,72.44897959,51.68367347,397456333.25000000,361768380.00000000,False
091970,LSK아이로봇,KOSDAQ,화학,3695,3.35664336,92.38338192,7.10144928,85.67784257,-5.25641026,26.96793003,-1.85922975,29.62827988,51.65451895,68084356.15000001,116451007.00000000,False
117580,대성에너지,KOSPI,전기·가스,7100,0.00000000,61.20626822,0.85227273,56.19533528,-0.14064698,50.87463557,1.28388017,41.54518950,51.63811953,3095732960.50000000,348791840.00000000,False
465480,인스피언,KOSDAQ,IT 서비스,3780,-0.26385224,52.80612245,-4.18250951,12.42711370,8.15450644,77.87900875,7.38636364,57.28862974,51.61807580,47084325.25000000,15586526.00000000,False
0098T0,교보19호스팩,KOSDAQ,금융,2005,0.00000000,61.20626822,0.25000000,50.43731778,0.40060090,56.96064140,0.25000000,37.86443149,51.60896501,11915401.75000000,40033210.00000000,False
136480,하림,KOSDAQ,음식료·담배,2680,0.00000000,61.20626822,0.37453184,51.63994169,0.94161959,59.65743440,-1.47058824,30.61224490,51.59803207,424007502.39999998,522920005.00000000,False
321550,티움바이오,KOSDAQ,일반서비스,4595,-2.12992545,23.87026239,2.22469410,66.87317784,-2.75132275,37.50000000,14.58852868,70.59037901,51.56705539,448909217.05000001,497896260.00000000,False
004890,동일산업,KOSPI,금속,35300,2.76564774,90.70699708,1.58273381,62.39067055,-2.35131397,39.46793003,0.85714286,39.94169096,51.56341108,16229697.50000000,18323100.00000000,False
060370,LS마린솔루션,KOSDAQ,건설,31950,-4.34131737,7.36151603,-0.93023256,33.49125364,2.24000000,64.13994169,18.55287570,75.54664723,51.54883382,5010929311.25000000,5209722325.00000000,False
048870,시너지이노베이션,KOSDAQ,의료·정밀기기,1600,-0.06246096,57.39795918,0.62893082,53.97230321,1.45846544,61.69825073,-4.01919616,24.67201166,51.54518950,344239516.75000000,218241042.00000000,False
001260,남광토건,KOSPI,건설,8050,-0.12406948,56.55976676,1.25786164,59.65743440,2.67857143,65.56122449,-18.85080645,8.78279883,51.53425656,671343516.50000000,319426860.00000000,False
488900,비츠로넥스텍,KOSDAQ,운송장비·부품,9970,-6.64794007,2.25947522,-4.59330144,10.78717201,6.85959271,75.61953353,38.08864266,89.10349854,51.53061224,2023907597.00000000,1309325505.00000000,False
241770,메카로,KOSDAQ,전기·전자,38900,-0.25641026,52.91545190,-2.75000000,19.46064140,3.32005312,67.65670554,12.10374640,66.65451895,51.52332362,791344423.75000000,226609050.00000000,False
038540,상상인,KOSDAQ,IT 서비스,1966,-0.60667341,46.30102041,5.13368984,80.46647230,-0.70707071,47.41253644,-7.04491726,18.91399417,51.51785714,81673901.70000000,16512406.00000000,False
023900,풍국주정,KOSDAQ,음식료·담배,7240,2.25988701,88.88483965,0.27700831,50.65597668,-1.09289617,45.59037901,2.69503546,45.95481050,51.51239067,82710056.25000000,22181965.00000000,False
488060,유진스팩11호,KOSDAQ,금융,2050,0.00000000,61.20626822,0.24449878,50.29154519,0.24449878,56.19533528,0.49019608,38.73906706,51.43403790,15873774.50000000,8743895.00000000,False
003800,에이스침대,KOSDAQ,기타제조,32800,1.23456790,82.05174927,0.00000000,45.55393586,-0.30395137,49.89067055,3.47003155,47.99562682,51.42674927,51500517.50000000,59848050.00000000,False
067170,오텍,KOSDAQ,운송장비·부품,2600,-4.23572744,7.94460641,0.00000000,45.55393586,2.76679842,65.85276968,5.47667343,53.06122449,51.41399417,1225183545.34999990,965790808.00000000,False
006840,AK홀딩스,KOSPI,기타금융,6960,1.90336750,86.88046647,1.90336750,64.68658892,-8.17941953,17.85714286,24.50805009,80.72157434,51.38119534,48578173.00000000,77588825.00000000,False
0131D0,키움히어로제2호스팩,KOSDAQ,금융,1969,0.05081301,64.90524781,0.56179775,53.31632653,0.20356234,55.61224490,-0.30379747,33.23615160,51.37755102,31958274.00000000,19264011.00000000,False
357550,석경에이티,KOSDAQ,화학,32400,-0.30769231,51.98615160,6.93069307,85.31341108,-1.81818182,41.90962099,-7.03012912,19.02332362,51.36115160,74489106.25000000,63367450.00000000,False
220180,폴라리스AI핸디,KOSDAQ,IT 서비스,1379,1.99704142,87.31778426,-0.36127168,39.65014577,0.51020408,57.74416910,0.29090909,38.01020408,51.32653061,12633629.85000000,12512637.00000000,False
119850,지엔씨에너지,KOSDAQ,전기·전자,48050,-5.78431373,3.31632653,-14.80496454,1.12973761,7.97752809,77.69679300,82.00757576,97.37609329,51.22448980,34492271148.75000000,23908200125.00000000,False
000545,흥국화재우,KOSPI,보험,5620,-2.43055556,20.55393586,2.55474453,68.87755102,-1.05633803,45.69970845,4.65549348,51.11151603,51.22084548,1271499.00000000,2424140.00000000,False
058860,KTis,KOSPI,IT 서비스,2590,-1.14503817,36.88046647,0.38759690,51.78571429,0.58252427,58.05393586,1.96850394,43.84110787,51.21355685,869795031.64999998,95545501.00000000,False
025750,한솔홈데코,KOSPI,종이·목재,1897,2.65151515,90.16034985,0.00000000,45.55393586,-0.68062827,47.59475219,3.26619488,47.44897959,51.20991254,27086877.15000000,14393327.00000000,False
206650,유바이오로직스,KOSDAQ,제약,8480,-0.46948357,48.85204082,1.43540670,61.22448980,-1.62412993,42.85714286,5.86766542,54.00874636,51.19715743,759074610.75000000,2621137670.00000000,False
444530,심플랫폼,KOSDAQ,IT 서비스,4700,-0.42372881,49.78134111,-1.77638454,26.16618076,4.67706013,70.99125364,4.21286031,49.85422741,51.19533528,21726563.15000000,13426200.00000000,False
475250,하나33호스팩,KOSDAQ,금융,2095,0.23923445,68.64067055,0.00000000,45.55393586,0.23923445,56.06778426,1.20772947,41.14431487,51.18622449,19451266.35000000,31370.00000000,False
049120,파인디앤씨,KOSDAQ,전기·전자,2900,0.00000000,61.20626822,2.65486726,69.42419825,-9.93788820,14.10349854,49.94829369,92.96647230,51.18258017,21997938.55000000,10181735.00000000,False
028080,휴맥스홀딩스,KOSDAQ,IT 서비스,5170,0.00000000,61.20626822,0.00000000,45.55393586,4.44444444,70.44460641,-9.93031359,15.48833819,51.06231778,9069715.00000000,0.00000000,False
0015N0,아로마티카,KOSDAQ,화학,9810,-10.24702653,0.54664723,-8.23199252,4.48250729,6.39913232,74.85422741,98.38220425,98.57871720,51.05685131,13106599769.50000000,6268829090.00000000,False
083640,인콘,KOSDAQ,유통,5390,3.45489443,92.78425656,1.31578947,60.14941691,-0.91911765,46.42857143,-3.49149508,25.76530612,51.04774052,37349623.50000000,13620020.00000000,False
0105P0,유진스팩12호,KOSDAQ,금융,2000,-0.24937656,53.04300292,0.35122930,51.31195335,0.75566751,59.03790087,-0.24937656,33.52769679,51.01858601,5443480.70000000,161939.00000000,False
482520,교보16호스팩,KOSDAQ,금융,2065,0.00000000,61.20626822,0.00000000,45.55393586,0.24271845,56.12244898,1.97530864,43.91399417,51.01858601,17936399.35000000,0.00000000,False
303810,동국생명과학,KOSDAQ,제약,2665,-2.73722628,17.41982507,-6.65499124,6.23177843,17.66004415,87.06268222,10.12396694,62.90087464,51.01676385,11935901336.64999962,2078458652.00000000,False
234340,헥토파이낸셜,KOSDAQ,금융,22800,1.33333333,82.94460641,1.78571429,63.83017493,-9.52380952,14.83236152,35.87604291,87.97376093,50.97120991,10490332968.75000000,4128952425.00000000,False
429270,시지트로닉스,KOSDAQ,전기·전자,3225,0.62402496,75.03644315,-0.46296296,38.52040816,4.53808752,70.59037901,-7.46054519,18.36734694,50.96938776,815179651.35000002,660108415.00000000,False
032560,황금에스티,KOSPI,금속,5540,-0.53859964,47.41253644,1.46520147,61.66180758,-2.12014134,40.41545190,7.57281553,57.54373178,50.91472303,72916011.00000000,120695830.00000000,False
037330,인지디스플레,KOSDAQ,전기·전자,726,0.00000000,61.20626822,5.06512301,80.28425656,-0.41152263,49.05247813,-24.84472050,5.13848397,50.85459184,27717109.95000000,0.00000000,False
290120,DH오토리드,KOSDAQ,운송장비·부품,2200,0.91743119,79.08163265,3.28638498,73.25072886,-1.78571429,42.11005831,-5.98290598,20.62682216,50.85276968,70310836.00000000,9146835.00000000,False
452260,한화갤러리아,KOSPI,유통,2560,-2.29007634,21.97521866,-11.72413793,2.04081633,7.56302521,76.96793003,32.02681795,86.13338192,50.82361516,5355590188.35000038,2080908601.00000000,False
456070,이엔셀,KOSDAQ,제약,5900,-2.15588723,23.45116618,0.68259386,54.51895044,6.30630631,74.56268222,-14.36865022,11.44314869,50.81450437,1611158462.00000000,347206080.00000000,False
023600,삼보판지,KOSDAQ,종이·목재,9080,0.77691454,77.55102041,0.44247788,52.36880466,-2.88770053,36.98979592,10.06060606,62.75510204,50.81268222,80067963.00000000,135311090.00000000,False
317400,자이에스앤디,KOSPI,부동산,9880,0.20283976,67.83892128,0.40650407,52.07725948,-6.96798493,21.35568513,118.34254144,99.27113703,50.80357143,9356106044.00000000,4408848840.00000000,False
484130,하나34호스팩,KOSDAQ,금융,2045,0.24509804,69.07798834,0.24509804,50.34620991,0.00000000,53.06122449,0.24509804,37.80976676,50.79810496,13046006.00000000,38252365.00000000,False
318000,KBG,KOSDAQ,화학,2775,2.20994475,88.52040816,2.58780037,69.05976676,-1.42095915,44.13265306,-7.80730897,17.85714286,50.79446064,19817328.35000000,10652975.00000000,False
067390,아스트,KOSDAQ,운송장비·부품,5620,-0.53097345,47.52186589,-5.70469799,7.98104956,6.43939394,74.92711370,13.07847082,68.22157434,50.76166181,492593219.75000000,230744275.00000000,False
134060,이퓨쳐,KOSDAQ,오락·문화,5440,1.11524164,81.04956268,-0.18348624,41.80029155,-2.33393178,39.50437318,15.01057082,71.35568513,50.71793003,12472265.00000000,12206260.00000000,False
0099W0,미래에셋비전스팩11호,KOSDAQ,금융,1985,0.15136226,66.39941691,0.35389282,51.45772595,0.20191822,55.53935860,-0.75000000,32.06997085,50.70699708,10165022.25000000,142904.00000000,False
049720,고려신용정보,KOSDAQ,일반서비스,9160,1.10375276,80.90379009,0.00000000,45.55393586,0.65934066,58.38192420,-2.55319149,27.76967930,50.66326531,157259294.50000000,149794115.00000000,False
025770,한국정보통신,KOSDAQ,통신,7830,-0.12755102,56.37755102,1.03225806,57.98104956,-1.26103405,44.89795918,3.57142857,48.28717201,50.64868805,178853883.00000000,94021400.00000000,False
048410,현대바이오,KOSDAQ,화학,6900,-5.47945205,4.04518950,-1.00430416,32.83527697,9.87261146,80.46647230,1.17302053,40.88921283,50.61953353,11224522641.50000000,7650680670.00000000,False
060380,동양에스텍,KOSDAQ,금속,1285,-2.94561934,15.56122449,0.07788162,48.39650146,0.23400936,55.90379009,9.08319185,60.89650146,50.61588921,13197926.25000000,8268837.00000000,False
028050,삼성EA,KOSPI,일반서비스,47900,-1.74358974,27.95189504,0.00000000,45.55393586,-0.20833333,50.51020408,13.91200951,69.75218659,50.61588921,91289648437.14999390,68791413275.00000000,False
000680,LS네트웍스,KOSPI,유통,2945,0.00000000,61.20626822,0.17006803,49.12536443,-0.67453626,47.66763848,5.55555556,53.31632653,50.58855685,142298667.75000000,140666200.00000000,False
092600,앤씨앤,KOSDAQ,전기·전자,2380,-7.03125000,1.89504373,-10.18867925,2.73323615,25.19726460,91.76384840,10.69767442,64.28571429,50.57215743,1057348915.39999998,250016585.00000000,False
026040,제이에스티나,KOSDAQ,기타제조,2200,1.14942529,81.37755102,4.26540284,77.36880466,-13.04347826,8.45481050,22.63099220,79.11807580,50.55393586,219156406.40000001,86426925.00000000,False
486630,KB제30호스팩,KOSDAQ,금융,2055,0.00000000,61.20626822,0.00000000,45.55393586,0.24390244,56.15889213,1.23152709,41.29008746,50.50838192,26938814.00000000,2126880.00000000,False
021050,서원,KOSPI,금속,1096,-2.31729055,21.64723032,1.95348837,65.12390671,-2.40427427,39.21282799,11.49542218,65.56122449,50.49927114,158599267.84999999,68129634.00000000,False
139990,아주스틸,KOSPI,금속,2255,-1.31291028,34.54810496,-1.31291028,30.10204082,2.96803653,66.39941691,7.38095238,57.25218659,50.49562682,54116319.85000000,63343670.00000000,False
012700,리드코프,KOSDAQ,유통,2935,1.38169257,83.27259475,0.68610635,54.55539359,-1.83946488,41.80029155,2.44328098,45.33527697,50.48104956,39561690.05000000,14467390.00000000,False
395400,SK리츠,KOSPI,부동산,5280,-0.37735849,50.80174927,0.95602294,57.28862974,1.53846154,61.97157434,-8.49220104,17.09183673,50.47376093,1078798184.00000000,873701150.00000000,False
448730,삼성FN리츠,KOSPI,부동산,5100,2.00000000,87.35422741,3.23886640,72.95918367,-2.85714286,37.11734694,-3.95480226,24.78134111,50.42638484,562196314.70000005,109538030.00000000,False
187790,나노,KOSDAQ,화학,3085,-2.98742138,15.30612245,1.31362890,60.09475219,0.81699346,59.29300292,0.00000000,35.65962099,50.40816327,722411836.60000002,148699109.00000000,False
052420,오성첨단소재,KOSDAQ,화학,9600,-0.10405827,56.81486880,0.20876827,49.70845481,-2.14067278,40.23323615,13.20754717,68.56778426,50.40087464,218821425.50000000,191593465.00000000,False
003850,보령,KOSPI,제약,8570,-2.50284414,19.53352770,2.88115246,70.69970845,-2.05714286,40.67055394,6.19578686,54.81049563,50.39358601,995321809.00000000,485771780.00000000,False
389470,인벤티지랩,KOSDAQ,일반서비스,26700,-10.85141903,0.43731778,5.11811024,80.43002915,1.90839695,63.11953353,-25.83333333,4.77405248,50.37536443,3251509002.50000000,3875807225.00000000,False
290670,대보마그네틱,KOSDAQ,전기·전자,5450,-2.32974910,21.46501458,4.00763359,76.45772595,-4.21792619,30.92201166,10.88504578,64.57725948,50.36807580,57311281.75000000,46824500.00000000,False
016710,대성홀딩스,KOSPI,일반서비스,6910,0.00000000,61.20626822,-0.14450867,42.23760933,0.14492754,55.17492711,3.28849028,47.52186589,50.36625364,80152615.25000000,41139610.00000000,False
214180,헥토이노베이션,KOSDAQ,IT 서비스,14010,-0.70871722,44.27842566,2.93901543,71.10058309,-3.64511692,33.60058309,6.70220868,55.83090379,50.36443149,591854294.50000000,566135770.00000000,False
035510,신세계IC,KOSPI,IT 서비스,14680,-2.65251989,18.18513120,-3.92670157,13.62973761,5.68754500,73.28717201,18.77022654,75.69241983,50.36078717,3458373680.75000000,1141507240.00000000,False
120240,대정화금,KOSDAQ,화학,14760,-0.47201618,48.79737609,-0.20283976,41.58163265,-0.13531800,50.91107872,10.14925373,63.04664723,50.32798834,98486823.25000000,98404910.00000000,False
027410,BGF,KOSPI,기타금융,3800,0.39630119,71.79300292,2.15053763,66.47230321,-1.68175938,42.52915452,-1.29870130,30.90379009,50.31341108,239526138.90000001,477761275.00000000,False
025880,케이씨피드,KOSDAQ,음식료·담배,2355,0.64102564,75.56486880,2.16919740,66.65451895,-0.84210526,46.79300292,-6.17529880,20.18950437,50.30794461,80873637.95000000,48051450.00000000,False
049830,승일,KOSDAQ,금속,6480,-4.56553756,6.23177843,0.62111801,53.89941691,1.72684458,62.53644315,1.40845070,42.20116618,50.24781341,5065895.50000000,3121540.00000000,False
009180,한솔로지스틱스,KOSPI,운송·창고,2790,-0.88809947,40.88921283,0.00000000,45.55393586,0.35971223,56.74198251,3.91061453,48.94314869,50.24052478,58094672.35000000,102822716.00000000,False
351330,이삭엔지니어링,KOSDAQ,IT 서비스,3440,-2.96191819,15.52478134,4.87804878,79.75583090,0.00000000,53.06122449,-8.02139037,17.60204082,50.22412536,153520520.94999999,32655710.00000000,False
0101C0,하나36호스팩,KOSDAQ,금융,1986,-0.20100503,54.40962099,0.25239778,50.47376093,0.55696203,57.94460641,-0.70000000,32.28862974,50.21865889,9259286.50000000,1725428.00000000,False
131760,파인텍,KOSDAQ,기계·장비,1288,0.23346304,68.44023324,11.51515152,92.31049563,-3.37584396,34.80320700,-19.19698871,8.67346939,50.19314869,265174175.84999999,139053235.00000000,False
002880,디와이에이,KOSPI,운송장비·부품,3675,0.54719562,73.94314869,5.00000000,80.01093294,-2.39043825,39.28571429,-10.14669927,15.37900875,50.18768222,54682552.50000000,25845880.00000000,False
007210,벽산,KOSPI,비금속,1446,-1.02669405,38.73906706,1.75932442,63.55685131,-0.48176187,48.57871720,0.48644892,38.70262391,50.11297376,82640697.40000001,144988709.00000000,False
017510,세명전기,KOSDAQ,금속,7490,-2.47395833,19.86151603,-1.44736842,28.86297376,3.16804408,67.11005831,10.14705882,63.01020408,50.09110787,1458428036.50000000,703351170.00000000,False
0097F0,미래에셋비전스팩10호,KOSDAQ,금융,1991,0.05025126,64.86880466,0.20130851,49.56268222,0.15090543,55.24781341,-0.35035035,33.16326531,50.08746356,10653725.70000000,192972.00000000,False
033230,인성정보,KOSDAQ,IT 서비스,1090,-2.67857143,17.82069971,-1.08892922,32.05174927,3.51377018,68.14868805,7.28346457,57.14285714,50.08564140,225215960.09999999,216439377.00000000,False
179530,애드바이오텍,KOSDAQ,제약,2245,1.35440181,83.05393586,30.90379009,99.01603499,-10.73558648,12.35422741,0.00000000,35.65962099,50.08381924,376679090.10000002,696829004.00000000,False
014990,인디에프,KOSPI,섬유·의류,3855,1.18110236,81.63265306,1.44736842,61.44314869,-12.68403171,9.14723032,109.96732026,99.12536443,50.08017493,1533153330.59999990,440798705.00000000,False
008470,부스타,KOSDAQ,금속,1703,3.84146341,93.73177843,0.17647059,49.16180758,0.29446408,56.41399417,-8.68632708,16.94606414,50.07653061,31601048.00000000,11194464.00000000,False
0037T0,KB제32호스팩,KOSDAQ,금융,1995,0.10035123,65.45189504,0.10035123,48.43294461,0.20090407,55.50291545,-0.15015015,33.96501458,50.06924198,29990009.25000000,61860998.00000000,False
001685,대상우,KOSPI,음식료·담배,14700,0.20449898,67.93002915,-0.27137042,40.81632653,0.00000000,53.06122449,3.88692580,48.87026239,50.03644315,16201322.75000000,14585140.00000000,False
477340,에이치엠씨제7호스팩,KOSDAQ,금융,2060,0.24330900,68.91399417,0.00000000,45.55393586,0.00000000,53.06122449,1.22850123,41.25364431,50.03279883,23544468.20000000,2176520.00000000,False
083550,케이엠,KOSDAQ,섬유·의류,3275,-1.20663650,36.29737609,-4.37956204,11.51603499,2.50391236,64.97813411,29.70297030,84.76676385,50.02915452,48119281.55000000,132050357.00000000,False
052790,액토즈소프트,KOSDAQ,IT 서비스,4580,-2.65674814,18.11224490,-3.47734457,15.63411079,12.25490196,82.98104956,4.80549199,51.56705539,50.00728863,432517342.14999998,221115405.00000000,False
472230,에스케이증권제11호스팩,KOSDAQ,금융,2105,-0.23696682,53.51676385,0.00000000,45.55393586,0.23809524,55.99489796,1.69082126,42.93002915,50.00182216,112289187.00000000,348433225.00000000,False
136540,윈스테크넷,KOSDAQ,IT 서비스,10800,-1.18938701,36.47959184,0.27855153,50.69241983,-0.36900369,49.48979592,7.14285714,56.68731778,49.98906706,177698909.00000000,163786600.00000000,False
175140,아고스,KOSDAQ,전기·전자,2365,0.85287846,78.46209913,2.38095238,67.91180758,-3.86178862,32.43440233,1.93965517,43.69533528,49.93258017,53295082.85000000,20156714.00000000,False
205470,휴마시스,KOSDAQ,제약,2890,-7.81499203,1.49416910,12.67056530,93.40379009,-10.66460587,12.50000000,28.44444444,83.78279883,49.92711370,617059476.25000000,1455981556.00000000,False
101140,인바이오젠,KOSPI,유통,5120,0.78740157,77.75145773,9.51871658,89.75947522,-4.29906542,30.66690962,-10.64572426,14.72303207,49.91435860,36556723.00000000,33912860.00000000,False
475240,하나32호스팩,KOSDAQ,금융,2095,0.00000000,61.20626822,0.23923445,50.03644315,0.00000000,53.06122449,0.23923445,37.71865889,49.89978134,32215467.25000000,10848362.00000000,False
473050,유안타제15호스팩,KOSDAQ,금융,2105,-0.23696682,53.51676385,0.00000000,45.55393586,0.23809524,55.99489796,1.44578313,42.34693878,49.88520408,262448702.25000000,781991345.00000000,False
053580,웹케시,KOSDAQ,IT 서비스,7060,-1.80806676,27.11370262,1.14613181,58.74635569,-3.02197802,36.44314869,17.66666667,74.74489796,49.86151603,65772233.25000000,69071570.00000000,False
007390,네이처셀,KOSDAQ,제약,24700,0.20283976,67.83892128,1.85567010,64.24927114,0.00000000,53.06122449,-12.56637168,12.71865889,49.82689504,4322772907.50000000,4544340500.00000000,False
358570,지아이이노베이션,KOSDAQ,일반서비스,8450,-4.73506201,5.75801749,5.23038605,80.68513120,-3.64880274,33.56413994,7.78061224,57.94460641,49.79591837,2909323210.00000000,2697532750.00000000,False
0132G0,교보20호스팩,KOSDAQ,금융,1996,0.96105210,79.55539359,-0.20000000,41.61807580,0.20080321,55.46647230,0.00000000,35.65962099,49.75947522,7312300.60000000,19340318.00000000,False
475960,토모큐브,KOSDAQ,의료·정밀기기,33200,-3.62844702,11.22448980,-4.46043165,11.26093294,17.73049645,87.17201166,4.89731438,51.74927114,49.71938776,1371683833.75000000,1636461675.00000000,False
487830,신한제15호스팩,KOSDAQ,금융,2045,0.24509804,69.07798834,0.24509804,50.34620991,-0.24390244,50.30976676,0.24509804,37.80976676,49.69752187,19065371.15000000,11685705.00000000,False
085810,알티캐스트,KOSDAQ,IT 서비스,1433,0.35014006,70.80903790,9.55657492,89.83236152,-3.82550336,32.58017493,-12.08588957,13.15597668,49.69387755,28370793.05000000,19538649.00000000,False
479880,한국제15호스팩,KOSDAQ,금융,2070,0.24213075,68.78644315,0.00000000,45.55393586,0.00000000,53.06122449,0.72992701,39.46793003,49.66290087,24227466.95000000,16198790.00000000,False
053210,스카이라이프,KOSPI,오락·문화,4055,0.24721879,69.16909621,1.75658720,63.48396501,-1.21802680,45.08017493,-2.40673887,28.06122449,49.60641399,101638661.65000001,49316695.00000000,False
054090,삼진엘앤디,KOSDAQ,기타제조,1013,0.19782394,67.60204082,0.19782394,49.45335277,-2.59615385,38.15597668,10.46892039,63.70262391,49.59912536,73878708.00000000,25336858.00000000,False
473000,에스케이증권제12호스팩,KOSDAQ,금융,2082,0.09615385,65.30612245,-0.14388489,42.27405248,0.09615385,55.02915452,1.31386861,41.85495627,49.59548105,14619368.50000000,162353.00000000,False
382150,온코크로스,KOSDAQ,일반서비스,3650,-2.27576975,22.19387755,-2.27576975,22.70408163,5.64399421,73.17784257,7.03812317,56.45043732,49.59183673,468431049.14999998,59894625.00000000,False
477470,미래에셋비전스팩5호,KOSDAQ,금융,2075,0.24154589,68.71355685,0.24154589,50.10932945,0.00000000,53.06122449,-0.71770335,32.21574344,49.57179300,23455916.40000000,20799052.00000000,False
015360,INVENI,KOSPI,일반서비스,14540,-0.47912389,48.68804665,-1.42372881,29.08163265,2.68361582,65.59766764,3.85714286,48.68804665,49.56997085,201264768.00000000,314224090.00000000,False
016580,환인제약,KOSPI,제약,10170,-0.09823183,57.06997085,1.19402985,59.09256560,-2.02312139,40.85276968,3.88151175,48.79737609,49.53534985,207483033.00000000,140290930.00000000,False
002800,신신제약,KOSDAQ,제약,4515,-1.31147541,34.58454810,1.91873589,64.75947522,-2.48380130,38.92128280,6.48584906,55.35714286,49.52623907,104321233.50000000,236992170.00000000,False
007160,사조산업,KOSPI,음식료·담배,48150,-0.31055901,51.93148688,2.99465241,71.46501458,-4.65346535,29.22740525,6.76274945,55.94023324,49.51166181,82243855.00000000,37416300.00000000,False
462310,뉴키즈온,KOSDAQ,섬유·의류,3810,-2.05655527,24.74489796,0.39525692,51.87682216,-1.42302717,44.09620991,13.39285714,68.87755102,49.45153061,37554979.55000000,31573660.00000000,False
010770,평화홀딩스,KOSPI,운송장비·부품,3560,0.56497175,74.27113703,0.00000000,45.55393586,1.28022760,61.18804665,-6.80628272,19.27842566,49.42419825,62016092.35000000,63147750.00000000,False
053980,오상자이엘,KOSDAQ,IT 서비스,2440,0.41152263,72.04810496,1.45530146,61.53425656,-0.81300813,46.86588921,-3.74753452,25.00000000,49.41144315,82664990.00000000,33967920.00000000,False
019570,GMI벤처,KOSDAQ,금융,2890,-2.36486486,21.17346939,-3.02013423,18.03935860,2.84697509,66.12609329,20.16632017,76.93148688,49.36588921,31066883.70000000,32332380.00000000,False
253450,스튜디오드래곤,KOSDAQ,오락·문화,20950,1.69902913,85.53206997,3.45679012,73.94314869,-3.45622120,34.36588921,-4.11899314,24.34402332,49.35131195,903566147.50000000,1496282225.00000000,False
058400,KNN,KOSDAQ,오락·문화,5980,1.52801358,84.43877551,0.16750419,49.08892128,-3.54838710,34.11078717,9.92647059,62.46355685,49.30758017,135144013.25000000,22561530.00000000,False
003780,진양산업,KOSPI,화학,4245,1.67664671,85.34985423,-2.86041190,18.87755102,9.40721649,79.73760933,-9.58466454,15.96209913,49.28571429,882840767.04999995,708252864.00000000,False
361390,제노코,KOSDAQ,전기·전자,12720,-0.62500000,45.91836735,-0.62500000,36.62536443,6.26566416,74.48979592,-6.67644901,19.42419825,49.26020408,420521291.75000000,709655970.00000000,False
093920,서원인텍,KOSDAQ,전기·전자,4825,-0.41279670,49.96355685,1.36554622,60.64139942,-0.92402464,46.35568513,0.20768432,37.57288630,49.24562682,42418361.80000000,166774640.00000000,False
274090,켄코아에어로스페이스,KOSDAQ,운송장비·부품,11330,-6.97865353,1.93148688,-8.84955752,3.93586006,17.28778468,86.77113703,11.51574803,65.59766764,49.20189504,19380960509.50000000,6538614865.00000000,False
003080,SB성보,KOSPI,화학,2245,0.00000000,61.20626822,0.44742729,52.40524781,-0.22222222,50.47376093,0.00000000,35.65962099,49.16362974,40389578.85000000,18940920.00000000,False
030520,한컴,KOSDAQ,IT 서비스,17320,-1.47895336,31.77842566,1.28654971,59.91253644,-0.34522440,49.59912536,1.10916521,40.67055394,49.12536443,2708479999.75000000,5992191180.00000000,False
094940,푸른로보틱스,KOSDAQ,전기·전자,6100,-0.48939641,48.52405248,3.21489002,72.84985423,-7.71558245,19.20553936,16.63479924,73.57871720,49.10532070,251917983.25000000,161161200.00000000,False
054930,유신,KOSDAQ,일반서비스,17650,1.20412844,81.74198251,1.43678161,61.29737609,-4.74905559,28.64431487,6.38939120,55.21137026,49.06341108,337844539.25000000,51704400.00000000,False
032800,판타지오,KOSDAQ,오락·문화,1486,-0.33534541,51.56705539,0.26990553,50.61953353,0.47329277,57.25218659,-2.04350692,28.97230321,49.03790087,22533440.10000000,12299961.00000000,False
203400,에이비온,KOSDAQ,일반서비스,3380,0.00000000,61.20626822,0.00000000,45.55393586,0.00000000,53.06122449,0.89552239,40.05102041,49.02150146,0.00000000,0.00000000,False
407400,꿈비,KOSDAQ,기타제조,2045,-2.85035629,16.47230321,6.23376623,83.74635569,-3.76470588,32.83527697,2.50626566,45.51749271,49.00874636,42477284.40000000,47665125.00000000,False
114630,폴라리스우노,KOSDAQ,화학,1581,1.02236422,80.21137026,-1.80124224,26.05685131,6.68016194,75.32798834,-10.37414966,15.01457726,48.97230321,108885037.75000000,23711483.00000000,False
0008Z0,에스엔시스,KOSDAQ,전기·전자,23300,-1.47991543,31.74198251,0.64794816,54.15451895,-2.51046025,38.81195335,14.21568627,70.08017493,48.96137026,365323273.75000000,464227150.00000000,False
086820,바이오솔루션,KOSDAQ,제약,6550,-2.52976190,19.31486880,-2.38450075,21.86588921,2.34375000,64.39504373,16.54804270,73.46938776,48.94314869,373534025.25000000,556420400.00000000,False
083790,CG인바이츠,KOSDAQ,일반서비스,931,2.08333333,87.75510204,-2.61506276,20.44460641,0.64864865,58.27259475,5.67536890,53.60787172,48.93950437,139981892.09999999,107187499.00000000,False
025560,미래산업,KOSPI,의료·정밀기기,7850,-0.63291139,45.73615160,-4.50121655,11.15160350,26.61290323,92.23760933,-5.98802395,20.59037901,48.93221574,3507460421.25000000,2357532710.00000000,False
051390,YW,KOSDAQ,유통,3980,-1.11801242,37.46355685,-2.09102091,24.08892128,2.84237726,66.07142857,7.56756757,57.50728863,48.90306122,17523015.10000000,2484560.00000000,False
0130D0,신한제17호스팩,KOSDAQ,금융,1968,0.20366599,67.89358601,0.61349693,53.82653061,-0.40485830,49.12536443,-0.95621540,31.55976676,48.89941691,5896542.80000000,3669860.00000000,False
463480,모티브링크,KOSDAQ,전기·전자,4000,-1.35635018,34.01967930,2.56410256,68.95043732,-0.37359900,49.38046647,-3.61445783,25.29154519,48.89759475,529436051.50000000,52734470.00000000,False
011040,경동제약,KOSDAQ,제약,5080,-0.19646365,54.55539359,0.99403579,57.61661808,-1.55038760,43.29446064,2.00803213,44.07798834,48.87390671,116489216.00000000,72843090.00000000,False
478440,미래에셋비전스팩6호,KOSDAQ,금융,2070,-0.24096386,53.35276968,0.00000000,45.55393586,0.00000000,53.06122449,1.71990172,43.00291545,48.82653061,22343318.05000000,15842825.00000000,False
053060,세동,KOSDAQ,운송장비·부품,1245,1.21951220,81.83309038,1.63265306,62.68221574,-0.24038462,50.40087464,-19.57364341,8.38192420,48.82470845,35114218.20000000,58242239.00000000,False
260930,씨티케이,KOSDAQ,화학,2380,-0.20964361,54.22740525,5.30973451,81.01311953,-2.25872690,39.90524781,-10.01890359,15.45189504,48.77915452,52336873.75000000,36247770.00000000,False
104700,한국철강,KOSPI,금속,9390,0.10660981,65.56122449,0.64308682,54.11807580,-1.67539267,42.56559767,2.28758170,44.78862974,48.77551020,212487912.25000000,141288070.00000000,False
014440,영보화학,KOSPI,화학,4680,1.29870130,82.58017493,0.21413276,49.81778426,-2.19435737,39.97813411,3.31125828,47.63119534,48.72084548,45316999.25000000,68920315.00000000,False
900070,글로벌에스엠,KOSDAQ,금융,1084,-1.45454545,32.19752187,-4.15561450,12.68221574,8.07577268,77.80612245,5.44747082,52.84256560,48.71537901,711492317.64999998,111390696.00000000,False
033320,제이씨현시스템,KOSDAQ,유통,3080,-1.75438596,27.80612245,-0.16207455,42.01895044,-0.32362460,49.81778426,12.20400729,66.83673469,48.68075802,452196198.55000001,41740775.00000000,False
307180,아이엘,KOSDAQ,전기·전자,5630,-1.05448155,38.26530612,-1.05448155,32.43440233,-1.57342657,43.14868805,38.66995074,89.28571429,48.67346939,1494503121.25000000,2562843065.00000000,False
000087,하이트진로2우B,KOSPI,음식료·담배,12320,0.08123477,65.19679300,0.24410090,50.25510204,-0.56497175,48.10495627,0.57142857,39.06705539,48.65160350,7229358.50000000,7723840.00000000,False
129890,앱코,KOSDAQ,전기·전자,960,-1.03092784,38.61151603,2.78372591,70.08017493,-4.66732870,29.04518950,8.84353741,60.38629738,48.58053936,78169323.15000001,53407855.00000000,False
138610,나이벡,KOSDAQ,제약,15600,-2.74314214,17.27405248,-0.19193858,41.72740525,2.97029703,66.43586006,0.38610039,38.39285714,48.49854227,532359084.50000000,341283320.00000000,False
250060,모비스,KOSDAQ,IT 서비스,3050,-4.38871473,7.17930029,-2.08667737,24.21647230,1.66666667,62.35422741,20.79207921,77.62390671,48.44934402,561486470.00000000,406655987.00000000,False
003920,남양유업,KOSPI,음식료·담배,42400,1.55688623,84.62099125,0.83234245,56.04956268,-3.52673493,34.14723032,3.28867235,47.55830904,48.44752187,125762771.25000000,65982400.00000000,False
056090,시지메드텍,KOSDAQ,의료·정밀기기,5920,-2.47116969,19.89795918,-0.50420168,37.97376093,0.08453085,54.95626822,11.27819549,65.05102041,48.37463557,274274960.75000000,831657600.00000000,False
400760,NH올원리츠,KOSPI,부동산,2810,0.00000000,61.20626822,0.17825312,49.19825073,0.35714286,56.70553936,-4.25894378,23.87026239,48.33637026,250511390.09999999,68487980.00000000,False
199820,제일일렉트릭,KOSDAQ,전기·전자,7520,-2.71668823,17.52915452,-1.05263158,32.48906706,2.03527815,63.44752187,7.27532097,57.10641399,48.29992711,1012205609.25000000,676514495.00000000,False
0096D0,미래에셋비전스팩9호,KOSDAQ,금융,1990,-3.86473430,9.80320700,0.91277890,56.96064140,0.75949367,59.07434402,-0.45022511,32.87172012,48.27259475,17600900.95000000,15950.00000000,False
022100,포스코DX,KOSPI,일반서비스,20800,-1.42180095,32.87172012,4.26065163,77.33236152,-5.66893424,25.07288630,8.16432657,58.67346939,48.25072886,5987237184.75000000,5249486725.00000000,False
034950,한국기업평가,KOSDAQ,일반서비스,103500,0.09671180,65.34256560,-0.76701822,34.98542274,0.29069767,56.37755102,1.76991150,43.33090379,48.24708455,74142920.00000000,69751200.00000000,False
020560,아시아나항공,KOSPI,운송·창고,8200,-0.36452005,51.05685131,-3.41578327,15.96209913,1.10974106,60.20408163,15.00701262,71.31924198,48.23979592,1076415036.75000000,1461821155.00000000,False
004140,동방,KOSPI,운송·창고,1809,-0.49504950,48.39650146,0.77994429,55.64868805,-0.54975261,48.17784257,0.11068069,37.17201166,48.23979592,172515282.59999999,135189074.00000000,False
035900,JYPEnt.,KOSDAQ,오락·문화,38900,0.51679587,73.52405248,3.32005312,73.46938776,-1.51898734,43.47667638,-21.33468150,7.25218659,48.23432945,6539696528.75000000,15286932175.00000000,False
027710,팜스토리,KOSDAQ,음식료·담배,1113,0.36068530,71.06413994,-0.26881720,40.85276968,-2.19683656,39.94169096,10.74626866,64.35860058,48.21064140,235629925.84999999,78776906.00000000,False
45226K,한화갤러리아우,KOSPI,유통,4325,-2.03850510,25.09110787,-5.97826087,7.32507289,7.05445545,75.98396501,11.46907216,65.41545190,48.18330904,23110905.00000000,2647585.00000000,False
333620,엔시스,KOSDAQ,전기·전자,5200,-0.76335878,43.23979592,1.76125245,63.62973761,-2.80373832,37.29956268,4.00000000,49.19825073,48.17237609,391375008.25000000,126542930.00000000,False
154040,다산솔루에타,KOSDAQ,전기·전자,9480,-6.13861386,2.84256560,8.96551724,89.28571429,-10.14218009,13.66618076,21.69448010,78.09766764,48.15597668,28603684.00000000,69309610.00000000,False
373110,엑셀세라퓨틱스,KOSDAQ,제약,1057,0.09469697,65.26967930,6.87563195,85.13119534,-4.34389140,30.53935860,-6.79012346,19.31486880,48.14504373,88858137.20000000,81616737.00000000,False
000300,DH오토넥스,KOSPI,운송장비·부품,4200,0.00000000,61.20626822,0.00000000,45.55393586,0.00000000,53.06122449,0.00000000,35.65962099,48.14322157,0.00000000,0.00000000,False
001470,삼부토건,KOSPI,건설,5820,0.00000000,61.20626822,0.00000000,45.55393586,0.00000000,53.06122449,0.00000000,35.65962099,48.14322157,0.00000000,0.00000000,False
001570,금양,KOSPI,화학,9900,0.00000000,61.20626822,0.00000000,45.55393586,0.00000000,53.06122449,0.00000000,35.65962099,48.14322157,0.00000000,0.00000000,False
001840,이화공영,KOSDAQ,건설,2215,0.00000000,61.20626822,0.00000000,45.55393586,0.00000000,53.06122449,0.00000000,35.65962099,48.14322157,0.00000000,0.00000000,False
002410,범양건영,KOSPI,건설,1935,0.00000000,61.20626822,0.00000000,45.55393586,0.00000000,53.06122449,0.00000000,35.65962099,48.14322157,0.00000000,0.00000000,False
008600,윌비스,KOSPI,유통,2620,0.00000000,61.20626822,0.00000000,45.55393586,0.00000000,53.06122449,0.00000000,35.65962099,48.14322157,0.00000000,0.00000000,False
009310,참엔지니어링,KOSPI,기계·장비,5330,0.00000000,61.20626822,0.00000000,45.55393586,0.00000000,53.06122449,0.00000000,35.65962099,48.14322157,0.00000000,0.00000000,False
009440,KC그린홀딩스,KOSPI,기타금융,756,0.00000000,61.20626822,0.00000000,45.55393586,0.00000000,53.06122449,0.00000000,35.65962099,48.14322157,0.00000000,0.00000000,False
011000,진원생명과학,KOSPI,제약,2670,0.00000000,61.20626822,0.00000000,45.55393586,0.00000000,53.06122449,0.00000000,35.65962099,48.14322157,0.00000000,0.00000000,False
011810,STX,KOSPI,유통,3530,0.00000000,61.20626822,0.00000000,45.55393586,0.00000000,53.06122449,0.00000000,35.65962099,48.14322157,0.00000000,0.00000000,False
015020,이스타코,KOSPI,부동산,928,0.00000000,61.20626822,0.00000000,45.55393586,0.00000000,53.06122449,0.00000000,35.65962099,48.14322157,0.00000000,0.00000000,False
016790,현대사료,KOSDAQ,음식료·담배,994,0.00000000,61.20626822,0.00000000,45.55393586,0.00000000,53.06122449,0.00000000,35.65962099,48.14322157,0.00000000,0.00000000,False
017040,광명전기,KOSPI,전기·전자,932,0.00000000,61.20626822,0.00000000,45.55393586,0.00000000,53.06122449,0.00000000,35.65962099,48.14322157,0.00000000,0.00000000,False
019490,엑시큐어하이트론,KOSPI,전기·전자,541,0.00000000,61.20626822,0.00000000,45.55393586,0.00000000,53.06122449,0.00000000,35.65962099,48.14322157,0.00000000,0.00000000,False
020760,일진디스플,KOSPI,전기·전자,902,0.00000000,61.20626822,0.00000000,45.55393586,0.00000000,53.06122449,0.00000000,35.65962099,48.14322157,0.00000000,0.00000000,False
023440,제이스코홀딩스,KOSDAQ,금속,521,0.00000000,61.20626822,0.00000000,45.55393586,0.00000000,53.06122449,0.00000000,35.65962099,48.14322157,0.00000000,0.00000000,False
030350,드래곤플라이,KOSDAQ,IT 서비스,973,0.00000000,61.20626822,0.00000000,45.55393586,0.00000000,53.06122449,0.00000000,35.65962099,48.14322157,0.00000000,0.00000000,False
031860,디에이치엑스컴퍼니,KOSDAQ,유통,6930,0.00000000,61.20626822,0.00000000,45.55393586,0.00000000,53.06122449,0.00000000,35.65962099,48.14322157,0.00000000,0.00000000,False
036690,코맥스,KOSDAQ,전기·전자,2885,0.00000000,61.20626822,0.00000000,45.55393586,0.00000000,53.06122449,0.00000000,35.65962099,48.14322157,0.00000000,0.00000000,False
041590,플래스크,KOSDAQ,건설,2370,0.00000000,61.20626822,0.00000000,45.55393586,0.00000000,53.06122449,0.00000000,35.65962099,48.14322157,0.00000000,0.00000000,False
043100,알파AI,KOSDAQ,의료·정밀기기,520,0.00000000,61.20626822,0.00000000,45.55393586,0.00000000,53.06122449,0.00000000,35.65962099,48.14322157,0.00000000,0.00000000,False
043220,티에스넥스젠,KOSDAQ,기계·장비,1710,0.00000000,61.20626822,0.00000000,45.55393586,0.00000000,53.06122449,0.00000000,35.65962099,48.14322157,0.00000000,0.00000000,False
044180,KD,KOSDAQ,건설,205,0.00000000,61.20626822,0.00000000,45.55393586,0.00000000,53.06122449,0.00000000,35.65962099,48.14322157,0.00000000,0.00000000,False
049180,셀루메드,KOSDAQ,제약,1009,0.00000000,61.20626822,0.00000000,45.55393586,0.00000000,53.06122449,0.00000000,35.65962099,48.14322157,0.00000000,0.00000000,False
052770,아이톡시,KOSDAQ,IT 서비스,312,0.00000000,61.20626822,0.00000000,45.55393586,0.00000000,53.06122449,0.00000000,35.65962099,48.14322157,0.00000000,0.00000000,False
054180,메디콕스,KOSDAQ,운송장비·부품,2295,0.00000000,61.20626822,0.00000000,45.55393586,0.00000000,53.06122449,0.00000000,35.65962099,48.14322157,0.00000000,0.00000000,False
064090,인크레더블버즈,KOSDAQ,유통,798,0.00000000,61.20626822,0.00000000,45.55393586,0.00000000,53.06122449,0.00000000,35.65962099,48.14322157,0.00000000,0.00000000,False
065570,삼영이엔씨,KOSDAQ,전기·전자,764,0.00000000,61.20626822,0.00000000,45.55393586,0.00000000,53.06122449,0.00000000,35.65962099,48.14322157,0.00000000,0.00000000,False
066410,버킷스튜디오,KOSDAQ,통신,1153,0.00000000,61.20626822,0.00000000,45.55393586,0.00000000,53.06122449,0.00000000,35.65962099,48.14322157,0.00000000,0.00000000,False
066790,씨씨에스,KOSDAQ,오락·문화,2205,0.00000000,61.20626822,0.00000000,45.55393586,0.00000000,53.06122449,0.00000000,35.65962099,48.14322157,0.00000000,0.00000000,False
068240,다원시스,KOSDAQ,전기·전자,2530,0.00000000,61.20626822,0.00000000,45.55393586,0.00000000,53.06122449,0.00000000,35.65962099,48.14322157,0.00000000,0.00000000,False
068940,셀피글로벌,KOSDAQ,전기·전자,778,0.00000000,61.20626822,0.00000000,45.55393586,0.00000000,53.06122449,0.00000000,35.65962099,48.14322157,0.00000000,0.00000000,False
069460,대호에이엘,KOSPI,금속,2660,0.00000000,61.20626822,0.00000000,45.55393586,0.00000000,53.06122449,0.00000000,35.65962099,48.14322157,0.00000000,0.00000000,False
073640,테라사이언스,KOSDAQ,금속,654,0.00000000,61.20626822,0.00000000,45.55393586,0.00000000,53.06122449,0.00000000,35.65962099,48.14322157,0.00000000,0.00000000,False
074610,이엔플러스,KOSPI,기계·장비,5110,0.00000000,61.20626822,0.00000000,45.55393586,0.00000000,53.06122449,0.00000000,35.65962099,48.14322157,0.00000000,0.00000000,False
079970,투비소프트,KOSDAQ,IT 서비스,596,0.00000000,61.20626822,0.00000000,45.55393586,0.00000000,53.06122449,0.00000000,35.65962099,48.14322157,0.00000000,0.00000000,False
080720,한국유니온제약,KOSDAQ,제약,2410,0.00000000,61.20626822,0.00000000,45.55393586,0.00000000,53.06122449,0.00000000,35.65962099,48.14322157,0.00000000,0.00000000,False
099520,DGI,KOSDAQ,전기·전자,1284,0.00000000,61.20626822,0.00000000,45.55393586,0.00000000,53.06122449,0.00000000,35.65962099,48.14322157,0.00000000,0.00000000,False
106080,케이이엠텍,KOSDAQ,전기·전자,1650,0.00000000,61.20626822,0.00000000,45.55393586,0.00000000,53.06122449,0.00000000,35.65962099,48.14322157,0.00000000,0.00000000,False
119650,KC코트렐,KOSPI,기계·장비,918,0.00000000,61.20626822,0.00000000,45.55393586,0.00000000,53.06122449,0.00000000,35.65962099,48.14322157,0.00000000,0.00000000,False
121800,비덴트,KOSDAQ,전기·전자,3320,0.00000000,61.20626822,0.00000000,45.55393586,0.00000000,53.06122449,0.00000000,35.65962099,48.14322157,0.00000000,0.00000000,False
143210,핸즈코퍼레이션,KOSPI,운송장비·부품,1199,0.00000000,61.20626822,0.00000000,45.55393586,0.00000000,53.06122449,0.00000000,35.65962099,48.14322157,0.00000000,0.00000000,False
145210,다이나믹디자인,KOSPI,기계·장비,2240,0.00000000,61.20626822,0.00000000,45.55393586,0.00000000,53.06122449,0.00000000,35.65962099,48.14322157,0.00000000,0.00000000,False
182400,엔케이젠바이오텍코리아,KOSDAQ,제약,3670,0.00000000,61.20626822,0.00000000,45.55393586,0.00000000,53.06122449,0.00000000,35.65962099,48.14322157,0.00000000,0.00000000,False
183490,엔지켐생명과학,KOSDAQ,제약,990,0.00000000,61.20626822,0.00000000,45.55393586,0.00000000,53.06122449,0.00000000,35.65962099,48.14322157,0.00000000,0.00000000,False
214610,롤링스톤,KOSDAQ,의료·정밀기기,2290,0.00000000,61.20626822,0.00000000,45.55393586,0.00000000,53.06122449,0.00000000,35.65962099,48.14322157,0.00000000,0.00000000,False
217480,에스디생명공학,KOSDAQ,화학,499,0.00000000,61.20626822,0.00000000,45.55393586,0.00000000,53.06122449,0.00000000,35.65962099,48.14322157,0.00000000,0.00000000,False
234920,자이글,KOSDAQ,전기·전자,5310,0.00000000,61.20626822,0.00000000,45.55393586,0.00000000,53.06122449,0.00000000,35.65962099,48.14322157,0.00000000,0.00000000,False
241820,피씨엘,KOSDAQ,제약,6040,0.00000000,61.20626822,0.00000000,45.55393586,0.00000000,53.06122449,0.00000000,35.65962099,48.14322157,0.00000000,0.00000000,False
244460,올리패스,KOSDAQ,제약,1651,0.00000000,61.20626822,0.00000000,45.55393586,0.00000000,53.06122449,0.00000000,35.65962099,48.14322157,0.00000000,0.00000000,False
245620,EDGC,KOSDAQ,일반서비스,741,0.00000000,61.20626822,0.00000000,45.55393586,0.00000000,53.06122449,0.00000000,35.65962099,48.14322157,0.00000000,0.00000000,False
246250,에스엘에스바이오,KOSDAQ,일반서비스,1969,0.00000000,61.20626822,0.00000000,45.55393586,0.00000000,53.06122449,0.00000000,35.65962099,48.14322157,0.00000000,0.00000000,False
246720,아스타,KOSDAQ,제약,6070,0.00000000,61.20626822,0.00000000,45.55393586,0.00000000,53.06122449,0.00000000,35.65962099,48.14322157,0.00000000,0.00000000,False
258830,세종메디칼,KOSDAQ,의료·정밀기기,412,0.00000000,61.20626822,0.00000000,45.55393586,0.00000000,53.06122449,0.00000000,35.65962099,48.14322157,0.00000000,0.00000000,False
263050,유틸렉스,KOSDAQ,제약,959,0.00000000,61.20626822,0.00000000,45.55393586,0.00000000,53.06122449,0.00000000,35.65962099,48.14322157,0.00000000,0.00000000,False
276040,스코넥,KOSDAQ,IT 서비스,327,0.00000000,61.20626822,0.00000000,45.55393586,0.00000000,53.06122449,0.00000000,35.65962099,48.14322157,0.00000000,0.00000000,False
284620,카이노스메드,KOSDAQ,일반서비스,1087,0.00000000,61.20626822,0.00000000,45.55393586,0.00000000,53.06122449,0.00000000,35.65962099,48.14322157,0.00000000,0.00000000,False
288330,파라택시스코리아,KOSDAQ,일반서비스,416,0.00000000,61.20626822,0.00000000,45.55393586,0.00000000,53.06122449,0.00000000,35.65962099,48.14322157,0.00000000,0.00000000,False
294090,이오플로우,KOSDAQ,의료·정밀기기,1490,0.00000000,61.20626822,0.00000000,45.55393586,0.00000000,53.06122449,0.00000000,35.65962099,48.14322157,0.00000000,0.00000000,False
309710,아이티켐,KOSDAQ,제약,21000,0.00000000,61.20626822,0.00000000,45.55393586,0.00000000,53.06122449,0.00000000,35.65962099,48.14322157,0.00000000,0.00000000,False
313760,캐리,KOSDAQ,전기·전자,468,0.00000000,61.20626822,0.00000000,45.55393586,0.00000000,53.06122449,0.00000000,35.65962099,48.14322157,0.00000000,0.00000000,False
340930,성원에너텍,KOSDAQ,기계·장비,806,0.00000000,61.20626822,0.00000000,45.55393586,0.00000000,53.06122449,0.00000000,35.65962099,48.14322157,0.00000000,0.00000000,False
348950,제이알글로벌리츠,KOSPI,부동산,1182,0.00000000,61.20626822,0.00000000,45.55393586,0.00000000,53.06122449,0.00000000,35.65962099,48.14322157,0.00000000,0.00000000,False
352770,셀레스트라,KOSDAQ,일반서비스,5250,0.00000000,61.20626822,0.00000000,45.55393586,0.00000000,53.06122449,0.00000000,35.65962099,48.14322157,0.00000000,0.00000000,False
377460,큐에이드,KOSDAQ,일반서비스,4080,0.00000000,61.20626822,0.00000000,45.55393586,0.00000000,53.06122449,0.00000000,35.65962099,48.14322157,0.00000000,0.00000000,False
380540,옵티코어,KOSDAQ,전기·전자,8450,0.00000000,61.20626822,0.00000000,45.55393586,0.00000000,53.06122449,0.00000000,35.65962099,48.14322157,0.00000000,0.00000000,False
393970,대진첨단소재,KOSDAQ,화학,2825,0.00000000,61.20626822,0.00000000,45.55393586,0.00000000,53.06122449,0.00000000,35.65962099,48.14322157,0.00000000,0.00000000,False
412540,제일엠앤에스,KOSDAQ,기계·장비,3935,0.00000000,61.20626822,0.00000000,45.55393586,0.00000000,53.06122449,0.00000000,35.65962099,48.14322157,0.00000000,0.00000000,False
418250,시큐레터,KOSDAQ,IT 서비스,6550,0.00000000,61.20626822,0.00000000,45.55393586,0.00000000,53.06122449,0.00000000,35.65962099,48.14322157,0.00000000,0.00000000,False
468760,유진스팩10호,KOSDAQ,금융,2080,0.00000000,61.20626822,0.00000000,45.55393586,0.00000000,53.06122449,0.00000000,35.65962099,48.14322157,0.00000000,0.00000000,False
482680,미래에셋비전스팩7호,KOSDAQ,금융,2055,0.00000000,61.20626822,0.00000000,45.55393586,0.00000000,53.06122449,0.00000000,35.65962099,48.14322157,0.00000000,0.00000000,False
203450,유니온바이오메트릭스,KOSDAQ,전기·전자,2750,-2.48226950,19.71574344,-2.65486726,20.15306122,9.12698413,79.37317784,1.28913444,41.61807580,48.09037901,232340043.05000001,97839065.00000000,False
130500,GH신소재,KOSDAQ,섬유·의류,1910,-3.38897319,12.50000000,-1.39390811,29.15451895,2.41286863,64.68658892,9.14285714,61.00583090,48.07215743,22548380.60000000,46932462.00000000,False
073560,우리손에프앤지,KOSDAQ,음식료·담배,1507,0.13289037,65.96209913,0.73529412,55.30247813,-1.82410423,41.87317784,1.00536193,40.45189504,48.02660350,84369448.25000000,52621660.00000000,False
451760,컨텍,KOSDAQ,IT 서비스,7900,-1.61892902,30.06559767,-2.70935961,19.78862974,12.85714286,83.74635569,-2.46913580,27.91545190,48.02478134,1334722632.75000000,614459400.00000000,False
133750,메가엠디,KOSDAQ,일반서비스,1392,1.31004367,82.72594752,2.95857988,71.20991254,-7.75347913,19.02332362,5.77507599,53.71720117,47.98833819,13494172.60000000,7696924.00000000,False
200880,서연이화,KOSPI,운송장비·부품,11010,0.36463081,71.13702624,1.94444444,65.01457726,-4.67532468,29.00874636,3.86792453,48.72448980,47.96647230,266046942.00000000,257329630.00000000,False
035760,CJENM,KOSDAQ,오락·문화,35400,-0.14104372,56.04956268,-4.32432432,11.80758017,5.35714286,72.41253644,3.96475771,49.16180758,47.94460641,2979970420.00000000,3960058225.00000000,False
071320,지역난방공사,KOSPI,전기·가스,77100,-2.15736041,23.39650146,-2.77427491,19.35131195,1.84940555,62.90087464,16.28959276,73.17784257,47.94096210,976140080.00000000,1128876200.00000000,False
0007J0,인벤테라,KOSDAQ,일반서비스,9340,-4.88798371,5.46647230,-16.08265948,0.83819242,11.32300358,82.14285714,14.88314883,71.10058309,47.87536443,5729882755.00000000,649327695.00000000,False
079170,한창산업,KOSDAQ,금속,5630,0.53571429,73.83381924,0.00000000,45.55393586,-5.05902192,27.66034985,22.39130435,78.79008746,47.87172012,40566497.50000000,5261260.00000000,False
26490K,크라운제과우,KOSPI,음식료·담배,7540,-4.43599493,6.96064140,2.16802168,66.58163265,-0.91984231,46.39212828,1.75438596,43.11224490,47.84985423,2971640.00000000,1663400.00000000,False
047770,코데즈컴바인,KOSDAQ,섬유·의류,3515,1.15107914,81.41399417,1.88405797,64.52259475,-13.63636364,7.65306122,32.14285714,86.29737609,47.81887755,3492931890.55000019,923856759.00000000,False
094820,일진파워,KOSDAQ,건설,11860,-1.90239868,26.34839650,0.00000000,45.55393586,-0.16835017,50.69241983,6.84684685,56.04956268,47.78790087,1255831615.75000000,937283160.00000000,False
469900,하나31호스팩,KOSDAQ,금융,2095,0.00000000,61.20626822,-0.23809524,41.27186589,0.00000000,53.06122449,0.96385542,40.23323615,47.77332362,154940198.59999999,174389795.00000000,False
007460,에이프로젠,KOSPI,제약,2085,-5.44217687,4.11807580,7.86342473,87.50000000,-1.65094340,42.74781341,-6.29213483,20.04373178,47.76967930,351771090.39999998,355527260.00000000,False
451250,삐아,KOSDAQ,화학,7280,-2.93333333,15.72521866,3.85164051,75.72886297,-2.28187919,39.68658892,0.27548209,37.93731778,47.75327988,66726011.75000000,25906870.00000000,False
081580,성우전자,KOSDAQ,전기·전자,2385,-0.20920502,54.26384840,-3.63636364,14.83236152,4.37636761,70.40816327,3.69565217,48.46938776,47.73323615,113734028.34999999,82369710.00000000,False
003620,KG모빌리티,KOSPI,운송장비·부품,2610,0.77220077,77.47813411,4.60921844,78.60787172,-4.39560440,30.13848397,-5.43478261,21.61078717,47.70772595,1029566058.54999995,697931288.00000000,False
310200,애니플러스,KOSDAQ,오락·문화,2095,-0.94562648,39.83236152,0.00000000,45.55393586,3.71287129,68.58600583,-12.15932914,13.08309038,47.70043732,427652498.10000002,660494042.00000000,False
000150,두산,KOSPI,전기·전자,1331000,-4.38218391,7.21574344,-2.84671533,19.02332362,4.72069237,71.13702624,10.64006650,64.06705539,47.69679300,130367269371.85000610,115204958000.00000000,False
036570,NC,KOSPI,IT 서비스,223000,-5.50847458,3.88119534,4.20560748,77.02259475,0.00000000,53.06122449,-10.62124248,14.75947522,47.67128280,27973483017.50000000,45403844250.00000000,False
049630,재영솔루텍,KOSDAQ,의료·정밀기기,6950,-1.41843972,32.94460641,0.00000000,45.55393586,-1.55807365,43.25801749,12.27786753,67.01895044,47.66763848,1371555428.75000000,1156604050.00000000,False
370090,퓨런티어,KOSDAQ,의료·정밀기기,6200,-0.80000000,42.38338192,3.50584307,74.19825073,-1.58730159,43.09402332,-6.48567119,19.64285714,47.66399417,101051090.75000000,101310250.00000000,False
496070,신한제16호스팩,KOSDAQ,금융,2005,-0.49627792,48.34183673,0.40060090,51.96793003,-0.24875622,50.25510204,0.00000000,35.65962099,47.65852770,13862181.80000000,1489110.00000000,False
353590,오토앤,KOSDAQ,유통,1573,-0.37998733,50.72886297,6.35564571,84.03790087,-6.53594771,22.70408163,1.22265122,41.21720117,47.60932945,14722955.25000000,12481696.00000000,False
300720,한일시멘트,KOSPI,비금속,16150,0.37290242,71.31924198,0.12399256,48.65160350,-3.69707812,33.12682216,10.16371078,63.11953353,47.60204082,795156359.75000000,1034792695.00000000,False
002760,보락,KOSPI,화학,999,0.00000000,61.20626822,-0.19980020,41.65451895,-0.89285714,46.55612245,4.82686254,51.60349854,47.56013120,54999289.35000000,46157873.00000000,False
302440,SK바이오사이언스,KOSPI,제약,36850,-2.38410596,21.02769679,2.36111111,67.74781341,-1.99468085,40.99854227,1.93637621,43.65889213,47.55830904,2343710196.25000000,3245048000.00000000,False
067160,SOOP,KOSDAQ,IT 서비스,37300,2.47252747,89.52259475,3.03867403,71.75655977,-2.48366013,38.95772595,-21.14164905,7.47084548,47.55648688,1216924172.54999995,1856485600.00000000,False
025820,이구산업,KOSPI,금속,4175,-0.23894863,53.38921283,0.00000000,45.55393586,-2.11019930,40.48833819,9.58005249,61.73469388,47.54737609,752471355.89999998,348923375.00000000,False
037400,우리엔터프라이즈,KOSDAQ,유통,3465,3.89805097,93.76822157,3.12500000,72.37609329,-11.15384615,11.80758017,8.11232449,58.60058309,47.53279883,55496176.10000000,143607885.00000000,False
070590,인티큐브,KOSDAQ,IT 서비스,2140,-3.38600451,12.57288630,-3.16742081,17.14650146,0.94339623,59.69387755,32.09876543,86.22448980,47.52368805,46000035.15000000,15946035.00000000,False
145170,노브랜드,KOSDAQ,섬유·의류,3180,-2.00308166,25.21865889,-12.27586207,1.74927114,15.42649728,85.49562682,4.77759473,51.23906706,47.49271137,2721512164.25000000,433300369.00000000,False
443060,HD현대마린솔루션,KOSPI,일반서비스,218000,-0.22883295,53.89941691,-8.21052632,4.51895044,2.83018868,65.99854227,15.16111992,71.61078717,47.46720117,26882540988.45000076,23551387750.00000000,False
206640,바디텍메드,KOSDAQ,제약,9790,-1.90380762,26.31195335,1.76715177,63.66618076,0.41025641,56.99708455,-10.67518248,14.65014577,47.45991254,247807977.75000000,188270435.00000000,False
0072Z0,KB제33호스팩,KOSDAQ,금융,1980,0.10111223,65.48833819,0.05053057,48.21428571,-0.30211480,49.96355685,-0.75187970,32.03352770,47.40524781,43778024.30000000,13383028.00000000,False
347890,엠엑스온,KOSDAQ,의료·정밀기기,4345,0.00000000,61.20626822,1.28205128,59.82142857,-4.18963616,31.12244898,5.97560976,54.44606414,47.40524781,55267535.45000000,38214680.00000000,False
024880,케이피에프,KOSDAQ,금속,3850,0.26041667,69.38775510,-0.64516129,36.42492711,-0.64516129,47.88629738,4.90463215,51.82215743,47.38520408,165787306.94999999,114675745.00000000,False
040420,정상제이엘에스,KOSDAQ,일반서비스,5830,0.00000000,61.20626822,-0.17123288,41.87317784,0.00000000,53.06122449,0.17182131,37.31778426,47.37062682,66390224.75000000,132057945.00000000,False
032820,우리기술,KOSDAQ,전기·전자,11640,-5.44272949,4.08163265,-5.74898785,7.90816327,6.59340659,75.18221574,15.82089552,72.55830904,47.36516035,91962285909.50000000,26590615180.00000000,False
060540,에스에이티,KOSDAQ,의료·정밀기기,1325,-1.70623145,28.57142857,-0.30097818,40.59766764,-2.28613569,39.65014577,26.43129771,82.25218659,47.34693878,88409162.84999999,17692991.00000000,False
900340,윙입푸드,KOSDAQ,금융,1329,-4.04332130,8.89212828,9.65346535,90.08746356,-6.27644570,23.57871720,4.23529412,49.92711370,47.33236152,339845080.64999998,73817450.00000000,False
285130,SK케미칼,KOSPI,화학,51200,0.39215686,71.75655977,0.19569472,49.38046647,-6.56934307,22.59475219,25.49019608,81.52332362,47.33236152,2265385657.50000000,3183608650.00000000,False
376290,씨유테크,KOSDAQ,전기·전자,2765,-1.25000000,35.51384840,0.36297641,51.56705539,-1.60142349,43.00291545,6.55105973,55.50291545,47.32325073,17699001.05000000,6522060.00000000,False
003690,코리안리,KOSPI,보험,14540,-0.27434842,52.58746356,-0.75085324,35.24052478,-0.47912389,48.65160350,8.75093493,60.09475219,47.31049563,2881862357.25000000,3509401230.00000000,False
261200,덴티스,KOSDAQ,의료·정밀기기,2620,-1.87265918,26.63994169,-0.75757576,35.13119534,0.76923077,59.11078717,5.22088353,52.29591837,47.30685131,38385834.55000000,33305110.00000000,False
007980,TP,KOSPI,섬유·의류,1755,-1.68067227,29.19096210,-1.62556054,27.47813411,2.03488372,63.41107872,5.72289157,53.68075802,47.26311953,338204566.39999998,139673403.00000000,False
365550,ESR켄달스퀘어리츠,KOSPI,부동산,3105,-2.20472441,22.74052478,0.16129032,48.97959184,1.47058824,61.80758017,-2.66457680,27.55102041,47.20116618,719027321.85000002,380981860.00000000,False
073010,케이에스피,KOSDAQ,기계·장비,3015,-2.74193548,17.34693878,-9.32330827,3.42565598,7.87119857,77.47813411,12.50000000,67.21938776,47.19752187,2370912113.40000010,459424952.00000000,False
090470,제이스로보틱스,KOSDAQ,기계·장비,4165,3.34987593,92.34693878,2.83950617,70.40816327,-9.06113537,15.81632653,5.30973451,52.40524781,47.16472303,138656582.00000000,114914035.00000000,False
366030,나인앤컴퍼니,KOSDAQ,섬유·의류,4510,-1.52838428,31.19533528,4.03690888,76.56705539,-0.98792536,46.06413994,-12.08576998,13.19241983,47.15379009,251839644.69999999,126918245.00000000,False
111110,호전실업,KOSPI,섬유·의류,6430,0.62597809,75.18221574,-0.46439628,38.48396501,0.15576324,55.32069971,-1.83206107,29.70116618,47.13192420,34150231.25000000,15947480.00000000,False
208370,셀바스헬스케어,KOSDAQ,의료·정밀기기,2640,-1.30841121,34.62099125,-4.17422868,12.53644315,8.19672131,77.95189504,1.93050193,43.62244898,47.12827988,1895872314.95000005,369603720.00000000,False
308100,형지글로벌,KOSDAQ,유통,326,29.88047809,99.63556851,26.84824903,98.61516035,-8.42696629,17.27405248,-32.22453222,3.27988338,47.11370262,282099176.55000001,366526270.00000000,False
487570,HS효성,KOSPI,기타금융,49900,-0.79522863,42.45626822,-4.40613027,11.44314869,2.14943705,63.81195335,13.66742597,69.38775510,47.08090379,165666848.75000000,142010750.00000000,False
105630,한세실업,KOSPI,섬유·의류,8820,0.34129693,70.59037901,2.43902439,68.25801749,-3.50109409,34.22011662,-2.00000000,29.15451895,47.05539359,374947512.00000000,198964940.00000000,False
041930,SY동아,KOSDAQ,화학,4950,0.50761421,73.46938776,0.10111223,48.46938776,-4.25531915,30.79446064,10.61452514,63.99416910,47.00437318,315125555.80000001,53318415.00000000,False
078140,대봉엘에스,KOSDAQ,제약,7630,-0.13089005,56.34110787,0.79260238,55.83090379,-2.67857143,37.90087464,3.10810811,47.19387755,46.98250729,227276739.50000000,191201890.00000000,False
413630,씨피시스템,KOSDAQ,화학,4025,-3.82317802,10.20408163,-1.58924205,27.76967930,-1.34803922,44.60641399,102.05823293,98.76093294,46.94606414,14972047116.70000076,2452122646.00000000,False
177900,쓰리에이로직스,KOSDAQ,전기·전자,3760,-3.46598203,12.06268222,5.17482517,80.55758017,-1.44167759,43.98688047,-6.35118306,19.86151603,46.94059767,67214770.20000000,93278790.00000000,False
054940,엑사이엔씨,KOSDAQ,건설,3645,-5.81395349,3.20699708,6.42335766,84.20189504,-8.30188679,17.41982507,15.16587678,71.64723032,46.87864431,253598856.94999999,410585367.00000000,False
001340,PKC,KOSPI,화학,5080,0.19723866,67.54737609,0.79365079,55.86734694,-0.58708415,47.99562682,-5.92592593,20.69970845,46.85313411,432997433.25000000,374000935.00000000,False
046940,우원개발,KOSDAQ,건설,2810,2.74223035,90.52478134,3.30882353,73.39650146,-3.27022375,35.42274052,-20.50919378,7.87172012,46.81486880,430279754.85000002,5021184860.00000000,False
063570,NICE인프라,KOSDAQ,일반서비스,3300,-0.45248869,49.34402332,0.91743119,57.03352770,-3.93013100,32.10641399,8.55263158,59.54810496,46.79664723,38023619.75000000,19830090.00000000,False
078590,휴림에이텍,KOSDAQ,운송장비·부품,2735,0.00000000,61.20626822,1.86219739,64.32215743,-12.19903692,10.02186589,32.76699029,86.69825073,46.76567055,175141099.69999999,108809050.00000000,False
0120G0,삼양바이오팜,KOSPI,제약,47550,-3.74493927,10.67784257,3.03358613,71.68367347,-5.27888446,26.82215743,12.54437870,67.31049563,46.76384840,1642037208.75000000,1849431750.00000000,False
487360,신한제14호스팩,KOSDAQ,금융,2030,-0.24570025,53.13411079,-0.24570025,41.03498542,0.00000000,53.06122449,0.74441687,39.50437318,46.74927114,18955947.70000000,12337002.00000000,False
101530,해태제과식품,KOSPI,음식료·담배,5530,0.00000000,61.20626822,0.00000000,45.55393586,-0.71813285,47.30320700,0.91240876,40.08746356,46.72558309,41306298.25000000,0.00000000,False
493790,유안타제17호스팩,KOSDAQ,금융,2022,0.09900990,65.37900875,-0.14814815,42.16472303,-0.39408867,49.23469388,0.59701493,39.13994169,46.70918367,4724175.65000000,11573789.00000000,False
003000,부광약품,KOSPI,제약,4070,-4.00943396,9.00145773,0.86741016,56.34110787,-0.85261876,46.75655977,4.62724936,51.02040816,46.70918367,1685129217.75000000,1838070852.00000000,False
270870,뉴트리,KOSDAQ,음식료·담배,3695,0.95628415,79.48250729,4.82269504,79.62827988,-3.65058670,33.52769679,-21.29925453,7.28862974,46.70553936,22451952.50000000,1960120.00000000,False
000540,흥국화재,KOSPI,보험,3445,1.17474302,81.59620991,0.87847731,56.52332362,-7.64075067,19.38775510,13.50906096,69.16909621,46.70553936,149720485.65000001,72170238.00000000,False
159910,에코글로우,KOSDAQ,화학,3060,0.82372323,78.06122449,2.68456376,69.60641399,-4.37500000,30.24781341,-1.92307692,29.44606414,46.67638484,21918685.80000000,42102950.00000000,False
477760,DB금융스팩12호,KOSDAQ,금융,2070,0.00000000,61.20626822,-0.24096386,41.14431487,-0.24096386,50.36443149,0.97560976,40.30612245,46.67091837,25915596.95000000,10477672.00000000,False
445680,큐리옥스바이오시스템즈,KOSDAQ,의료·정밀기기,52800,-9.74358974,0.80174927,-8.33333333,4.37317784,4.14201183,69.71574344,32.99748111,86.95335277,46.66909621,3826808616.25000000,7878717400.00000000,False
003100,선광,KOSDAQ,운송·창고,20450,0.73891626,77.04081633,-0.24390244,41.07142857,-3.08056872,36.22448980,8.89243876,60.53206997,46.62172012,121427180.00000000,96499450.00000000,False
300120,라온피플,KOSDAQ,IT 서비스,3000,-1.15321252,36.77113703,3.80622837,75.47376093,-13.79310345,7.43440233,32.45033113,86.44314869,46.58163265,404849521.00000000,66146880.00000000,False
063760,이엘피,KOSDAQ,의료·정밀기기,2220,1.83486239,86.40670554,7.76699029,87.20845481,-6.32911392,23.36005831,-13.61867704,12.13556851,46.57434402,61317327.50000000,61695435.00000000,False
0004Y0,디비금융제14호스팩,KOSDAQ,금융,1995,-0.25000000,52.98833819,-0.10015023,42.74781341,0.10035123,55.06559767,-0.74626866,32.10641399,46.57069971,23077049.20000000,1388847.00000000,False
064480,브리지텍,KOSDAQ,IT 서비스,2625,1.74418605,85.75072886,3.55029586,74.41690962,-5.23465704,27.04081633,-4.19708029,24.16180758,46.54883382,62156327.45000000,87909215.00000000,False
065450,빅텍,KOSDAQ,의료·정밀기기,2960,0.33898305,70.55393586,-4.66988728,10.53206997,6.85920578,75.58309038,-1.49750416,30.46647230,46.54154519,2921709830.34999990,881329220.00000000,False
217500,러셀,KOSDAQ,기계·장비,1520,-3.18471338,13.95772595,0.72895958,55.02915452,-2.75111964,37.53644315,13.01115242,68.03935860,46.52696793,95630763.09999999,213331600.00000000,False
004540,깨끗한나라,KOSPI,종이·목재,1244,0.97402597,79.77405248,0.40355125,52.00437318,-0.48000000,48.61516035,-8.05617147,17.49271137,46.52332362,30211003.00000000,29622285.00000000,False
051630,진양화학,KOSPI,화학,1670,-0.94899170,39.75947522,-5.64971751,8.12682216,19.45636624,88.55685131,-4.57142857,23.39650146,46.51603499,1199989985.79999995,426434468.00000000,False
057540,옴니시스템,KOSDAQ,의료·정밀기기,602,0.00000000,61.20626822,0.00000000,45.55393586,2.38095238,64.61370262,-27.81774580,4.11807580,46.45590379,32361407.25000000,0.00000000,False
088260,이리츠코크렙,KOSPI,부동산,3245,0.46439628,72.63119534,-1.06707317,32.28862974,1.72413793,62.50000000,-4.97803807,22.48542274,46.44679300,171377619.25000000,72793105.00000000,False
047820,초록뱀미디어,KOSDAQ,오락·문화,3180,1.59744409,84.91253644,-2.15384615,23.56049563,1.92307692,63.15597668,-2.45398773,27.98833819,46.41946064,42003362.20000000,62541820.00000000,False
051360,토비스,KOSDAQ,전기·전자,11550,-0.34512511,51.38483965,-1.11301370,31.81486880,-1.53452685,43.36734694,15.38461538,71.86588921,46.40306122,137601836.00000000,83954820.00000000,False
084690,대상홀딩스,KOSPI,기타금융,7820,-0.63532402,45.66326531,0.25641026,50.54664723,-2.61519303,38.08309038,7.27023320,57.06997085,46.37755102,204601668.50000000,112712270.00000000,False
060150,인선이엔티,KOSDAQ,일반서비스,2990,0.16750419,66.94606414,1.01351351,57.90816327,-0.66445183,47.74052478,-9.66767372,15.81632653,46.32653061,96736666.95000000,62410480.00000000,False
404990,신한서부티엔디리츠,KOSPI,부동산,3865,0.12953368,65.83454810,-0.89743590,33.89212828,-0.89743590,46.50145773,6.03566529,54.55539359,46.26275510,183208505.50000000,127409105.00000000,False
033270,유나이티드제약,KOSPI,제약,17840,-0.99889012,39.21282799,0.67720090,54.48250729,-2.13933077,40.26967930,3.96270396,49.10714286,46.19533528,487388263.50000000,192493485.00000000,False
005965,동부건설우,KOSPI,건설,17100,0.00000000,61.20626822,-0.81206497,34.58454810,-0.46565774,48.72448980,4.58715596,50.91107872,46.16800292,3769875.00000000,718200.00000000,False
140520,대창스틸,KOSDAQ,금속,1999,0.00000000,61.20626822,-0.54726368,37.31778426,-0.54726368,48.21428571,3.36091003,47.70408163,46.14249271,29842281.75000000,50976721.00000000,False
332290,누보,KOSDAQ,화학,4420,-3.38797814,12.53644315,-0.22573363,41.36297376,-1.44927536,43.95043732,17.24137931,74.41690962,46.12609329,101866846.34999999,74633590.00000000,False
001520,동양,KOSPI,비금속,1113,-0.44722719,49.45335277,-2.36842105,22.04810496,2.77008310,65.88921283,1.18181818,40.96209913,46.10787172,1472517451.25000000,427917205.00000000,False
489730,디비금융제13호스팩,KOSDAQ,금융,2042,-0.39024390,50.36443149,-0.14669927,42.20116618,-0.14669927,50.76530612,1.08910891,40.52478134,46.10787172,29159841.85000000,2679135.00000000,False
384470,코어라인소프트,KOSDAQ,IT 서비스,2575,-0.38684720,50.49198251,-1.15163148,31.41399417,5.53278689,72.66763848,-12.71186441,12.68221574,46.07689504,143893672.30000001,80673410.00000000,False
016090,대현,KOSPI,섬유·의류,1420,0.28248588,69.71574344,1.35617416,60.49562682,-2.06896552,40.59766764,-4.63398254,23.17784257,45.99489796,53136191.20000000,25510683.00000000,False
092230,KPX홀딩스,KOSPI,화학,95900,-0.10416667,56.77842566,-0.51867220,37.68221574,-2.14285714,40.17857143,10.86705202,64.50437318,45.95481050,166011265.00000000,87893900.00000000,False
477380,미래에셋비전스팩4호,KOSDAQ,금융,2070,-0.71942446,43.98688047,0.24213075,50.18221574,-0.71942446,47.26676385,0.24213075,37.75510204,45.91107872,25970152.05000000,30462875.00000000,False
069140,누리플랜,KOSDAQ,금속,1757,-0.17045455,55.35714286,1.09321059,58.38192420,-3.19559229,35.67784257,1.67824074,42.89358601,45.90014577,39565943.65000000,17887679.00000000,False
092460,한라IMS,KOSDAQ,운송장비·부품,16700,-2.45327103,20.26239067,-0.77243018,34.91253644,-0.94899170,46.17346939,17.44022504,74.59912536,45.88921283,220116043.50000000,317421720.00000000,False
038390,레드캡투어,KOSDAQ,일반서비스,9960,-0.20040080,54.44606414,0.20120724,49.52623907,-0.79681275,46.97521866,-0.20040080,33.76457726,45.84548105,79672469.25000000,43789835.00000000,False
234100,폴라리스세원,KOSDAQ,운송장비·부품,2600,0.58027079,74.52623907,0.97087379,57.47084548,-7.47330961,19.78862974,11.82795699,66.10787172,45.83090379,24864064.95000000,32032670.00000000,False
389030,지니너스,KOSDAQ,일반서비스,1960,-5.76923077,3.35276968,-1.90190190,25.36443149,13.29479769,84.18367347,-5.76923077,20.95481050,45.80903790,1007542632.14999998,532205356.00000000,False
001560,제일연마,KOSPI,비금속,9220,-2.74261603,17.31049563,1.09649123,58.45481050,-1.49572650,43.65889213,2.44444444,45.37172012,45.80539359,15219884.25000000,26994200.00000000,False
066360,체리부로,KOSDAQ,음식료·담배,1448,-4.61133070,6.08600583,-2.49158249,21.20991254,4.62427746,70.77259475,5.38573508,52.58746356,45.79810496,41686884.75000000,14933947.00000000,False
002920,유성기업,KOSPI,운송장비·부품,1794,-1.91361400,26.23906706,-0.33333333,39.95991254,-0.33333333,49.67201166,7.10447761,56.55976676,45.79263848,135649001.84999999,74658483.00000000,False
053260,금강철강,KOSDAQ,금속,6580,-3.51906158,11.73469388,-19.46144431,0.43731778,2.65210608,65.45189504,43.98249453,91.25364431,45.73615160,28043660791.00000000,1286669320.00000000,False
045660,에이텍,KOSDAQ,기계·장비,8680,0.23094688,68.40379009,1.16550117,58.85568513,-7.16577540,20.33527697,11.42490372,65.34256560,45.69970845,91756706.75000000,58973750.00000000,False
002810,삼영무역,KOSPI,유통,21500,0.70257611,76.49416910,-1.14942529,31.45043732,-3.15315315,35.93294461,14.66666667,70.73615160,45.60495627,339993625.00000000,149428500.00000000,False
090080,평화산업,KOSPI,운송장비·부품,991,-0.90000000,40.52478134,-4.98561841,9.73032070,0.71138211,58.63702624,18.82494005,75.76530612,45.57944606,108628177.20000000,81148992.00000000,False
005670,푸드웰,KOSDAQ,음식료·담배,6170,0.32520325,70.15306122,0.65252855,54.20918367,-3.59375000,33.89212828,1.81518152,43.44023324,45.52295918,159889414.75000000,46090300.00000000,False
0164H0,한국제16호스팩,KOSDAQ,금융,1946,-0.35842294,51.12973761,0.10288066,48.50583090,-0.51124744,48.39650146,-0.61287028,32.47084548,45.51749271,55706800.00000000,71058259.00000000,False
087260,모바일어플라이언스,KOSDAQ,IT 서비스,247,0.00000000,61.20626822,0.00000000,45.55393586,0.00000000,53.06122449,-5.00000000,22.43075802,45.49744898,0.00000000,0.00000000,False
129260,인터지스,KOSPI,운송·창고,1907,0.00000000,61.20626822,0.00000000,45.55393586,-0.36572623,49.52623907,-1.95372751,29.30029155,45.45736152,39465046.20000000,44334584.00000000,False
383800,LX홀딩스,KOSPI,기타금융,8050,0.62500000,75.12755102,-0.61728395,36.69825073,-2.54237288,38.50218659,7.62032086,57.65306122,45.45371720,593285910.25000000,505110780.00000000,False
023000,삼원강재,KOSPI,운송장비·부품,2200,0.22779043,68.36734694,-1.12359551,31.65087464,0.45662100,57.12463557,-1.12359551,31.26822157,45.43549563,30425126.25000000,79667121.00000000,False
097520,엠씨넥스,KOSPI,전기·전자,19000,-0.52356021,47.66763848,-0.67956090,35.96938776,-0.26246719,50.18221574,3.88190268,48.83381924,45.39723032,526324999.50000000,541080275.00000000,False
263700,케어랩스,KOSDAQ,일반서비스,2125,-2.07373272,24.52623907,-10.71428571,2.51457726,11.78327196,82.54373178,2.65700483,45.84548105,45.39358601,61248807.75000000,80863949.00000000,False
004430,송원산업,KOSPI,화학,11600,-1.52801358,31.23177843,2.92812777,70.95481050,-1.94420964,41.18075802,-5.07364975,22.30320700,45.34256560,1025299846.75000000,618841670.00000000,False
0088D0,메리츠제1호스팩,KOSDAQ,금융,2075,0.00000000,61.20626822,-0.24038462,41.18075802,0.00000000,53.06122449,-2.35294118,28.17055394,45.33345481,8139718.55000000,6657620.00000000,False
001130,대한제분,KOSPI,음식료·담배,11160,-0.44603033,49.48979592,1.91780822,64.72303207,-4.04127257,31.59620991,1.27041742,41.47230321,45.29883382,143406958.25000000,163028270.00000000,False
023760,한국캐피탈,KOSDAQ,금융,1404,-0.21321962,54.08163265,-1.12676056,31.59620991,0.21413276,55.68513120,1.00719424,40.48833819,45.25874636,59039904.25000000,43698760.00000000,False
387570,파인메딕스,KOSDAQ,의료·정밀기기,6250,0.96930533,79.70116618,-1.57480315,27.87900875,-5.30303030,26.63994169,44.67592593,91.32653061,45.25510204,36223177.50000000,40994270.00000000,False
0129K0,신한제18호스팩,KOSDAQ,금융,1976,-0.75339026,43.40379009,-0.30272452,40.48833819,0.20283976,55.57580175,-0.55359839,32.65306122,45.24781341,20300300.30000000,11737305.00000000,False
188040,바이오포트,KOSDAQ,음식료·담배,4980,-2.73437500,17.45626822,0.00000000,45.55393586,1.63265306,62.24489796,-4.04624277,24.56268222,45.22230321,27235063.05000000,21641080.00000000,False
041020,폴라리스오피스,KOSDAQ,IT 서비스,3050,-3.93700787,9.43877551,-1.61290323,27.53279883,1.16086235,60.49562682,8.34813499,59.07434402,45.21683673,444239611.69999999,315536755.00000000,False
336060,웨이버스,KOSDAQ,IT 서비스,3070,-2.07336523,24.56268222,-2.69413629,19.89795918,1.32013201,61.37026239,9.25266904,61.15160350,45.20408163,31204907.65000000,6394655.00000000,False
003547,대신증권2우B,KOSPI,증권,19300,1.31233596,82.79883382,-0.10351967,42.67492711,-2.12981744,40.34256560,0.83594566,39.86880466,45.19314869,208004045.50000000,356244125.00000000,False
068290,삼성출판사,KOSPI,오락·문화,6190,-0.64205457,45.33527697,0.48701299,52.76967930,-1.74603175,42.38338192,0.65040650,39.35860058,45.18950437,49485537.25000000,23245100.00000000,False
154030,아시아종묘,KOSDAQ,농업 임업 및 어업,1621,-0.06165228,57.43440233,0.74580485,55.39358601,-4.08284024,31.41399417,4.64816010,51.05685131,45.13848397,24915069.20000000,16175561.00000000,False
000950,전방,KOSPI,섬유·의류,29900,-0.66445183,45.00728863,1.18443316,59.00145773,-6.85358255,21.82944606,14.77927063,70.99125364,45.13119534,20775760.00000000,26265600.00000000,False
039010,현대에이치티,KOSDAQ,전기·전자,8070,1.50943396,84.23833819,-3.69928401,14.50437318,1.89393939,63.04664723,0.00000000,35.65962099,45.12572886,283157475.25000000,340920560.00000000,False
009200,무림페이퍼,KOSPI,종이·목재,1500,-0.72799471,43.84110787,-1.18577075,30.90379009,-0.26595745,50.14577259,7.21944246,56.96064140,45.10568513,169050984.40000001,32522257.00000000,False
363260,모비데이즈,KOSDAQ,일반서비스,4090,0.61500615,74.96355685,3.15258512,72.48542274,-10.69868996,12.46355685,5.95854922,54.37317784,45.10204082,144746401.69999999,23081852.00000000,False
486990,노타,KOSDAQ,IT 서비스,18900,-6.43564356,2.51457726,-3.62060173,14.94169096,6.47887324,74.96355685,4.94169906,51.89504373,45.09839650,8378874635.00000000,6128534720.00000000,False
216050,인크로스,KOSDAQ,일반서비스,5000,-0.19960080,54.48250729,0.50251256,52.98833819,-3.10077519,36.11516035,2.88065844,46.46501458,45.08381924,45372758.00000000,77456180.00000000,False
023450,동남합성,KOSPI,화학,31400,-0.31746032,51.82215743,-1.72143975,26.67638484,-0.94637224,46.24635569,12.14285714,66.80029155,45.04373178,26815816.25000000,12190600.00000000,False
128940,한미약품,KOSPI,제약,482000,-9.73782772,0.83819242,-3.30992979,16.58163265,1.36698212,61.44314869,20.19950125,77.00437318,45.03644315,57872375800.00000000,133993648750.00000000,False
460940,피앤에스로보틱스,KOSDAQ,의료·정밀기기,5000,-3.10077519,14.50437318,-0.99009901,32.94460641,-1.38067061,44.40597668,23.15270936,79.55539359,45.00728863,390630238.10000002,143361230.00000000,False
005305,롯데칠성우,KOSPI,음식료·담배,66000,-0.30211480,52.11370262,0.00000000,45.55393586,0.00000000,53.06122449,-4.06976744,24.48979592,45.00000000,34020190.00000000,23242900.00000000,False
020120,키다리스튜디오,KOSPI,IT 서비스,6870,2.99850075,91.43586006,-19.17647059,0.51020408,-2.27596017,39.72303207,106.30630631,98.97959184,44.98177843,4712571192.25000000,6137965335.00000000,False
065680,우주일렉트로,KOSDAQ,전기·전자,24150,1.68421053,85.38629738,-2.42424242,21.53790087,3.20512821,67.16472303,-9.88805970,15.52478134,44.97084548,498024823.75000000,161932900.00000000,False
013030,하이록코리아,KOSDAQ,금속,34400,-1.14942529,36.82580175,-6.13915416,6.99708455,1.77514793,62.64577259,14.47587354,70.48104956,44.93622449,1146258655.15000010,670747600.00000000,False
051780,큐로홀딩스,KOSDAQ,유통,2400,4.12147505,94.29664723,3.00429185,71.50145773,-4.00000000,31.76020408,-22.07792208,6.70553936,44.92529155,81758037.40000001,36752486.00000000,False
003490,대한항공,KOSPI,운송·창고,30500,-0.48939641,48.52405248,-4.83619345,10.05830904,0.49423394,57.47084548,14.23220974,70.11661808,44.88155977,75781140217.50000000,85707139275.00000000,False
092040,아미코젠,KOSDAQ,음식료·담배,990,-0.60240964,46.42857143,4.10094637,76.74927114,-2.84592738,37.17201166,-14.28571429,11.55247813,44.84693878,385280360.69999999,134162970.00000000,False
005250,녹십자홀딩스,KOSPI,일반서비스,9710,-4.33497537,7.39795918,1.99579832,65.45189504,-1.12016293,45.55393586,-1.22075280,31.04956268,44.80685131,546175817.25000000,530971100.00000000,False
100700,세운메디칼,KOSDAQ,제약,2340,-0.63694268,45.59037901,2.40700219,68.11224490,-4.29447853,30.72157434,0.21413276,37.60932945,44.80320700,161981986.80000001,77527890.00000000,False
007690,국도화학,KOSPI,화학,37950,-1.04302477,38.44752187,-0.26281209,40.92565598,-1.42857143,44.02332362,6.45161290,55.32069971,44.79591837,548095505.00000000,282297225.00000000,False
120030,조선선재,KOSPI,금속,82500,1.85185185,86.58892128,0.00000000,45.55393586,-1.66865316,42.60204082,-2.82685512,27.15014577,44.79591837,28884635.00000000,32955400.00000000,False
128540,에코캡,KOSDAQ,운송장비·부품,1120,0.35842294,70.99125364,3.70370370,75.12755102,-4.10958904,31.30466472,-12.36306729,12.90087464,44.73943149,68769610.84999999,20330016.00000000,False
072020,중앙백신,KOSDAQ,제약,9200,-0.43290043,49.56268222,0.43668122,52.33236152,-1.18152524,45.18950437,-1.70940171,29.99271137,44.73032070,65358068.50000000,71494950.00000000,False
408920,메쎄이상,KOSDAQ,일반서비스,3005,-2.11726384,23.97959184,3.79965458,75.43731778,-4.29936306,30.61224490,0.16666667,37.28134111,44.73032070,54105145.60000000,52682285.00000000,False
026150,특수건설,KOSDAQ,건설,3890,-0.63856960,45.48104956,-0.25641026,40.98032070,0.25773196,56.26822157,-2.99251870,26.74927114,44.69934402,99358281.84999999,121247340.00000000,False
0011T0,채비,KOSDAQ,전기·전자,5190,-3.17164179,14.13994169,-2.25988701,22.77696793,10.54313099,81.08600583,-6.31768953,19.93440233,44.66836735,1487077033.50000000,724431635.00000000,False
0007C0,아크릴,KOSDAQ,IT 서비스,17030,-7.04148472,1.85860058,-6.93989071,5.68513120,5.71073867,73.36005831,12.48348745,67.16472303,44.66836735,6259327043.75000000,1942035575.00000000,False
161390,한국타이어앤테크놀로지,KOSPI,화학,61700,2.32172471,89.06705539,4.22297297,77.18658892,-5.65749235,25.18221574,-12.72984441,12.64577259,44.66472303,15868441317.50000000,21371660550.00000000,False
003555,LG우,KOSPI,기타금융,67900,-0.29368576,52.33236152,1.04166667,58.05393586,-5.03496503,27.69679300,6.09375000,54.66472303,44.66107872,342659372.50000000,268956500.00000000,False
263020,디케이앤디,KOSDAQ,화학,3100,0.16155089,66.61807580,-1.11642743,31.77842566,-0.80000000,46.93877551,3.67892977,48.43294461,44.65743440,67697150.90000001,82886675.00000000,False
241520,DSC인베스트먼트,KOSDAQ,금융,8070,-0.98159509,39.50437318,-1.22399021,30.64868805,0.74906367,58.92857143,0.74906367,39.54081633,44.62463557,862997465.75000000,696566710.00000000,False
012340,뉴인텍,KOSDAQ,운송장비·부품,486,29.94652406,99.74489796,20.29702970,97.15743440,-11.31386861,11.22448980,-25.00000000,5.06559767,44.62463557,241423894.55000001,1278274177.00000000,False
182360,큐브엔터,KOSDAQ,오락·문화,6210,-2.05047319,24.85422741,-7.31343284,5.28425656,3.67278798,68.47667638,11.49012567,65.52478134,44.56632653,117754512.75000000,76105470.00000000,False
024910,경창산업,KOSDAQ,운송장비·부품,1502,-1.37885752,33.70991254,2.66575530,69.46064140,-4.93670886,27.91545190,2.45566166,45.40816327,44.45699708,51126533.90000000,66053033.00000000,False
084110,휴온스글로벌,KOSDAQ,제약,23000,-3.36134454,12.79154519,6.48148148,84.29300292,-2.54237288,38.50218659,-13.37099812,12.35422741,44.43877551,687136601.25000000,598260050.00000000,False
004560,현대비앤지스틸,KOSPI,금속,11820,-0.50505051,48.01384840,-5.28846154,8.92857143,1.11206159,60.24052478,10.67415730,64.21282799,44.41873178,545750979.00000000,223247275.00000000,False
027360,아주IB투자,KOSDAQ,금융,3565,-1.38312586,33.60058309,-4.67914439,10.42274052,13.17460317,84.00145773,-5.43766578,21.57434402,44.40233236,14785024800.64999962,4615946481.00000000,False
286940,롯데이노베이트,KOSPI,IT 서비스,17550,-0.28409091,52.40524781,1.85722577,64.28571429,-6.59925492,22.48542274,5.91430296,54.22740525,44.36588921,143289719.75000000,106502200.00000000,False
247660,나노씨엠에스,KOSDAQ,전기·전자,3685,-5.26992288,4.44606414,-7.41206030,5.21137026,2.36111111,64.46793003,27.06896552,82.79883382,44.35495627,297684986.69999999,656541665.00000000,False
059100,아이컴포넌트,KOSDAQ,전기·전자,6570,-1.20300752,36.33381924,-4.08759124,13.04664723,-1.05421687,45.73615160,47.64044944,92.45626822,44.33309038,172750621.75000000,148672420.00000000,False
039290,인포뱅크,KOSDAQ,IT 서비스,3930,-3.67647059,11.00583090,-4.61165049,10.67784257,3.28515112,67.52915452,11.17397454,64.94169096,44.30393586,27678362.90000000,36468465.00000000,False
123890,한국자산신탁,KOSPI,기타금융,2425,0.00000000,61.20626822,0.20661157,49.67201166,-5.45808967,25.87463557,10.73059361,64.32215743,44.23651603,314819224.25000000,124380002.00000000,False
056730,CNT85,KOSDAQ,건설,1273,-3.70650530,10.93294461,3.24412003,73.06851312,-0.39123631,49.27113703,-21.41975309,7.17930029,44.15816327,28397184.95000000,17918577.00000000,False
034230,파라다이스,KOSPI,오락·문화,9800,-1.40845070,33.14504373,4.36634718,77.76967930,-2.29312064,39.57725948,-19.73791974,8.27259475,44.13083090,2699100128.25000000,4454616370.00000000,False
298050,HS효성첨단소재,KOSPI,화학,162100,0.00000000,61.20626822,0.43370508,52.29591837,-5.75581395,24.78134111,9.30546190,61.29737609,43.98141399,1292620577.50000000,1533796700.00000000,False
106240,파인테크닉스,KOSDAQ,전기·전자,1253,-1.57109191,30.61224490,-5.64759036,8.16326531,10.88495575,81.59620991,-2.03283815,29.00874636,43.95043732,92266855.50000000,91221073.00000000,False
002795,아모레퍼시픽홀딩스우,KOSPI,화학,11110,-0.89206066,40.77988338,-1.68141593,27.11370262,-0.08992806,51.16618076,6.92974013,56.23177843,43.92492711,69515573.00000000,15527170.00000000,False
335810,프리시젼바이오,KOSDAQ,의료·정밀기기,1515,-0.06596306,57.32507289,0.00000000,45.55393586,-2.69749518,37.82798834,3.06122449,46.97521866,43.92492711,29323974.25000000,5778216.00000000,False
246710,티앤알바이오팹,KOSDAQ,제약,2165,-2.91479821,15.88921283,0.69767442,54.59183673,-2.47747748,39.03061224,4.84261501,51.63994169,43.90670554,244225297.55000001,233996890.00000000,False
021820,세원정공,KOSPI,운송장비·부품,10460,0.57692308,74.41690962,-1.32075472,30.06559767,-1.59924741,43.03935860,4.60000000,50.94752187,43.86661808,60232072.50000000,64143815.00000000,False
090360,로보스타,KOSDAQ,기계·장비,75400,-3.82653061,10.13119534,0.13280212,48.72448980,-2.58397933,38.30174927,10.88235294,64.54081633,43.85932945,6996908787.50000000,7646726650.00000000,False
011280,태림포장,KOSPI,종이·목재,1514,-1.36807818,33.78279883,9.71014493,90.16034985,-5.90428838,24.34402332,-7.28720147,18.47667638,43.85932945,82792347.75000000,30777257.00000000,False
455900,엔젤로보틱스,KOSDAQ,기계·장비,21050,-5.39325843,4.22740525,-1.63551402,27.44169096,-1.17370892,45.26239067,30.82660037,85.38629738,43.83746356,1052213782.50000000,4167217750.00000000,False
0130H0,엔에이치스팩33호,KOSDAQ,금융,1989,-0.30075188,52.18658892,-0.45045045,38.66618076,-0.10045203,51.12973761,-0.55000000,32.72594752,43.81559767,7918263.60000000,3576719.00000000,False
013700,까뮤이앤씨,KOSPI,건설,1551,3.40000000,92.52915452,-0.95785441,33.25437318,-6.67870036,22.26676385,21.93396226,78.38921283,43.81377551,236558194.75000000,210676090.00000000,False
200130,콜마비앤에이치,KOSDAQ,제약,8060,-0.98280098,39.46793003,2.67515924,69.53352770,-3.58851675,33.96501458,-2.89156627,26.96793003,43.78644315,382704543.25000000,261346530.00000000,False
005610,삼립,KOSPI,음식료·담배,40600,-1.33657351,34.25655977,-0.49019608,38.15597668,-0.73349633,47.23032070,4.23620026,49.96355685,43.75728863,116058863.75000000,131319200.00000000,False
014710,사조씨푸드,KOSPI,음식료·담배,9970,0.20100503,67.71137026,0.70707071,54.73760933,-8.53211009,17.05539359,13.29545455,68.69533528,43.75364431,45228252.50000000,31387700.00000000,False
024120,KB오토시스,KOSDAQ,운송장비·부품,3065,0.16339869,66.69096210,0.00000000,45.55393586,-1.76282051,42.34693878,-0.64829822,32.39795918,43.75364431,19605481.00000000,33118750.00000000,False
050860,아세아텍,KOSDAQ,기계·장비,1704,-0.11723329,56.63265306,0.05871991,48.25072886,-0.52539405,48.32361516,-5.70005534,21.06413994,43.68075802,18917373.15000000,5470586.00000000,False
058850,KTcs,KOSPI,IT 서비스,2190,-0.45454545,49.21647230,-0.90497738,33.80102041,0.22883295,55.86734694,-1.12866817,31.23177843,43.65524781,219112661.05000001,95189815.00000000,False
005680,삼영전자,KOSPI,전기·전자,12410,-0.72000000,43.95043732,-0.32128514,40.16034985,1.80475800,62.79154519,-15.97833446,10.34985423,43.62973761,285844603.75000000,391924110.00000000,False
000760,이화산업,KOSPI,유통,12590,2.10867802,87.97376093,5.00417014,80.06559767,-13.82614648,7.36151603,0.63948841,39.32215743,43.62609329,14120911.50000000,16015560.00000000,False
095570,AJ네트웍스,KOSPI,일반서비스,4240,-1.28055879,35.05830904,-1.85185185,25.69241983,1.67865707,62.39067055,0.11806375,37.24489796,43.61880466,275829575.10000002,186348891.00000000,False
000157,두산2우B,KOSPI,전기·전자,362000,-2.68817204,17.71137026,-1.36239782,29.48250729,3.42857143,67.89358601,-2.02976996,29.04518950,43.58236152,133066250.00000000,74566500.00000000,False
153460,네이블,KOSDAQ,IT 서비스,5470,0.55147059,74.01603499,6.00775194,83.01749271,-7.13073005,20.55393586,-10.32786885,15.12390671,43.55320700,23040827.50000000,43765655.00000000,False
267850,아시아나IDT,KOSPI,IT 서비스,9230,-1.80851064,27.07725948,0.54466231,53.24344023,-0.43149946,48.94314869,-3.24947589,26.20262391,43.49854227,116586594.25000000,24201700.00000000,False
000105,유한양행우,KOSPI,제약,64400,0.46801872,72.70408163,0.46801872,52.55102041,-7.86838340,18.73177843,11.03448276,64.79591837,43.48760933,32327025.00000000,40385600.00000000,False
001065,JW중외제약우,KOSPI,제약,21900,1.38888889,83.40014577,-1.35135135,29.75583090,-3.31125828,35.24052478,8.95522388,60.60495627,43.48396501,2149642.50000000,174750.00000000,False
397810,애드포러스,KOSDAQ,일반서비스,6410,-0.77399381,43.00291545,-2.28658537,22.63119534,-2.28658537,39.61370262,26.93069307,82.61661808,43.45845481,54390379.25000000,7182980.00000000,False
039980,폴라리스AI,KOSDAQ,IT 서비스,4930,-1.30130130,34.71209913,1.33607400,60.31341108,-8.02238806,18.22157434,16.13663133,72.99562682,43.45298834,396487100.75000000,256402320.00000000,False
004690,삼천리,KOSPI,전기·가스,127600,0.47244094,72.86807580,-0.70038911,35.64139942,-4.34782609,30.46647230,11.83172656,66.14431487,43.39467930,725166460.00000000,707344500.00000000,False
108860,셀바스AI,KOSDAQ,IT 서비스,8760,-3.41786108,12.28134111,0.00000000,45.55393586,-4.47110142,29.73760933,27.32558140,83.01749271,43.39285714,1871310631.25000000,1100630335.00000000,False
0165X0,메리츠제2호스팩,KOSDAQ,금융,1940,0.10319917,65.52478134,-0.51282051,37.75510204,-0.71647902,47.33965015,-0.51282051,32.76239067,43.36734694,49640132.35000000,11757851.00000000,False
334890,이지스밸류플러스리츠,KOSPI,부동산,3585,-0.69252078,44.49708455,-2.18281037,23.32361516,0.00000000,53.06122449,5.59646539,53.38921283,43.34912536,200993580.30000001,158718955.00000000,False
006060,화승인더,KOSPI,유통,2275,0.88691796,78.82653061,2.94117647,71.13702624,-6.76229508,22.12099125,-3.19148936,26.34839650,43.34183673,132817859.15000001,117510455.00000000,False
196700,웹스,KOSDAQ,화학,1290,-0.15479876,55.57580175,-0.38610039,39.35860058,-6.52173913,22.74052478,29.00000000,84.25655977,43.31268222,44664214.00000000,33412995.00000000,False
018620,우진비앤지,KOSDAQ,제약,2740,-3.69068541,10.96938776,1.10701107,58.56413994,-0.54446461,48.25072886,-3.18021201,26.42128280,43.25072886,27790194.85000000,25571735.00000000,False
016670,디모아,KOSDAQ,유통,2545,-2.86259542,16.39941691,-2.86259542,18.80466472,1.19284294,60.67784257,8.06794055,58.45481050,43.24344023,24369174.90000000,7285285.00000000,False
045340,토탈소프트,KOSDAQ,IT 서비스,6750,-1.17130307,36.62536443,-0.44247788,38.73906706,-0.73529412,47.19387755,2.42792109,45.26239067,43.21428571,105939238.00000000,160904170.00000000,False
004150,한솔홀딩스,KOSPI,기타금융,3500,-1.26939351,35.24052478,-2.23463687,22.99562682,-1.54711674,43.33090379,20.48192771,77.18658892,43.19241983,217561864.34999999,134416240.00000000,False
004910,조광페인트,KOSPI,화학,3455,0.87591241,78.75364431,2.37037037,67.82069971,-5.34246575,26.42128280,-5.21262003,21.97521866,43.18513120,30900830.85000000,38200905.00000000,False
200230,텔콘RF제약,KOSDAQ,제약,2235,-4.07725322,8.81924198,-0.66666667,36.18804665,0.22421525,55.83090379,2.52293578,45.55393586,43.18148688,37079975.40000000,51629145.00000000,False
318020,포인트모바일,KOSDAQ,전기·전자,2560,-0.77519380,42.91180758,-1.15830116,31.30466472,-4.29906542,30.66690962,32.02681795,86.13338192,43.17602041,20466516.00000000,12128035.00000000,False
096250,와이즈넛,KOSDAQ,IT 서비스,5650,0.17730496,67.14650146,-1.22377622,30.68513120,1.07334526,60.16763848,-9.60000000,15.92565598,43.17237609,116602987.00000000,72971120.00000000,False
115480,씨유메디칼,KOSDAQ,의료·정밀기기,2270,2.94784580,91.23542274,-1.08932462,31.99708455,-7.34693878,20.00728863,26.04108828,81.96064140,43.11771137,26825797.95000000,20579700.00000000,False
198940,한주라이트메탈,KOSDAQ,금속,1367,0.36710720,71.20991254,-4.93741307,9.83965015,4.35114504,70.33527697,-4.07017544,24.45335277,43.09766764,83046696.20000000,35205730.00000000,False
092790,넥스틸,KOSPI,금속,13340,-2.34260615,21.31924198,-9.12806540,3.57142857,0.75528701,59.00145773,25.25821596,81.30466472,43.06486880,18886352078.00000000,2838623885.00000000,False
277810,레인보우로보틱스,KOSDAQ,기계·장비,431500,-3.57541899,11.51603499,2.86054827,70.59037901,-3.68303571,33.19970845,0.11600928,37.20845481,43.05029155,27249365812.50000000,28468433750.00000000,False
0044K0,삼성스팩10호,KOSDAQ,금융,1982,0.00000000,61.20626822,-0.55193176,37.24489796,-0.50200803,48.43294461,-0.90000000,31.85131195,43.03753644,20897091.35000000,18416800.00000000,False
204020,그리티,KOSDAQ,섬유·의류,1803,0.33388982,70.40816327,1.23526109,59.40233236,-3.94246137,32.03352770,-3.01237224,26.71282799,43.01749271,18563292.90000000,7274575.00000000,False
008490,서흥,KOSPI,화학,20250,-1.69902913,28.75364431,1.40210315,61.00583090,-4.92957746,27.95189504,5.52371027,53.24344023,43.00655977,278782841.50000000,352855920.00000000,False
003535,한화투자증권우,KOSPI,증권,6470,0.15479876,66.47230321,-0.91883614,33.60058309,-3.86329866,32.39795918,11.93771626,66.36297376,42.95918367,76747161.50000000,107279670.00000000,False
140670,알에스오토메이션,KOSDAQ,전기·전자,10210,-2.76190476,17.20116618,-0.68093385,35.93294461,-1.92122959,41.21720117,13.69710468,69.46064140,42.87900875,664294527.25000000,431136245.00000000,False
192080,더블유게임즈,KOSPI,IT 서비스,57000,0.17574692,67.09183673,-1.38408304,29.37317784,1.24333925,60.93294461,-10.51805338,14.90524781,42.87536443,2585896550.00000000,3453653900.00000000,False
36328K,티와이홀딩스우,KOSPI,기타금융,2805,-3.60824742,11.29737609,-2.43478261,21.50145773,0.00000000,53.06122449,14.25661914,70.15306122,42.83527697,52341666.20000000,18796770.00000000,False
011390,부산산업,KOSPI,비금속,47150,-1.56576200,30.72157434,2.72331155,69.75218659,-11.03773585,12.02623907,13.88888889,69.67930029,42.74416910,201169270.00000000,152097700.00000000,False
027050,코리아나,KOSDAQ,화학,1300,-1.66414523,29.33673469,1.72143975,63.22886297,-1.66414523,42.67492711,-7.07648320,18.80466472,42.73323615,305906983.00000000,27258163.00000000,False
046120,오르비텍,KOSDAQ,일반서비스,4945,-3.79377432,10.38629738,-5.26819923,8.96501458,6.11587983,74.16180758,2.91363163,46.53790087,42.70043732,8963543941.10000038,1511330897.00000000,False
025980,아난티,KOSDAQ,일반서비스,4905,-0.90909091,40.32434402,0.61538462,53.86297376,-10.32906764,13.33819242,31.32530120,85.82361516,42.69132653,7525251388.85000038,3188088379.00000000,False
074430,아미노로직스,KOSDAQ,제약,1052,0.66985646,76.05685131,0.38167939,51.71282799,-6.40569395,23.21428571,4.78087649,51.27551020,42.66034985,124279091.65000001,26550796.00000000,False
004060,SG세계물산,KOSPI,유통,2180,-1.35746606,33.92857143,5.56900726,81.86953353,-4.80349345,28.35276968,-8.97703549,16.76384840,42.64759475,201337284.44999999,297411740.00000000,False
494120,큐리오시스,KOSDAQ,의료·정밀기기,9670,-6.57004831,2.36880466,-1.52749491,28.06122449,10.38812785,80.90379009,-20.10905486,8.09037901,42.63483965,923156187.00000000,705728660.00000000,False
454910,두산로보틱스,KOSPI,기계·장비,69300,-2.94117647,15.59766764,1.16788321,58.89212828,-1.56250000,43.22157434,-1.56250000,30.39358601,42.59475219,20712457390.00000000,26299045600.00000000,False
013570,디와이,KOSPI,기타금융,4150,-1.42517815,32.83527697,0.60606061,53.79008746,-5.46697039,25.83819242,10.66666667,64.15816327,42.58746356,132046510.65000001,72499655.00000000,False
030000,제일기획,KOSPI,일반서비스,18820,-0.42328042,49.81778426,0.21299255,49.78134111,-0.94736842,46.20991254,-5.85292646,20.84548105,42.56924198,8291961760.00000000,8233437535.00000000,False
160550,NEW,KOSDAQ,오락·문화,1004,0.50050050,73.39650146,-0.79051383,34.73032070,0.19960080,55.43002915,-12.23776224,13.04664723,42.54008746,60458260.05000000,16132240.00000000,False
011370,서한,KOSDAQ,건설,3770,-0.39630119,50.25510204,3.00546448,71.53790087,-4.43599493,29.95626822,-6.10211706,20.33527697,42.53644315,70008099.40000001,56833260.00000000,False
000970,한국주철관,KOSPI,금속,6530,0.77160494,77.44169096,-1.06060606,32.39795918,-1.95195195,41.14431487,1.71339564,42.96647230,42.51457726,99935221.25000000,70906180.00000000,False
118990,모트렉스,KOSDAQ,운송장비·부품,6150,-0.16233766,55.39358601,-4.50310559,11.11516035,-0.80645161,46.90233236,16.92015209,73.97959184,42.43075802,465951894.25000000,174056080.00000000,False
246690,TS인베스트먼트,KOSDAQ,금융,2070,-2.12765957,23.92492711,-1.89573460,25.40087464,-3.04449649,36.29737609,39.11290323,89.46793003,42.42529155,138667926.69999999,58771718.00000000,False
095190,신화프리텍,KOSDAQ,금속,1856,-1.27659574,35.09475219,-0.42918455,38.97594752,0.65075922,58.30903790,-6.68677728,19.38775510,42.40342566,177484859.90000001,125588369.00000000,False
194700,노바렉스,KOSDAQ,음식료·담배,10370,-2.44590781,20.29883382,2.67326733,69.49708455,-1.23809524,44.97084548,-21.26044039,7.36151603,42.33965015,440285129.25000000,506609530.00000000,False
227840,현대코퍼레이션홀딩스,KOSPI,유통,12750,-0.31274433,51.89504373,-1.00931677,32.79883382,-3.04182510,36.33381924,10.38961039,63.59329446,42.28134111,99509111.25000000,190506630.00000000,False
230240,에치에프알,KOSDAQ,전기·전자,13250,-4.19378163,8.16326531,-2.28613569,22.66763848,10.60100167,81.15889213,-14.95507060,10.82361516,42.24489796,2593720767.50000000,1472029015.00000000,False
080010,이상네트웍스,KOSDAQ,유통,7300,-1.21786198,36.11516035,-2.01342282,24.63556851,0.00000000,53.06122449,4.28571429,50.03644315,42.23396501,19415653.25000000,6455880.00000000,False
450330,하스,KOSDAQ,제약,4870,-4.32220039,7.54373178,2.95983087,71.24635569,-4.88281250,28.13411079,2.09643606,44.24198251,42.23032070,38137819.60000000,56558180.00000000,False
007330,푸른저축은행,KOSDAQ,금융,10000,0.10010010,65.41545190,-0.39840637,39.24927114,-0.99009901,46.02769679,-2.81827017,27.22303207,42.17201166,74633732.00000000,45253780.00000000,False
476040,오가노이드사이언스,KOSDAQ,일반서비스,6860,-6.02739726,2.91545190,0.14598540,48.83381924,1.32939439,61.40670554,-11.93838254,13.26530612,42.15743440,164388276.00000000,142630480.00000000,False
072870,메가스터디,KOSDAQ,오락·문화,13150,0.76628352,77.40524781,-1.64547494,27.33236152,-0.30326005,49.92711370,-1.27627628,31.01311953,42.11370262,193274203.00000000,134567600.00000000,False
472850,폰드그룹,KOSDAQ,유통,4650,-0.21459227,54.02696793,-3.12500000,17.51093294,-2.71966527,37.60932945,25.67567568,81.81486880,42.06268222,141114682.30000001,322037835.00000000,False
079160,CJCGV,KOSPI,오락·문화,5060,0.59642147,74.67201166,-0.39370079,39.28571429,-6.29629630,23.46938776,12.44444444,67.09183673,42.05903790,1775844027.75000000,633931372.00000000,False
096240,크레버스,KOSDAQ,일반서비스,8450,-0.23612751,53.60787172,-0.47114252,38.28352770,-1.85830430,41.67274052,1.56250000,42.67492711,42.04992711,51463062.75000000,31369320.00000000,False
099440,스맥,KOSDAQ,기계·장비,3765,-1.56862745,30.68513120,-3.08880309,17.74781341,-2.46113990,39.06705539,40.74766355,90.12390671,42.04446064,1232566031.79999995,712770532.00000000,False
094280,효성ITX,KOSPI,일반서비스,11840,0.00000000,61.20626822,-0.42052145,39.06705539,-1.98675497,41.03498542,0.50933786,38.92128280,42.03899417,59439294.50000000,43007820.00000000,False
095910,에스에너지,KOSDAQ,전기·전자,583,0.00000000,61.20626822,6.77655678,84.94897959,-6.11916264,23.76093294,-26.10899873,4.62827988,42.03534985,83495641.90000001,0.00000000,False
040910,아이씨디,KOSDAQ,기계·장비,4150,-2.58215962,18.84110787,1.71568627,63.15597668,-6.42615558,23.14139942,8.63874346,59.73032070,42.03352770,34334942.15000000,30838943.00000000,False
064260,다날,KOSDAQ,IT 서비스,4445,-0.78125000,42.72959184,2.53748558,68.73177843,-12.32741617,9.76676385,11.68341709,65.88921283,41.97704082,4732901623.44999981,2172194997.00000000,False
241690,유니테크노,KOSDAQ,운송장비·부품,2550,-1.92307692,26.12973761,0.59171598,53.60787172,-2.85714286,37.11734694,1.39165010,42.16472303,41.97521866,60462238.00000000,26107745.00000000,False
064240,홈캐스트,KOSDAQ,유통,1728,1.11176126,81.01311953,-2.37288136,22.01166181,-4.05330372,31.52332362,16.36363636,73.21428571,41.95699708,62328779.45000000,51655613.00000000,False
213420,덕산네오룩스,KOSDAQ,전기·전자,29800,0.67567568,76.12973761,1.88034188,64.43148688,-10.64467766,12.60932945,4.19580420,49.81778426,41.94970845,5234642720.00000000,3534584525.00000000,False
015750,성우하이텍,KOSDAQ,운송장비·부품,5820,-1.68918919,28.99052478,1.21739130,59.25655977,-4.43349754,29.99271137,2.82685512,46.31924198,41.93695335,975936113.50000000,714608455.00000000,False
304840,피플바이오,KOSDAQ,제약,561,0.00000000,61.20626822,0.00000000,45.55393586,0.00000000,53.06122449,-26.95312500,4.48250729,41.90779883,0.00000000,0.00000000,False
005820,원림,KOSPI,섬유·의류,14540,0.83217753,78.20699708,-1.08843537,32.10641399,-3.13124584,36.04227405,4.22939068,49.89067055,41.84766764,22294886.00000000,13212810.00000000,False
37550K,DL이앤씨우,KOSPI,건설,25400,-5.75139147,3.46209913,-4.33145009,11.73469388,0.39525692,56.92419825,18.96955504,75.98396501,41.83309038,159984160.00000000,87677550.00000000,False
038290,마크로젠,KOSDAQ,일반서비스,12180,-1.45631068,32.14285714,-1.29659643,30.21137026,-0.40883074,49.08892128,4.10256410,49.41690962,41.79664723,176975439.50000000,248649630.00000000,False
023410,유진기업,KOSDAQ,비금속,3220,-0.46367852,49.08892128,-0.15503876,42.09183673,-0.30959752,49.85422741,-5.57184751,21.46501458,41.77113703,664807732.00000000,494590624.00000000,False
006620,동구바이오제약,KOSDAQ,제약,3540,-1.52990264,31.15889213,0.85470085,56.26822157,-1.52990264,43.44023324,-5.22088353,21.93877551,41.76020408,154877773.44999999,107794312.00000000,False
009450,경동나비엔,KOSPI,전기·전자,60900,-1.29659643,34.76676385,-0.32733224,40.05102041,-0.65252855,47.81341108,0.00000000,35.65962099,41.74927114,1651280567.50000000,802131600.00000000,False
002170,SYTS,KOSPI,섬유·의류,51900,-0.19230769,54.66472303,0.58139535,53.46209913,-2.62664165,38.01020408,-3.71057514,25.14577259,41.73833819,53167302.50000000,79560000.00000000,False
0115H0,삼성스팩13호,KOSDAQ,금융,1991,-0.25050100,52.95189504,-0.69825436,35.71428571,-0.69825436,47.44897959,-0.20050125,33.70991254,41.73104956,8598383.30000000,4336411.00000000,False
075130,플랜티넷,KOSDAQ,IT 서비스,2100,-1.86915888,26.67638484,-1.63934426,27.38702624,-1.17647059,45.22594752,10.46817464,63.66618076,41.70736152,56062675.80000000,61183582.00000000,False
388610,지에프씨생명과학,KOSDAQ,화학,5220,-9.37500000,0.94752187,-5.77617329,7.83527697,3.16205534,67.05539359,9.66386555,61.80758017,41.62900875,101343352.50000000,132177965.00000000,False
104620,노랑풍선,KOSDAQ,일반서비스,3085,-0.48387097,48.61516035,0.65252855,54.20918367,-2.06349206,40.63411079,-5.65749235,21.24635569,41.62718659,984827104.85000002,126317550.00000000,False
011200,HMM,KOSPI,운송·창고,20850,-1.88235294,26.56705539,-0.23923445,41.21720117,-2.79720280,37.35422741,7.91925466,58.27259475,41.61807580,16297965585.75000000,24834005950.00000000,False
038070,서린바이오,KOSDAQ,유통,4060,-1.21654501,36.15160350,3.04568528,71.79300292,-4.35806832,30.39358601,-5.58139535,21.42857143,41.59620991,49393377.00000000,26093522.00000000,False
419120,산돌,KOSDAQ,IT 서비스,2280,-0.21881838,53.93586006,1.78571429,63.83017493,-3.38983051,34.76676385,-9.70297030,15.72521866,41.59438776,36835391.80000000,56067020.00000000,False
244920,에이플러스에셋,KOSPI,기타금융,12520,-3.24574961,13.41107872,1.78861789,63.88483965,-10.50750536,12.97376093,22.98624754,79.44606414,41.58527697,290593668.75000000,305752650.00000000,False
090150,아이윈,KOSDAQ,운송장비·부품,5870,-0.67681895,44.75218659,-0.84459459,34.47521866,-5.16962843,27.22303207,22.80334728,79.26384840,41.55976676,64136090.25000000,9677560.00000000,False
228760,지노믹트리,KOSDAQ,일반서비스,11150,-5.50847458,3.88119534,-7.92733278,4.81049563,5.68720379,73.25072886,5.08953817,52.07725948,41.54701166,1196459703.00000000,1121006490.00000000,False
214260,라파스,KOSDAQ,화학,7540,0.80213904,77.95189504,1.89189189,64.57725948,-5.15723270,27.25947522,-8.27250608,17.34693878,41.54154519,56510674.25000000,65143770.00000000,False
115530,씨엔플러스,KOSDAQ,전기·전자,2840,-0.35087719,51.27551020,-5.96026490,7.36151603,-2.73972603,37.57288630,63.50028785,95.59037901,41.48323615,116637010.34999999,39626670.00000000,False
181710,NHN,KOSPI,IT 서비스,55800,-1.06382979,38.11953353,1.27041742,59.73032070,-21.18644068,3.24344023,47.22955145,92.27405248,41.48323615,11456272987.50000000,3966876100.00000000,False
066980,한성크린텍,KOSDAQ,일반서비스,1522,-1.80645161,27.15014577,3.74914792,75.32798834,-2.56081946,38.37463557,-27.86729858,4.08163265,41.47959184,456135073.44999999,379023746.00000000,False
002350,넥센타이어,KOSPI,화학,5770,-0.17301038,55.28425656,2.30496454,67.31049563,-3.67278798,33.27259475,-13.49325337,12.24489796,41.47959184,827155998.75000000,901931200.00000000,False
013870,지엠비코리아,KOSPI,운송장비·부품,3780,-0.52631579,47.57653061,0.13245033,48.68804665,-2.45161290,39.13994169,-0.78740157,31.99708455,41.41946064,50704054.15000000,27534670.00000000,False
460850,동국씨엠,KOSPI,금속,5190,-1.33079848,34.29300292,-2.62664165,20.33527697,-1.14285714,45.44460641,13.19520174,68.47667638,41.40306122,345620737.50000000,121363790.00000000,False
457600,벡트,KOSDAQ,전기·전자,3865,-7.42514970,1.67638484,2.11360634,66.25364431,-15.61135371,5.86734694,60.37344398,94.93440233,41.37755102,409959015.60000002,344768070.00000000,False
068270,셀트리온,KOSPI,제약,179000,-1.97152245,25.61953353,0.67491564,54.44606414,-3.91841116,32.14285714,3.40843443,47.88629738,41.33017493,69409899965.75000000,83365286650.00000000,False
065420,에스아이리소스,KOSDAQ,화학,940,0.00000000,61.20626822,0.00000000,45.55393586,0.00000000,53.06122449,-47.19101124,1.42128280,41.29555394,0.00000000,0.00000000,False
136490,선진,KOSPI,음식료·담배,10120,-0.29556650,52.29591837,1.60642570,62.57288630,-10.12433393,13.77551020,8.23529412,58.81924198,41.27551020,582446305.75000000,353154045.00000000,False
080470,성창오토텍,KOSDAQ,운송장비·부품,2750,1.28913444,82.41618076,0.91743119,57.03352770,-4.18118467,31.15889213,-8.33333333,17.20116618,41.25546647,19968684.10000000,9109330.00000000,False
016450,한세예스24홀딩스,KOSPI,섬유·의류,4320,0.46511628,72.66763848,-0.68965517,35.82361516,-2.59301015,38.19241983,0.81680280,39.79591837,41.25000000,40441029.20000000,15030695.00000000,False
033050,제이엠아이,KOSDAQ,화학,802,-0.49627792,48.34183673,-0.49627792,38.08309038,-2.78787879,37.42711370,4.29128739,50.07288630,41.24453353,14727043.85000000,7693094.00000000,False
007700,FF홀딩스,KOSPI,기타금융,13560,0.29585799,69.93440233,1.19402985,59.09256560,-3.76153300,32.90816327,-8.99328859,16.72740525,41.22995627,91705522.00000000,74277790.00000000,False
124560,태웅로직스,KOSDAQ,운송·창고,1950,-1.96078431,25.72886297,-0.51020408,37.79154519,-1.86210367,41.61807580,5.46241211,52.98833819,41.15524781,44504421.70000000,39899581.00000000,False
0054V0,엔에이치스팩32호,KOSDAQ,금융,1996,-1.43209877,32.68950437,-0.44887781,38.70262391,-0.20000000,50.58309038,-1.67487685,30.06559767,41.12609329,15991903.65000000,28332013.00000000,False
056700,신화인터텍,KOSDAQ,화학,1411,0.14194464,66.21720117,-0.21216407,41.54518950,-0.98245614,46.10058309,-7.77777778,17.93002915,41.11151603,56209983.45000000,34512621.00000000,False
079980,휴비스,KOSPI,화학,1939,0.72727273,76.82215743,-2.07070707,24.38046647,-1.22261844,45.04373178,0.98958333,40.34256560,41.08236152,56440421.20000000,67385520.00000000,False
123860,아나패스,KOSDAQ,전기·전자,13030,2.11598746,88.01020408,-0.07668712,42.85714286,-3.62426036,33.63702624,-1.80859081,29.81049563,41.07507289,150434787.50000000,70529080.00000000,False
305090,마이크로디지탈,KOSDAQ,의료·정밀기기,538,0.00000000,61.20626822,0.00000000,45.55393586,0.00000000,53.06122449,-74.74178404,0.29154519,41.06960641,0.00000000,0.00000000,False
357120,코람코라이프인프라리츠,KOSPI,부동산,4075,0.49321825,73.21428571,-3.32147094,16.47230321,-0.12254902,50.94752187,1.36815920,42.01895044,41.04591837,289047319.10000002,171917070.00000000,False
336570,원텍,KOSDAQ,의료·정밀기기,4955,-2.46062992,20.18950437,1.84994861,64.17638484,-1.88118812,41.43586006,-9.58029197,15.99854227,41.04591837,1990021377.09999990,2982537525.00000000,False
053950,경남제약,KOSDAQ,제약,1999,-4.12470024,8.63702624,0.45226131,52.44169096,-7.88018433,18.69533528,29.72096042,84.80320700,41.03498542,1880498227.00000000,234292531.00000000,False
464080,에스오에스랩,KOSDAQ,의료·정밀기기,10100,-2.97790586,15.37900875,-1.84645287,25.72886297,-1.36718750,44.56997085,13.86696731,69.56997085,40.99854227,1000165038.00000000,796087210.00000000,False
288980,모아데이타,KOSDAQ,IT 서비스,263,29.55665025,99.52623907,30.84577114,98.97959184,-22.18934911,3.02478134,-72.34490011,0.36443149,40.92930029,584873746.04999995,815666073.00000000,False
006490,프리티,KOSPI,통신,1400,-4.17522245,8.30903790,3.01692421,71.57434402,-1.12994350,45.51749271,-42.71685761,1.78571429,40.86734694,549578414.35000002,59881717.00000000,False
250930,예선테크,KOSDAQ,화학,1160,29.89921613,99.67201166,142.17118998,100.00000000,-35.69844789,0.87463557,-37.29729730,2.66034985,40.84912536,70630981.84999999,17578640.00000000,False
111710,남화산업,KOSDAQ,오락·문화,3185,0.00000000,61.20626822,1.75718850,63.52040816,-3.19148936,35.76895044,-21.93627451,6.81486880,40.84730321,157949221.05000001,86034280.00000000,False
352090,스톰테크,KOSDAQ,화학,3640,-0.27397260,52.62390671,-1.35501355,29.62827988,-1.88679245,41.36297376,4.44763271,50.47376093,40.79081633,193663383.44999999,92623665.00000000,False
033250,체시스,KOSPI,운송장비·부품,4050,0.99750623,80.02915452,-1.33982948,29.84693878,-7.74487472,19.05976676,24.80739599,80.90379009,40.76166181,201617450.34999999,71577520.00000000,False
240600,유진테크놀로지,KOSDAQ,금속,1170,30.00000000,99.87244898,24.86659552,98.32361516,-31.41852286,1.23906706,-30.19093079,3.64431487,40.70881924,119447930.15000001,605664003.00000000,False
474650,링크솔루션,KOSDAQ,기계·장비,25550,-3.58490566,11.40670554,-4.84171322,10.02186589,2.20000000,63.92128280,6.23700624,54.95626822,40.70699708,1017972500.00000000,1142747350.00000000,False
270660,에브리봇,KOSDAQ,전기·전자,13260,-1.48588410,31.70553936,-0.52513128,37.53644315,-6.28975265,23.50583090,28.98832685,84.22011662,40.67784257,316224846.50000000,260405225.00000000,False
308430,셀비온,KOSDAQ,제약,13590,-1.52173913,31.28644315,-2.78969957,19.27842566,4.05819296,69.53352770,-6.40495868,19.71574344,40.66873178,500441241.75000000,275385970.00000000,False
003495,대한항공우,KOSPI,운송·창고,21900,-0.45454545,49.21647230,-0.90497738,33.80102041,-0.45454545,48.79737609,-1.57303371,30.33892128,40.64868805,39813422.50000000,31238775.00000000,False
007590,동방아그로,KOSPI,화학,5550,-0.17985612,55.10204082,-0.89285714,34.03790087,-0.71556351,47.37609329,-1.76991150,29.88338192,40.64868805,13377393.50000000,1987170.00000000,False
200670,휴메딕스,KOSDAQ,제약,25250,-2.88461538,16.18075802,1.00000000,57.79883382,-2.13178295,40.30612245,-2.50965251,27.80612245,40.64139942,713363701.25000000,762471850.00000000,False
187220,디티앤씨,KOSDAQ,일반서비스,1972,-1.30130130,34.71209913,-0.35371400,39.75947522,0.50968400,57.68950437,-15.54603854,10.56851312,40.58855685,19955627.85000000,17992223.00000000,False
052690,한전기술,KOSPI,일반서비스,120600,-3.82775120,10.07653061,-2.97666935,18.22157434,-1.39002453,44.31486880,25.75599583,81.88775510,40.57762391,100037094755.00000000,69191883500.00000000,False
060590,씨티씨바이오,KOSDAQ,제약,3030,0.16528926,66.83673469,-1.14192496,31.48688047,-3.19488818,35.71428571,4.48275862,50.61953353,40.53935860,95480234.75000000,186578315.00000000,False
069640,한세엠케이,KOSPI,유통,1353,-4.98595506,5.06559767,-1.38483965,29.33673469,-4.04255319,31.55976676,49.83388704,92.89358601,40.51020408,50249447.10000000,19927925.00000000,False
464500,아이언디바이스,KOSDAQ,전기·전자,1702,-0.75801749,43.29446064,0.29463760,50.80174927,-1.78880554,42.05539359,-6.07064018,20.48104956,40.48833819,65425713.05000000,30966940.00000000,False
234080,JW생명과학,KOSPI,제약,10940,0.00000000,61.20626822,-0.54545455,37.35422741,-1.53015302,43.40379009,-2.05908684,28.93586006,40.47558309,112360944.00000000,159223540.00000000,False
006890,태경케미컬,KOSPI,화학,4895,0.92783505,79.19096210,1.66147456,62.79154519,-4.95145631,27.84256560,-12.43291592,12.86443149,40.46647230,105713430.80000000,132793785.00000000,False
440290,HB인베스트먼트,KOSDAQ,금융,1706,-0.23391813,53.71720117,-0.46674446,38.37463557,-2.95790671,36.73469388,2.15568862,44.38775510,40.45553936,47215359.20000000,50742851.00000000,False
310870,디와이씨,KOSDAQ,운송장비·부품,1500,-2.08877285,24.30758017,-2.66060999,20.11661808,-2.59740260,38.11953353,28.09564475,83.52769679,40.41909621,160946552.30000001,126708078.00000000,False
012160,영흥,KOSPI,금속,2155,-0.91954023,40.01457726,1.65094340,62.75510204,-10.20833333,13.59329446,9.05870445,60.71428571,40.40816327,67490272.59999999,17063160.00000000,False
090370,메타랩스,KOSPI,섬유·의류,1164,1.39372822,83.45481050,-2.10260723,23.94314869,-3.96039604,31.86953353,8.98876404,60.64139942,40.40451895,59207589.95000000,16098832.00000000,False
011080,형지IC,KOSDAQ,섬유·의류,559,30.00000000,99.87244898,54.41988950,99.81778426,-33.84615385,0.94752187,-70.80939948,0.43731778,40.39905248,354488660.39999998,254413198.00000000,False
019770,서연탑메탈,KOSDAQ,기계·장비,3260,-0.15313936,55.64868805,-1.36157337,29.51895044,-2.10210210,40.52478134,3.82165605,48.61516035,40.35349854,23767876.50000000,11301860.00000000,False
199730,바이오인프라,KOSDAQ,일반서비스,903,29.92805755,99.70845481,33.18584071,99.19825073,-32.71236960,1.05685131,-53.76344086,0.94752187,40.34256560,101805814.65000001,69996045.00000000,False
032750,삼진,KOSDAQ,전기·전자,2905,-0.68376068,44.56997085,-0.85324232,34.36588921,-2.51677852,38.75728863,4.30879713,50.14577259,40.29883382,14542620.25000000,7221990.00000000,False
064960,SNT모티브,KOSPI,운송장비·부품,26250,-1.12994350,37.17201166,-0.75614367,35.18586006,-2.05223881,40.74344023,3.75494071,48.50583090,40.27150146,1514289301.25000000,1135163600.00000000,False
057030,YBM넷,KOSDAQ,일반서비스,2100,-0.70921986,44.24198251,0.00000000,45.55393586,-1.40845070,44.16909621,-4.97737557,22.52186589,40.26239067,45614301.90000000,27648915.00000000,False
317450,명인제약,KOSPI,제약,42550,-1.95852535,25.76530612,1.06888361,58.19970845,-4.48933782,29.66472303,1.30952381,41.76384840,40.25510204,472834431.25000000,320774225.00000000,False
001790,대한제당,KOSPI,음식료·담배,2800,0.53859964,73.87026239,-0.35587189,39.68658892,-3.61445783,33.67346939,0.17889088,37.39067055,40.24052478,321605194.80000001,175639472.00000000,False
263750,펄어비스,KOSDAQ,IT 서비스,32700,-1.50602410,31.48688047,1.39534884,60.96938776,-2.38805970,39.35860058,-10.28806584,15.26967930,40.23688047,7703517618.75000000,5963219500.00000000,False
064800,포니링크,KOSDAQ,유통,2135,-0.69767442,44.46064140,6.85685686,85.09475219,-18.04222649,4.51895044,1.42517815,42.27405248,40.23688047,112214379.09999999,44847515.00000000,False
031510,오스템,KOSDAQ,운송장비·부품,1130,-0.08841733,57.17930029,-1.90972222,25.25510204,-1.31004367,44.78862974,2.35507246,45.11661808,40.23323615,59167223.85000000,11482898.00000000,False
111770,영원무역,KOSPI,유통,70800,0.71123755,76.71282799,2.31213873,67.45626822,-5.72569907,24.89067055,-14.07766990,11.80758017,40.22594752,4182176137.80000019,6068879750.00000000,False
950210,프레스티지바이오파마,KOSPI,일반서비스,5990,0.16722408,66.90962099,0.16722408,49.05247813,-7.13178295,20.51749271,5.45774648,52.95189504,40.20408163,171685299.00000000,116983315.00000000,False
122990,와이솔,KOSDAQ,전기·전자,6290,-1.71875000,28.27988338,-5.69715142,8.01749271,0.96308186,59.80320700,6.25000000,55.06559767,40.16763848,511068473.00000000,270445650.00000000,False
365590,하이딥,KOSDAQ,전기·전자,1462,-2.72787758,17.49271137,17.05364291,95.91836735,-6.64112388,22.30320700,-30.77651515,3.49854227,40.14577259,424557711.19999999,472658502.00000000,False
013000,세우글로벌,KOSPI,유통,1196,-3.93574297,9.47521866,-0.33333333,39.95991254,-1.15702479,45.37172012,2.30966638,44.89795918,40.06377551,48946558.75000000,32877209.00000000,False
024090,디씨엠,KOSPI,금속,11410,0.44014085,72.26676385,-2.22793488,23.06851312,-1.97594502,41.07142857,3.25791855,47.41253644,40.05830904,23188224.50000000,32370780.00000000,False
000430,대원강업,KOSPI,운송장비·부품,4445,0.00000000,61.20626822,-4.20258621,12.35422741,-2.52192982,38.70262391,16.66666667,73.70626822,40.04919825,529566676.94999999,235302975.00000000,False
000910,유니온,KOSPI,비금속,2910,-1.35593220,34.07434402,-1.52284264,28.13411079,-0.68259386,47.55830904,2.64550265,45.77259475,40.02551020,134335096.34999999,68215035.00000000,False
278470,에이피알,KOSPI,화학,369000,-3.02233903,15.08746356,1.09589041,58.41836735,-3.90625000,32.30685131,0.95759234,40.19679300,39.99635569,86587487886.39999390,98766353750.00000000,False
003480,한진중공업홀딩스,KOSPI,전기·가스,4655,-0.64034152,45.37172012,-1.06269926,32.36151603,-1.79324895,42.01895044,2.19538968,44.56997085,39.96720117,101808217.05000000,46246430.00000000,False
000890,보해양조,KOSPI,음식료·담배,1334,1.90985485,86.95335277,2.14395100,66.39941691,-5.99013390,24.12536443,-19.54161641,8.49125364,39.96355685,272040558.10000002,152196889.00000000,False
018680,서울제약,KOSDAQ,제약,1945,0.51679587,73.52405248,-0.25641026,40.98032070,-1.31912735,44.71574344,-13.93805310,11.84402332,39.90160350,9796836.70000000,19561698.00000000,False
298690,에어부산,KOSPI,운송·창고,1511,0.13253810,65.92565598,0.06622517,48.32361516,-3.51213282,34.18367347,-3.51213282,25.69241983,39.90160350,89339566.84999999,38026535.00000000,False
365330,에스와이스틸텍,KOSDAQ,금속,1585,-3.76442016,10.49562682,-0.18891688,41.76384840,0.69885642,58.60058309,-11.00505334,14.32215743,39.88338192,777575694.25000000,675837076.00000000,False
338100,NH프라임리츠,KOSPI,부동산,3780,-0.13210040,56.30466472,-1.17647059,30.99489796,-0.91743119,46.46501458,-0.91743119,31.76020408,39.86698251,218430389.40000001,279235989.00000000,False
075180,새론오토모티브,KOSPI,운송장비·부품,2930,-2.33333333,21.35568513,-0.50933786,37.86443149,-1.01351351,45.88192420,0.86058520,39.97813411,39.84329446,66780679.75000000,16941975.00000000,False
205100,엑셈,KOSDAQ,IT 서비스,1380,-0.50468637,48.06851312,-3.29362299,16.65451895,3.83747178,68.98688047,-13.58797746,12.17201166,39.83236152,726079389.04999995,0.00000000,False
051500,CJ프레시웨이,KOSDAQ,유통,21900,1.15473441,81.45043732,0.92165899,57.14285714,-7.00636943,21.17346939,-1.57303371,30.33892128,39.82507289,132879660.00000000,172905025.00000000,False
033130,디지틀조선,KOSDAQ,IT 서비스,1712,1.30177515,82.61661808,0.58754407,53.57142857,-4.03587444,31.63265306,-11.11111111,14.10349854,39.80685131,79648087.95000000,75510638.00000000,False
064550,바이오니아,KOSDAQ,제약,8440,-1.97444832,25.54664723,1.32052821,60.20408163,-20.07575758,3.68075802,36.79092382,88.52040816,39.79227405,4499084272.00000000,1056909250.00000000,False
211050,인카금융서비스,KOSDAQ,금융,9880,-0.40322581,50.07288630,4.43974630,77.95189504,-10.58823529,12.79154519,-1.10110110,31.34110787,39.77769679,642940611.75000000,320631120.00000000,False
000725,현대건설우,KOSPI,건설,52000,0.00000000,61.20626822,-1.51515152,28.31632653,-3.70370370,33.07215743,8.55949896,59.58454810,39.76129738,114023705.00000000,105920000.00000000,False
314140,알피바이오,KOSDAQ,제약,5860,0.34246575,70.62682216,-0.67796610,36.07871720,-5.33117932,26.49416910,6.93430657,56.26822157,39.73760933,90257851.00000000,76724230.00000000,False
163560,동일고무벨트,KOSPI,화학,5460,-0.54644809,47.30320700,-0.18281536,41.83673469,-3.19148936,35.76895044,1.11111111,40.70699708,39.73032070,81272416.25000000,49641670.00000000,False
03481K,해성산업1우,KOSDAQ,금융,5860,0.00000000,61.20626822,0.00000000,45.55393586,-4.71544715,28.75364431,1.38408304,42.12827988,39.71392128,2452109.75000000,702220.00000000,False
004840,DRB동일,KOSPI,화학,3980,-0.12547051,56.46865889,-0.12547051,42.43804665,-1.60692213,42.93002915,-5.91016548,20.73615160,39.69752187,82268799.09999999,153789280.00000000,False
088980,맥쿼리인프라,KOSPI,기타금융,9760,-0.20449898,54.33673469,-0.50968400,37.82798834,-1.51362260,43.51311953,-2.69192423,27.51457726,39.69023324,6669496404.50000000,5029709795.00000000,False
014830,유니드,KOSPI,화학,60900,0.16447368,66.78206997,0.99502488,57.67128280,-5.72755418,24.85422741,-2.09003215,28.82653061,39.68658892,645689630.00000000,763366900.00000000,False
006345,대원전선우,KOSPI,전기·전자,9810,-0.10183299,56.96064140,-0.30487805,40.41545190,-1.00908174,45.95481050,-8.31775701,17.23760933,39.65014577,442234996.00000000,395961510.00000000,False
185750,종근당,KOSPI,제약,65400,-0.60790274,46.20991254,1.71073095,63.11953353,-4.38596491,30.17492711,-6.30372493,20.00728863,39.62827988,1085952592.50000000,1126139300.00000000,False
039570,HDC랩스,KOSPI,건설,7440,0.26954178,69.51530612,-1.06382979,32.32507289,-1.58730159,43.09402332,-2.23390276,28.53498542,39.59365889,44759120.75000000,33696340.00000000,False
014100,메디앙스,KOSDAQ,유통,1556,-0.19243105,54.62827988,2.50329381,68.58600583,-5.35279805,26.23906706,-10.31700288,15.16034985,39.56632653,62436614.50000000,31509868.00000000,False
082850,우리바이오,KOSDAQ,음식료·담배,4770,4.14847162,94.53352770,7.79661017,87.28134111,-18.18181818,4.40962099,-15.12455516,10.78717201,39.55903790,566847526.25000000,192393015.00000000,False
950140,잉글우드랩,KOSDAQ,화학,8240,0.12150668,65.77988338,0.24330900,50.21865889,-3.73831776,32.98104956,-4.51911935,23.57871720,39.55174927,102818538.25000000,86322420.00000000,False
237690,에스티팜,KOSDAQ,제약,92100,-4.16233091,8.38192420,0.10869565,48.57871720,0.43620502,57.03352770,-22.73489933,6.26822157,39.47886297,8067161260.00000000,9411014250.00000000,False
032080,아즈텍WB,KOSDAQ,섬유·의류,1010,0.00000000,61.20626822,0.00000000,45.55393586,-7.93072015,18.54956268,9.07127430,60.78717201,39.36406706,3421603.75000000,0.00000000,False
142760,모아라이프플러스,KOSDAQ,일반서비스,516,8.40336134,98.03206997,6.39175258,84.11078717,-12.54237288,9.32944606,-35.01259446,2.95189504,39.35860058,218288941.75000000,906330716.00000000,False
0001A0,덕양에너젠,KOSDAQ,전기·가스·수도,8450,-1.74418605,27.91545190,1.44057623,61.33381924,-7.34649123,20.04373178,4.44993820,50.51020408,39.31122449,1260135919.50000000,311828600.00000000,False
016380,KG스틸,KOSPI,금속,5530,-2.29681979,21.82944606,-1.42602496,29.04518950,-2.12389381,40.37900875,9.28853755,61.22448980,39.29300292,1454322776.00000000,1077510105.00000000,False
078935,GS우,KOSPI,기타금융,59100,-1.50000000,31.57798834,-0.16891892,41.90962099,-5.74162679,24.81778426,13.00191205,68.00291545,39.25838192,291266615.00000000,190456450.00000000,False
376930,노을,KOSDAQ,의료·정밀기기,1538,3.42972428,92.60204082,1.58520476,62.50000000,-5.06172840,27.62390671,-53.60482655,0.98396501,39.25655977,151081216.05000001,68230341.00000000,False
000480,CR홀딩스,KOSPI,비금속,4330,0.00000000,61.20626822,1.05017503,58.09037901,-3.88457270,32.36151603,-11.54239019,13.70262391,39.23287172,163765787.65000001,52371753.00000000,False
087600,픽셀플러스,KOSDAQ,전기·전자,3915,0.64267352,75.61953353,-1.38539043,29.26384840,-1.87969925,41.47230321,-1.01137800,31.45043732,39.22011662,12756596.50000000,1501305.00000000,False
289220,자이언트스텝,KOSDAQ,오락·문화,937,1.62689805,85.20408163,4.69273743,78.89941691,-9.29332043,15.45189504,-27.53286930,4.22740525,39.21647230,37909156.15000000,32303083.00000000,False
303530,이노뎁,KOSDAQ,IT 서비스,3005,-0.49668874,48.28717201,-1.47540984,28.71720117,0.83892617,59.36588921,-16.29526462,10.02186589,39.19460641,22561726.30000000,14547515.00000000,False
008930,한미사이언스,KOSPI,기타금융,52000,-21.45015106,0.10932945,-1.88679245,25.43731778,-4.05904059,31.45043732,60.24653313,94.86151603,39.19460641,17033649148.75000000,66957077550.00000000,False
475230,엔알비,KOSDAQ,금속,9300,-3.32640333,12.97376093,-3.62694301,14.90524781,-2.41343127,39.17638484,36.96612666,88.59329446,39.15816327,942183704.50000000,541845240.00000000,False
900300,오가닉티코스메틱,KOSDAQ,금융,2720,-6.36833046,2.66034985,2.25563910,66.98250729,-25.06887052,2.47813411,38.07106599,89.03061224,39.15816327,501810097.89999998,234181693.00000000,False
221980,케이디켐,KOSDAQ,화학,9420,-0.94637224,39.79591837,-1.97710718,24.81778426,0.31948882,56.52332362,-3.58239509,25.47376093,39.12900875,7719167.00000000,2907970.00000000,False
021880,메이슨캐피탈,KOSDAQ,금융,1196,2.92598967,91.18075802,3.63951473,74.92711370,-8.91089109,16.25364431,-25.66811684,4.88338192,39.07434402,28097526.05000000,8280079.00000000,False
023910,대한약품,KOSDAQ,제약,25850,0.19379845,67.41982507,-0.95785441,33.25437318,-3.36448598,34.83965015,1.37254902,42.05539359,39.06523324,106909878.75000000,116171850.00000000,False
002290,삼일기업공사,KOSDAQ,건설,3325,-0.74626866,43.51311953,-1.18870728,30.86734694,-0.74626866,47.12099125,-0.44910180,32.90816327,39.04154519,31335098.95000000,16211160.00000000,False
004250,NPC,KOSPI,화학,2880,-1.53846154,30.97667638,1.23022847,59.36588921,-3.35570470,34.91253644,-5.88235294,20.80903790,39.03425656,46867366.30000000,69244180.00000000,False
000140,하이트진로홀딩스,KOSPI,기타금융,7770,0.64766839,75.69241983,-0.38461538,39.39504373,-2.99625468,36.55247813,-3.71747212,25.07288630,39.02332362,41484284.50000000,46096385.00000000,False
022220,티케이지애강,KOSDAQ,화학,817,-0.72904010,43.80466472,-0.96969697,33.01749271,-8.61297539,16.90962099,39.18228279,89.65014577,38.97959184,64400032.80000000,4191093.00000000,False
039340,한국경제TV,KOSDAQ,오락·문화,4815,0.00000000,61.20626822,-1.53374233,27.98833819,-1.83486239,41.83673469,0.41710115,38.55685131,38.96319242,36811587.95000000,5174785.00000000,False
317850,대모,KOSDAQ,기계·장비,6050,0.00000000,61.20626822,-2.73311897,19.60641399,-1.46579805,43.84110787,3.06643952,47.01166181,38.94132653,1768546916.50000000,272811270.00000000,False
081000,일진다이아,KOSPI,화학,9290,-4.12796698,8.52769679,0.43243243,52.25947522,-4.52209661,29.51895044,5.44835414,52.87900875,38.91399417,223530571.00000000,87524345.00000000,False
489790,한화비전,KOSPI,전기·전자,48750,-0.61162080,46.10058309,-3.84615385,13.95772595,-1.91146881,41.29008746,12.97798378,67.93002915,38.89941691,8442375821.25000000,5923269725.00000000,False
005935,삼성전자우,KOSPI,전기·전자,194500,-1.41915864,32.90816327,-0.96741344,33.05393586,-2.55511022,38.41107872,4.79525862,51.45772595,38.86297376,758304782161.59997559,440665689450.00000000,False
012690,모나리자,KOSPI,종이·목재,1413,-0.77247191,43.11224490,0.00000000,45.55393586,-5.29490617,26.71282799,4.51183432,50.72886297,38.80830904,113689989.80000000,141077541.00000000,False
005950,이수화학,KOSPI,화학,11290,-0.87796313,41.07142857,1.34649910,60.42274052,-3.66894198,33.34548105,-9.75219824,15.63411079,38.69897959,3419518459.75000000,2176493745.00000000,False
092130,이크레더블,KOSDAQ,IT 서비스,14210,0.14094433,66.18075802,-1.52460152,28.09766764,-1.72890733,42.45626822,-0.28070175,33.30903790,38.69169096,41211774.75000000,41525125.00000000,False
138040,메리츠금융지주,KOSPI,기타금융,126700,-2.61337433,18.40379009,-0.15760441,42.05539359,-5.23560209,27.00437318,12.22320638,66.90962099,38.64067055,23981946080.00000000,23318752250.00000000,False
051380,피씨디렉트,KOSDAQ,유통,1510,0.33222591,70.29883382,1.41034251,61.07871720,-5.38847118,26.16618076,-11.17647059,14.06705539,38.63338192,22223205.65000000,13983079.00000000,False
001750,한양증권,KOSPI,증권,19110,-0.05230126,57.50728863,-0.52056221,37.60932945,-2.00000000,40.96209913,-3.28947368,26.05685131,38.62973761,126285751.50000000,139306910.00000000,False
033200,모아텍,KOSDAQ,전기·전자,2440,0.20533881,68.00291545,0.20533881,49.59912536,-3.55731225,34.03790087,-9.12476723,16.61807580,38.61880466,15825950.25000000,4272715.00000000,False
475580,에이럭스,KOSDAQ,기타제조,7110,-2.46913580,19.95262391,-2.46913580,21.39212828,0.00000000,53.06122449,2.30215827,44.86151603,38.60969388,1786110317.25000000,353549945.00000000,False
080420,모다이노칩,KOSDAQ,유통,1599,0.25078370,69.31486880,-2.55941499,20.88192420,-5.21636040,27.11370262,15.86956522,72.70408163,38.58236152,3940839.60000000,5938731.00000000,False
003460,유화증권,KOSPI,증권,2980,-0.50083472,48.17784257,0.00000000,45.55393586,-2.93159609,36.88046647,-3.08943089,26.60349854,38.55685131,88415528.09999999,147175945.00000000,False
452400,이닉스,KOSDAQ,운송장비·부품,5400,0.55865922,74.18002915,2.46679317,68.33090379,-13.46153846,7.85349854,0.18552876,37.46355685,38.55138484,60533105.25000000,70390540.00000000,False
064520,테크엘,KOSDAQ,전기·전자,1484,-1.06666667,38.08309038,-0.40268456,39.17638484,-0.66934404,47.70408163,-6.60792952,19.53352770,38.54956268,9457882.35000000,6847601.00000000,False
215000,골프존,KOSDAQ,IT 서비스,35800,-0.27855153,52.47813411,-0.27855153,40.74344023,-1.51306740,43.54956268,-7.49354005,18.29446064,38.54956268,512573392.50000000,223194450.00000000,False
189980,흥국에프엔비,KOSDAQ,음식료·담배,1147,0.00000000,61.20626822,-0.69264069,35.78717201,-4.01673640,31.70553936,2.31935772,45.00728863,38.54045190,42717984.75000000,40302354.00000000,False
293580,나우IB,KOSDAQ,금융,1286,0.07782101,65.16034985,1.41955836,61.15160350,-9.30888575,15.34256560,0.23382697,37.68221574,38.53498542,680982957.45000005,264191261.00000000,False
039310,세중,KOSDAQ,IT 서비스,1198,-1.23660346,35.78717201,0.84175084,56.08600583,-12.17008798,10.09475219,14.42215855,70.44460641,38.53134111,39575408.30000000,12374268.00000000,False
001080,만호제강,KOSPI,금속,3980,1.53061224,84.47521866,-1.60692213,27.58746356,-0.50000000,48.46938776,-13.66594360,12.06268222,38.52405248,183942661.94999999,54002940.00000000,False
035600,KG이니시스,KOSDAQ,IT 서비스,9730,0.41279670,72.08454810,-0.61287028,36.73469388,-5.44217687,25.94752187,4.06417112,49.38046647,38.48396501,310745236.75000000,179243625.00000000,False
950130,엑세스바이오,KOSDAQ,제약,2260,-4.23728814,7.90816327,5.85480094,82.58017493,-7.94297352,18.44023324,-2.58620690,27.66034985,38.47303207,223952142.94999999,197873257.00000000,False
068760,셀트리온제약,KOSDAQ,제약,38800,-2.87859825,16.29008746,1.97109067,65.19679300,-4.31565968,30.57580175,-3.72208437,25.03644315,38.42565598,3256890523.75000000,2036227200.00000000,False
043910,자연과환경,KOSDAQ,비금속,3220,0.15552100,66.54518950,0.15552100,48.90670554,-8.00000000,18.25801749,3.87096774,48.76093294,38.38192420,178624223.00000000,719802382.00000000,False
126720,수산인더스트리,KOSPI,건설,21150,-2.53456221,19.20553936,-0.47058824,38.33819242,-2.08333333,40.56122449,1.92771084,43.58600583,38.36370262,498209607.50000000,664152525.00000000,False
481850,신한글로벌액티브리츠,KOSPI,기타금융,972,-0.10277492,56.88775510,-1.11902340,31.74198251,-1.31979695,44.67930029,-3.18725100,26.38483965,38.36005831,15909042.00000000,4465066.00000000,False
125020,티씨머티리얼즈,KOSDAQ,전기·전자,5920,-1.82421227,26.96793003,-1.66112957,27.25947522,-5.58213716,25.40087464,32.58678611,86.55247813,38.34548105,5162153892.00000000,2768645545.00000000,False
001630,종근당홀딩스,KOSPI,제약,37400,-0.39946738,50.18221574,0.13386881,48.76093294,-3.73230373,33.01749271,-2.73081925,27.44169096,38.34183673,73915505.00000000,100676450.00000000,False
122690,서진오토모티브,KOSDAQ,운송장비·부품,1600,1.01010101,80.10204082,-0.31152648,40.30612245,-4.19161677,31.06778426,-2.08078335,28.86297376,38.30174927,28764380.95000000,19696247.00000000,False
185490,아이진,KOSDAQ,일반서비스,1889,-0.21130481,54.11807580,-2.37726098,21.97521866,-6.48514851,22.84985423,31.18055556,85.67784257,38.27988338,174841250.00000000,101327002.00000000,False
106190,하이텍팜,KOSDAQ,제약,10000,0.70493454,76.60349854,0.70493454,54.68294461,-4.21455939,30.97667638,-18.50040750,8.92857143,38.24161808,206820287.75000000,96295250.00000000,False
418470,KT밀리의서재,KOSDAQ,IT 서비스,9300,-0.32154341,51.74927114,0.21551724,49.85422741,-3.42679128,34.54810496,-5.58375635,21.39212828,38.22886297,161208715.25000000,133283010.00000000,False
170900,동아에스티,KOSPI,제약,34950,-1.41043724,33.09037901,0.86580087,56.30466472,-4.76839237,28.49854227,-0.42735043,32.98104956,38.19606414,275050820.00000000,130844900.00000000,False
254120,자비스,KOSDAQ,기계·장비,910,0.00000000,61.20626822,0.00000000,45.55393586,-11.13281250,11.91690962,13.04347826,68.14868805,38.18330904,33383402.65000000,0.00000000,False
333430,일승,KOSDAQ,운송장비·부품,3680,-1.73564753,28.02478134,-2.90237467,18.62244898,-3.28515112,35.31341108,21.85430464,78.31632653,38.17784257,789794274.70000005,417949342.00000000,False
019685,대교우B,KOSPI,일반서비스,1029,4.04448938,94.13265306,6.19195046,83.56413994,-13.96321070,7.17930029,-29.03448276,3.86297376,38.12682216,23108075.30000000,28870319.00000000,False
001755,한양증권우,KOSPI,증권,19130,-0.82944531,41.94606414,-0.72651790,35.31341108,-0.88082902,46.64723032,-4.58852868,23.32361516,38.11224490,43470089.75000000,22885880.00000000,False
048830,엔피케이,KOSDAQ,화학,1028,-1.62679426,29.88338192,-5.25345622,9.03790087,-0.29097963,50.03644315,9.71184632,61.95335277,38.10495627,109740652.95000000,145955677.00000000,False
006880,신송홀딩스,KOSPI,유통,4220,-0.23640662,53.57142857,-0.35419126,39.72303207,-1.63170163,42.78425656,-7.25274725,18.54956268,38.09766764,489628386.19999999,38997740.00000000,False
190510,나무가,KOSDAQ,전기·전자,15330,-1.09677419,37.82798834,-1.16054159,31.23177843,-6.97815534,21.31924198,26.17283951,82.06997085,38.09402332,2096973602.25000000,684933450.00000000,False
014570,고려제약,KOSDAQ,제약,3250,-0.15360983,55.61224490,1.88087774,64.46793003,-7.14285714,20.44460641,-3.84615385,24.92711370,38.06486880,20795110.55000000,33720575.00000000,False
097780,에코볼트,KOSDAQ,운송장비·부품,1480,2.63522885,90.12390671,1.36986301,60.69606414,-18.09629220,4.44606414,2.42214533,45.22594752,38.04482507,12752883.15000000,13818140.00000000,False
023960,에쓰씨엔지니어링,KOSPI,건설,1002,-2.24390244,22.55830904,0.30030030,50.94752187,-4.11483254,31.26822157,0.80482897,39.75947522,37.99927114,25889086.30000000,18889269.00000000,False
273060,와이즈버즈,KOSDAQ,일반서비스,3950,-1.25000000,35.51384840,3.94736842,76.16618076,-8.56481481,17.01895044,-4.24242424,23.94314869,37.99744898,90620340.75000000,10381075.00000000,False
308080,바이젠셀,KOSDAQ,일반서비스,5840,-0.17094017,55.32069971,1.21317158,59.22011662,-12.04819277,10.38629738,5.41516245,52.66034985,37.98469388,661448235.00000000,367108485.00000000,False
011170,롯데케미칼,KOSPI,화학,59100,-2.15231788,23.57871720,-1.99004975,24.70845481,0.51020408,57.74416910,-3.58890701,25.40087464,37.94825073,11963334840.00000000,6261549800.00000000,False
198080,캐프,KOSDAQ,전기·전자,2090,-0.23866348,53.42565598,0.00000000,45.55393586,-3.68663594,33.16326531,-2.33644860,28.27988338,37.93002915,75817647.80000000,29830885.00000000,False
344820,KCC글라스,KOSPI,비금속,23550,-0.84210526,41.80029155,-0.42283298,39.03061224,-5.61122244,25.32798834,8.52534562,59.47521866,37.91545190,308844612.50000000,126786750.00000000,False
052020,에스티큐브,KOSDAQ,유통,7550,-2.32858991,21.50145773,2.86103542,70.62682216,-9.03614458,15.88921283,1.20643432,41.10787172,37.91545190,1224453330.75000000,864513685.00000000,False
002100,경농,KOSPI,화학,9010,-0.11086475,56.74198251,-0.33185841,40.01457726,-3.42979636,34.51166181,-0.88008801,31.92419825,37.86807580,143338893.75000000,55727680.00000000,False
001060,JW중외제약,KOSPI,제약,26250,-4.37158470,7.25218659,-0.75614367,35.18586006,-3.49264706,34.25655977,10.75949367,64.39504373,37.86260933,1109025993.75000000,1726270675.00000000,False
001940,KISCO홀딩스,KOSPI,금속,25400,-0.39215686,50.32798834,-1.55038760,27.95189504,-2.68199234,37.86443149,2.83400810,46.35568513,37.83527697,147277180.00000000,82867700.00000000,False
036560,KZ정밀,KOSDAQ,기계·장비,11860,-0.91896408,40.05102041,-1.33111481,29.99271137,-2.94599018,36.80758017,4.40140845,50.29154519,37.78425656,57912474.75000000,84914795.00000000,False
053270,구영테크,KOSDAQ,운송장비·부품,1936,-1.22448980,36.04227405,-0.56497175,37.06268222,-4.63054187,29.30029155,7.02045329,56.41399417,37.72594752,62346444.65000000,84396174.00000000,False
017940,E1,KOSPI,유통,91300,-0.21857923,53.97230321,-0.76086957,35.09475219,-6.35897436,23.28717201,9.86762936,62.35422741,37.71137026,794269137.50000000,460767200.00000000,False
109610,에스와이,KOSDAQ,금속,1867,0.32240731,70.11661808,0.43033889,52.18658892,-3.76288660,32.87172012,-17.75330396,9.29300292,37.67492711,167000869.19999999,165274666.00000000,False
481070,에이유브랜즈,KOSDAQ,유통,14850,3.05343511,91.61807580,1.29604366,59.98542274,-11.81710214,10.56851312,-1.06595603,31.41399417,37.66763848,193622058.50000000,46819190.00000000,False
005010,휴스틸,KOSPI,금속,3880,-1.27226463,35.16763848,-9.13348946,3.53498542,0.25839793,56.30466472,5.43478261,52.76967930,37.65306122,3090733817.84999990,864178935.00000000,False
027970,한국제지,KOSPI,종이·목재,2705,-0.55147059,47.23032070,-1.09689214,31.96064140,-1.81488203,41.98250729,-0.55147059,32.68950437,37.64212828,43336208.00000000,27746845.00000000,False
067570,엔브이에이치코리아,KOSDAQ,운송장비·부품,1655,-2.53239105,19.24198251,1.28518972,59.87609329,-3.15974254,35.89650146,-8.81542700,16.87317784,37.62026239,84746543.90000001,18353190.00000000,False
002420,우양피앤엘,KOSPI,유통,5740,-0.17391304,55.22959184,-6.20915033,6.85131195,-2.04778157,40.77988338,13.21499014,68.62244898,37.61479592,88210598.50000000,92496640.00000000,False
042520,한스바이오메드,KOSDAQ,제약,20450,-8.29596413,1.16618076,-2.15311005,23.65160350,4.33673469,70.22594752,-14.43514644,11.22448980,37.54737609,2309676437.00000000,2995266800.00000000,False
058650,세아홀딩스,KOSPI,금속,126000,-0.23752969,53.46209913,-2.32558140,22.26676385,-3.66972477,33.30903790,9.09090909,60.95116618,37.54008746,105608935.00000000,94374750.00000000,False
241590,화승엔터프라이즈,KOSPI,섬유·의류,2700,1.69491525,85.49562682,0.74626866,55.43002915,-6.08695652,23.87026239,-11.33004926,13.88483965,37.50364431,109731150.20000000,67588481.00000000,False
476830,알지노믹스,KOSDAQ,일반서비스,26350,-5.04504505,4.88338192,10.48218029,91.07142857,-8.02792321,18.18513120,-13.88888889,11.88046647,37.45991254,7933429697.50000000,7959455925.00000000,False
034590,인천도시가스,KOSPI,전기·가스,26150,-0.38095238,50.67419825,-1.69172932,27.00437318,-1.87617261,41.54518950,0.38387716,38.33819242,37.45444606,20969731.25000000,17265050.00000000,False
066910,손오공,KOSDAQ,유통,1796,4.54016298,95.37172012,0.72910824,55.06559767,-8.46075433,17.20116618,-5.47368421,21.50145773,37.23760933,53916539.60000000,131953084.00000000,False
004255,NPC우,KOSPI,화학,1878,-0.89709763,40.63411079,-1.10584518,31.88775510,-0.42417815,48.97959184,-6.33416459,19.89795918,37.20116618,14668329.05000000,2631996.00000000,False
424760,벨로크,KOSDAQ,IT 서비스,2160,-2.26244344,22.33965015,1.17096019,58.92857143,-11.83673469,10.53206997,11.39762764,65.23323615,37.17201166,104070344.30000000,55009760.00000000,False
096760,JW홀딩스,KOSPI,기타금융,4130,-3.95348837,9.36588921,-3.27868852,16.78206997,-1.19617225,45.15306122,11.47098516,65.45189504,37.12281341,301320487.94999999,318580744.00000000,False
475400,씨메스로보틱스,KOSDAQ,기계·장비,17620,-3.45205479,12.17201166,-3.02696753,18.00291545,-1.01123596,45.91836735,8.89987639,60.56851312,37.09912536,2027786838.00000000,986895835.00000000,False
048470,대동스틸,KOSDAQ,유통,2790,-4.28816467,7.79883382,-3.95869191,13.52040816,-0.53475936,48.28717201,10.93439364,64.68658892,37.08819242,117065843.59999999,37616740.00000000,False
045390,대아티아이,KOSDAQ,전기·전자,2990,-0.33333333,51.60349854,0.33557047,51.16618076,-19.29824561,4.00874636,17.71653543,74.81778426,37.07725948,2493854729.75000000,1152768838.00000000,False
038500,삼표시멘트,KOSDAQ,비금속,6830,-12.77139208,0.36443149,5.23882897,80.72157434,-5.66298343,25.14577259,-11.41374838,13.81195335,37.07361516,14671657902.75000000,101877575135.00000000,False
023160,태광,KOSDAQ,금속,26200,-1.68855535,29.06341108,-6.92717584,5.75801749,-1.13207547,45.48104956,14.91228070,71.20991254,37.06814869,6117748116.25000000,2736375125.00000000,False
046440,KG파이낸셜,KOSDAQ,IT 서비스,4015,-0.12437811,56.52332362,-0.37220844,39.54081633,-5.08274232,27.55102041,1.51706700,42.52915452,37.04081633,167984709.05000001,118119001.00000000,False
009680,모토닉,KOSPI,운송장비·부품,10020,-0.29850746,52.22303207,-1.37795276,29.40962099,-3.74639769,32.94460641,3.94190871,48.97959184,37.01895044,123183711.25000000,75268980.00000000,False
000100,유한양행,KOSPI,제약,73300,-2.52659574,19.38775510,0.82530949,55.97667638,-9.16976456,15.63411079,8.75370920,60.13119534,37.01166181,15422904782.50000000,17148781800.00000000,False
019540,일지테크,KOSDAQ,운송장비·부품,5050,0.59760956,74.70845481,1.00000000,57.79883382,-6.30797774,23.39650146,-11.09154930,14.13994169,36.99708455,118162743.00000000,108742950.00000000,False
214270,FSN,KOSDAQ,IT 서비스,1340,-1.10701107,37.66399417,-2.96886314,18.29446064,0.00000000,53.06122449,-0.59347181,32.58017493,36.99526239,48251661.25000000,34423170.00000000,False
363280,티와이홀딩스,KOSPI,기타금융,1970,-3.90243902,9.54810496,-2.47524752,21.35568513,-2.71604938,37.64577259,15.88235294,72.74052478,36.96793003,45285878.10000000,29317473.00000000,False
004365,세방우,KOSPI,운송·창고,9070,-0.32967033,51.63994169,-1.52008686,28.24344023,-2.99465241,36.58892128,1.79573513,43.36734694,36.94606414,25618733.50000000,56808600.00000000,False
257370,피엔티엠에스,KOSDAQ,기계·장비,1890,4.30463576,95.00728863,-0.52631579,37.50000000,-3.07692308,36.26093294,-20.08456660,8.12682216,36.88046647,29178010.50000000,12371242.00000000,False
123570,이엠넷,KOSDAQ,일반서비스,1618,-0.55316533,47.19387755,-0.30807147,40.34256560,-2.53012048,38.59329446,-4.76751030,22.92274052,36.84402332,5263784.65000000,8179216.00000000,False
036420,콘텐트리중앙,KOSPI,오락·문화,1504,-1.57068063,30.64868805,-2.84237726,19.05976676,-3.58974359,33.92857143,15.69230769,72.41253644,36.83673469,58526448.95000000,33243191.00000000,False
000155,두산우,KOSPI,전기·전자,434000,-5.24017467,4.55539359,-6.66666667,6.19533528,1.04772992,60.02186589,5.33980583,52.44169096,36.81122449,4719937414.44999981,3505578750.00000000,False
357230,에이치피오,KOSDAQ,음식료·담배,2115,-0.23584906,53.64431487,-2.08333333,24.27113703,-1.39860140,44.24198251,-0.70422535,32.25218659,36.79300292,50031458.20000000,33559930.00000000,False
250000,보라티알,KOSDAQ,유통,5550,1.09289617,80.86734694,-3.31010453,16.54518950,-3.14136126,35.96938776,2.96846011,46.75655977,36.78935860,13803872.75000000,3931090.00000000,False
002790,아모레퍼시픽홀딩스,KOSPI,화학,25550,-2.48091603,19.78862974,-1.35135135,29.75583090,-3.40264650,34.62099125,8.72340426,60.02186589,36.75838192,3030625890.00000000,1977205675.00000000,False
365270,큐라클,KOSDAQ,일반서비스,9870,-2.66272189,17.98469388,-2.85433071,18.95043732,-0.40363269,49.19825073,3.45911950,47.95918367,36.75473761,506477524.00000000,937621345.00000000,False
069730,DSR제강,KOSPI,금속,5370,-2.36363636,21.20991254,-1.46788991,28.82653061,-0.37105751,49.45335277,-1.28676471,30.97667638,36.74562682,133598938.00000000,35768010.00000000,False
014970,삼륭물산,KOSDAQ,종이·목재,4330,-1.92525481,26.05685131,-1.47895336,28.64431487,-1.70261067,42.49271137,1.52403283,42.56559767,36.70918367,520526275.75000000,55303881.00000000,False
450520,인스웨이브,KOSDAQ,IT 서비스,1860,-0.58792090,46.64723032,-2.56678889,20.84548105,-3.02398332,36.37026239,6.89655172,56.15889213,36.69825073,44168285.45000000,119392809.00000000,False
950170,JTC,KOSDAQ,유통,4300,0.00000000,61.20626822,-0.34762457,39.79591837,-2.27272727,39.79591837,-11.70431211,13.55685131,36.68913994,40063106.15000000,91270475.00000000,False
475660,에스켐,KOSDAQ,화학,3090,-9.25110132,1.05685131,5.64102564,82.06997085,-6.78733032,21.97521866,-9.64912281,15.85276968,36.68731778,45168730.25000000,94739715.00000000,False
011070,LG이노텍,KOSPI,전기·전자,572000,-3.21489002,13.73906706,1.41843972,61.11516035,-2.38907850,39.32215743,-22.80701754,6.23177843,36.68367347,119671727236.00000000,125397886000.00000000,False
054050,NH농우바이오,KOSDAQ,농업 임업 및 어업,7010,-0.84865629,41.58163265,-5.52560647,8.49125364,-0.28449502,50.07288630,4.16047548,49.67201166,36.66909621,120792048.00000000,78736985.00000000,False
207760,미스터블루,KOSDAQ,IT 서비스,2140,-0.46511628,49.01603499,4.90196078,79.84693878,-13.70967742,7.54373178,-4.25055928,23.90670554,36.65451895,148646991.90000001,13748925.00000000,False
001540,안국약품,KOSDAQ,제약,10080,-0.88495575,40.96209913,0.49850449,52.91545190,-3.81679389,32.72594752,-7.86106033,17.78425656,36.61807580,300228452.50000000,190308750.00000000,False
111380,동인기연,KOSPI,섬유·의류,12770,-0.39001560,50.40087464,-1.76923077,26.31195335,-3.25757576,35.53206997,3.06698951,47.04810496,36.55612245,46957884.75000000,14862680.00000000,False
101680,한국정밀기계,KOSDAQ,기계·장비,2710,-4.57746479,6.15889213,-9.96677741,3.02478134,-1.45454545,43.91399417,33.82716049,87.31778426,36.55247813,48493263.85000000,28721845.00000000,False
294570,쿠콘,KOSDAQ,IT 서비스,26000,-0.57361377,46.86588921,-0.95238095,33.30903790,-13.18864775,8.23615160,47.72727273,92.56559767,36.48688047,4409854925.00000000,1448178900.00000000,False
443250,레뷰코퍼레이션,KOSDAQ,일반서비스,5270,-0.18939394,54.77405248,3.94477318,76.12973761,-10.52631579,12.93731778,-10.52631579,14.85058309,36.46137026,56499269.20000000,39715590.00000000,False
099390,브레인즈컴퍼니,KOSDAQ,IT 서비스,3685,1.23626374,82.10641399,-3.53403141,15.30612245,-6.11464968,23.79737609,14.61897356,70.66326531,36.45408163,28239887.10000000,62182650.00000000,False
115180,큐리언트,KOSDAQ,일반서비스,22350,-6.09243697,2.87900875,1.13122172,58.67346939,-13.20388350,8.19970845,19.00958466,76.07507289,36.38483965,2409599173.75000000,4468958000.00000000,False
007610,선도전기,KOSPI,전기·전자,4090,-3.08056872,14.57725948,-4.66200466,10.60495627,3.93900889,69.24198251,-6.19266055,20.11661808,36.35932945,4261168118.00000000,1089122973.00000000,False
00104K,CJ4우전환,KOSPI,기타금융,127900,0.94711918,79.40962099,-2.29182582,22.55830904,-1.46379045,43.87755102,-6.09397944,20.37172012,36.33381924,845455477.50000000,292848100.00000000,False
063080,컴투스홀딩스,KOSDAQ,IT 서비스,12080,-1.62866450,29.84693878,-0.49423394,38.11953353,-5.55121188,25.61953353,7.95352994,58.30903790,36.33017493,250682565.00000000,85703970.00000000,False
014160,대영포장,KOSPI,종이·목재,655,0.00000000,61.20626822,0.00000000,45.55393586,-5.34682081,26.34839650,-1.79910045,29.84693878,36.29555394,29832384.70000000,0.00000000,False
306200,세아제강,KOSPI,금속,143100,-2.85132383,16.43586006,-8.26923077,4.44606414,-1.31034483,44.75218659,20.35323802,77.07725948,36.29373178,2028491247.50000000,1421364550.00000000,False
133820,화인베스틸,KOSPI,금속,986,-0.30333670,52.07725948,-1.79282869,26.09329446,-1.40000000,44.20553936,-2.47279921,27.87900875,36.29373178,44798194.20000000,90021267.00000000,False
017390,서울가스,KOSPI,전기·가스,54000,-0.18484288,54.88338192,-0.73529412,35.27696793,-3.39892665,34.65743440,-0.91743119,31.76020408,36.28644315,277439932.50000000,181093650.00000000,False
461030,아이엠비디엑스,KOSDAQ,일반서비스,2870,-1.71232877,28.42565598,-1.88034188,25.54664723,0.87873462,59.54810496,-16.81159420,9.80320700,36.28644315,58100309.15000000,35468912.00000000,False
034810,해성산업,KOSDAQ,금융,5900,0.68259386,76.16618076,-0.84033613,34.51166181,-2.96052632,36.69825073,-7.66823161,18.14868805,36.27915452,56629293.50000000,15424110.00000000,False
005880,대한해운,KOSPI,운송·창고,2030,-1.69491525,28.80830904,-1.69491525,26.91326531,-4.01891253,31.66909621,10.20629750,63.26530612,36.27551020,2634827068.40000010,1358181328.00000000,False
085660,차바이오텍,KOSDAQ,제약,8160,-4.67289720,5.86734694,-0.97087379,32.98104956,0.86526576,59.51166181,-17.07317073,9.62099125,36.20991254,1526510479.75000000,1369756690.00000000,False
005850,에스엘,KOSPI,운송장비·부품,50000,-1.18577075,36.55247813,0.70493454,54.68294461,-3.66088632,33.45481050,-11.50442478,13.73906706,36.18986880,3381749872.50000000,3346631950.00000000,False
439090,마녀공장,KOSDAQ,화학,15150,-4.83668342,5.61224490,2.50338295,68.62244898,-5.13462743,27.36880466,-6.07563546,20.44460641,36.18440233,2346867455.50000000,1311248270.00000000,False
380550,뉴로핏,KOSDAQ,IT 서비스,7320,-6.39386189,2.55102041,-2.52996005,21.06413994,3.68271955,68.51311953,-14.88372093,10.89650146,36.15889213,1544338233.50000000,863741260.00000000,False
002820,SUNL,KOSPI,화학,1150,16.04439960,99.16180758,6.87732342,85.16763848,-33.67935409,0.98396501,-46.75925926,1.49416910,36.15889213,184541996.90000001,777210121.00000000,False
373170,엠아이큐브솔루션,KOSDAQ,IT 서비스,1844,-1.86269292,26.78571429,3.42120022,73.76093294,-15.21839080,6.04956268,2.10409745,44.31486880,36.08965015,115245798.45000000,28328267.00000000,False
215600,신라젠,KOSDAQ,일반서비스,2320,-2.52100840,19.42419825,-2.31578947,22.33965015,-2.92887029,36.91690962,10.21377672,63.30174927,36.07142857,1464225707.50000000,1231544687.00000000,False
376900,로킷헬스케어,KOSDAQ,제약,26850,-3.24324324,13.44752187,0.18656716,49.30758017,-0.73937153,47.15743440,-24.47257384,5.28425656,36.05685131,4272712905.00000000,2864444700.00000000,False
234300,에스트래픽,KOSDAQ,IT 서비스,3130,-0.15948963,55.53935860,-2.64385692,20.22594752,-5.15151515,27.33236152,12.58992806,67.36516035,36.02769679,501048244.05000001,57867645.00000000,False
005750,대림바스,KOSPI,비금속,4255,0.59101655,74.63556851,0.71005917,54.77405248,-9.27505330,15.52478134,-1.95852535,29.26384840,35.95845481,100829902.95000000,96686710.00000000,False
242040,나무AX,KOSDAQ,IT 서비스,3075,-1.75718850,27.76967930,-1.28410915,30.39358601,0.49019608,57.43440233,-24.26108374,5.39358601,35.94752187,898447251.95000005,626736407.00000000,False
016800,퍼시스,KOSPI,기타제조,24400,2.52100840,89.68658892,1.45530146,61.53425656,-10.12891344,13.73906706,-10.45871560,14.94169096,35.91290087,22478891.25000000,29985175.00000000,False
020180,대신정보통신,KOSDAQ,IT 서비스,3865,0.12953368,65.83454810,-1.02432778,32.72594752,-1.77890724,42.16472303,-12.45753114,12.82798834,35.83272595,76567059.40000001,81407470.00000000,False
464280,티디에스팜,KOSDAQ,제약,5520,-1.25223614,35.42274052,1.09890110,58.49125364,-5.96252129,24.19825073,-3.66492147,25.18221574,35.80539359,63781638.00000000,36400800.00000000,False
031210,서울보증보험,KOSPI,보험,42250,-1.28504673,34.91253644,-0.47114252,38.28352770,-3.31807780,35.16763848,-0.23612751,33.63702624,35.77077259,1703832898.04999995,1845515025.00000000,False
095660,네오위즈,KOSDAQ,IT 서비스,17570,-3.03532009,15.01457726,-0.95828636,33.19970845,-0.67834935,47.63119534,-3.24889868,26.23906706,35.76166181,667580783.00000000,733905325.00000000,False
013120,동원개발,KOSDAQ,건설,2075,-0.71770335,44.02332362,0.24154589,50.10932945,-3.26340326,35.49562682,-15.65040650,10.49562682,35.73250729,127738026.15000001,144701780.00000000,False
008775,호텔신라우,KOSPI,유통,27850,-0.88967972,40.83454810,0.36036036,51.53061224,-4.45969125,29.81049563,-5.59322034,21.31924198,35.73068513,20097152.50000000,6590950.00000000,False
190650,코리아에셋투자증권,KOSDAQ,금융,6480,0.00000000,61.20626822,-0.30769231,40.37900875,-4.70588235,28.82653061,-1.81818182,29.77405248,35.71975219,26285126.75000000,18302715.00000000,False
073240,금호타이어,KOSPI,화학,6640,0.45385779,72.44897959,-1.04321908,32.54373178,-9.65986395,14.61370262,10.66666667,64.15816327,35.68513120,9399029925.75000000,8182109080.00000000,False
357250,미래에셋맵스리츠,KOSPI,부동산,1838,0.21810251,68.22157434,-0.91644205,33.63702624,-3.66876310,33.38192420,-2.85412262,27.07725948,35.68148688,48119258.35000000,9852287.00000000,False
032280,삼일,KOSDAQ,운송·창고,1308,-1.43180106,32.72594752,-2.09580838,24.01603499,-3.82352941,32.61661808,9.00000000,60.67784257,35.65962099,40843964.70000000,31441420.00000000,False
268280,미원에스씨,KOSPI,화학,126000,-1.25391850,35.38629738,-2.02177294,24.52623907,-5.33433509,26.45772595,14.75409836,70.88192420,35.65597668,184839085.00000000,467798200.00000000,False
239610,에이치엘사이언스,KOSDAQ,음식료·담배,5200,-1.70132325,28.69897959,-0.57361377,36.98979592,-2.80373832,37.29956268,-0.19193858,33.81924198,35.65051020,4701767.00000000,2341970.00000000,False
413640,비아이매트릭스,KOSDAQ,IT 서비스,5850,-1.51515152,31.41399417,-0.67911715,36.04227405,-2.17391304,40.05102041,-2.50000000,27.84256560,35.54300292,67868955.25000000,22898410.00000000,False
033920,무학,KOSPI,음식료·담배,7370,0.95890411,79.51895044,-1.20643432,30.79446064,-4.65717982,29.19096210,-0.27063599,33.34548105,35.53571429,128943713.00000000,142665260.00000000,False
352910,오비고,KOSDAQ,IT 서비스,4705,-1.46596859,32.06997085,-3.88151175,13.81195335,-4.85338726,28.20699708,29.43603851,84.47521866,35.52842566,37137877.90000000,54763440.00000000,False
088340,유라클,KOSDAQ,IT 서비스,6380,0.47244094,72.86807580,-1.39103555,29.19096210,-6.86131387,21.72011662,5.80431177,53.86297376,35.50473761,143365962.00000000,31757090.00000000,False
004545,깨끗한나라우,KOSPI,종이·목재,3640,7.21649485,97.63119534,3.40909091,73.68804665,-13.33333333,8.03571429,-40.32786885,2.07725948,35.49927114,8451645.00000000,2183085.00000000,False
034830,한국토지신탁,KOSPI,기타금융,1117,0.17937220,67.23760933,-0.53428317,37.46355685,-6.44891122,23.06851312,1.26926564,41.43586006,35.47740525,265757504.94999999,204260685.00000000,False
311390,네오크레마,KOSDAQ,음식료·담배,2460,-2.18687873,23.06851312,-4.28015564,12.02623907,2.07468880,63.62973761,-6.10687023,20.29883382,35.42638484,67834223.20000000,78718790.00000000,False
008870,금비,KOSPI,비금속,38950,0.64599483,75.65597668,-3.10945274,17.60204082,-3.22981366,35.60495627,1.30039012,41.69096210,35.42638484,7993852.50000000,7075650.00000000,False
092780,DYP,KOSPI,운송장비·부품,3275,-1.35542169,34.11078717,-2.67459138,20.00728863,-0.45592705,48.76093294,-0.60698027,32.50728863,35.41909621,499047305.39999998,149530535.00000000,False
101970,우양에이치씨,KOSDAQ,금속,9720,-4.70588235,5.81268222,4.29184549,77.55102041,-7.95454545,18.40379009,-5.81395349,20.88192420,35.38447522,115415402.00000000,1482142865.00000000,False
001515,SK증권우,KOSPI,증권,3960,-0.62735257,45.88192420,-0.87609512,34.16545190,-3.41463415,34.58454810,-0.25188917,33.49125364,35.36989796,20053012.50000000,7192285.00000000,False
010100,한국무브넥스,KOSPI,운송장비·부품,3410,-0.14641288,55.97667638,-0.43795620,38.84839650,-4.21348315,31.01311953,-2.29226361,28.38921283,35.33527697,166909847.30000001,107254015.00000000,False
017480,삼현철강,KOSDAQ,금속,4635,-0.53648069,47.48542274,-2.42105263,21.61078717,-2.52365931,38.66618076,1.75631175,43.14868805,35.32798834,98085511.09999999,32307480.00000000,False
006340,대원전선,KOSPI,전기·전자,12590,-2.40310078,20.69970845,-3.00462250,18.11224490,-5.26711813,26.89504373,30.73727934,85.27696793,35.31705539,33315626923.00000000,14914104230.00000000,False
362990,드림인사이트,KOSDAQ,일반서비스,1201,-2.27827502,22.08454810,-0.49710025,38.04664723,-1.87908497,41.50874636,-3.61155698,25.32798834,35.29154519,26629622.65000000,5023934.00000000,False
377740,바이오노트,KOSPI,제약,4630,-1.38445154,33.56413994,-1.27931770,30.46647230,-3.13807531,36.00583090,1.31291028,41.80029155,35.25874636,182955726.90000001,188940940.00000000,False
000225,유유제약1우,KOSPI,제약,3560,-2.19780220,22.88629738,-1.52143845,28.17055394,-3.39213026,34.73032070,5.48148148,53.09766764,35.25145773,14897394.75000000,29742680.00000000,False
009770,삼정펄프,KOSPI,종이·목재,27400,-1.43884892,32.50728863,-1.08303249,32.14285714,-2.14285714,40.17857143,-1.08303249,31.37755102,35.24052478,38403860.00000000,64480100.00000000,False
004380,삼익THK,KOSPI,기계·장비,7550,-1.82054616,27.00437318,1.61507402,62.60932945,-7.01970443,20.99125364,-3.08087291,26.63994169,35.20772595,166705010.00000000,70113160.00000000,False
213500,한솔제지,KOSPI,종이·목재,7130,0.00000000,61.20626822,-2.19478738,23.25072886,-5.56291391,25.54664723,8.52359209,59.43877551,35.20225948,182362574.25000000,123066820.00000000,False
035150,백산,KOSPI,화학,10340,-0.38535645,50.58309038,-1.24164279,30.53935860,-5.31135531,26.56705539,4.86815416,51.67638484,35.18221574,146361248.50000000,161977160.00000000,False
000215,DL우,KOSPI,화학,23650,-2.27272727,22.26676385,-2.67489712,19.97084548,-4.44444444,29.88338192,17.95511222,75.00000000,35.17128280,51972538.75000000,24235900.00000000,False
014190,원익큐브,KOSDAQ,유통,1263,-1.55884645,30.79446064,-6.16641902,6.92419825,-1.48205928,43.69533528,10.01742160,62.60932945,35.15670554,133930695.55000000,43111199.00000000,False
280360,롯데웰푸드,KOSPI,음식료·담배,121400,-0.73589534,43.65889213,-0.41017227,39.10349854,-12.40981241,9.51166181,19.13640824,76.16618076,35.13483965,2269952700.00000000,2673023550.00000000,False
314930,바이오다인,KOSDAQ,의료·정밀기기,6690,0.14970060,66.32653061,0.90497738,56.81486880,-5.64174894,25.21865889,-22.02797203,6.77842566,35.12026239,149361051.75000000,209550750.00000000,False
007570,일양약품,KOSPI,제약,7960,-0.12547051,56.46865889,-0.12547051,42.43804665,-4.44177671,29.91982507,-4.32692308,23.83381924,35.11297376,138735321.00000000,188929545.00000000,False
137940,넥스트아이,KOSDAQ,의료·정밀기기,1848,-0.26983270,52.69679300,1.81818182,64.04883382,-7.55377689,19.64285714,-11.36690647,13.84839650,35.11115160,34843910.55000000,40551778.00000000,False
027740,마니커,KOSPI,음식료·담배,1134,-0.52631579,47.57653061,0.26525199,50.58309038,-25.29644269,2.36880466,14.89361702,71.13702624,35.10750729,136778537.84999999,25595737.00000000,False
023790,동일스틸럭스,KOSDAQ,금속,1529,-0.71428571,44.11443149,-13.32199546,1.49416910,-4.67581047,28.97230321,51.38613861,93.14868805,35.07835277,1725529018.25000000,475849053.00000000,False
052600,한네트,KOSDAQ,통신,2850,0.52910053,73.72448980,-0.69686411,35.75072886,-4.36241611,30.35714286,-4.20168067,24.12536443,35.06559767,22917649.70000000,29654750.00000000,False
004370,농심,KOSPI,음식료·담배,394500,-1.12781955,37.28134111,-2.35148515,22.08454810,-4.93975904,27.87900875,12.87553648,67.74781341,35.05466472,8721970319.50000000,6892145500.00000000,False
024740,한일단조,KOSDAQ,운송장비·부품,2155,0.70093458,76.45772595,-2.70880361,19.82507289,-5.27472527,26.85860058,5.63725490,53.53498542,35.04373178,326291727.50000000,147649605.00000000,False
049520,유아이엘,KOSDAQ,전기·전자,3685,-0.67385445,44.86151603,-1.33868809,29.88338192,-4.90322581,27.98833819,4.98575499,51.96793003,35.04008746,139232793.65000001,209366920.00000000,False
018250,애경산업,KOSPI,화학,11130,-1.59151194,30.46647230,-0.53619303,37.42711370,-4.54545455,29.48250729,2.29779412,44.82507289,35.03279883,213998866.75000000,236796895.00000000,False
005710,대원산업,KOSDAQ,운송장비·부품,10400,-0.19193858,54.70116618,-2.62172285,20.40816327,-2.89449113,36.95335277,1.76125245,43.23979592,35.02186589,117355395.75000000,62562980.00000000,False
060260,뉴보텍,KOSDAQ,화학,865,3.59281437,93.25801749,3.59281437,74.63556851,-14.10129096,7.10641399,-40.01386963,2.18658892,34.99635569,83875579.90000001,712239631.00000000,False
123750,알톤,KOSDAQ,운송장비·부품,1727,-0.23108030,53.79008746,-1.70745589,26.78571429,-0.11567380,50.98396501,-23.24444444,5.94023324,34.99635569,37620499.35000000,10888534.00000000,False
014910,성문전자,KOSPI,전기·전자,1967,0.66530194,75.98396501,0.87179487,56.41399417,-6.99763593,21.20991254,-17.52620545,9.36588921,34.87973761,428597989.39999998,273544082.00000000,False
024830,세원물산,KOSDAQ,운송장비·부품,8170,1.61691542,85.13119534,-1.80288462,25.98396501,-3.08422301,36.15160350,-6.09195402,20.40816327,34.85058309,22207707.50000000,13643175.00000000,False
010960,삼호개발,KOSPI,건설,3055,-0.81168831,42.14650146,-0.48859935,38.19241983,-1.29240711,44.82507289,-23.04785894,6.08600583,34.81960641,200260270.59999999,126809875.00000000,False
271980,제일약품,KOSPI,제약,10000,-2.43902439,20.44460641,0.30090271,50.98396501,-4.76190476,28.53498542,-1.67158309,30.13848397,34.78134111,181705264.25000000,224331000.00000000,False
067770,세진티에스,KOSDAQ,전기·전자,1031,0.00000000,61.20626822,13.54625551,94.20553936,-60.34615385,0.40087464,-50.55155875,1.02040816,34.74672012,214064292.09999999,0.00000000,False
372800,아이티아이즈,KOSDAQ,IT 서비스,2905,1.04347826,80.44825073,-3.64842454,14.68658892,-2.51677852,38.75728863,-0.17182131,33.85568513,34.72485423,69630254.45000000,210907378.00000000,False
308170,씨티알모빌리티,KOSPI,운송장비·부품,3390,-0.14727541,55.90379009,-0.44052863,38.81195335,-3.82978723,32.54373178,-5.17482517,22.12099125,34.67565598,18023944.10000000,17580365.00000000,False
102370,케이옥션,KOSDAQ,유통,2915,1.21527778,81.77842566,0.51724138,53.06122449,-9.61240310,14.75947522,-4.58265139,23.36005831,34.67201166,67955346.65000001,61729445.00000000,False
053030,바이넥스,KOSDAQ,제약,6390,-2.88753799,16.10787172,2.07667732,65.92565598,-6.02941176,23.97959184,-7.39130435,18.44023324,34.66836735,370253171.75000000,294617380.00000000,False
214680,디알텍,KOSDAQ,의료·정밀기기,3850,1.98675497,87.28134111,3.63391655,74.85422741,-19.79166667,3.82653061,-16.93635383,9.76676385,34.66836735,1182447742.75000000,91721470.00000000,False
050760,에스폴리텍,KOSDAQ,화학,1209,-0.73891626,43.58600583,0.91819699,57.10641399,-6.64092664,22.33965015,-5.69422777,21.10058309,34.64650146,79682863.70000000,38303685.00000000,False
004415,서울식품우,KOSPI,음식료·담배,4040,3.19284802,91.87317784,4.79896239,79.55539359,-21.70542636,3.13411079,-44.73324213,1.63994169,34.63556851,10425961.75000000,6073925.00000000,False
045060,오공,KOSDAQ,화학,2095,-1.64319249,29.59183673,-0.23809524,41.27186589,-3.00925926,36.47959184,-4.55580866,23.43294461,34.61916910,45214951.85000000,34144680.00000000,False
219420,링크제니시스,KOSDAQ,IT 서비스,3165,-0.31496063,51.85860058,-2.31481481,22.37609329,-0.93896714,46.28279883,-5.80357143,20.91836735,34.59548105,56060319.10000000,54049640.00000000,False
187660,페니트리움바이오,KOSDAQ,일반서비스,6340,-5.08982036,4.84693878,-17.66233766,0.61953353,-2.00927357,40.92565598,35.47008547,87.75510204,34.59183673,17604112025.00000000,5781649450.00000000,False
048770,TPC로보틱스,KOSDAQ,기계·장비,3950,-2.22772277,22.70408163,-1.49625935,28.46209913,-9.71428571,14.46793003,40.07092199,89.94169096,34.58454810,5027438190.85000038,458658492.00000000,False
212560,네오오토,KOSDAQ,운송장비·부품,10360,0.00000000,61.20626822,2.37154150,67.85714286,-12.79461279,8.92857143,-4.95412844,22.59475219,34.56814869,3443666676.00000000,1021269875.00000000,False
178780,일월지엠엘,KOSDAQ,유통,2400,-1.03092784,38.61151603,-2.24032587,22.88629738,-1.84049080,41.76384840,0.00000000,35.65962099,34.56450437,55885938.50000000,153370645.00000000,False
004970,신라교역,KOSPI,농업 임업 및 어업,8940,0.00000000,61.20626822,-0.66666667,36.18804665,-4.18006431,31.19533528,-3.55987055,25.54664723,34.56450437,77061002.75000000,76139220.00000000,False
088790,진도,KOSPI,유통,2350,2.62008734,90.08746356,-8.20312500,4.55539359,-0.42372881,49.01603499,-4.85829960,22.83163265,34.54810496,100703281.75000000,28929995.00000000,False
186230,그린플러스,KOSDAQ,금속,3180,0.00000000,61.20626822,0.15748031,48.94314869,-9.65909091,14.66836735,0.63291139,39.24927114,34.52077259,46521987.85000000,29396805.00000000,False
033240,자화전자,KOSPI,전기·전자,26700,-2.19780220,22.88629738,1.32827324,60.24052478,-10.70234114,12.42711370,2.69230769,45.91836735,34.51530612,1978913370.00000000,2098647325.00000000,False
058630,엠게임,KOSDAQ,IT 서비스,3930,-1.50375940,31.52332362,0.25510204,50.51020408,-3.32103321,35.13119534,-15.39289559,10.67784257,34.49344023,177964914.19999999,51102904.00000000,False
035250,강원랜드,KOSPI,오락·문화,14220,-0.35038542,51.31195335,-0.55944056,37.09912536,-3.85395538,32.50728863,-3.33106730,25.94752187,34.45335277,3207599447.25000000,4500164680.00000000,False
042940,상지건설,KOSDAQ,건설,5320,-0.93109870,39.94169096,2.30769231,67.41982507,-7.59075908,19.53352770,-13.65038143,12.09912536,34.45335277,156676408.75000000,108865680.00000000,False
006040,동원산업,KOSPI,기타금융,35050,0.28612303,69.75218659,-1.12834979,31.55976676,-7.27513228,20.22594752,4.00593472,49.27113703,34.38775510,1030468035.00000000,1144775100.00000000,False
216080,제테마,KOSDAQ,제약,6010,0.00000000,61.20626822,-3.68589744,14.54081633,-8.66261398,16.76384840,31.36612022,85.86005831,34.36042274,1331698311.75000000,481786995.00000000,False
060980,HL홀딩스,KOSPI,기타금융,37850,0.53120850,73.76093294,-1.56046814,27.91545190,-6.19578686,23.61516035,2.43572395,45.29883382,34.25655977,474245326.25000000,438819050.00000000,False
013310,아진산업,KOSDAQ,운송장비·부품,2280,-1.93548387,25.94752187,0.21978022,49.89067055,-3.59408034,33.85568513,-9.70297030,15.72521866,34.24927114,175100092.80000001,125864120.00000000,False
258610,케일럼,KOSDAQ,금속,1168,-5.04065041,4.95626822,-3.94736842,13.59329446,-1.76619008,42.27405248,10.50141911,63.77551020,34.23833819,26581779.30000000,35862514.00000000,False
060250,NHNKCP,KOSDAQ,금융,13260,-1.41263941,33.05393586,0.53070508,53.13411079,-13.33333333,8.03571429,8.24489796,58.85568513,34.23104956,3094266378.25000000,1471081290.00000000,False
036530,SNT홀딩스,KOSPI,기타금융,45500,1.78970917,85.96938776,-2.15053763,23.72448980,-3.29436769,35.27696793,-5.20833333,22.01166181,34.22740525,583271570.00000000,901717550.00000000,False
145990,삼양사,KOSPI,음식료·담배,45350,-0.87431694,41.14431487,-0.76586433,35.02186589,-3.61317747,33.70991254,-1.52008686,30.43002915,34.19096210,447444293.75000000,329420000.00000000,False
058970,엠로,KOSDAQ,IT 서비스,15920,-3.51515152,11.77113703,-3.51515152,15.41545190,-1.42414861,44.05976676,5.78073090,53.79008746,34.18367347,329898132.25000000,283767115.00000000,False
320000,한울반도체,KOSDAQ,기계·장비,10020,-0.19920319,54.51895044,-1.47492625,28.75364431,-1.28078818,44.86151603,-15.30008453,10.71428571,34.16545190,2584504469.50000000,700306475.00000000,False
005300,롯데칠성,KOSPI,음식료·담배,94800,-0.62893082,45.79081633,-0.31545741,40.23323615,-3.95136778,31.99708455,-4.53172205,23.54227405,34.15634111,1184494045.65000010,1165017350.00000000,False
018000,유니슨,KOSDAQ,기계·장비,1117,-4.85519591,5.53935860,-0.62277580,36.66180758,-9.99194198,14.03061224,29.73286876,84.83965015,34.13265306,1748490569.65000010,1307159195.00000000,False
319400,현대무벡스,KOSDAQ,기계·장비,20550,2.23880597,88.70262391,0.00000000,45.55393586,-7.01357466,21.02769679,-9.67032967,15.77988338,34.10349854,22990153588.40000153,36408932600.00000000,False
094480,갤럭시아머니트리,KOSDAQ,IT 서비스,5550,-0.89285714,40.74344023,-2.63157895,20.29883382,-6.72268908,22.19387755,18.08510638,75.10932945,34.06341108,1999027507.50000000,1187504205.00000000,False
108230,톱텍,KOSDAQ,기계·장비,3160,-1.86335404,26.74927114,-1.40405616,29.11807580,-6.50887574,22.77696793,12.85714286,67.67492711,34.05612245,886914956.10000002,192744420.00000000,False
900290,GRT,KOSDAQ,금융,3295,-2.80235988,16.83673469,0.00000000,45.55393586,-17.72784020,4.66472303,28.96281800,84.14723032,34.04518950,858844408.79999995,590786595.00000000,False
0099X0,IBKS제25호스팩,KOSDAQ,금융,2200,-1.34529148,34.18367347,0.00000000,45.55393586,-4.34782609,30.46647230,-4.34782609,23.76093294,34.02332362,205817874.00000000,229856945.00000000,False
009155,삼성전기우,KOSPI,전기·전자,515000,-2.46212121,20.15306122,-2.09125475,24.05247813,-0.38684720,49.34402332,-3.91791045,24.81778426,33.93221574,14548602512.50000000,3354908000.00000000,False
005745,크라운해태홀딩스우,KOSPI,기타금융,5090,1.80000000,86.07871720,-2.11538462,23.90670554,-4.50281426,29.59183673,-0.97276265,31.52332362,33.92128280,6634901.50000000,603110.00000000,False
458350,에스팀,KOSDAQ,일반서비스,2990,-2.92207792,15.85276968,3.81944444,75.54664723,-7.57341577,19.56997085,-17.96982167,9.14723032,33.90670554,74579302.90000001,55491540.00000000,False
010690,화신,KOSPI,운송장비·부품,7450,-1.32450331,34.40233236,0.40431267,52.04081633,-4.48717949,29.70116618,-10.56422569,14.79591837,33.89212828,845208193.00000000,653553550.00000000,False
000180,성창기업지주,KOSPI,일반서비스,4840,0.83333333,78.24344023,-1.12359551,31.65087464,-6.92307692,21.50145773,0.83333333,39.83236152,33.88666181,76066939.90000001,63194335.00000000,False
007860,서연,KOSPI,기타금융,7490,0.13368984,66.01676385,-2.85343709,18.98688047,-3.35483871,34.94897959,0.26773762,37.90087464,33.85750729,177363807.25000000,103625935.00000000,False
095720,웅진씽크빅,KOSPI,일반서비스,1205,0.83682008,78.35276968,-0.57755776,36.95335277,-8.50417616,17.12827988,0.92127303,40.12390671,33.79737609,35904340.50000000,35014852.00000000,False
046390,삼화네트웍스,KOSDAQ,오락·문화,2065,-3.05164319,14.90524781,-2.13270142,23.76093294,-3.95348837,31.96064140,9.66542751,61.84402332,33.77186589,20653769.70000000,20499770.00000000,False
069260,TKG휴켐스,KOSPI,화학,15700,-0.82122552,41.98250729,-0.31746032,40.19679300,-4.61725395,29.37317784,-2.11970075,28.75364431,33.75728863,840682267.25000000,834994515.00000000,False
263720,디앤씨미디어,KOSDAQ,오락·문화,6790,-0.58565154,46.72011662,-2.30215827,22.48542274,-4.50070323,29.62827988,5.27131783,52.33236152,33.73542274,51643621.00000000,66880640.00000000,False
288620,에스프리즘,KOSDAQ,전기·전자,3825,-2.17391304,23.23250729,-2.17391304,23.37827988,0.13089005,55.13848397,-14.23766816,11.58892128,33.70991254,197092561.40000001,39605215.00000000,False
034120,SBS,KOSPI,오락·문화,11640,-0.76726343,43.16690962,-0.34246575,39.90524781,-3.96039604,31.86953353,-4.59016393,23.28717201,33.69351312,64320968.00000000,32612720.00000000,False
288180,케이피항공산업,KOSDAQ,운송장비·부품,7240,-4.86202365,5.50291545,-0.27548209,40.77988338,-0.68587106,47.52186589,-17.82065834,9.22011662,33.63702624,327226264.75000000,123474885.00000000,False
219550,디와이디,KOSDAQ,유통,1177,-1.67084378,29.30029155,-1.34115675,29.81049563,-8.47589425,17.16472303,17.34795613,74.45335277,33.62973761,32072868.80000000,40441844.00000000,False
036670,삼양케이씨아이,KOSDAQ,화학,5000,-1.38067061,33.67346939,-2.34375000,22.15743440,-1.38067061,44.40597668,-1.96078431,29.22740525,33.62244898,42121459.35000000,71293465.00000000,False
003090,대웅,KOSPI,제약,15420,-0.38759690,50.43731778,1.64798945,62.71865889,-8.91907856,16.21720117,-9.45390487,16.25364431,33.59693878,1057927905.25000000,972373985.00000000,False
001450,현대해상,KOSPI,보험,46900,-2.39334027,20.84548105,-2.08768267,24.12536443,-8.03921569,18.11224490,30.09708738,85.05830904,33.57871720,19806439210.04999924,12276062675.00000000,False
036620,감성코퍼레이션,KOSDAQ,유통,3740,-2.60416667,18.49489796,0.67294751,54.40962099,-4.59183673,29.40962099,-7.65432099,18.18513120,33.57325073,725208296.45000005,501175140.00000000,False
294870,IPARK현대산업개발,KOSPI,건설,21850,-0.68181818,44.62463557,-5.61555076,8.19970845,-5.61555076,25.29154519,26.81369704,82.54373178,33.54774052,3260088268.75000000,1642066400.00000000,False
352820,하이브,KOSPI,오락·문화,164000,-1.79640719,27.31413994,4.52517527,78.31632653,-9.29203540,15.48833819,-24.07407407,5.57580175,33.53680758,32425368099.15000153,35209637500.00000000,False
003925,남양유업우,KOSPI,음식료·담배,29450,-1.17449664,36.58892128,-3.44262295,15.85276968,-0.33840948,49.63556851,-3.28407225,26.12973761,33.49489796,57630162.50000000,29466350.00000000,False
021650,한국큐빅,KOSDAQ,화학,1943,-0.10282776,56.85131195,-1.52052712,28.20699708,-2.70405608,37.75510204,-5.67961165,21.13702624,33.47667638,8176083.55000000,1084301.00000000,False
353190,휴럼,KOSDAQ,음식료·담배,2540,-2.49520154,19.60641399,0.19723866,49.41690962,-4.51127820,29.55539359,-4.15094340,24.27113703,33.46209913,11552933.35000000,24778680.00000000,False
030960,양지사,KOSDAQ,출판·매체복제,4610,1.43014301,83.70991254,-3.85818561,13.92128280,-3.95833333,31.92419825,1.09649123,40.63411079,33.44387755,115360708.90000001,334420012.00000000,False
260660,알리코제약,KOSDAQ,제약,2330,-1.06157113,38.15597668,1.52505447,62.13556851,-10.03861004,13.99416910,-2.91666667,26.93148688,33.44023324,185687979.50000000,37654090.00000000,False
403490,우듬지팜,KOSDAQ,음식료·담배,2065,0.48661800,73.10495627,0.73170732,55.19314869,-7.60626398,19.42419825,-18.37944664,9.00145773,33.43841108,43023002.40000000,14039662.00000000,False
137950,제이씨케미칼,KOSDAQ,화학,3560,-2.06327373,24.67201166,-2.19780220,23.21428571,-8.71794872,16.67274052,32.58845438,86.58892128,33.41836735,234883191.15000001,192948079.00000000,False
950160,코오롱티슈진,KOSDAQ,제약,16190,-3.74554102,10.64139942,4.92546986,79.88338192,-7.06084960,20.77259475,-81.45475372,0.18221574,33.37463557,10193293793.25000000,7025847720.00000000,False
318410,비비씨,KOSDAQ,화학,6190,0.16181230,66.65451895,-3.88198758,13.77551020,-5.35168196,26.27551020,8.78734622,60.24052478,33.35641399,31168642.75000000,47148475.00000000,False
001045,CJ우,KOSPI,기타금융,65800,-1.05263158,38.35641399,-1.05263158,32.48906706,-5.18731988,27.18658892,2.17391304,44.42419825,33.34183673,382128612.50000000,41296700.00000000,False
039020,이건홀딩스,KOSDAQ,종이·목재,2580,-0.57803468,46.81122449,-2.64150943,20.26239067,-3.00751880,36.51603499,0.78125000,39.65014577,33.29628280,253040480.25000000,210935360.00000000,False
340570,티앤엘,KOSDAQ,제약,27450,-3.85288967,9.85787172,-0.72332731,35.38629738,-5.34482759,26.38483965,6.56055901,55.53935860,33.26348397,1713453725.00000000,1303432425.00000000,False
223310,사토시홀딩스,KOSDAQ,유통,2930,0.86058520,78.57142857,3.71681416,75.25510204,-15.80459770,5.68513120,-37.92372881,2.55102041,33.21793003,150691171.05000001,67422695.00000000,False
032850,비트컴퓨터,KOSDAQ,IT 서비스,3870,-2.39596469,20.80903790,-6.74698795,6.01311953,1.30890052,61.26093294,-4.20792079,24.08892128,33.20699708,288122140.35000002,255584735.00000000,False
009270,신원,KOSPI,섬유·의류,1067,-0.46641791,48.94314869,-1.47737765,28.68075802,-5.57522124,25.47376093,3.29138432,47.59475219,33.20699708,264484563.44999999,142275623.00000000,False
145995,삼양사우,KOSPI,음식료·담배,32150,0.00000000,61.20626822,-1.98170732,24.78134111,-3.16265060,35.86005831,-3.16265060,26.53061224,33.20517493,21327945.00000000,128600.00000000,False
263800,데이타솔루션,KOSDAQ,유통,4520,-1.41766630,32.98104956,1.34529148,60.38629738,-4.84210526,28.24344023,-41.45077720,1.96793003,33.10495627,617254060.60000002,408699043.00000000,False
016610,DB증권,KOSPI,증권,9820,-2.96442688,15.48833819,-5.12077295,9.32944606,-1.60320641,42.96647230,7.67543860,57.72594752,33.07944606,534169757.50000000,386925240.00000000,False
079940,가비아,KOSDAQ,IT 서비스,38700,-0.51413882,47.84985423,-3.12891114,17.41982507,-8.29383886,17.49271137,24.23756019,80.35714286,33.07944606,3898800847.50000000,438370250.00000000,False
032790,엠젠솔루션,KOSDAQ,유통,1227,2.42070117,89.46793003,-3.61351139,15.05102041,-12.29449607,9.87609329,21.72619048,78.17055394,33.04664723,327670987.25000000,98289735.00000000,False
004440,삼일씨엔에스,KOSPI,비금속,5310,-2.38970588,20.93658892,-2.20994475,23.14139942,-0.93283582,46.31924198,-2.74725275,27.40524781,33.04482507,546394374.54999995,152466970.00000000,False
026910,광진실업,KOSDAQ,금속,2350,-0.63424947,45.69970845,11.11111111,91.89139942,-28.67981791,1.67638484,-49.57081545,1.16618076,33.04118076,824117585.10000002,211150540.00000000,False
003060,에이프로젠바이오로직스,KOSPI,제약,1554,-0.38461538,50.61953353,5.00000000,80.01093294,-14.52145215,6.63265306,-22.30000000,6.55976676,33.03024781,274714139.14999998,142488308.00000000,False
33626L,두산퓨얼셀2우B,KOSPI,전기·전자,7420,0.13495277,66.07142857,-1.72185430,26.63994169,-4.38144330,30.21137026,-0.93457944,31.70553936,33.02478134,15355430.50000000,18480320.00000000,False
148150,세경하이테크,KOSDAQ,전기·전자,3830,-1.79487179,27.40524781,-4.36953808,11.58892128,-5.89680590,24.38046647,30.27210884,85.13119534,32.99562682,240356148.59999999,179366255.00000000,False
000370,한화손해보험,KOSPI,보험,7250,-1.22615804,36.00583090,-1.49456522,28.49854227,-12.33373640,9.73032070,29.46428571,84.54810496,32.95189504,4350854897.25000000,1719631460.00000000,False
289010,아이스크림에듀,KOSDAQ,오락·문화,814,6.82414698,97.15743440,1.24378109,59.47521866,-16.42710472,5.24781341,-9.55555556,16.03498542,32.86443149,322837179.64999998,487128504.00000000,False
063170,서울옥션,KOSDAQ,유통,5530,-0.89605735,40.67055394,-1.60142349,27.66034985,-9.19540230,15.59766764,14.96881497,71.28279883,32.86078717,124940429.50000000,99282300.00000000,False
016250,SGCEC,KOSDAQ,건설,11900,-3.64372470,11.15160350,-3.17331164,17.09183673,-0.08396306,51.20262391,-1.49006623,30.53935860,32.83163265,20275177.00000000,24164975.00000000,False
108675,LX하우시스우,KOSPI,화학,18000,-1.47783251,31.81486880,-2.96495957,18.36734694,-5.56138510,25.58309038,13.63636364,69.29664723,32.78425656,15489844.50000000,42156350.00000000,False
000080,하이트진로,KOSPI,음식료·담배,14750,-0.13540961,56.23177843,-0.60646900,36.77113703,-4.83870968,28.27988338,-4.22077922,24.01603499,32.76967930,1067521378.50000000,997530625.00000000,False
023800,인지컨트롤스,KOSPI,운송장비·부품,5050,0.00000000,61.20626822,-0.59055118,36.91690962,-4.89642185,28.06122449,-5.43071161,21.64723032,32.74963557,117419700.75000000,87754940.00000000,False
064820,케이프,KOSDAQ,운송장비·부품,7580,-2.57069409,18.98688047,-1.43042913,29.00874636,-1.04438642,45.80903790,-6.99386503,19.05976676,32.73688047,281635184.50000000,371553110.00000000,False
418420,라온텍,KOSDAQ,전기·전자,3945,-3.89768575,9.58454810,-6.73758865,6.08600583,-0.75471698,47.08454810,6.62162162,55.57580175,32.73323615,592490213.10000002,449610197.00000000,False
076610,해성옵틱스,KOSDAQ,의료·정밀기기,1109,-3.48128808,11.98979592,-1.15864528,31.26822157,-8.11930406,17.93002915,17.85334750,74.85422741,32.72230321,921587074.14999998,654834774.00000000,False
153710,옵티팜,KOSDAQ,제약,4560,0.99667774,79.99271137,-1.72413793,26.58527697,-5.19750520,27.15014577,-1.93548387,29.37317784,32.70954810,37101323.85000000,58154915.00000000,False
287840,인투셀,KOSDAQ,일반서비스,17330,-4.51790634,6.52332362,-0.91480846,33.67346939,-0.11527378,51.02040816,-20.86757991,7.61661808,32.68586006,528734589.00000000,630322100.00000000,False
330350,위더스제약,KOSDAQ,제약,7040,-1.40056022,33.34548105,-1.94986072,25.00000000,-6.87830688,21.64723032,11.74603175,65.96209913,32.68586006,2324569535.25000000,511980360.00000000,False
008700,아남전자,KOSPI,전기·전자,1229,-1.36436597,33.89212828,-2.38284353,21.93877551,-4.43234837,30.02915452,5.58419244,53.35276968,32.65306122,218310488.84999999,126664716.00000000,False
155660,DSR,KOSPI,금속,4245,-0.46893318,48.90670554,-1.96304850,24.96355685,-3.08219178,36.18804665,-2.18894009,28.60787172,32.57653061,65466125.70000000,126783700.00000000,False
069620,대웅제약,KOSPI,제약,108600,-1.54125113,30.94023324,1.68539326,62.93731778,-6.86106346,21.75655977,-17.47720365,9.40233236,32.55830904,1716659815.00000000,2840848050.00000000,False
052330,코텍,KOSDAQ,전기·전자,10560,1.44092219,83.78279883,0.47573739,52.62390671,-11.11111111,11.97157434,-7.77292576,17.96647230,32.54737609,144792227.25000000,55768920.00000000,False
002630,오리엔트바이오,KOSPI,제약,1669,0.60277275,74.74489796,1.52068127,62.09912536,-13.79132231,7.47084548,-8.34706205,17.16472303,32.52551020,54153133.35000000,31998894.00000000,False
134790,시디즈,KOSPI,기타제조,18410,-0.80818966,42.20116618,-0.21680217,41.47230321,-4.66079751,29.15451895,-5.92743996,20.66326531,32.45626822,4658227.00000000,1411570.00000000,False
004720,팜젠사이언스,KOSPI,제약,2860,-3.86554622,9.76676385,0.88183422,56.55976676,-5.29801325,26.67638484,-6.84039088,19.20553936,32.45626822,41046802.45000000,33806665.00000000,False
032940,원익,KOSDAQ,유통,8630,-0.69044879,44.53352770,-3.14253648,17.38338192,-12.74014156,9.07434402,62.52354049,95.33527697,32.36516035,15869920333.50000000,1047482175.00000000,False
001795,대한제당우,KOSPI,음식료·담배,2100,-1.63934426,29.68294461,-1.17647059,30.99489796,-3.44827586,34.42055394,-0.94339623,31.63265306,32.36151603,17140339.30000000,11070390.00000000,False
013580,계룡건설,KOSPI,건설,21100,-1.63170163,29.77405248,-3.21100917,16.90962099,-4.09090909,31.37755102,8.20512821,58.78279883,32.35787172,1093687946.25000000,643521500.00000000,False
012800,대창,KOSPI,금속,1141,-1.63793103,29.73760933,-3.79426644,14.06705539,-2.39520958,39.24927114,3.07136405,47.08454810,32.31049563,379463764.94999999,336247099.00000000,False
138070,신진에스엠,KOSDAQ,금속,1410,0.85836910,78.53498542,-5.05050505,9.51166181,-6.62251656,22.41253644,10.15625000,63.08309038,32.28862974,18170465.85000000,59115469.00000000,False
002025,코오롱우,KOSPI,기타금융,12850,-1.00154083,39.10349854,0.54773083,53.27988338,-4.46096654,29.77405248,-39.24349882,2.25947522,32.25583090,16788514.25000000,18038175.00000000,False
091810,트리니티항공,KOSPI,운송·창고,2610,-1.13636364,37.09912536,0.77220077,55.53935860,-5.77617329,24.67201166,-16.61341853,9.87609329,32.21574344,149789477.75000000,65837970.00000000,False
035810,이지홀딩스,KOSDAQ,음식료·담배,4415,-1.23042506,35.96938776,-1.11982083,31.70553936,-6.95468915,21.39212828,5.36992840,52.55102041,32.17565598,545294445.64999998,392097535.00000000,False
009410,태영건설,KOSPI,건설,1628,-0.42813456,49.67201166,-2.57330940,20.77259475,-4.17892878,31.23177843,1.43302181,42.31049563,32.15379009,462644527.10000002,197195384.00000000,False
033310,엠투엔,KOSDAQ,전기·전자,1410,-1.60502442,30.32069971,-5.81162325,7.68950437,-2.75862069,37.46355685,8.37817064,59.11078717,32.14650146,69012655.30000000,66604602.00000000,False
179290,엠아이텍,KOSDAQ,의료·정밀기기,4635,-1.80084746,27.25947522,-0.42964554,38.92128280,-9.29549902,15.41545190,7.66550523,57.68950437,32.10641399,151535996.44999999,145212865.00000000,False
058450,한주에이알티,KOSDAQ,오락·문화,599,0.00000000,61.20626822,7.15563506,85.93294461,-60.14637392,0.43731778,-86.59955257,0.14577259,32.10459184,117064284.95000000,0.00000000,False
161890,한국콜마,KOSPI,화학,137500,-4.58015267,6.12244898,-5.56318681,8.38192420,-4.71240471,28.79008746,33.75486381,87.28134111,32.09912536,44586344472.50000000,56212931300.00000000,False
460860,동국제강,KOSPI,금속,9380,-2.18978102,22.99562682,-0.95036959,33.34548105,-10.58150620,12.82798834,16.08910891,72.92274052,32.01895044,3547974987.75000000,5389192120.00000000,False
005490,POSCO홀딩스,KOSPI,금속,305500,-0.81168831,42.14650146,-0.32626427,40.08746356,-8.94187779,16.07142857,2.86195286,46.42857143,31.95517493,68580812062.50000000,119575826750.00000000,False
357430,마스턴프리미어리츠,KOSPI,부동산,790,1.80412371,86.16982507,-3.65853659,14.61370262,-19.38775510,3.97230321,32.77310924,86.77113703,31.94424198,17776958.00000000,5322391.00000000,False
037270,YGPLUS,KOSPI,IT 서비스,3080,-2.06677266,24.63556851,-0.64516129,36.42492711,-2.99212598,36.62536443,-6.66666667,19.47886297,31.93695335,316616405.60000002,340508680.00000000,False
016880,웅진,KOSPI,기타금융,1810,-0.98468271,39.39504373,1.79977503,63.95772595,-10.61728395,12.64577259,-7.17948718,18.69533528,31.92419825,174939146.59999999,158797028.00000000,False
081660,미스토홀딩스,KOSPI,유통,38250,-1.92307692,26.12973761,1.45888594,61.58892128,-5.78817734,24.63556851,-27.00381679,4.40962099,31.82580175,5023960946.25000000,5035505525.00000000,False
001550,조비,KOSPI,화학,10080,-1.65853659,29.44606414,1.00200401,57.87172012,-9.51526032,14.86880466,-2.60869565,27.62390671,31.77842566,347459884.25000000,140086040.00000000,False
032640,LG유플러스,KOSPI,통신,14430,-0.27643400,52.51457726,-0.96087852,33.12682216,-4.37375746,30.28425656,-5.06578947,22.33965015,31.77113703,12693515125.85000038,9632372050.00000000,False
100250,진양홀딩스,KOSPI,화학,3020,0.16583748,66.87317784,-2.58064516,20.62682216,-4.88188976,28.17055394,0.33222591,38.08309038,31.76020408,109694942.09999999,76864220.00000000,False
090430,아모레퍼시픽,KOSPI,화학,133900,-3.18148952,13.99416910,-3.39105339,16.10787172,-4.90056818,28.02478134,15.13327601,71.57434402,31.75655977,28949054231.40000153,26928221300.00000000,False
011780,금호석유화학,KOSPI,화학,114700,-0.77854671,42.82069971,-0.34752389,39.83236152,-8.96825397,16.03498542,2.50223414,45.48104956,31.74198251,7717449747.50000000,5129898550.00000000,False
003545,대신증권우,KOSPI,증권,19760,-1.44638404,32.43440233,-1.69154229,27.04081633,-3.60975610,33.78279883,-0.05058169,34.14723032,31.69825073,716359841.25000000,898684170.00000000,False
002140,고려산업,KOSPI,음식료·담배,1902,-0.93750000,39.90524781,-2.71099744,19.71574344,-6.99266504,21.24635569,11.94820483,66.39941691,31.68367347,569987808.89999998,173656279.00000000,False
381970,KG모빌리티플랫폼,KOSPI,유통,6240,-0.95238095,39.72303207,-2.04081633,24.45335277,-0.79491256,47.04810496,-20.71156290,7.76239067,31.68002915,371116847.00000000,330000370.00000000,False
189300,인텔리안테크,KOSDAQ,전기·전자,63800,-6.86131387,1.96793003,-4.06015038,13.19241983,0.47244094,57.19752187,-4.63378176,23.21428571,31.67638484,4749111737.50000000,6661399800.00000000,False
000145,하이트진로홀딩스우,KOSPI,기타금융,9000,-1.53172867,31.08600583,-1.20746432,30.75801749,-2.70270270,37.79154519,-5.75916230,21.02769679,31.65816327,1809552.50000000,5358790.00000000,False
00499K,롯데지주우,KOSPI,기타금융,23800,-1.24481328,35.75072886,-3.64372470,14.75947522,-3.25203252,35.56851312,3.03030303,46.86588921,31.60349854,6174103.75000000,10500800.00000000,False
475040,스트라드비젼,KOSDAQ,IT 서비스,2850,-1.89328744,26.42128280,-4.20168067,12.39067055,1.42348754,61.66180758,-36.59621802,2.76967930,31.57798834,7320190401.00000000,699231631.00000000,False
090710,휴림로봇,KOSDAQ,기계·장비,6070,-3.34394904,12.90087464,0.00000000,45.55393586,-3.65079365,33.49125364,-9.53800298,16.10787172,31.57434402,7736587986.50000000,5826796815.00000000,False
007820,엠엑스로보틱스,KOSDAQ,기계·장비,3325,-3.62318841,11.26093294,-1.33531157,29.91982507,-10.49798116,13.04664723,25.23540490,81.23177843,31.56705539,393721472.19999999,254870945.00000000,False
175250,아이큐어,KOSDAQ,화학,1670,-0.71343639,44.16909621,4.37500000,77.80612245,-13.02083333,8.52769679,-41.81184669,1.93148688,31.55612245,392757769.94999999,132520514.00000000,False
032685,소프트센우,KOSDAQ,IT 서비스,6150,-1.28410915,34.98542274,9.82142857,90.26967930,-29.31034483,1.42128280,-40.80846968,2.04081633,31.55612245,23450445.00000000,77550810.00000000,False
051905,LG생활건강우,KOSPI,화학,93100,-0.85197018,41.50874636,0.10752688,48.54227405,-11.24880839,11.55247813,1.19565217,41.03498542,31.54154519,1087358370.00000000,316712900.00000000,False
010240,흥국,KOSDAQ,기계·장비,5150,-0.38684720,50.49198251,-0.77071291,34.94897959,-4.80591497,28.31632653,-4.62962963,23.25072886,31.51056851,56192898.00000000,19426795.00000000,False
017550,수산세보틱스,KOSPI,기계·장비,1789,-1.43250689,32.61661808,-2.66594124,20.04373178,-4.58666667,29.44606414,4.92668622,51.85860058,31.42492711,326639744.80000001,302675568.00000000,False
236810,엔비티,KOSDAQ,일반서비스,1586,-0.06301197,57.36151603,-5.48271752,8.56413994,-12.13296399,10.20408163,61.17886179,95.08017493,31.40306122,40590405.75000000,29568401.00000000,False
096690,에이루트,KOSDAQ,전기·전자,6300,0.80000000,77.91545190,-4.68986384,10.34985423,-10.25641026,13.41107872,18.42105263,75.36443149,31.33381924,44839035.00000000,5736490.00000000,False
041510,에스엠,KOSDAQ,오락·문화,77900,-1.64141414,29.62827988,-5.23114355,9.11078717,-2.50312891,38.84839650,4.42359249,50.40087464,31.31559767,10248687017.50000000,4672011550.00000000,False
068330,일신바이오,KOSDAQ,기계·장비,1021,-0.87378641,41.18075802,-0.87378641,34.22011662,-8.92060660,16.16253644,5.14933059,52.22303207,31.29373178,45200732.95000000,35132126.00000000,False
024800,유성티엔에스,KOSDAQ,운송·창고,4355,2.71226415,90.41545190,-3.00668151,18.07580175,-8.50840336,17.09183673,4.18660287,49.74489796,31.25000000,149235472.69999999,201999006.00000000,False
072710,농심홀딩스,KOSPI,기타금융,88200,-0.67567568,44.82507289,-0.78740157,34.80320700,-5.66844920,25.10932945,-1.12107623,31.30466472,31.22813411,139893322.50000000,147900800.00000000,False
415640,KB발해인프라,KOSPI,기타금융,9970,0.00000000,61.20626822,-0.89463221,34.00145773,-4.95710200,27.80612245,-7.08294501,18.76822157,31.19715743,2534655322.00000000,659785930.00000000,False
248170,샘표식품,KOSPI,음식료·담배,21700,-0.91324201,40.12390671,-0.68649886,35.86005831,-5.44662309,25.91107872,-1.58730159,30.28425656,31.19169096,7159341453.75000000,364183800.00000000,False
474170,루미르,KOSDAQ,운송장비·부품,6360,-7.82608696,1.45772595,-8.35734870,4.33673469,1.59744409,62.13556851,-4.07239819,24.38046647,31.17711370,500591623.25000000,509539750.00000000,False
462870,시프트업,KOSPI,IT 서비스,30550,-1.45161290,32.30685131,-0.65040650,36.37026239,-3.16957211,35.82361516,-12.33859397,12.93731778,31.05867347,988060411.25000000,1274786950.00000000,False
464490,쿼드메디슨,KOSDAQ,제약,4790,-3.32996973,12.93731778,-0.51921080,37.64577259,-2.54323499,38.44752187,-10.29962547,15.23323615,31.01311953,263693406.59999999,117832612.00000000,False
177350,베셀,KOSDAQ,화학,1343,-0.51851852,47.74052478,-1.03168755,32.65306122,-16.42812694,5.21137026,15.18010292,71.68367347,30.99125364,87443685.59999999,30355376.00000000,False
093320,케이아이엔엑스,KOSDAQ,IT 서비스,129200,-0.92024540,39.97813411,0.78003120,55.68513120,-10.65006916,12.57288630,-3.29341317,26.02040816,30.93658892,1444445685.00000000,567879300.00000000,False
024950,삼천리자전거,KOSDAQ,유통,4130,-0.72115385,43.91399417,-3.61726954,15.01457726,-10.99137931,12.13556851,31.31955485,85.78717201,30.90743440,143327759.40000001,15711890.00000000,False
317240,TS트릴리온,KOSDAQ,화학,974,-2.50250250,19.56997085,-2.89132602,18.65889213,-10.23041475,13.55685131,39.14285714,89.54081633,30.88556851,87158091.09999999,122940221.00000000,False
378850,화승알앤에이,KOSPI,운송장비·부품,2790,-0.71174377,44.20553936,-0.88809947,34.07434402,-6.84474124,21.86588921,0.17953321,37.42711370,30.87463557,58529761.90000000,88599765.00000000,False
037560,LG헬로비전,KOSPI,오락·문화,1527,-1.35658915,33.96501458,0.00000000,45.55393586,-7.67835550,19.24198251,-1.48387097,30.57580175,30.87463557,143233107.25000000,95468597.00000000,False
051980,중앙첨단소재,KOSDAQ,전기·전자,9710,-2.80280280,16.80029155,-6.18357488,6.88775510,-3.47912525,34.29300292,12.25433526,66.94606414,30.85276968,1144246524.40000010,628017510.00000000,False
067730,로지시스,KOSDAQ,IT 서비스,2145,-2.27790433,22.12099125,-1.60550459,27.62390671,-4.66666667,29.09985423,1.90023753,43.51311953,30.84183673,19018989.45000000,19679795.00000000,False
193250,링크드,KOSDAQ,전기·전자,1839,0.93304061,79.26384840,-4.56668396,10.93294461,-19.51859956,3.89941691,41.24423963,90.34256560,30.83454810,47075679.95000000,27894977.00000000,False
000490,대동,KOSPI,기계·장비,7430,-1.58940397,30.50291545,-1.71957672,26.71282799,-8.61008610,16.94606414,11.06128550,64.86880466,30.81632653,912555288.00000000,530304490.00000000,False
072470,우리산업홀딩스,KOSDAQ,운송장비·부품,2315,-2.32067511,21.61078717,-2.73109244,19.64285714,-2.93501048,36.84402332,0.87145969,40.01457726,30.79446064,15030510.55000000,9520140.00000000,False
088910,동우팜투테이블,KOSDAQ,음식료·담배,1956,0.82474227,78.09766764,-0.71065990,35.53206997,-6.85714286,21.79300292,-7.73584906,18.00291545,30.78717201,93767502.40000001,164390260.00000000,False
003475,유안타증권우,KOSPI,증권,4115,-0.84337349,41.76384840,-1.08173077,32.17930029,-5.07497116,27.58746356,-1.90703218,29.48250729,30.76166181,42632812.70000000,46801970.00000000,False
043650,국순당,KOSDAQ,음식료·담배,3470,-0.57306590,46.90233236,-2.39099859,21.79300292,-3.61111111,33.74635569,-1.69971671,30.02915452,30.73250729,696573472.14999998,39835805.00000000,False
019660,글로본,KOSDAQ,유통,1440,0.98176718,79.84693878,-1.30226182,30.17492711,-4.00000000,31.76020408,-25.96401028,4.73760933,30.68877551,45577769.15000000,35316586.00000000,False
000120,CJ대한통운,KOSPI,운송·창고,69800,-0.99290780,39.32215743,-0.71123755,35.49562682,-5.29172320,26.74927114,-2.92072323,26.89504373,30.65962099,3191266012.50000000,3221532600.00000000,False
021320,KCC건설,KOSDAQ,건설,5540,-1.77304965,27.66034985,-5.29914530,8.85568513,-1.77304965,42.23760933,1.27970750,41.50874636,30.61953353,140891535.25000000,141273200.00000000,False
126640,화신정공,KOSDAQ,운송장비·부품,3795,1.47058824,83.92857143,-0.78431373,34.83965015,-16.13259669,5.46647230,3.40599455,47.84985423,30.60131195,3167308669.55000019,1740391568.00000000,False
108380,대양전기공업,KOSDAQ,운송장비·부품,17750,-2.09597352,24.16180758,-4.15766739,12.60932945,-4.77467811,28.42565598,11.28526646,65.12390671,30.59402332,463167705.25000000,240696910.00000000,False
016920,카스,KOSDAQ,유통,1021,0.00000000,61.20626822,-2.76190476,19.42419825,-8.92060660,16.16253644,9.08119658,60.86005831,30.58491254,83943995.45000000,18291331.00000000,False
350520,이지스레지던스리츠,KOSPI,부동산,3215,0.46875000,72.77696793,-1.83206107,25.80174927,-5.44117647,25.98396501,-3.45345345,25.83819242,30.57944606,91904472.40000001,15712115.00000000,False
001440,대한전선,KOSPI,전기·전자,28350,-4.70588235,5.81268222,-5.02512563,9.58454810,-1.04712042,45.77259475,1.97841727,43.95043732,30.55575802,90831699751.25000000,82689462850.00000000,False
097870,효성오앤비,KOSDAQ,화학,4370,1.15740741,81.52332362,-3.53200883,15.34256560,-4.68920393,28.89941691,-1.13122172,31.19533528,30.55393586,46239984.15000000,21427945.00000000,False
019550,SBI인베스트먼트,KOSDAQ,금융,920,0.65645514,75.80174927,-0.32502709,40.12390671,-12.04588910,10.42274052,-0.21691974,33.67346939,30.52113703,177085084.25000000,171447304.00000000,False
044780,에이치케이,KOSDAQ,기계·장비,1302,-1.43830431,32.54373178,-1.88394876,25.51020408,-7.06638116,20.73615160,7.07236842,56.48688047,30.49927114,51714635.25000000,34830314.00000000,False
002210,동성제약,KOSPI,제약,1295,0.38759690,71.61078717,1.48902821,61.91690962,-12.08418194,10.27696793,-33.45323741,3.13411079,30.47376093,124746301.34999999,49276201.00000000,False
081150,티플랙스,KOSDAQ,금속,2565,-1.15606936,36.69825073,-0.38834951,39.32215743,-5.52486188,25.69241983,-4.46927374,23.65160350,30.47376093,165663458.44999999,565068885.00000000,False
331520,밸로프,KOSDAQ,IT 서비스,2145,-3.16027088,14.17638484,-1.15207373,31.37755102,-7.14285714,20.44460641,7.35735736,57.21574344,30.45189504,53659790.05000000,19558580.00000000,False
002150,도화엔지니어링,KOSPI,일반서비스,4980,-0.10030090,56.99708455,-1.58102767,27.80612245,-6.91588785,21.53790087,0.50454087,38.88483965,30.43367347,153791656.50000000,174067990.00000000,False
014790,HLDI,KOSPI,건설,2460,-1.79640719,27.31413994,-2.57425743,20.73615160,-3.90625000,32.30685131,1.65289256,42.78425656,30.43185131,93296367.59999999,95995905.00000000,False
025860,남해화학,KOSPI,화학,5930,-2.14521452,23.68804665,-2.46710526,21.42857143,-5.12000000,27.47813411,5.51601423,53.20699708,30.43002915,1527850878.50000000,959909480.00000000,False
036190,금화피에스시,KOSDAQ,건설,33050,-1.34328358,34.22011662,-4.20289855,12.31778426,-3.36257310,34.87609329,2.79937792,46.20991254,30.30976676,121414338.75000000,215054550.00000000,False
290270,휴네시온,KOSDAQ,IT 서비스,2730,-4.54545455,6.37755102,-0.36496350,39.57725948,-6.98466780,21.28279883,2.82485876,46.28279883,30.28061224,92701975.65000001,59259140.00000000,False
191420,테고사이언스,KOSDAQ,제약,7140,-1.65289256,29.53717201,-2.98913043,18.18513120,-5.30503979,26.60349854,6.88622754,56.12244898,30.27514577,37306458.75000000,8833670.00000000,False
100090,SK오션플랜트,KOSPI,금속,12030,-3.29581994,13.15597668,1.77664975,63.73906706,-8.79454132,16.54518950,-9.54887218,16.07142857,30.26967930,6032371553.50000000,4573211485.00000000,False
089590,제주항공,KOSPI,운송·창고,4470,-1.75824176,27.73323615,-4.28265525,11.98979592,-3.35135135,35.02186589,3.95348837,49.05247813,30.18950437,1144584793.70000005,353593252.00000000,False
009415,태영건설우,KOSPI,건설,6030,0.33277870,70.33527697,-1.30932897,30.13848397,-4.88958991,28.09766764,-11.06194690,14.21282799,30.15670554,6647818.50000000,2550080.00000000,False
018700,졸스,KOSDAQ,유통,1270,-1.39751553,33.45481050,-1.77880897,26.12973761,-11.31284916,11.26093294,15.55959964,72.19387755,30.12755102,17495518.55000000,15107952.00000000,False
33637L,솔루스첨단소재2우B,KOSPI,전기·전자,2210,-2.64317181,18.22157434,-2.21238938,23.10495627,-3.91304348,32.21574344,1.37614679,42.09183673,30.05830904,4186728.00000000,10383165.00000000,False
051900,LG생활건강,KOSPI,화학,266000,-1.66358595,29.37317784,-1.66358595,27.22303207,-9.21501706,15.56122449,10.37344398,63.55685131,30.04008746,18678675037.50000000,16151547000.00000000,False
950200,소마젠,KOSDAQ,일반서비스,2970,0.84889643,78.38921283,-3.25732899,16.83673469,-10.27190332,13.37463557,8.19672131,58.74635569,29.98906706,243735813.50000000,161234660.00000000,False
194370,제이에스코퍼레이션,KOSPI,섬유·의류,12040,-0.08298755,57.25218659,-3.91061453,13.66618076,-5.12214342,27.40524781,2.64279625,45.73615160,29.93440233,503161325.75000000,183705990.00000000,False
021080,에이티넘인베스트,KOSDAQ,금융,2025,0.49627792,73.28717201,-1.21951220,30.72157434,-7.32265446,20.18950437,-3.11004785,26.56705539,29.93440233,276448979.55000001,193160910.00000000,False
340360,다보링크,KOSDAQ,전기·전자,859,1.05882353,80.53935860,-6.93391116,5.72157434,-15.11857708,6.26822157,36.13312203,88.15597668,29.90889213,153652126.55000001,253413276.00000000,False
002240,고려제강,KOSPI,금속,16420,-1.67664671,29.22740525,-0.84541063,34.43877551,-4.36808387,30.32069971,-4.97685185,22.55830904,29.89431487,629815687.50000000,299406080.00000000,False
066430,아이로보틱스,KOSDAQ,유통,2010,0.24937656,69.27842566,-3.59712230,15.08746356,-3.59712230,33.81924198,-4.05727924,24.52623907,29.88702624,945223041.79999995,394389015.00000000,False
249420,일동제약,KOSPI,제약,14020,-5.96914822,3.06122449,0.71839080,54.81049563,-6.78191489,22.01166181,-5.58922559,21.35568513,29.82507289,3281325909.00000000,2459187385.00000000,False
377190,디앤디플랫폼리츠,KOSPI,부동산,1985,-0.70035018,44.42419825,-0.60090135,36.80758017,-9.15331808,15.67055394,0.96642930,40.26967930,29.80685131,437600517.44999999,272899036.00000000,False
119500,포메탈,KOSDAQ,금속,2350,-1.05263158,38.35641399,-0.63424947,36.55247813,-5.43259557,26.05685131,-4.85829960,22.83163265,29.79045190,88676329.45000000,59617985.00000000,False
039830,오로라,KOSDAQ,일반서비스,15020,-0.39787798,50.21865889,-3.09677419,17.71137026,-1.37885752,44.46064140,-20.19128587,8.05393586,29.73032070,754387545.50000000,315442530.00000000,False
107590,미원홀딩스,KOSPI,기타금융,58900,-0.50675676,47.94096210,-3.28407225,16.72740525,-7.96875000,18.33090379,10.09345794,62.82798834,29.71027697,3231050.00000000,4497800.00000000,False
267290,경동도시가스,KOSPI,전기·가스,20700,-0.48076923,48.65160350,-3.49650350,15.52478134,-6.33484163,23.32361516,5.93654043,54.26384840,29.70481050,101030151.25000000,21221200.00000000,False
466100,클로봇,KOSDAQ,IT 서비스,22550,-2.59179266,18.62244898,0.66964286,54.37317784,-7.01030928,21.13702624,-10.33797217,15.06924198,29.64285714,5524532253.75000000,5851417525.00000000,False
005860,한일사료,KOSDAQ,음식료·담배,2305,-1.28479657,34.94897959,-1.70575693,26.82215743,-3.55648536,34.07434402,-5.14403292,22.15743440,29.60276968,2157169567.50000000,547969780.00000000,False
041650,상신브레이크,KOSPI,운송장비·부품,2140,-3.60360360,11.37026239,-3.16742081,17.14650146,-2.94784580,36.77113703,1.66270784,42.82069971,29.55357143,15514922.40000000,20291365.00000000,False
03473K,SK우,KOSPI,기타금융,367500,0.96153846,79.59183673,-0.80971660,34.65743440,-16.00000000,5.53935860,2.22531293,44.64285714,29.50072886,277883512.50000000,486748000.00000000,False
001070,대한방직,KOSPI,섬유·의류,5670,0.35398230,70.90014577,-2.07253886,24.34402332,-6.28099174,23.54227405,-2.24137931,28.42565598,29.49526239,23359669.00000000,77148810.00000000,False
034940,조아제약,KOSDAQ,제약,2600,-3.34572491,12.82798834,1.56250000,62.31778426,-10.49913941,13.01020408,-5.45454545,21.53790087,29.48979592,204372367.19999999,159297460.00000000,False
065150,대산FB,KOSDAQ,유통,1217,-1.05691057,38.22886297,2.09731544,66.03498542,-9.85185185,14.17638484,-57.96200345,0.87463557,29.47886297,112523936.15000001,35065790.00000000,False
000070,삼양홀딩스,KOSPI,기타금융,56600,0.00000000,61.20626822,-2.91595197,18.58600583,-6.90789474,21.61078717,2.53623188,45.62682216,29.46610787,410408167.50000000,275406100.00000000,False
331920,셀레믹스,KOSDAQ,제약,10440,0.96711799,79.66472303,0.57803468,53.42565598,-26.78821879,2.00437318,-4.65753425,23.14139942,29.42419825,656078277.50000000,823352735.00000000,False
067370,선바이오,KOSDAQ,제약,5530,0.36297641,71.10058309,0.18115942,49.27113703,-11.94267516,10.49562682,-9.34426230,16.39941691,29.36953353,44803114.00000000,12097660.00000000,False
039420,케이엘넷,KOSDAQ,통신,2600,-1.70132325,28.69897959,-2.25563910,22.81341108,-5.10948905,27.51457726,1.76125245,43.23979592,29.36771137,38255307.65000000,34802570.00000000,False
041460,한국전자인증,KOSDAQ,IT 서비스,3305,-2.36336780,21.24635569,-0.30165913,40.52478134,-6.77009873,22.04810496,-1.19581465,31.08600583,29.31851312,164846395.34999999,96532140.00000000,False
208640,썸에이지,KOSDAQ,IT 서비스,682,2.40240240,89.35860058,-16.42156863,0.80174927,-2.98719772,36.66180758,-2.84900285,27.11370262,29.26384840,461207515.60000002,290803742.00000000,False
002900,TYM,KOSPI,기계·장비,6400,-2.58751903,18.65889213,-0.46656299,38.41107872,-9.09090909,15.74344023,3.39256866,47.77696793,29.24198251,1141265589.00000000,498358165.00000000,False
006570,대림통상,KOSPI,금속,1869,-1.11111111,37.53644315,-2.70692348,19.86151603,-1.63157895,42.82069971,-13.87096774,11.95335277,29.23104956,47773068.10000000,65255164.00000000,False
408900,스튜디오미르,KOSDAQ,오락·문화,989,-1.78748759,27.47813411,1.02145046,57.94460641,-11.61751564,10.82361516,-4.44444444,23.70626822,29.20189504,30745707.75000000,21061866.00000000,False
241710,코스메카코리아,KOSDAQ,화학,112100,-4.18803419,8.23615160,-1.75284838,26.38483965,-13.16808675,8.27259475,31.11111111,85.60495627,29.16909621,16058613332.50000000,8317010200.00000000,False
001040,CJ,KOSPI,기타금융,129700,-0.84097859,41.83673469,-3.49702381,15.48833819,-2.26073851,39.86880466,-5.39752006,21.72011662,29.12172012,13556704445.00000000,10986840900.00000000,False
222110,팬젠,KOSDAQ,제약,4680,-2.29645094,21.86588921,-1.47368421,28.79008746,-6.30630631,23.43294461,2.18340611,44.46064140,29.08892128,27959470.75000000,2775525.00000000,False
054800,아이디스홀딩스,KOSDAQ,일반서비스,14400,-0.89470062,40.70699708,-4.12782956,12.90087464,-4.63576159,29.26384840,3.07802434,47.12099125,29.07069971,104105783.75000000,31931070.00000000,False
102940,코오롱생명과학,KOSDAQ,제약,14190,-3.20600273,13.81195335,0.28268551,50.76530612,-4.25101215,30.83090379,-65.04926108,0.58309038,29.05976676,689412917.00000000,899143010.00000000,False
010820,퍼스텍,KOSPI,금속,5780,-3.34448161,12.86443149,-8.54430380,4.19096210,-2.03389831,40.81632653,4.52079566,50.76530612,29.02332362,2645588162.00000000,1818306120.00000000,False
044480,빌리언스,KOSDAQ,오락·문화,3205,6.83333333,97.19387755,1.10410095,58.52769679,-21.82926829,3.09766764,-38.42459174,2.47813411,29.01239067,146046343.25000000,18360550.00000000,False
023590,다우기술,KOSPI,IT 서비스,36500,-3.05444887,14.83236152,-3.31125828,16.50874636,-3.82081686,32.68950437,3.25318246,47.37609329,28.98688047,1783817056.25000000,1612029900.00000000,False
002450,삼익악기,KOSPI,기타제조,1081,-0.09242144,57.14285714,-0.55197792,37.20845481,-7.36932305,19.97084548,-6.16319444,20.22594752,28.91034985,100476223.05000000,88220594.00000000,False
001680,대상,KOSPI,음식료·담배,17560,-0.05691520,57.47084548,-2.33592881,22.23032070,-6.69500531,22.23032070,0.22831050,37.64577259,28.83746356,1037868636.25000000,611866210.00000000,False
272450,진에어,KOSPI,운송·창고,5770,-1.02915952,38.66618076,-4.15282392,12.71865889,-6.63430421,22.37609329,9.07372401,60.82361516,28.79737609,545431954.50000000,213682150.00000000,False
347000,센코,KOSDAQ,의료·정밀기기,1821,-2.88000000,16.25364431,-3.34394904,16.32653061,-4.75941423,28.57142857,5.87209302,54.04518950,28.76093294,114858119.25000000,151012509.00000000,False
105550,엣지파운드리,KOSDAQ,전기·전자,1631,-1.03155340,38.55685131,2.06508135,65.88921283,-13.38289963,7.94460641,-16.99745547,9.73032070,28.74635569,58238270.40000000,37642509.00000000,False
078930,GS,KOSPI,기타금융,104800,-4.55373406,6.34110787,-1.68855535,27.07725948,-16.56050955,5.17492711,38.62433862,89.21282799,28.66982507,44795405479.75000000,45979084100.00000000,False
004310,현대약품,KOSPI,제약,7740,-4.20792079,8.12682216,-8.07600950,4.70116618,-8.07600950,18.03935860,68.44396083,96.06413994,28.65160350,67903396030.00000000,5727435710.00000000,False
347740,피엔케이피부임상연구센타,KOSDAQ,일반서비스,1667,-0.77380952,43.03935860,-0.05995204,42.89358601,-8.85729907,16.36297376,-4.02993667,24.63556851,28.64431487,49417607.55000000,37392955.00000000,False
024110,기업은행,KOSPI,은행,19900,-0.99502488,39.28571429,-1.72839506,26.53061224,-4.78468900,28.38921283,-2.92682927,26.85860058,28.61516035,16714974792.25000000,23994874355.00000000,False
122450,KX,KOSDAQ,오락·문화,2495,0.60483871,74.85422741,-1.77165354,26.23906706,-6.37898687,23.25072886,-6.37898687,19.78862974,28.61516035,69060998.40000001,78518459.00000000,False
025540,한국단자,KOSPI,전기·전자,54500,-0.54744526,47.26676385,-1.08892922,32.05174927,-4.21792619,30.92201166,-17.79788839,9.25655977,28.56231778,851827250.00000000,887819050.00000000,False
096630,에스코넥,KOSDAQ,전기·전자,1681,0.05952381,65.05102041,-1.29183793,30.24781341,-7.89041096,18.65889213,-2.71990741,27.47813411,28.53862974,34267642.00000000,74265849.00000000,False
002070,비비안,KOSPI,섬유·의류,3810,2.55720054,89.83236152,-6.04192355,7.25218659,-27.01149425,1.93148688,27.29702639,82.98104956,28.52769679,458689167.10000002,146837910.00000000,False
192440,슈피겐코리아,KOSDAQ,기타제조,28550,0.52816901,73.68804665,-4.67445743,10.49562682,-5.93080725,24.30758017,1.24113475,41.32653061,28.50583090,119999427.50000000,55983750.00000000,False
476060,온코닉테라퓨틱스,KOSDAQ,일반서비스,14750,-4.03383214,8.96501458,-3.97135417,13.44752187,-9.45365255,15.01457726,35.56985294,87.82798834,28.50218659,3740811737.25000000,2647016335.00000000,False
037440,희림,KOSDAQ,일반서비스,4030,-0.61652281,45.99125364,-3.47305389,15.67055394,-7.14285714,20.44460641,6.33245383,55.10204082,28.49854227,556889602.29999995,213342980.00000000,False
051600,한전KPS,KOSPI,건설,43750,-1.01809955,38.88483965,-0.56818182,37.02623907,-7.60295671,19.46064140,-2.23463687,28.49854227,28.48032070,6691567640.00000000,5009008775.00000000,False
006220,제주은행,KOSPI,은행,9390,-2.79503106,16.94606414,-1.15789474,31.34110787,-6.19380619,23.65160350,0.75107296,39.57725948,28.47303207,1638125009.25000000,965647465.00000000,False
004450,삼화왕관,KOSPI,금속,27200,-1.80505415,27.18658892,-3.54609929,15.21501458,-5.71923744,24.92711370,6.87622790,56.08600583,28.47120991,29169385.00000000,15431900.00000000,False
021045,대호특수강우,KOSDAQ,금속,1992,-0.40000000,50.12755102,0.35264484,51.38483965,-20.16032064,3.57142857,-0.40000000,33.05393586,28.46756560,4544861.50000000,3234238.00000000,False
005930,삼성전자,KOSPI,전기·전자,263000,-2.23048327,22.66763848,-2.41187384,21.64723032,-2.59259259,38.22886297,-5.39568345,21.75655977,28.40379009,4517413666269.79980469,5617134619618.00000000,False
029530,신도리코,KOSPI,전기·전자,37950,-0.65445026,45.15306122,-1.17187500,31.12244898,-5.59701493,25.36443149,-5.36159601,21.79300292,28.35641399,156467587.50000000,90740500.00000000,False
000210,DL,KOSPI,화학,48200,-1.12820513,37.24489796,-2.92044310,18.51311953,-10.40892193,13.15597668,13.41176471,68.95043732,28.33090379,2688811500.00000000,1943087025.00000000,False
267790,배럴,KOSDAQ,섬유·의류,3050,-1.45395800,32.25218659,0.99337748,57.54373178,-10.81871345,12.31778426,-10.94890511,14.46793003,28.30903790,10549227.85000000,8083157.00000000,False
017810,풀무원,KOSPI,음식료·담배,8710,-1.58192090,30.53935860,-0.22909507,41.32653061,-7.53715499,19.67930029,-3.96912900,24.74489796,28.27259475,188906102.50000000,88183155.00000000,False
011230,삼화전자,KOSPI,전기·전자,2570,-1.72084130,28.24344023,-3.74531835,14.35860058,-0.38759690,49.30758017,-21.52671756,7.03352770,28.26166181,1214604889.59999990,295684920.00000000,False
092440,기신정기,KOSPI,기계·장비,1849,-1.12299465,37.39067055,-0.59139785,36.88046647,-6.94514343,21.42857143,-4.19689119,24.19825073,28.21428571,164540759.65000001,99917993.00000000,False
071840,롯데하이마트,KOSPI,유통,5950,-1.32669983,34.34766764,-0.99833611,32.88994169,-5.70522979,24.96355685,-4.03225806,24.59912536,28.20699708,66965123.50000000,45668485.00000000,False
123700,SJM,KOSPI,운송장비·부품,3230,-1.07197550,37.97376093,-1.37404580,29.44606414,-6.10465116,23.83381924,-1.67427702,30.10204082,28.18513120,34283101.00000000,54637915.00000000,False
090850,현대이지웰,KOSDAQ,IT 서비스,4830,-1.62932790,29.81049563,-1.82926829,25.83819242,-2.62096774,38.04664723,-14.51327434,11.15160350,28.18148688,120216504.34999999,220239553.00000000,False
003520,영진약품,KOSPI,제약,1036,-3.17757009,14.03061224,0.19342360,49.34402332,-6.49819495,22.81341108,-11.07296137,14.17638484,28.16690962,408502352.85000002,189517734.00000000,False
038060,루멘스바이오스,KOSDAQ,전기·전자,689,0.00000000,61.20626822,0.00000000,45.55393586,-15.46012270,5.94023324,-1.71184023,29.95626822,28.15415452,55001065.95000000,0.00000000,False
206560,덱스터,KOSDAQ,오락·문화,911,0.44101433,72.30320700,-3.29087049,16.69096210,-3.39342524,34.69387755,-16.19135235,10.13119534,28.14139942,80926159.15000001,45833665.00000000,False
019680,대교,KOSPI,일반서비스,1643,1.23228589,81.92419825,0.48929664,52.80612245,-17.85000000,4.59183673,-14.60498960,11.07871720,28.08673469,33023723.65000000,41816551.00000000,False
214320,이노션,KOSPI,일반서비스,17830,-1.10926234,37.57288630,-2.24780702,22.84985423,-4.70336718,28.86297376,-1.87121629,29.59183673,28.07580175,950360509.50000000,991425785.00000000,False
344860,이노진,KOSDAQ,화학,1292,-0.46224961,49.12536443,-6.91642651,5.79446064,-2.26928896,39.83236152,-2.93012772,26.82215743,27.94825073,162187505.09999999,86563111.00000000,False
238090,앤디포스,KOSDAQ,화학,1737,-2.14084507,23.72448980,-5.18558952,9.22011662,0.05760369,54.91982507,-28.95705521,3.93586006,27.89358601,51733698.80000000,25698505.00000000,False
263920,휴엠앤씨,KOSDAQ,기타제조,3140,-3.38461538,12.66399417,-1.10236220,31.92419825,-2.48447205,38.88483965,-21.20451694,7.43440233,27.88447522,6494175.90000000,15209170.00000000,False
310210,보로노이,KOSDAQ,일반서비스,137800,-5.16173434,4.70116618,2.91262136,70.84548105,-11.49646757,10.89650146,-18.46153846,8.96501458,27.87536443,11817697362.50000000,11484278200.00000000,False
082920,비츠로셀,KOSDAQ,전기·전자,28000,-4.92359932,5.32069971,-0.70921986,35.56851312,-3.44827586,34.42055394,-10.96979332,14.39504373,27.84985423,8300419021.25000000,8612399925.00000000,False
001290,상상인증권,KOSPI,증권,4115,-1.55502392,30.83090379,-1.43712575,28.89941691,-18.51485149,4.26384840,15.42776999,71.93877551,27.84620991,272703816.75000000,101403735.00000000,False
065710,서호전기,KOSDAQ,전기·전자,42950,-0.23228804,53.75364431,-1.71624714,26.74927114,-7.03463203,20.84548105,-1.49082569,30.50291545,27.83892128,320303536.25000000,288898325.00000000,False
215480,토박스코리아,KOSDAQ,유통,1997,-3.52657005,11.66180758,-4.67780430,10.45918367,-4.44976077,29.84693878,7.77118187,57.90816327,27.82434402,24837051.45000000,12285335.00000000,False
016600,큐캐피탈,KOSDAQ,금융,2240,-1.32158590,34.43877551,0.90090090,56.74198251,-11.11111111,11.97157434,-12.50000000,12.75510204,27.80612245,61807880.75000000,21016220.00000000,False
003010,혜인,KOSPI,유통,8100,-2.99401198,15.21501458,-17.34693878,0.69241983,-8.98876404,15.99854227,90.58823529,98.10495627,27.74963557,4840238727.75000000,2981895995.00000000,False
162300,신스틸,KOSDAQ,금속,1975,-1.98511166,25.40087464,-14.31670282,1.23906706,-7.05882353,20.80903790,26.68377165,82.43440233,27.72230321,11626055102.54999924,407640572.00000000,False
011785,금호석유화학우,KOSPI,화학,48500,-0.61475410,46.06413994,-2.61044177,20.51749271,-6.90978887,21.57434402,1.25260960,41.39941691,27.67128280,161462992.50000000,355853875.00000000,False
101240,씨큐브,KOSDAQ,화학,3240,-3.71471025,10.75072886,-1.96671710,24.92711370,-8.73239437,16.61807580,9.83050847,62.24489796,27.64941691,31338794.50000000,15709250.00000000,False
006920,모헨즈,KOSDAQ,비금속,2990,-0.49916805,48.25072886,0.84317032,56.12244898,-12.95487627,8.63702624,-12.95487627,12.53644315,27.62390671,189269443.40000001,72234680.00000000,False
035620,바른손이앤에이,KOSDAQ,오락·문화,655,9.34891486,98.21428571,-11.12618725,2.25947522,-4.09956076,31.34110787,-4.93468795,22.63119534,27.56195335,114082096.80000000,174515514.00000000,False
010780,아이에스동서,KOSPI,비금속,14670,-0.40733198,50.03644315,-0.13614704,42.31049563,-6.61998727,22.44897959,-27.55555556,4.15451895,27.50728863,999834032.50000000,701184940.00000000,False
061250,화일약품,KOSDAQ,제약,6500,0.77519380,77.51457726,1.24610592,59.54810496,-27.93791574,1.82215743,-23.70892019,5.79446064,27.50364431,371895999.25000000,25720860.00000000,False
043360,디지아이,KOSDAQ,전기·전자,2245,-1.96506550,25.69241983,-0.22222222,41.43586006,-13.65384615,7.61661808,3.21839080,47.26676385,27.50000000,40791915.90000000,10744270.00000000,False
006910,보성파워텍,KOSDAQ,금속,6940,-3.87811634,9.65743440,-3.87811634,13.88483965,-5.32060027,26.53061224,8.09968847,58.49125364,27.44169096,8477996433.25000000,5024950460.00000000,False
014950,삼익제약,KOSDAQ,제약,7850,-2.84653465,16.58163265,-9.24855491,3.46209913,-10.59225513,12.71865889,89.38480097,98.06851312,27.39795918,42919627384.25000000,2293015210.00000000,False
241840,에이스토리,KOSDAQ,오락·문화,2210,0.68337130,76.20262391,-0.89686099,33.92857143,-9.42622951,15.12390671,-8.10810811,17.45626822,27.33965015,25900446.75000000,56131345.00000000,False
007310,오뚜기,KOSPI,음식료·담배,311500,-0.63795853,45.55393586,-1.26782884,30.50291545,-6.17469880,23.68804665,-6.03318250,20.51749271,27.28498542,1038259212.50000000,2877197000.00000000,False
005810,풍산홀딩스,KOSPI,기타금융,35150,-1.12517581,37.35422741,-4.09276944,12.97376093,-6.76392573,22.08454810,5.87349398,54.08163265,27.27769679,391348168.75000000,203567500.00000000,False
066575,LG전자우,KOSPI,전기·전자,71900,-3.23014805,13.52040816,-2.30978261,22.44897959,-8.17369093,17.89358601,8.61027190,59.69387755,27.18294461,5200040095.00000000,3823543700.00000000,False
060850,영림원소프트랩,KOSDAQ,IT 서비스,4305,0.11627907,65.67055394,-0.92059839,33.56413994,-7.41935484,19.86151603,-13.72745491,12.02623907,26.98615160,38375641.65000000,151679425.00000000,False
264900,크라운제과,KOSPI,음식료·담배,7610,-0.78226858,42.67492711,-1.16883117,31.15889213,-5.93325093,24.27113703,-7.53341434,18.25801749,26.97521866,61620253.50000000,17371635.00000000,False
030610,교보증권,KOSPI,증권,9630,-1.53374233,31.04956268,-2.72727273,19.67930029,-6.59553831,22.52186589,2.22929936,44.71574344,26.96064140,308736639.00000000,215664665.00000000,False
030200,KT,KOSPI,통신,51300,0.39138943,71.72011662,-1.72413793,26.58527697,-6.55737705,22.66763848,-11.55172414,13.66618076,26.94788630,14466224058.25000000,29193755250.00000000,False
173940,에프엔씨엔터,KOSDAQ,오락·문화,1985,-1.97530864,25.51020408,-0.45135406,38.59329446,-5.70071259,25.00000000,-11.18568233,14.03061224,26.93513120,25089243.65000000,15333234.00000000,False
217330,싸이토젠,KOSDAQ,일반서비스,2955,-4.52342488,6.48688047,-3.90243902,13.70262391,-3.27332242,35.38629738,0.85324232,39.90524781,26.89504373,186713092.00000000,319936751.00000000,False
322780,코퍼스코리아,KOSDAQ,오락·문화,1700,5.52451893,96.28279883,-5.08096036,9.40233236,-9.57446809,14.79591837,1.49253731,42.45626822,26.85860058,69388844.20000000,22170557.00000000,False
060560,HC홈센타,KOSDAQ,유통,1917,-1.94373402,25.87463557,-3.61990950,14.97813411,-2.88753799,37.02623907,-4.00600901,24.70845481,26.83309038,12701873.15000000,15653556.00000000,False
204840,지엘팜텍,KOSDAQ,유통,4240,2.41545894,89.43148688,-2.07852194,24.30758017,-26.00349040,2.15014577,3.79436965,48.54227405,26.80393586,374260574.44999999,103887265.00000000,False
183190,아세아시멘트,KOSPI,비금속,9950,-0.79760718,42.41982507,-3.77176015,14.24927114,-8.88278388,16.32653061,7.91757050,58.23615160,26.69460641,341515544.50000000,307777045.00000000,False
237820,플레이디,KOSDAQ,일반서비스,2250,-1.31578947,34.51166181,-2.17391304,23.37827988,-2.80777538,37.24489796,-22.14532872,6.63265306,26.68913994,54526606.20000000,41011455.00000000,False
339950,아이비김영,KOSDAQ,일반서비스,2370,0.00000000,61.20626822,-1.86335404,25.61953353,-5.57768924,25.43731778,-11.89591078,13.37463557,26.65634111,91065206.70000000,27481640.00000000,False
069330,유아이디,KOSDAQ,전기·전자,1160,-2.84757119,16.54518950,-2.19224283,23.28717201,-10.42471042,13.11953353,10.47619048,63.73906706,26.63629738,39717856.30000000,14014492.00000000,False
002390,한독,KOSPI,제약,8600,-2.05011390,24.89067055,-2.38365494,21.90233236,-9.75865687,14.39504373,8.31234257,58.92857143,26.60349854,73468494.25000000,22364465.00000000,False
091700,파트론,KOSDAQ,전기·전자,5130,-1.53550864,31.01311953,-0.96525097,33.09037901,-5.35055351,26.31195335,-10.31468531,15.19679300,26.59256560,454091210.50000000,741471445.00000000,False
009160,SIMPAC,KOSPI,금속,4760,-3.15361139,14.28571429,-3.44827586,15.77988338,-1.85567010,41.72740525,-7.21247563,18.58600583,26.57069971,291663245.14999998,781924970.00000000,False
402030,코난테크놀로지,KOSDAQ,IT 서비스,12260,-4.36817473,7.28862974,-1.92000000,25.21865889,-10.57622174,12.86443149,11.45454545,65.37900875,26.51603499,227450346.25000000,178002295.00000000,False
029480,광무,KOSDAQ,전기·전자,1360,0.07358352,65.12390671,-1.23456790,30.57580175,-7.79661017,18.95043732,-9.45406125,16.21720117,26.50874636,119818892.90000001,69210520.00000000,False
214370,케어젠,KOSDAQ,제약,41450,-6.32768362,2.73323615,1.46878825,61.69825073,-8.29646018,17.45626822,-29.86463621,3.68075802,26.50145773,2733560722.50000000,3699615600.00000000,False
039840,디오,KOSDAQ,의료·정밀기기,9650,-1.12704918,37.31778426,1.57894737,62.35422741,-14.22222222,6.96064140,-22.61427426,6.37755102,26.49781341,592052156.00000000,342341415.00000000,False
304100,솔트룩스,KOSDAQ,IT 서비스,13930,-6.00539811,2.95189504,-4.32692308,11.77113703,-8.89470242,16.29008746,24.59749553,80.75801749,26.49416910,1094475689.25000000,1088273070.00000000,False
011760,현대코퍼레이션,KOSPI,유통,23900,-1.44329897,32.47084548,-3.43434343,15.88921283,-7.89980732,18.58600583,6.22222222,54.91982507,26.43221574,779707672.50000000,541382550.00000000,False
066570,LG전자,KOSPI,전기·전자,201000,-3.82775120,10.07653061,-5.85480094,7.58017493,-6.07476636,23.90670554,12.92134831,67.82069971,26.40852770,154615244950.00000000,208632190750.00000000,False
010120,LSELECTRIC,KOSPI,전기·전자,197200,-3.80487805,10.31341108,-4.03892944,13.26530612,-4.73429952,28.68075802,4.11826822,49.48979592,26.38119534,86155801807.50000000,141402712300.00000000,False
034310,NICE,KOSPI,일반서비스,11610,-0.85397096,41.47230321,-3.49127182,15.56122449,-7.41626794,19.89795918,3.47593583,48.03206997,26.38119534,328776344.50000000,80322690.00000000,False
328380,솔트웨어,KOSDAQ,IT 서비스,3600,-5.75916230,3.38921283,-5.75916230,7.87172012,-10.55900621,12.90087464,48.14814815,92.60204082,26.38119534,47437663.70000000,28097902.00000000,False
025950,동신건설,KOSDAQ,건설,9830,-2.76953511,17.05539359,-0.70707071,35.60495627,-3.91006843,32.25218659,-25.30395137,4.99271137,26.28644315,165187604.00000000,211211120.00000000,False
086900,메디톡스,KOSDAQ,제약,66100,-2.07407407,24.48979592,-1.49031297,28.53498542,-4.75504323,28.60787172,-7.03234880,18.98688047,26.25000000,1028015772.50000000,1133288650.00000000,False
318010,팜스빌,KOSDAQ,음식료·담배,3560,-2.46575342,20.00728863,-2.46575342,21.46501458,-4.68540830,28.93586006,-1.38504155,30.79446064,26.17346939,8193131.00000000,1919700.00000000,False
032190,다우데이타,KOSDAQ,유통,18540,-2.42105263,20.59037901,-2.57488177,20.68148688,-8.21782178,17.71137026,5.82191781,53.93586006,26.13520408,1013451760.00000000,916183880.00000000,False
002780,진흥기업,KOSPI,건설,6560,0.00000000,61.20626822,0.30581040,51.05685131,-13.34214003,7.98104956,-21.05896510,7.50728863,26.13155977,602871917.50000000,239112970.00000000,False
011150,CJ씨푸드,KOSPI,음식료·담배,1877,0.26709402,69.46064140,-1.98433420,24.74489796,-7.07920792,20.66326531,-8.21515892,17.38338192,26.11151603,65518936.30000000,88335665.00000000,False
043150,바텍,KOSDAQ,의료·정밀기기,17190,-1.71526587,28.38921283,-1.77142857,26.27551020,-5.75657895,24.74489796,-2.77149321,27.33236152,26.08600583,406788978.50000000,720200165.00000000,False
003570,SNT다이내믹스,KOSPI,운송장비·부품,29050,-3.96694215,9.29300292,-6.29032258,6.66909621,-0.17182131,50.65597668,-11.02603369,14.28571429,26.04956268,3360454947.50000000,3350041650.00000000,False
058820,CMG제약,KOSDAQ,제약,562,0.00000000,61.20626822,0.00000000,45.55393586,-9.93589744,14.13994169,-35.55045872,2.91545190,26.02587464,282367022.64999998,0.00000000,False
088350,한화생명,KOSPI,보험,5180,-2.63157895,18.33090379,-3.71747212,14.43148688,-12.05432937,10.34985423,22.02591284,78.57142857,26.01676385,16909776534.00000000,12382756940.00000000,False
072130,유엔젤,KOSPI,IT 서비스,4670,-0.63829787,45.51749271,-3.71134021,14.46793003,-3.11203320,36.07871720,-12.05273070,13.22886297,25.96938776,123174369.34999999,83774310.00000000,False
006650,대한유화,KOSPI,화학,89000,-0.78037904,42.78425656,-0.22421525,41.39941691,-8.71794872,16.67274052,-12.31527094,12.97376093,25.96209913,4863597340.00000000,2283395600.00000000,False
100030,인지소프트,KOSDAQ,IT 서비스,18750,-1.78103719,27.55102041,-5.25517938,9.00145773,-6.48379052,22.88629738,7.14285714,56.68731778,25.94752187,128173306.50000000,184758560.00000000,False
004960,한신공영,KOSPI,건설,10810,-0.64338235,45.22594752,-0.09242144,42.82069971,-13.10289389,8.34548105,-3.30948122,25.98396501,25.90379009,226433302.25000000,105815130.00000000,False
001390,KG케미칼,KOSPI,화학,4150,-1.19047619,36.44314869,-2.23792697,22.92274052,-8.08416390,18.00291545,1.09622412,40.59766764,25.84183673,434747835.05000001,620121574.00000000,False
014620,성광벤드,KOSDAQ,금속,28850,-1.70357751,28.64431487,-8.55784469,4.15451895,-7.82747604,18.87755102,14.71172962,70.77259475,25.81632653,6295036648.75000000,3969041450.00000000,False
094850,참좋은여행,KOSDAQ,일반서비스,4100,-0.24330900,53.27988338,-3.52941176,15.37900875,-4.42890443,30.06559767,-6.81818182,19.24198251,25.81632653,113031489.00000000,49123349.00000000,False
199430,케이엔알시스템,KOSDAQ,의료·정밀기기,16560,-3.27102804,13.22886297,-5.69476082,8.05393586,-13.70505472,7.58017493,61.08949416,95.00728863,25.77259475,2524086842.25000000,893542910.00000000,False
199550,레이저옵텍,KOSDAQ,의료·정밀기기,3135,-1.25984252,35.34985423,-2.79069767,19.24198251,-10.04304161,13.95772595,5.91216216,54.19096210,25.72886297,65710527.90000000,118169845.00000000,False
175330,JB금융지주,KOSPI,기타금융,27850,-0.88967972,40.83454810,-4.13080895,12.86443149,-11.30573248,11.29737609,11.84738956,66.18075802,25.69788630,14145626558.75000000,16702712050.00000000,False
069410,엔텔스,KOSDAQ,IT 서비스,2535,-1.16959064,36.66180758,-2.31213873,22.41253644,-3.79506641,32.76239067,-14.78991597,10.96938776,25.68877551,36865879.25000000,28746155.00000000,False
130740,티피씨글로벌,KOSDAQ,운송장비·부품,1799,-1.09950522,37.75510204,-0.66261734,36.33381924,-10.05000000,13.92128280,-2.96655879,26.78571429,25.60131195,38269254.20000000,24111915.00000000,False
001420,태원물산,KOSPI,운송장비·부품,2700,2.85714286,91.03498542,-8.93760540,3.75364431,-3.91459075,32.17930029,-13.04347826,12.46355685,25.59402332,86414934.50000000,111058780.00000000,False
054300,팬스타엔터프라이즈,KOSDAQ,기계·장비,997,2.25641026,88.81195335,-4.22670509,12.20845481,-14.64041096,6.59620991,4.94736842,51.93148688,25.56851312,211636342.90000001,253738919.00000000,False
316140,우리금융지주,KOSPI,기타금융,32400,-2.99401198,15.21501458,-7.03012912,5.57580175,-5.26315789,26.93148688,7.82029950,57.98104956,25.56304665,122209663514.14999390,94695643425.00000000,False
005740,크라운해태홀딩스,KOSPI,기타금융,5150,-2.09125475,24.27113703,-0.19379845,41.69096210,-9.01060071,15.96209913,-5.67765568,21.17346939,25.55393586,126870388.25000000,67573650.00000000,False
139130,iM금융지주,KOSPI,기타금융,17600,-2.27651305,22.15743440,-3.50877193,15.45189504,-5.63002681,25.25510204,1.67533218,42.85714286,25.52478134,7486475557.25000000,10086283971.00000000,False
104460,디와이피엔에프,KOSDAQ,기계·장비,6700,-1.03397341,38.48396501,0.29940120,50.87463557,-10.42780749,13.08309038,-24.03628118,5.64868805,25.47376093,79768813.25000000,39354620.00000000,False
211270,AP위성,KOSDAQ,전기·전자,8070,-5.17038778,4.66472303,-10.73008850,2.44169096,-2.53623188,38.55685131,2.02275601,44.16909621,25.45553936,1232312815.50000000,1931180070.00000000,False
139480,이마트,KOSPI,유통,70400,-0.98452883,39.43148688,-1.81311018,25.91107872,-5.12129380,27.44169096,-11.55778894,13.62973761,25.41909621,6565780850.00000000,8346356550.00000000,False
460930,현대힘스,KOSDAQ,운송장비·부품,12320,-3.52388410,11.69825073,-4.42203258,11.37026239,-7.85340314,18.80466472,11.89827430,66.25364431,25.35349854,1453291552.00000000,1264088615.00000000,False
048430,유라테크,KOSDAQ,전기·전자,5810,0.34542314,70.69970845,-3.96694215,13.48396501,-10.61538462,12.68221574,2.65017668,45.80903790,25.34985423,831822663.75000000,63616750.00000000,False
000815,삼성화재우,KOSPI,보험,390500,-1.01394170,38.95772595,-2.13032581,23.83381924,-7.79220779,18.98688047,-0.25542784,33.45481050,25.33163265,3378418162.50000000,3533667750.00000000,False
053290,NE능률,KOSDAQ,오락·문화,1485,0.33783784,70.51749271,-5.05115090,9.47521866,-11.34328358,11.15160350,5.99571734,54.51895044,25.25874636,15637994.95000000,24638461.00000000,False
054040,한국컴퓨터,KOSDAQ,전기·전자,4320,-2.15175538,23.61516035,-2.48306998,21.24635569,-3.57142857,34.00145773,-10.74380165,14.61370262,25.25874636,89112246.70000000,153734950.00000000,False
005990,매일홀딩스,KOSDAQ,음식료·담배,10300,-1.62368672,29.99271137,-3.64826941,14.72303207,-6.02189781,24.08892128,1.17878193,40.92565598,25.23688047,34384378.75000000,82797020.00000000,False
138930,BNK금융지주,KOSPI,기타금융,15270,-0.84415584,41.69096210,-3.78071834,14.13994169,-3.35443038,34.98542274,-11.32404181,13.92128280,25.18950437,16169282992.00000000,14313303705.00000000,False
037710,광주신세계,KOSPI,유통,33550,-0.14880952,55.79446064,-1.61290323,27.53279883,-6.02240896,24.05247813,-19.35096154,8.63702624,25.18768222,561871356.25000000,472665225.00000000,False
265560,영화테크,KOSDAQ,운송장비·부품,6210,-0.32102729,51.78571429,-0.64000000,36.51603499,-9.47521866,14.94169096,-10.26011561,15.30612245,25.17128280,70702905.50000000,76297920.00000000,False
033540,파라텍,KOSDAQ,기계·장비,2815,-0.17730496,55.17492711,0.35650624,51.49416910,-12.44167963,9.47521866,-40.92339979,2.00437318,25.15670554,77193953.40000001,13175265.00000000,False
079900,전진건설로봇,KOSPI,기계·장비,38000,-2.43902439,20.44460641,-5.00000000,9.63921283,-8.43373494,17.23760933,11.92930781,66.32653061,25.09657434,2785352028.75000000,1091967250.00000000,False
149980,하이로닉,KOSDAQ,의료·정밀기기,4445,-0.11235955,56.70553936,-4.09924488,12.93731778,-7.97101449,18.29446064,1.13765643,40.74344023,25.01822157,78317802.34999999,99921004.00000000,False
298020,효성티앤씨,KOSPI,화학,277000,-1.24777184,35.60495627,-0.53859964,37.39067055,-20.40229885,3.53498542,1.83823529,43.47667638,24.88702624,4759970812.50000000,4210741250.00000000,False
078020,LS증권,KOSDAQ,금융,6340,-1.70542636,28.60787172,-3.05810398,17.85714286,-5.23168909,27.07725948,-2.00927357,29.11807580,24.87244898,236565645.00000000,189251955.00000000,False
086040,바이오톡스텍,KOSDAQ,일반서비스,2195,-4.14847162,8.41836735,-2.66075388,20.08017493,-7.96645702,18.36734694,5.52884615,53.27988338,24.86880466,16670611.90000000,4792005.00000000,False
061040,알에프텍,KOSDAQ,전기·전자,7240,-3.07898260,14.61370262,-1.49659864,28.42565598,-5.48302872,25.76530612,-4.86202365,22.77696793,24.85058309,26957140.75000000,28136120.00000000,False
465770,STX그린로지스,KOSPI,운송·창고,2170,0.69605568,76.36661808,-5.03282276,9.54810496,-42.89473684,0.72886297,14.09043113,69.86151603,24.76494169,2446288502.19999981,1457082493.00000000,False
347850,디앤디파마텍,KOSDAQ,일반서비스,42950,-4.44938821,6.92419825,2.62843489,69.20553936,-13.58148893,7.72594752,-50.40415704,1.05685131,24.75583090,24878690591.25000000,26465725500.00000000,False
025440,DH오토웨어,KOSDAQ,전기·전자,3180,-0.46948357,48.85204082,-2.15384615,23.56049563,-6.47058824,22.95918367,-7.69230769,18.07580175,24.75218659,14158260.00000000,43711525.00000000,False
484810,티엑스알로보틱스,KOSDAQ,기계·장비,11590,-2.84995809,16.50874636,-5.00000000,9.63921283,-15.21580102,6.08600583,36.35294118,88.26530612,24.63010204,1864856794.50000000,782949150.00000000,False
079430,현대리바트,KOSPI,기타제조,5560,-0.17953321,55.13848397,-2.96684119,18.33090379,-7.64119601,19.35131195,-1.94003527,29.33673469,24.62099125,69969195.00000000,49807750.00000000,False
015260,에이엔피,KOSPI,전기·전자,249,29.68750000,99.56268222,-0.40000000,39.21282799,-29.26136364,1.45772595,-14.43298969,11.26093294,24.55539359,392456465.30000001,668148795.00000000,False
019180,티에이치엔,KOSPI,전기·전자,4915,-0.60667341,46.30102041,-1.50300601,28.38921283,-6.55893536,22.63119534,-14.22338569,11.66180758,24.53170554,305832375.75000000,155207080.00000000,False
18064K,한진칼우,KOSPI,기타금융,29300,-2.17028381,23.28717201,-2.49584027,21.17346939,-9.42812983,15.08746356,3.90070922,48.90670554,24.49708455,37048592.50000000,63693050.00000000,False
016360,삼성증권,KOSPI,증권,85900,-3.37457818,12.71865889,-3.15670800,17.31049563,-2.05245154,40.70699708,-19.41838649,8.60058309,24.46793003,25763733815.40000153,33238150900.00000000,False
097955,CJ제일제당우,KOSPI,음식료·담배,109500,0.00000000,61.20626822,-1.17328520,31.04956268,-9.80230643,14.28571429,-9.20398010,16.54518950,24.45881924,1125577822.50000000,192068600.00000000,False
003550,LG,KOSPI,기타금융,108400,-1.90045249,26.38483965,-2.16606498,23.43294461,-12.93172691,8.67346939,7.00888450,56.37755102,24.41326531,26844832547.40000153,28921802100.00000000,False
043340,에쎈테크,KOSDAQ,기계·장비,614,4.42176871,95.22594752,-0.16260163,41.98250729,-25.84541063,2.25947522,-21.68367347,6.96064140,24.41326531,46175096.65000000,12176299.00000000,False
030720,동원수산,KOSPI,농업 임업 및 어업,4680,4.93273543,95.80903790,-1.16156283,31.19533528,-12.35955056,9.62099125,-20.54329372,7.79883382,24.34766764,173256708.25000000,500362447.00000000,False
368970,오에스피,KOSDAQ,음식료·담배,2395,-1.03305785,38.52040816,-7.17054264,5.43002915,-8.23754789,17.67492711,7.88288288,58.05393586,24.16180758,103443959.70000000,181928145.00000000,False
019010,베뉴지,KOSDAQ,유통,4300,1.77514793,85.89650146,-4.97237569,9.78498542,-7.52688172,19.71574344,-4.44444444,23.70626822,24.15269679,1027500231.10000002,234250663.00000000,False
002380,KCC,KOSPI,화학,457000,-2.24598930,22.52186589,-2.86928799,18.73177843,-8.32497492,17.38338192,2.81214848,46.24635569,24.07434402,10341560837.50000000,9498623750.00000000,False
130660,한전산업,KOSPI,일반서비스,11720,-3.30033003,13.11953353,-4.56026059,10.96938776,-7.93401414,18.47667638,8.82079851,60.31341108,24.05612245,8167925039.75000000,1900331615.00000000,False
0126Z0,삼성에피스홀딩스,KOSPI,기타금융,343000,-5.50964187,3.82653061,-1.57819225,27.84256560,-4.72222222,28.71720117,-6.91994573,19.16909621,24.05612245,12394608175.00000000,15965094250.00000000,False
004990,롯데지주,KOSPI,기타금융,23050,-0.86021505,41.39941691,-3.95833333,13.55685131,-7.24346076,20.26239067,0.43572985,38.62973761,24.03790087,3076635583.75000000,2541594150.00000000,False
033340,좋은사람들,KOSDAQ,섬유·의류,460,0.00000000,61.20626822,0.00000000,45.55393586,-29.12172573,1.56705539,-7.81563126,17.82069971,23.97776968,1401351570.34999990,0.00000000,False
005870,휴니드,KOSPI,전기·전자,4270,-2.51141553,19.49708455,-4.58100559,10.86005831,-3.93700787,32.06997085,-1.83908046,29.66472303,23.96865889,176480131.30000001,213908622.00000000,False
053280,예스24,KOSDAQ,유통,2840,1.06761566,80.61224490,-2.73972603,19.49708455,-8.68167203,16.72740525,-9.12000000,16.65451895,23.93221574,162427039.15000001,38275300.00000000,False
003960,사조대림,KOSPI,음식료·담배,27200,-0.18348624,54.91982507,-1.80505415,25.94752187,-8.26306914,17.60204082,-7.79661017,17.89358601,23.89577259,77549401.25000000,89743600.00000000,False
003070,코오롱글로벌,KOSPI,건설,8990,-1.74863388,27.87900875,-5.56722689,8.27259475,-4.05549626,31.48688047,-1.74863388,29.91982507,23.84839650,77223763.50000000,55793760.00000000,False
108670,LX하우시스,KOSPI,화학,32150,-1.83206107,26.89504373,-3.16265060,17.23760933,-9.05233380,15.85276968,3.37620579,47.74052478,23.75000000,518058968.75000000,367170200.00000000,False
114090,GKL,KOSPI,오락·문화,8640,0.34843206,70.73615160,-1.92962543,25.10932945,-8.28025478,17.56559767,-16.11650485,10.27696793,23.68804665,794036605.50000000,538532605.00000000,False
337930,젝시믹스,KOSDAQ,IT 서비스,2330,-1.27118644,35.20408163,0.00000000,45.55393586,-10.72796935,12.39067055,-20.74829932,7.68950437,23.68075802,156572888.50000000,106263434.00000000,False
475560,더본코리아,KOSPI,유통,14070,-0.91549296,40.08746356,-2.01949861,24.56268222,-8.81399870,16.47230321,-2.22376650,28.57142857,23.68075802,335388890.25000000,232371990.00000000,False
950220,네오이뮨텍,KOSDAQ,일반서비스,1879,-3.44295992,12.20845481,-4.71602434,10.24052478,-25.13944223,2.44169096,45.88509317,91.90962099,23.65160350,908169169.89999998,440020343.00000000,False
001527,동양2우B,KOSPI,비금속,4995,1.93877551,87.13556851,-0.29940120,40.67055394,-15.19524618,6.15889213,-47.91449426,1.27551020,23.63338192,15706630.00000000,1963980.00000000,False
180640,한진칼,KOSPI,기타금융,129800,-1.74110522,27.98833819,-1.74110522,26.49416910,-12.82740094,8.78279883,3.01587302,46.82944606,23.62609329,9934081336.50000000,8919302750.00000000,False
004770,써니전자,KOSPI,전기·전자,1765,0.05668934,64.97813411,-10.13238289,2.76967930,-12.83950617,8.74635569,10.51972448,63.84839650,23.59693878,4668610618.55000019,712757459.00000000,False
0082N0,카나프테라퓨틱스,KOSDAQ,일반서비스,12080,-7.50382848,1.63994169,0.58284763,53.49854227,-15.70132589,5.72157434,-3.59138069,25.36443149,23.57507289,881295586.00000000,643807760.00000000,False
080530,코디,KOSDAQ,화학,2400,-3.22580645,13.62973761,-3.42052314,15.92565598,-4.19161677,31.06778426,-3.80761523,24.96355685,23.56049563,19644577.10000000,26923425.00000000,False
334970,프레스티지바이오로직스,KOSDAQ,제약,1387,-0.99928622,39.17638484,0.87272727,56.45043732,-19.45412311,3.93586006,-24.20765027,5.43002915,23.51311953,230074545.80000001,33837255.00000000,False
003650,미창석유,KOSPI,화학,122400,0.16366612,66.72740525,-3.54609929,15.21501458,-6.42201835,23.17784257,-10.52631579,14.85058309,23.47849854,282758977.50000000,78427200.00000000,False
417180,핑거스토리,KOSDAQ,IT 서비스,3965,-1.24533001,35.71428571,-3.05623472,17.89358601,-10.99887767,12.06268222,3.52480418,48.21428571,23.40743440,21398073.45000000,7256770.00000000,False
008260,NI스틸,KOSPI,금속,3160,-1.40405616,33.19970845,-6.78466077,5.97667638,-7.19530103,20.29883382,4.46280992,50.58309038,23.34912536,226858304.05000001,159160805.00000000,False
377450,리파인,KOSDAQ,IT 서비스,13780,-2.75229358,17.23760933,-6.06680300,7.21574344,-18.79787861,4.15451895,37.80000000,88.92128280,23.33454810,1356730680.50000000,164081795.00000000,False
036630,세종텔레콤,KOSDAQ,건설,7790,-3.22981366,13.55685131,0.90673575,56.88775510,-14.30143014,6.92419825,-16.05603448,10.31341108,23.25437318,76991818.50000000,7498160.00000000,False
071850,캐스텍코리아,KOSDAQ,운송장비·부품,1210,-0.65681445,45.08017493,-2.34059726,22.19387755,-5.68978956,25.03644315,-16.14691615,10.24052478,23.22886297,9425331.00000000,14043094.00000000,False
008040,사조동아원,KOSPI,음식료·담배,7640,0.65876153,75.83819242,-2.55102041,20.95481050,-12.18390805,10.05830904,-3.16856781,26.49416910,23.19241983,126353632.00000000,57595090.00000000,False
017800,현대엘리베이터,KOSPI,기계·장비,70200,-2.63522885,18.29446064,-4.22919509,12.17201166,-7.01986755,20.95481050,2.93255132,46.57434402,23.17784257,5953247546.25000000,9897329700.00000000,False
440320,오픈놀,KOSDAQ,IT 서비스,2060,-1.43540670,32.58017493,-1.19904077,30.83090379,-10.82251082,12.28134111,-2.13776722,28.71720117,23.16326531,29855984.80000000,22099405.00000000,False
210540,디와이파워,KOSPI,기계·장비,10800,-1.72884440,28.09766764,-3.05206463,17.93002915,-6.81622088,21.90233236,-1.45985401,30.64868805,23.07944606,228188538.50000000,438027550.00000000,False
018500,동원모빌리티,KOSPI,운송장비·부품,1312,-0.75642965,43.33090379,-3.45842531,15.74344023,-7.73558368,19.13265306,-0.98113208,31.48688047,23.00655977,73407910.80000000,87139347.00000000,False
039130,하나투어,KOSPI,일반서비스,29750,-1.32669983,34.34766764,-1.49006623,28.57142857,-9.29878049,15.37900875,-4.18679549,24.23469388,23.00473761,902678285.00000000,616333525.00000000,False
33626K,두산퓨얼셀1우,KOSPI,전기·전자,6070,-1.93861066,25.91107872,-2.09677419,23.97959184,-7.32824427,20.15306122,-3.49761526,25.72886297,22.99198251,175054274.75000000,63106780.00000000,False
052400,코나아이,KOSDAQ,IT 서비스,35800,-0.13947001,56.12244898,-5.29100529,8.89212828,-4.40587450,30.10204082,-11.93111931,13.30174927,22.98104956,2401961021.25000000,2269707300.00000000,False
067290,JW신약,KOSDAQ,제약,2750,-4.18118467,8.27259475,-8.18030050,4.62827988,-23.18435754,2.80612245,87.96992481,97.81341108,22.90087464,44925530291.84999847,5270885535.00000000,False
003030,세아제강지주,KOSPI,기타금융,103000,-4.62962963,5.97667638,-14.16666667,1.27551020,-2.36966825,39.43148688,-1.43540670,30.68513120,22.88994169,2263938915.00000000,2407839450.00000000,False
353810,이지바이오,KOSDAQ,음식료·담배,5800,-0.85470085,41.43586006,-4.13223140,12.82798834,-5.84415584,24.52623907,-3.65448505,25.25510204,22.85349854,426274473.00000000,322641250.00000000,False
004980,성신양회,KOSPI,비금속,8000,-1.35635018,34.01967930,-2.55785627,20.91836735,-5.77149588,24.70845481,-9.29705215,16.43586006,22.84803207,407175230.25000000,376248760.00000000,False
300080,플리토,KOSDAQ,IT 서비스,7860,-2.84301607,16.61807580,-12.56952169,1.71282799,-10.17142857,13.62973761,18.91074130,75.87463557,22.80247813,705868070.50000000,384022280.00000000,False
036580,팜스코,KOSPI,음식료·담배,2450,0.00000000,61.20626822,-2.39043825,21.82944606,-9.76058932,14.35860058,-5.40540541,21.68367347,22.74963557,74697652.15000001,94077725.00000000,False
214150,클래시스,KOSDAQ,의료·정밀기기,30100,-2.27272727,22.26676385,-0.82372323,34.54810496,-5.93750000,24.23469388,-39.92015968,2.22303207,22.72959184,4444108835.00000000,5177455775.00000000,False
044340,위닉스,KOSDAQ,전기·전자,2720,-0.72992701,43.73177843,0.00000000,45.55393586,-16.81957187,5.02915452,-12.25806452,13.01020408,22.65306122,199225006.30000001,98568505.00000000,False
053160,프리엠스,KOSDAQ,전기·전자,8800,-0.56497175,47.01166181,-0.78917700,34.76676385,-17.60299625,4.77405248,-2.43902439,28.02478134,22.64577259,83514451.75000000,79661070.00000000,False
035200,프럼파스트,KOSDAQ,화학,2550,0.79051383,77.80612245,-1.92307692,25.14577259,-12.52144082,9.36588921,-8.92857143,16.80029155,22.43075802,500502941.94999999,42921560.00000000,False
226330,신테카바이오,KOSDAQ,IT 서비스,1227,0.57377049,74.38046647,-5.61538462,8.23615160,-5.54272517,25.65597668,-14.79166667,10.93294461,22.35787172,183474709.80000001,72829418.00000000,False
001200,유진투자증권,KOSPI,증권,3970,-1.61090458,30.21137026,-1.97530864,24.85422741,-8.63060990,16.87317784,-3.52369380,25.61953353,22.35058309,1678436839.20000005,1145155748.00000000,False
218150,미래생명자원,KOSDAQ,음식료·담배,1854,-2.67716535,17.85714286,-2.57488177,20.68148688,-10.65060241,12.53644315,2.94280955,46.64723032,22.33418367,453236248.35000002,137722064.00000000,False
099320,쎄트렉아이,KOSDAQ,운송장비·부품,69200,-8.22281167,1.20262391,-9.42408377,3.31632653,-0.85959885,46.72011662,-12.95597484,12.50000000,22.30320700,4760899942.50000000,6956383300.00000000,False
047810,한국항공우주,KOSPI,운송장비·부품,121600,0.24732069,69.20553936,-4.02525651,13.37463557,-6.02782071,24.01603499,-18.93333333,8.70991254,22.28134111,33008512490.00000000,46872594650.00000000,False
270520,앱튼,KOSDAQ,일반서비스,835,-5.22133939,4.59183673,3.08641975,72.04810496,-71.55025554,0.21865889,-65.20833333,0.54664723,22.27040816,1535963921.95000005,590514206.00000000,False
123410,코리아에프티,KOSDAQ,운송장비·부품,5510,-2.47787611,19.82507289,-7.70519263,5.06559767,-6.92567568,21.46501458,4.55407970,50.87463557,22.26311953,312933797.25000000,393186760.00000000,False
225570,넥슨게임즈,KOSDAQ,IT 서비스,9990,-4.94766889,5.24781341,-3.47826087,15.59766764,-13.50649351,7.76239067,13.91106043,69.71574344,22.25218659,1603410883.50000000,2408786895.00000000,False
145020,휴젤,KOSDAQ,제약,181300,-1.68112798,29.15451895,0.94654788,57.25218659,-25.39094650,2.33236152,-23.17796610,5.97667638,22.21938776,12269731153.54999924,9868722100.00000000,False
136410,아셈스,KOSDAQ,화학,3665,0.13661202,66.10787172,-2.00534759,24.67201166,-8.03011292,18.14868805,-26.47943831,4.55539359,22.18294461,63550924.75000000,43326837.00000000,False
298060,풍전약품,KOSDAQ,제약,2320,-0.64239829,45.28061224,-1.69491525,26.91326531,-8.11881188,17.96647230,-14.23290203,11.62536443,22.11370262,30999290.45000000,9215575.00000000,False
035890,서희건설,KOSDAQ,건설,2105,-1.86480186,26.71282799,-3.88127854,13.84839650,-10.99365751,12.09912536,4.98753117,52.00437318,22.06632653,544772436.00000000,422214857.00000000,False
357880,SKAI,KOSDAQ,IT 서비스,1736,-3.12500000,14.39504373,-4.72008782,10.20408163,-1.92090395,41.25364431,-24.84848485,5.10204082,22.02259475,1345408041.04999995,642309662.00000000,False
067900,와이엔텍,KOSDAQ,일반서비스,5770,-2.20338983,22.81341108,-2.86195286,18.84110787,-5.40983607,26.09329446,-7.68000000,18.11224490,21.99344023,99138458.25000000,59660520.00000000,False
003300,한일홀딩스,KOSPI,비금속,17000,-1.44927536,32.37973761,-4.33314575,11.69825073,-8.40517241,17.31049563,1.25074449,41.36297376,21.94424198,244790387.25000000,74619100.00000000,False
439260,대한조선,KOSPI,운송장비·부품,44800,-4.47761194,6.74198251,-1.96936543,24.89067055,-6.47181628,22.92274052,-4.68085106,23.03206997,21.91690962,1451667486.25000000,2804278250.00000000,False
004870,티웨이홀딩스,KOSPI,비금속,984,1.13052415,81.08600583,-1.60000000,27.69679300,-12.92035398,8.70991254,-16.25531915,10.05830904,21.91326531,106791413.05000000,21685392.00000000,False
050110,캠시스,KOSDAQ,전기·전자,4930,-1.40000000,33.38192420,-8.68679385,4.11807580,-14.85319516,6.45043732,16.74165285,73.76093294,21.90597668,62430219.10000000,187655673.00000000,False
012205,계양전기우,KOSPI,기계·장비,4825,-2.32793522,21.53790087,-1.53061224,28.02478134,-5.39215686,26.12973761,-27.35621801,4.26384840,21.86588921,55033450.50000000,29400600.00000000,False
279570,케이뱅크,KOSPI,은행,5270,-2.76752768,17.12827988,-2.40740741,21.68367347,-8.18815331,17.74781341,-0.56603774,32.61661808,21.84037901,3123522814.75000000,3928487655.00000000,False
001270,부국증권,KOSPI,증권,49300,-1.59680639,30.39358601,-3.33333333,16.38119534,-5.37428023,26.20262391,-8.87245841,16.83673469,21.80211370,297405182.50000000,209876850.00000000,False
093240,형지엘리트,KOSPI,섬유·의류,296,0.00000000,61.20626822,0.00000000,45.55393586,-20.64343164,3.31632653,-32.42009132,3.17055394,21.74744898,145028354.09999999,0.00000000,False
134580,엔키AX,KOSDAQ,IT 서비스,2270,-3.40425532,12.35422741,-24.08026756,0.32798834,-32.23880597,1.16618076,121.89638319,99.45335277,21.69096210,2248205761.84999990,1301597193.00000000,False
004000,롯데정밀화학,KOSPI,화학,42050,-1.29107981,34.83965015,-3.11059908,17.56559767,-8.18777293,17.78425656,-2.09545984,28.79008746,21.62536443,2115850452.50000000,2230542350.00000000,False
079000,와토스코리아,KOSDAQ,화학,3595,0.41899441,72.12099125,-1.50684932,28.35276968,-11.67076167,10.75072886,-20.19977802,7.98104956,21.61443149,38562451.25000000,9863185.00000000,False
100840,SNT에너지,KOSPI,기계·장비,32000,-3.17700454,14.06705539,-15.00664011,1.09329446,-14.89361702,6.41399417,32.23140496,86.33381924,21.56705539,8078485857.50000000,3626332175.00000000,False
103840,우양,KOSDAQ,음식료·담배,1556,-1.39416984,33.49125364,-1.33164236,29.95626822,-7.49108205,19.75218659,-22.20000000,6.59620991,21.55612245,38188525.50000000,45669741.00000000,False
053690,한미글로벌,KOSPI,일반서비스,19700,-1.99004975,25.29154519,-6.85579196,5.83090379,-18.59504132,4.22740525,20.78479460,77.58746356,21.48688047,3987864717.25000000,1609973530.00000000,False
001810,무림SP,KOSDAQ,종이·목재,1100,-0.27198549,52.66034985,-4.92653414,9.87609329,-6.46258503,23.03206997,-6.38297872,19.75218659,21.39212828,48276086.35000000,24115971.00000000,False
002995,금호건설우,KOSPI,건설,14900,4.41485634,95.18950437,-0.66666667,36.18804665,-25.87064677,2.22303207,-67.03539823,0.47376093,21.35932945,118899070.00000000,71541960.00000000,False
059270,해성에어로보틱스,KOSDAQ,금속,5120,-3.39622642,12.42711370,-6.22710623,6.77842566,-2.66159696,37.93731778,-10.80139373,14.54081633,21.35932945,359531370.14999998,157396010.00000000,False
017000,신원종합개발,KOSDAQ,건설,2265,-1.73535792,28.06122449,-1.94805195,25.03644315,-7.73930754,19.09620991,-8.66935484,16.98250729,21.35204082,57368725.50000000,26633022.00000000,False
459550,알트,KOSDAQ,전기·전자,1888,-5.41082164,4.19096210,-10.30878860,2.66034985,-28.88888889,1.60349854,76.28384687,97.01166181,21.26093294,6181415570.05000019,931582790.00000000,False
276730,한울앤제주,KOSDAQ,음식료·담배,851,-0.23446659,53.68075802,0.35377358,51.42128280,-34.23493045,0.91107872,-78.68770348,0.25510204,21.20991254,99055673.09999999,19095990.00000000,False
003470,유안타증권,KOSPI,증권,4225,-0.58823529,46.61078717,-2.87356322,18.69533528,-10.10638298,13.81195335,-2.87356322,27.04081633,21.20262391,1095638670.34999990,832742832.00000000,False
006360,GS건설,KOSPI,건설,31800,-3.04878049,14.94169096,-6.74486804,6.04956268,-9.65909091,14.66836735,8.71794872,59.98542274,21.17346939,55411996350.00000000,26585500125.00000000,False
047400,유니온머티리얼,KOSPI,비금속,851,4.67404674,95.51749271,-8.29741379,4.40962099,-7.39934712,19.93440233,-14.38631791,11.40670554,21.12973761,334460164.55000001,0.00000000,False
001740,SK네트웍스,KOSPI,유통,6120,-3.31753555,13.01020408,-1.29032258,30.28425656,-5.84615385,24.48979592,-26.26506024,4.59183673,21.10058309,4397452451.50000000,5064003370.00000000,False
001510,SK증권,KOSPI,증권,2220,-1.98675497,25.36443149,-2.20264317,23.17784257,-9.75609756,14.43148688,-1.98675497,29.19096210,21.10058309,4960155993.50000000,2725855763.00000000,False
225430,케이엠제약,KOSDAQ,화학,698,0.00000000,61.20626822,0.00000000,45.55393586,-24.37703142,2.55102041,-47.59759760,1.34839650,21.07689504,402163524.75000000,0.00000000,False
243070,휴온스,KOSDAQ,제약,19030,-2.10905350,24.05247813,-0.31430068,40.26967930,-9.81042654,14.21282799,-28.18867925,4.00874636,20.97303207,475931499.75000000,558894240.00000000,False
014940,오리엔탈정공,KOSDAQ,기계·장비,4300,-4.12486065,8.60058309,-3.37078652,16.25364431,-7.02702703,20.91836735,-0.11614402,34.07434402,20.91836735,540749642.00000000,498561295.00000000,False
008830,대동기어,KOSDAQ,기계·장비,6100,-3.17460317,14.10349854,-2.08667737,24.21647230,-5.27950311,26.78571429,-20.93324692,7.54373178,20.89832362,1766361417.50000000,1218255330.00000000,False
003680,한성기업,KOSPI,음식료·담배,4440,0.11273957,65.63411079,-2.73822563,19.53352770,-7.59625390,19.49708455,-31.79723502,3.31632653,20.88556851,526858623.64999998,4067593398.00000000,False
109070,주성코퍼레이션,KOSPI,전기·전자,6880,-4.31154381,7.61661808,-1.43266476,28.93586006,-11.22580645,11.62536443,-0.28985507,33.27259475,20.74708455,101773577.00000000,87356800.00000000,False
025870,신라에스지,KOSDAQ,유통,1059,0.00000000,61.20626822,0.00000000,45.55393586,-29.16387960,1.49416910,-44.23380727,1.67638484,20.71975219,209924278.00000000,0.00000000,False
286750,나노실리칸첨단소재,KOSDAQ,화학,2525,-0.39447732,50.29154519,-2.13178295,23.79737609,-7.67824497,19.27842566,-28.59162896,3.97230321,20.67419825,162654309.94999999,29201025.00000000,False
001210,금호전기,KOSPI,전기·전자,8490,-2.18894009,23.03206997,-9.00321543,3.68075802,-33.04416404,1.02040816,29.02735562,84.29300292,20.67419825,29783673856.75000000,4644308060.00000000,False
000810,삼성화재,KOSPI,보험,610000,-2.40000000,20.77259475,-3.78548896,14.10349854,-7.01219512,21.06413994,-1.92926045,29.40962099,20.61588921,55125710116.30000305,73113379562.00000000,False
001500,현대차증권,KOSPI,증권,7540,-2.07792208,24.41690962,-2.83505155,19.13265306,-8.04878049,18.07580175,-3.45710627,25.80174927,20.57215743,442075592.50000000,901177085.00000000,False
040160,누리플렉스,KOSDAQ,IT 서비스,6280,-3.38461538,12.66399417,-5.84707646,7.61661808,-9.37950938,15.19679300,6.08108108,54.59183673,20.54846939,103857412.00000000,28481580.00000000,False
195990,루트K,KOSDAQ,기계·장비,1103,0.27272727,69.62463557,-1.51785714,28.27988338,-15.08852964,6.34110787,-12.46031746,12.79154519,20.54118076,26020424.90000000,12923008.00000000,False
251270,넷마블,KOSPI,IT 서비스,33700,-2.17706821,23.17784257,-2.03488372,24.48979592,-7.16253444,20.37172012,-11.89542484,13.41107872,20.49562682,23484920910.50000000,5636559850.00000000,False
084850,아이티엠반도체,KOSDAQ,전기·전자,7700,0.78534031,77.69679300,-5.17241379,9.25655977,-7.89473684,18.62244898,-13.58024691,12.20845481,20.43731778,130558376.00000000,95501660.00000000,False
011560,세보엠이씨,KOSDAQ,건설,23000,-2.54237288,19.09620991,-2.54237288,21.02769679,-12.38095238,9.58454810,1.32158590,41.90962099,20.43367347,1641738560.00000000,2224297975.00000000,False
084440,유비온,KOSDAQ,IT 서비스,4775,-6.37254902,2.62390671,-2.05128205,24.41690962,-20.15050167,3.64431487,7.18294052,56.85131195,20.41545190,20450273.40000000,14382482.00000000,False
00088K,한화3우B,KOSPI,화학,36500,-2.92553191,15.81632653,-7.59493671,5.10204082,-12.57485030,9.29300292,12.93666264,67.85714286,20.40087464,1047881996.25000000,562140900.00000000,False
064400,LG씨엔에스,KOSPI,IT 서비스,67700,-2.16763006,23.36005831,-1.88405797,25.47376093,-11.27129751,11.51603499,-2.02604920,29.08163265,20.40087464,32964802835.70000076,49809739000.00000000,False
214420,토니모리,KOSPI,화학,4905,-3.06324111,14.68658892,-1.80180180,26.02040816,-6.57142857,22.55830904,-16.29692833,9.98542274,20.29518950,261150704.69999999,381885897.00000000,False
396690,미래에셋글로벌리츠,KOSPI,부동산,1324,-0.45112782,49.38046647,-1.48809524,28.60787172,-11.14093960,11.88046647,-16.20253165,10.09475219,20.29154519,107765596.45000000,53635773.00000000,False
900100,파이온엑스,KOSDAQ,유통,1096,0.00000000,61.20626822,0.00000000,45.55393586,-48.05687204,0.65597668,-50.18181818,1.09329446,20.26785714,164990769.55000001,0.00000000,False
044380,주연테크,KOSPI,전기·전자,436,0.00000000,61.20626822,0.00000000,45.55393586,-53.16863588,0.47376093,-47.72182254,1.31195335,20.23870262,379621889.14999998,0.00000000,False
477850,마키나락스,KOSDAQ,IT 서비스,21050,-0.94117647,39.86880466,-0.94117647,33.41836735,-10.23454158,13.50218659,-29.00505902,3.89941691,20.19314869,9771980291.25000000,5943875075.00000000,False
001720,신영증권,KOSPI,증권,136300,-2.57326662,18.93221574,-2.15362527,23.61516035,-7.71834800,19.16909621,-7.90540541,17.71137026,20.18768222,1189553420.00000000,986574600.00000000,False
432430,와이랩,KOSDAQ,오락·문화,1970,-2.71604938,17.56559767,-3.66748166,14.57725948,-5.96658711,24.16180758,-5.28846154,21.90233236,20.17492711,78180564.15000001,60635037.00000000,False
017670,SK텔레콤,KOSPI,통신,84200,-3.10701956,14.43148688,-1.75029172,26.42128280,-10.23454158,13.50218659,-2.88350634,27.00437318,20.17128280,60261342980.00000000,57551292500.00000000,False
297570,아틀라스링크,KOSDAQ,전기·전자,3940,-1.12923463,37.20845481,-1.12923463,31.52332362,-9.32105869,15.30612245,-27.03703704,4.33673469,20.16763848,28661869.45000000,26274895.00000000,False
463020,뉴엔AI,KOSDAQ,IT 서비스,6490,-2.25903614,22.37609329,-3.27868852,16.78206997,-23.73678026,2.66034985,8.34724541,59.03790087,20.14395044,768549667.25000000,282372440.00000000,False
006370,대구백화점,KOSPI,유통,2965,-0.67001675,44.93440233,-0.67001675,36.11516035,-13.80813953,7.39795918,-18.09392265,9.07434402,20.10204082,216774904.00000000,42208270.00000000,False
004020,현대제철,KOSPI,금속,28050,-1.05820106,38.19241983,-7.73026316,4.99271137,-13.42592593,7.90816327,7.88461538,58.09037901,20.09839650,25775454317.50000000,14538064650.00000000,False
900310,컬러레이,KOSDAQ,금융,2005,-1.23152709,35.93294461,-4.06698565,13.11953353,-11.28318584,11.40670554,0.75376884,39.61370262,20.01457726,8811473.35000000,9527011.00000000,False
291810,핀텔,KOSDAQ,IT 서비스,409,0.00000000,61.20626822,0.00000000,45.55393586,-75.59665871,0.14577259,-62.64840183,0.72886297,19.99088921,581333792.39999998,0.00000000,False
035290,골드앤에스,KOSDAQ,오락·문화,384,0.00000000,61.20626822,0.00000000,45.55393586,-67.86610879,0.25510204,-79.20952897,0.21865889,19.93258017,293328995.35000002,0.00000000,False
098070,한텍,KOSDAQ,금속,23050,-2.53699789,19.13265306,-6.10997963,7.03352770,-9.43025540,15.05102041,4.06320542,49.34402332,19.91253644,2441947443.75000000,1673967700.00000000,False
013520,화승코퍼레이션,KOSPI,운송장비·부품,2435,-4.13385827,8.49125364,-2.79441118,19.20553936,-6.16570328,23.72448980,-7.06106870,18.84110787,19.86880466,157763199.15000001,330207195.00000000,False
352480,씨앤씨인터내셔널,KOSDAQ,화학,20100,-4.51306413,6.55976676,-3.36538462,16.29008746,-7.79816514,18.91399417,-0.24813896,33.60058309,19.82871720,276795218.00000000,311842065.00000000,False
003230,삼양식품,KOSPI,음식료·담배,1165000,-3.79851363,10.34985423,-3.79851363,14.03061224,-12.40601504,9.54810496,5.62103354,53.49854227,19.76311953,52701541100.00000000,36063366500.00000000,False
089150,케이씨티,KOSDAQ,IT 서비스,1601,-1.47692308,31.85131195,-0.55900621,37.13556851,-14.70431540,6.55976676,-11.20354964,13.95772595,19.74125364,45860535.50000000,51612481.00000000,False
041440,현대에버다임,KOSDAQ,기계·장비,6230,-2.19780220,22.88629738,-4.30107527,11.88046647,-7.42942051,19.82507289,-1.88976378,29.51895044,19.68658892,371939548.50000000,364148195.00000000,False
124500,아이티센글로벌,KOSDAQ,IT 서비스,26200,-5.75539568,3.42565598,-9.02777778,3.64431487,-23.16715543,2.84256560,30.67331671,85.24052478,19.62099125,7685683698.75000000,7243860325.00000000,False
013810,스페코,KOSDAQ,기계·장비,1486,-2.10803689,24.08892128,-3.38101430,16.18075802,-5.47073791,25.80174927,-17.02959241,9.65743440,19.51530612,37709724.30000000,52692614.00000000,False
008420,문배철강,KOSPI,금속,2030,-1.69491525,28.80830904,-3.33333333,16.38119534,-9.37500000,15.23323615,-2.40384615,28.09766764,19.50801749,208191918.84999999,66995935.00000000,False
214330,금호에이치티,KOSPI,운송장비·부품,6800,-1.87590188,26.60349854,-4.09026798,13.01020408,-4.62833100,29.33673469,-23.85218365,5.72157434,19.44241983,396587021.00000000,206809735.00000000,False
012200,계양전기,KOSPI,기계·장비,3010,-1.14942529,36.82580175,-0.16583748,41.94606414,-17.98365123,4.55539359,-24.46675031,5.32069971,19.15269679,2825805898.69999981,781303165.00000000,False
008770,호텔신라,KOSPI,유통,38800,-1.39771283,33.41836735,-1.77215190,26.20262391,-9.02696366,15.92565598,-20.89704383,7.58017493,19.08892128,7045405623.75000000,5900552150.00000000,False
079960,동양이엔피,KOSDAQ,전기·전자,16420,-1.14388922,36.91690962,-2.08706023,24.16180758,-9.38189845,15.16034985,-15.79487179,10.42274052,19.08892128,402072311.75000000,466880330.00000000,False
070300,퀀텀레일,KOSDAQ,IT 서비스,617,-6.51515152,2.44169096,1.48026316,61.82580175,-61.12161311,0.36443149,-64.74285714,0.61953353,19.06158892,1731067878.04999995,1594098160.00000000,False
052220,iMBC,KOSDAQ,오락·문화,1615,-0.67650677,44.78862974,-2.65220012,20.18950437,-9.37149270,15.26967930,-14.09574468,11.73469388,18.99052478,1032060226.25000000,33985095.00000000,False
900140,엘브이엠씨홀딩스,KOSPI,유통,1144,-2.05479452,24.78134111,-5.06224066,9.43877551,-5.84362140,24.56268222,-6.99186992,19.09620991,18.95408163,464447463.94999999,245807449.00000000,False
462520,조선내화,KOSPI,비금속,12260,-4.29352069,7.76239067,-3.08300395,17.82069971,-5.03485670,27.73323615,-19.55380577,8.45481050,18.90670554,571241830.00000000,534017480.00000000,False
105560,KB금융,KOSPI,기타금융,163400,-2.91146762,15.99854227,-3.76914016,14.28571429,-7.10631040,20.62682216,-4.66744457,23.06851312,18.75000000,155367393687.95001221,133205432250.00000000,False
114840,아이패밀리에스씨,KOSDAQ,화학,8040,-4.96453901,5.13848397,-1.59118727,27.73323615,-12.13114754,10.24052478,-2.07064555,28.89941691,18.70991254,225833773.25000000,463457470.00000000,False
093380,풍강,KOSDAQ,금속,2750,-8.78938640,1.12973761,-14.72868217,1.16618076,-9.98363339,14.06705539,10.00000000,62.57288630,18.60422741,100840315.70000000,29315235.00000000,False
043610,KT지니뮤직,KOSDAQ,오락·문화,1055,0.00000000,61.20626822,-2.40518039,21.72011662,-10.89527027,12.20845481,-24.58899214,5.21137026,18.56231778,67499026.80000000,0.00000000,False
047040,대우건설,KOSPI,건설,16610,-3.54239257,11.62536443,-6.31697688,6.59620991,-9.77729495,14.32215743,3.55361596,48.25072886,18.52040816,146638710932.75000000,62255660235.00000000,False
122870,와이지엔터테인먼트,KOSDAQ,오락·문화,40500,-2.40963855,20.62682216,-6.25000000,6.74198251,-7.11009174,20.59037901,-1.33982948,30.83090379,18.48760933,4611559338.75000000,3156001925.00000000,False
086790,하나금융지주,KOSPI,기타금융,124500,-2.88611544,16.14431487,-4.74368783,10.13119534,-10.36717063,13.22886297,1.54975530,42.60204082,18.46574344,87949923359.25000000,99007840500.00000000,False
475150,SK이터닉스,KOSPI,건설,46200,-5.71428571,3.57142857,-7.22891566,5.39358601,-11.32437620,11.18804665,8.70588235,59.93075802,18.43658892,42775971595.00000000,50256297725.00000000,False
005090,SGC에너지,KOSPI,전기·가스,45500,-3.80549683,10.27696793,-5.99173554,7.28862974,-15.89648799,5.64868805,10.97560976,64.72303207,18.41836735,5561500771.25000000,3386962650.00000000,False
042420,네오위즈홀딩스,KOSDAQ,IT 서비스,21000,0.23866348,68.56778426,-8.49673203,4.26384840,-12.13389121,10.16763848,-1.40845070,30.75801749,18.35459184,194462961.25000000,234806850.00000000,False
070960,모나용평,KOSPI,일반서비스,1899,-0.62794349,45.84548105,-7.81553398,4.88338192,-5.52238806,25.72886297,-16.52747253,9.94897959,18.33090379,103005836.65000001,454634389.00000000,False
065650,하이퍼코퍼레이션,KOSDAQ,유통,1415,-4.96977837,5.10204082,-0.63202247,36.58892128,-9.64240102,14.72303207,-26.07105538,4.70116618,18.31632653,30610270.30000000,46609533.00000000,False
013720,청보,KOSDAQ,운송장비·부품,2100,-2.32558140,21.57434402,-3.89016018,13.73906706,-10.82802548,12.24489796,0.00000000,35.65962099,18.30903790,16444257.60000000,14163685.00000000,False
038950,파인디지털,KOSDAQ,전기·전자,2830,0.00000000,61.20626822,-4.06779661,13.08309038,-12.65432099,9.18367347,-4.87394958,22.74052478,18.26712828,7622348.25000000,3724200.00000000,False
038530,케이바이오랩스,KOSDAQ,유통,3840,-0.77519380,42.91180758,-1.28534704,30.35714286,-23.12312312,2.87900875,-7.46987952,18.33090379,18.21610787,30807072.30000000,40763621.00000000,False
011420,갤럭시아에스엠,KOSPI,오락·문화,1379,-2.81888654,16.69096210,-4.16956220,12.57288630,-6.44504749,23.10495627,-7.94392523,17.63848397,18.21064140,31395331.20000000,40305426.00000000,False
002690,동일제강,KOSPI,금속,1315,0.92095165,79.11807580,-7.26375176,5.35714286,-9.12232205,15.70699708,-13.88343157,11.91690962,18.18513120,101669140.34999999,19557838.00000000,False
282330,BGF리테일,KOSPI,유통,125600,-3.75478927,10.53206997,-3.38461538,16.14431487,-16.37816245,5.35714286,4.49251248,50.65597668,18.17055394,5945040677.50000000,6645877950.00000000,False
065500,오리엔트정공,KOSDAQ,운송장비·부품,1011,-2.60115607,18.58600583,-1.17302053,31.08600583,-13.21888412,8.16326531,-7.58683729,18.22157434,18.09402332,83117896.84999999,76394427.00000000,False
066590,스모트로닉,KOSDAQ,운송장비·부품,2205,-3.71179039,10.82361516,-2.86343612,18.76822157,-7.93319415,18.51311953,-6.76532770,19.35131195,17.98833819,173426953.90000001,288856340.00000000,False
131400,이브이첨단소재,KOSDAQ,전기·전자,8120,2.01005025,87.42711370,-4.45934816,11.29737609,-11.18888767,11.73469388,-24.47916667,5.24781341,17.87536443,175685044.65000001,505849375.00000000,False
040350,크레오에스지,KOSDAQ,IT 서비스,3320,-0.74738416,43.47667638,-0.15037594,42.12827988,-28.13852814,1.78571429,-64.68085106,0.65597668,17.83163265,394861215.35000002,124195958.00000000,False
010130,고려아연,KOSPI,금속,1032000,-3.18949343,13.92128280,-3.46117867,15.70699708,-15.68627451,5.79446064,2.89132602,46.50145773,17.72230321,18007697930.00000000,21471743500.00000000,False
090435,아모레퍼시픽우,KOSPI,화학,39150,-2.97397770,15.41545190,-6.56324582,6.34110787,-12.80623608,8.89212828,5.66801619,53.57142857,17.71501458,1524177042.50000000,505682200.00000000,False
002310,아세아제지,KOSPI,종이·목재,7590,0.00000000,61.20626822,-4.28751576,11.95335277,-15.47884187,5.90379009,-2.56739409,27.73323615,17.61479592,557899593.25000000,231355540.00000000,False
499790,GS피앤엘,KOSPI,기타금융,37200,-1.71730515,28.35276968,-3.75161708,14.32215743,-8.26140567,17.63848397,-8.59950860,17.05539359,17.59839650,1629544611.25000000,1178606050.00000000,False
101930,인화정공,KOSDAQ,운송장비·부품,5940,-2.46305419,20.06195335,-4.34782609,11.66180758,-7.33229329,20.11661808,-6.30914826,19.97084548,17.54555394,154924209.25000000,281280675.00000000,False
076080,웰크론한텍,KOSDAQ,건설,998,-2.06084396,24.70845481,-4.86177312,9.94897959,-11.28888889,11.37026239,0.20080321,37.53644315,17.51093294,32369236.85000000,17290282.00000000,False
336260,두산퓨얼셀,KOSPI,전기·전자,43750,-3.20796460,13.77551020,-4.47598253,11.18804665,-12.32464930,9.80320700,2.10035006,44.27842566,17.51093294,43238875005.00000000,17622757750.00000000,False
323410,카카오뱅크,KOSPI,은행,19520,-1.71198389,28.46209913,-2.15538847,23.50583090,-11.47392290,10.93294461,-9.62962963,15.88921283,17.44897959,15898931245.25000000,16732883005.00000000,False
071055,한국금융지주우,KOSPI,기타금융,137300,-1.78826896,27.44169096,-3.64912281,14.65014577,-8.28323313,17.52915452,-9.37293729,16.32653061,17.41618076,1655523162.50000000,2124014300.00000000,False
000320,노루홀딩스,KOSPI,기타금융,15330,-2.29445507,21.90233236,-2.97468354,18.25801749,-11.23335263,11.58892128,-3.58490566,25.43731778,17.39067055,80826593.00000000,159254950.00000000,False
037950,엘컴텍,KOSDAQ,전기·전자,2615,-4.56204380,6.30466472,-0.94696970,33.38192420,-12.24832215,9.94897959,-12.10084034,13.11953353,17.24854227,62823535.95000000,48175800.00000000,False
354200,엔젠바이오,KOSDAQ,일반서비스,788,11.93181818,98.65160350,-2.23325062,23.03206997,-47.43162108,0.69241983,-56.41592920,0.91107872,17.23396501,1199367531.00000000,1688164350.00000000,False
083650,비에이치아이,KOSDAQ,기계·장비,53300,-5.83038869,3.17055394,-12.19110379,1.82215743,-21.27031019,3.17055394,18.44444444,75.40087464,17.21209913,24482488502.50000000,18898050550.00000000,False
035720,카카오,KOSPI,IT 서비스,32400,-1.51975684,31.37755102,-3.57142857,15.16034985,-11.35430917,11.11516035,-3.71471025,25.10932945,17.15379009,42520823323.75000000,55508722550.00000000,False
000660,SK하이닉스,KOSPI,전기·전자,1686000,-1.69096210,28.89941691,-5.44026921,8.63702624,-5.44026921,26.02040816,-22.87282708,6.12244898,17.11370262,5692203934869.95019531,5457112818080.00000000,False
010400,우진아이엔에스,KOSPI,건설,3970,-3.64077670,11.18804665,-5.47619048,8.60058309,-6.80751174,21.93877551,-4.79616307,22.88629738,17.05174927,61212543.75000000,86096395.00000000,False
375500,DL이앤씨,KOSPI,건설,68000,-5.55555556,3.75364431,-12.59640103,1.67638484,-12.82051282,8.83746356,9.85460420,62.28134111,16.86953353,34403436262.50000000,31279563200.00000000,False
003530,한화투자증권,KOSPI,증권,4365,-1.68918919,28.99052478,-5.72354212,7.94460641,-11.19023398,11.69825073,-0.11441648,34.11078717,16.78389213,5248739224.10000038,2822175715.00000000,False
034020,두산에너빌리티,KOSPI,기계·장비,76700,-4.00500626,9.07434402,-6.34920635,6.55976676,-12.74175199,9.03790087,4.78142077,51.31195335,16.75291545,230574733290.00000000,351713956050.00000000,False
221800,지구홀딩스,KOSDAQ,일반서비스,3615,-5.61357702,3.64431487,-0.55020633,37.28134111,-11.61369193,10.86005831,-29.80582524,3.71720117,16.63629738,149382760.30000001,107139950.00000000,False
004800,효성,KOSPI,기타금융,148400,-2.43261012,20.51749271,-5.83756345,7.65306122,-12.29314421,9.91253644,1.15882754,40.85276968,16.48323615,3182437817.50000000,1622971900.00000000,False
058430,포스코스틸리온,KOSPI,금속,4395,-2.44173141,20.37172012,-5.48387097,8.52769679,-7.57097792,19.60641399,-6.18996798,20.15306122,16.46865889,1003172786.89999998,638538077.00000000,False
029780,삼성카드,KOSPI,기타금융,41350,-0.95808383,39.68658892,-2.47641509,21.31924198,-11.36120043,11.07871720,-20.01934236,8.19970845,16.43586006,3821339605.00000000,2902447800.00000000,False
032350,롯데관광개발,KOSPI,일반서비스,11070,0.00000000,61.20626822,-4.15584416,12.64577259,-10.36437247,13.26530612,-23.86519945,5.68513120,16.35750729,3447264547.34999990,2917520845.00000000,False
127120,제이에스링크,KOSDAQ,일반서비스,28500,2.15053763,88.15597668,-6.09555189,7.14285714,-12.03703704,10.45918367,-23.69477912,5.83090379,16.30830904,6440524968.75000000,5339876000.00000000,False
057680,티사이언티픽,KOSDAQ,IT 서비스,1633,-0.72948328,43.76822157,-3.54400473,15.26967930,-11.29820750,11.33381924,-11.20174008,13.99416910,16.29008746,102879307.15000001,133889527.00000000,False
034220,LG디스플레이,KOSPI,전기·전자,8160,-1.21065375,36.24271137,-2.15827338,23.46938776,-11.40065147,11.00583090,-23.59550562,5.86734694,16.24088921,25106874473.75000000,25518999895.00000000,False
005360,모나미,KOSPI,유통,1086,5.02901354,95.84548105,-3.63797693,14.79591837,-19.79320532,3.79008746,-36.37961336,2.84256560,16.10787172,420946345.60000002,2709278246.00000000,False
013360,일성건설,KOSPI,건설,1327,-1.99409158,25.25510204,-1.92165558,25.18221574,-11.70991351,10.64139942,-18.88753056,8.74635569,16.08600583,222538125.00000000,185782354.00000000,False
006050,국영지앤엠,KOSDAQ,비금속,2970,8.00000000,97.84985423,-3.09951060,17.67492711,-38.82595263,0.80174927,-34.00000000,3.09766764,16.02769679,212430631.40000001,322482663.00000000,False
224110,에이텍모빌리티,KOSDAQ,전기·전자,7630,0.00000000,61.20626822,-8.07228916,4.73760933,-14.36588103,6.81486880,-2.17948718,28.64431487,15.99672012,24180743.00000000,9260330.00000000,False
013890,지누스,KOSPI,기타제조,6740,-0.14814815,55.83090379,-2.60115607,20.55393586,-13.58974359,7.68950437,-23.84180791,5.75801749,15.97667638,119916953.00000000,117992900.00000000,False
118000,메타케어,KOSPI,유통,1182,-2.31404959,21.68367347,-2.39471511,21.75655977,-10.59001513,12.75510204,-14.90280778,10.86005831,15.96938776,30208374.55000000,33145311.00000000,False
023350,한국종합기술,KOSPI,일반서비스,3650,-1.74966353,27.84256560,-2.92553191,18.47667638,-10.97560976,12.17201166,-11.72914148,13.52040816,15.90014577,61247433.25000000,57122979.00000000,False
187270,신화콘텍,KOSDAQ,전기·전자,2745,-3.85288967,9.85787172,-3.17460317,17.05539359,-12.99524564,8.56413994,-0.90252708,31.81486880,15.89103499,18934510.25000000,9830330.00000000,False
900270,헝셩그룹,KOSDAQ,금융,2540,-1.93050193,25.98396501,-1.35922330,29.59183673,-20.50078247,3.42565598,-10.40564374,14.97813411,15.84183673,1754846230.15000010,83699740.00000000,False
001800,오리온홀딩스,KOSPI,기타금융,22550,-0.87912088,41.03498542,-3.63247863,14.86880466,-11.74168297,10.60495627,-10.33797217,15.06924198,15.81997085,1541720145.00000000,1482466750.00000000,False
103140,풍산,KOSPI,금속,65900,-3.51390922,11.80758017,-15.40436457,1.05685131,-13.85620915,7.28862974,7.15447154,56.74198251,15.76166181,9289438702.50000000,13735842250.00000000,False
034730,SK,KOSPI,기타금융,561000,-2.60416667,18.49489796,-4.59183673,10.82361516,-8.18330606,17.82069971,-8.03278689,17.56559767,15.73797376,72365393194.80000305,111552205396.00000000,False
37550L,DL이앤씨2우전환,KOSPI,건설,43700,-4.89662677,5.43002915,-10.90723751,2.33236152,-12.60000000,9.25655977,5.81113801,53.89941691,15.72521866,272950060.00000000,110851950.00000000,False
007120,미래아이앤지,KOSPI,IT 서비스,988,1.43737166,83.74635569,-4.26356589,12.13556851,-15.62766866,5.83090379,-21.77355503,6.88775510,15.72521866,52419403.85000000,38708172.00000000,False
298000,효성화학,KOSPI,화학,51600,-0.38610039,50.54664723,-4.97237569,9.78498542,-9.47368421,14.97813411,-19.50078003,8.52769679,15.68695335,958192200.00000000,633500700.00000000,False
307950,현대오토에버,KOSPI,IT 서비스,363000,-2.68096515,17.78425656,-2.68096515,19.93440233,-9.70149254,14.54081633,-16.16628176,10.20408163,15.61588921,16533001537.50000000,27374223250.00000000,False
005940,NH투자증권,KOSPI,증권,25050,-5.29300567,4.33673469,-3.83877159,13.99416910,-6.87732342,21.68367347,-14.35897436,11.47959184,15.60131195,12207868971.89999962,26356547375.00000000,False
000720,현대건설,KOSPI,건설,106300,-3.71376812,10.78717201,-9.99153260,2.95189504,-16.23325453,5.39358601,7.48230536,57.36151603,15.59402332,88360398672.50000000,111139676850.00000000,False
071950,코아스,KOSPI,기타제조,1515,5.57491289,96.31924198,-6.48148148,6.41399417,-18.06381828,4.48250729,-14.45511011,11.18804665,15.58673469,238177935.05000001,153715734.00000000,False
003540,대신증권,KOSPI,증권,24300,-2.80000000,16.90962099,-4.14201183,12.75510204,-8.81801126,16.43586006,-8.12854442,17.41982507,15.57580175,1632606838.75000000,1977630850.00000000,False
016590,신대양제지,KOSPI,종이·목재,8970,-0.77433628,42.96647230,-3.44456405,15.81632653,-13.83285303,7.32507289,-7.90554415,17.67492711,15.50655977,78953680.00000000,47135880.00000000,False
041830,인바디,KOSDAQ,의료·정밀기기,51500,-3.19548872,13.86661808,-1.90476190,25.29154519,-14.16666667,6.99708455,-7.20720721,18.65889213,15.50473761,3990746435.00000000,3552312400.00000000,False
005385,현대차우,KOSPI,운송장비·부품,170200,-2.07134638,24.59912536,-3.18543800,17.01895044,-9.70822281,14.50437318,-15.53349876,10.60495627,15.48833819,10668520494.70000076,13060230800.00000000,False
389650,넥스트바이오메디컬,KOSDAQ,의료·정밀기기,29700,-4.50160772,6.66909621,-9.45121951,3.27988338,-4.34782609,30.46647230,-21.22015915,7.39795918,15.31705539,856499313.75000000,1703731050.00000000,False
241560,두산밥캣,KOSPI,기계·장비,53700,-2.18579235,23.10495627,-1.82815356,25.87463557,-15.69858713,5.75801749,-10.64891847,14.68658892,15.31341108,9186574813.00000000,9623796600.00000000,False
005387,현대차2우B,KOSPI,운송장비·부품,170500,-2.51572327,19.46064140,-3.39943343,15.99854227,-9.06666667,15.77988338,-14.75000000,11.00583090,15.25874636,19940467651.25000000,19406954700.00000000,False
369370,블리츠웨이엔터테인먼트,KOSDAQ,오락·문화,2975,-2.29885057,21.79300292,-0.99833611,32.88994169,-17.36111111,4.84693878,-22.72727273,6.30466472,15.24599125,31428944.15000000,24842596.00000000,False
005389,현대차3우B,KOSPI,운송장비·부품,166900,-2.05399061,24.81778426,-4.13555428,12.79154519,-8.79781421,16.50874636,-14.41025641,11.29737609,15.18221574,1229520397.50000000,2275320000.00000000,False
199800,툴젠,KOSDAQ,일반서비스,32450,-3.70919881,10.89650146,-11.21751026,2.18658892,-6.75287356,22.15743440,-4.88333920,22.70408163,15.14941691,1173759980.00000000,888787600.00000000,False
204320,HL만도,KOSPI,운송장비·부품,44350,-2.52747253,19.35131195,-3.16593886,17.20116618,-11.65338645,10.78717201,-8.27300931,17.31049563,14.87244898,12112039943.75000000,15709559875.00000000,False
377300,카카오페이,KOSPI,기타금융,38100,-3.42205323,12.24489796,-4.51127820,11.04227405,-18.50267380,4.30029155,1.73564753,43.07580175,14.87244898,10335773887.50000000,11132486100.00000000,False
196170,알테오젠,KOSDAQ,일반서비스,240500,-5.50098232,3.97230321,-5.87084149,7.47084548,-15.90909091,5.61224490,4.18697338,49.78134111,14.83965015,92819760800.00000000,174494503750.00000000,False
204610,티쓰리,KOSDAQ,IT 서비스,2820,-0.70422535,44.31486880,-4.40677966,11.40670554,-14.15525114,7.03352770,-6.15640599,20.26239067,14.71938776,262466488.15000001,107359475.00000000,False
033500,동성화인텍,KOSDAQ,화학,15190,-3.06317805,14.72303207,-4.46540881,11.22448980,-11.27336449,11.47959184,-3.24840764,26.27551020,14.68658892,1276155866.00000000,1172249595.00000000,False
024890,대원화성,KOSPI,화학,1525,11.47660819,98.57871720,-7.85498489,4.84693878,-13.98759165,7.14285714,-48.65319865,1.23906706,14.41690962,80828365.95000000,249886474.00000000,False
090410,덕신이피씨,KOSDAQ,금속,3310,-0.74962519,43.44023324,-3.77906977,14.17638484,-14.47028424,6.70553936,-10.05434783,15.41545190,14.36224490,49577798.20000000,14008740.00000000,False
007720,소노스퀘어,KOSDAQ,유통,1101,-1.43240824,32.65306122,-2.82436011,19.16909621,-11.28122482,11.44314869,-30.71113908,3.53498542,14.30029155,25220015.40000000,8529434.00000000,False
011210,현대위아,KOSPI,운송장비·부품,51000,-1.92307692,26.12973761,-2.85714286,18.91399417,-12.82051282,8.83746356,-14.14141414,11.69825073,14.16180758,3071874417.50000000,3078836650.00000000,False
097230,HJ중공업,KOSPI,건설,14250,-4.04040404,8.92857143,-3.12712441,17.45626822,-10.09463722,13.84839650,-14.56834532,11.11516035,13.89212828,3711266438.25000000,3304644235.00000000,False
026940,부국철강,KOSPI,금속,2040,-1.44927536,32.37973761,-7.06150342,5.50291545,-8.92857143,16.10787172,-12.82051282,12.60932945,13.85386297,692269573.64999998,224484658.00000000,False
208350,지란지교시큐리티,KOSDAQ,IT 서비스,2770,-4.31778929,7.58017493,-5.13698630,9.29300292,-8.58085809,16.98250729,-8.42975207,17.12827988,13.76457726,31523674.30000000,22404074.00000000,False
006200,한국전자홀딩스,KOSPI,기타금융,1625,-0.24554942,53.17055394,-9.47075209,3.24344023,-8.65654862,16.80029155,-29.19389978,3.75364431,13.76093294,71266014.59999999,61693292.00000000,False
079550,LIG디펜스앤에어로스페이스,KOSPI,금속,619000,-6.77710843,2.11370262,-9.23753666,3.49854227,-6.06980273,23.94314869,-10.80691643,14.50437318,13.73906706,66422186575.00000000,155783552000.00000000,False
007110,일신석재,KOSPI,유통,2615,4.39121756,95.15306122,-13.26699834,1.53061224,-13.26699834,8.12682216,-38.90186916,2.33236152,13.69169096,141573000.90000001,218686910.00000000,False
058730,다스코,KOSPI,금속,3080,-2.53164557,19.27842566,-1.28205128,30.43002915,-16.41791045,5.28425656,-37.90322581,2.58746356,13.68804665,1268963365.65000010,481165755.00000000,False
02826K,삼성물산우B,KOSPI,유통,209500,-2.33100233,21.42857143,-6.26398210,6.70553936,-10.08583691,13.88483965,-6.47321429,19.67930029,13.64431487,993950550.00000000,900321000.00000000,False
005945,NH투자증권우,KOSPI,증권,21350,-3.82882883,10.02186589,-4.68750000,10.38629738,-8.76068376,16.58163265,-11.04166667,14.24927114,13.60058309,836423678.75000000,1929489925.00000000,False
001020,페이퍼코리아,KOSPI,종이·목재,1901,-1.65545784,29.48250729,-2.96069423,18.40379009,-25.88693957,2.18658892,-5.65756824,21.20991254,13.58600583,20741816.55000000,14844022.00000000,False
009420,한올바이오파마,KOSPI,제약,43700,-3.85038504,9.91253644,-1.01925255,32.76239067,-21.26126126,3.20699708,-21.40287770,7.21574344,13.54591837,11587735283.75000000,9041453475.00000000,False
402340,SK스퀘어,KOSPI,기타금융,1059000,-6.77816901,2.07725948,-6.44876325,6.45043732,-5.86666667,24.45335277,-20.19593067,8.01749271,13.52769679,599724322055.55004883,1061501149500.00000000,False
217730,강스템바이오텍,KOSDAQ,제약,2050,-8.07174888,1.27551020,-4.42890443,11.33381924,-7.86516854,18.76822157,-13.31923890,12.42711370,13.52040816,510486067.44999999,743918253.00000000,False
015760,한국전력,KOSPI,전기·가스,29100,-2.83806344,16.65451895,-3.16139767,17.27405248,-11.14503817,11.84402332,-17.32954545,9.47521866,13.48032070,43755723512.50000000,45385755950.00000000,False
326030,SK바이오팜,KOSPI,일반서비스,72700,-3.45285525,12.13556851,-2.54691689,20.99125364,-14.47058824,6.66909621,-9.35162095,16.36297376,13.45116618,8655110530.00000000,11462934300.00000000,False
103230,에스앤더블류,KOSDAQ,기계·장비,1645,7.16612378,97.55830904,-5.78465063,7.79883382,-26.88888889,1.96793003,-36.97318008,2.73323615,13.42930029,126559806.59999999,138540188.00000000,False
094170,동운아나텍,KOSDAQ,전기·전자,24700,-1.00200401,39.06705539,-6.61625709,6.26822157,-9.68921389,14.57725948,-18.75000000,8.81924198,13.38192420,1796522061.25000000,2124980500.00000000,False
376270,HEM파마,KOSDAQ,일반서비스,31900,-2.14723926,23.65160350,-2.29709035,22.52186589,-15.15957447,6.23177843,-20.05012531,8.16326531,13.24708455,295637193.75000000,453379950.00000000,False
086280,현대글로비스,KOSPI,운송·창고,183200,-2.91467939,15.92565598,-7.42799394,5.13848397,-12.76190476,9.00145773,-0.59685296,32.54373178,13.24344023,29252471346.54999924,40439964800.00000000,False
224060,더코디,KOSDAQ,전기·전자,3610,7.28083210,97.66763848,-22.44897959,0.36443149,-19.95565410,3.71720117,-17.57990868,9.32944606,13.22886297,5602158160.39999962,5152153865.00000000,False
035420,NAVER,KOSPI,IT 서비스,183200,-2.60499734,18.44023324,-5.32299742,8.78279883,-15.96330275,5.57580175,-0.65075922,32.36151603,13.18148688,129264962270.00000000,170394895350.00000000,False
222980,한국맥널티,KOSDAQ,음식료·담배,1999,-2.24938875,22.48542274,-8.72146119,4.08163265,-11.15555556,11.77113703,-3.89423077,24.89067055,13.15962099,25674399.15000000,23236787.00000000,False
039490,키움증권,KOSPI,증권,242000,-1.62601626,29.91982507,-3.77733598,14.21282799,-11.19266055,11.66180758,-23.17460317,6.01311953,13.12317784,18047152879.15000153,30007725750.00000000,False
002020,코오롱,KOSPI,기타금융,22650,-1.52173913,31.28644315,-2.99785867,18.14868805,-11.69590643,10.67784257,-47.44779582,1.38483965,13.12135569,549857210.00000000,390108675.00000000,False
00680K,미래에셋증권2우B,KOSPI,증권,9800,-0.91001011,40.23323615,-4.66926070,10.56851312,-11.39240506,11.04227405,-21.28514056,7.32507289,13.07580175,2397117935.50000000,1748997340.00000000,False
060480,국일신동,KOSDAQ,금속,1140,2.05908684,87.57288630,-8.80000000,3.97230321,-23.33557498,2.76967930,-16.78832117,9.83965015,13.02478134,312743509.64999998,481597555.00000000,False
079650,서산,KOSDAQ,비금속,5230,-2.24299065,22.59475219,-9.82758621,3.09766764,-22.05663189,3.06122449,1.55339806,42.63848397,12.94096210,22593074319.75000000,2218975505.00000000,False
419540,비스토스,KOSDAQ,의료·정밀기기,2875,-0.86206897,41.32653061,-9.59119497,3.20699708,-12.07951070,10.31341108,-7.25806452,18.51311953,12.92274052,47222480.85000000,19309990.00000000,False
408470,한패스,KOSDAQ,금융,4525,-2.58342304,18.80466472,-3.10492505,17.63848397,-12.30620155,9.83965015,-18.61510791,8.85568513,12.87900875,166874939.84999999,146906800.00000000,False
018260,삼성에스디에스,KOSPI,IT 서비스,196100,-5.26570048,4.48250729,-10.25171625,2.69679300,-19.13402062,4.08163265,4.14232608,49.56268222,12.80247813,31691681702.50000000,52676033550.00000000,False
214450,파마리서치,KOSDAQ,제약,299000,-3.23624595,13.48396501,-3.39256866,16.07142857,-20.58432935,3.35276968,-3.23624595,26.31195335,12.77332362,33415250612.50000000,37932285250.00000000,False
083660,CSA코스믹,KOSDAQ,화학,1388,-2.39099859,20.88192420,-4.99657769,9.69387755,-10.39380245,13.19241983,-13.41235184,12.31778426,12.73688047,55921553.30000000,19873063.00000000,False
483650,달바글로벌,KOSPI,화학,173000,-5.36105033,4.26384840,-7.28831726,5.32069971,-7.33797536,20.08017493,-13.45672836,12.28134111,12.51093294,25380731745.00000000,21534273100.00000000,False
238120,얼라인드,KOSDAQ,의료·정밀기기,2645,-4.51263538,6.59620991,-6.70194004,6.15889213,-7.02987698,20.88192420,-20.45112782,7.90816327,12.44169096,59490825.10000000,64157982.00000000,False
036120,서울평가정보,KOSDAQ,IT 서비스,1497,-1.70715693,28.53498542,-9.98196031,2.98833819,-12.35362998,9.65743440,-4.22264875,23.97959184,12.40889213,104933089.95000000,279672565.00000000,False
080160,모두투어,KOSDAQ,일반서비스,7860,-2.48138958,19.75218659,-5.52884615,8.45481050,-13.91018620,7.25218659,-3.91198044,24.85422741,12.38338192,1168100245.25000000,300787730.00000000,False
206400,베노티앤알,KOSDAQ,건설,670,-0.88757396,40.92565598,-25.22321429,0.25510204,-7.84044017,18.84110787,-32.25480283,3.20699708,12.34693878,365227909.85000002,61357246.00000000,False
055550,신한지주,KOSPI,기타금융,100000,-2.91262136,15.96209913,-6.10328638,7.08819242,-12.20368745,9.98542274,-4.76190476,22.95918367,12.30867347,107887461340.60000610,123471155030.00000000,False
290560,파라택시스이더리움,KOSDAQ,IT 서비스,1121,-10.24819856,0.51020408,-9.88745981,3.06122449,-13.03335919,8.49125364,0.62836625,39.21282799,12.20845481,320516729.35000002,157510740.00000000,False
303030,지니틱스,KOSDAQ,전기·전자,1155,3.58744395,93.18513120,-11.08545035,2.29591837,-29.14110429,1.53061224,-20.28985507,7.94460641,12.20845481,89020763.84999999,60219970.00000000,False
123330,제닉,KOSDAQ,화학,21900,0.45871560,72.55830904,-5.80645161,7.76239067,-22.75132275,2.98833819,-21.50537634,7.06997085,12.19387755,5866953855.00000000,3637235350.00000000,False
271560,오리온,KOSPI,음식료·담배,104100,-1.88501414,26.53061224,-2.71028037,19.75218659,-15.36585366,5.97667638,-23.17343173,6.04956268,12.17930029,11505728817.20000076,8365740200.00000000,False
010140,삼성중공업,KOSPI,운송장비·부품,18900,-3.12660174,14.35860058,-4.73790323,10.16763848,-11.68224299,10.71428571,-9.78520286,15.59766764,11.89139942,61518055067.40000153,70175133790.00000000,False
099410,동방선기,KOSDAQ,운송장비·부품,2880,-2.37288136,21.13702624,-7.09677419,5.46647230,-13.77245509,7.50728863,-3.51758794,25.65597668,11.88775510,106731005.09999999,117288605.00000000,False
003075,코오롱글로벌우,KOSPI,건설,11960,-3.39256866,12.46355685,-8.91089109,3.79008746,-8.84146341,16.39941691,-10.74626866,14.57725948,11.85860058,4715036.50000000,10169560.00000000,False
004920,씨아이테크,KOSPI,전기·전자,7360,1.93905817,87.17201166,-18.85336273,0.54664723,-19.20965971,4.04518950,-22.11640212,6.66909621,11.83309038,72793568.30000000,106068250.00000000,False
340440,세림BG,KOSDAQ,화학,3550,-4.95314592,5.21137026,-6.08465608,7.17930029,-7.06806283,20.69970845,-27.55102041,4.19096210,11.79300292,28864453.65000000,135967504.00000000,False
069960,현대백화점,KOSPI,유통,85500,-0.81206497,42.07361516,-4.36241611,11.62536443,-12.48720573,9.43877551,-48.98568019,1.20262391,11.71100583,10415575685.00000000,5250681950.00000000,False
298380,에이비엘바이오,KOSDAQ,제약,48150,-4.46428571,6.83309038,-0.92592593,33.52769679,-32.27848101,1.12973761,-40.18633540,2.15014577,11.62354227,21323088280.00000000,19717631175.00000000,False
000040,KR모터스,KOSPI,운송장비·부품,992,-0.50150451,48.14139942,-3.59572400,15.12390671,-24.27480916,2.62390671,-25.69288390,4.84693878,11.37026239,42430794.95000000,15585553.00000000,False
194480,데브시스터즈,KOSDAQ,IT 서비스,13630,-2.57326662,18.93221574,-2.78174037,19.31486880,-16.01971657,5.50291545,-21.53137594,6.99708455,11.28826531,706745100.50000000,639295445.00000000,False
189330,씨이랩,KOSDAQ,IT 서비스,9900,-4.62427746,6.01311953,-2.27048371,22.74052478,-14.35986159,6.88775510,-24.60015232,5.17492711,11.21355685,3056278676.75000000,3690537175.00000000,False
027830,대성창투,KOSDAQ,금융,725,-2.29110512,21.93877551,-2.42261104,21.57434402,-20.15418502,3.60787172,-24.32150313,5.35714286,11.18075802,127203600.50000000,67979134.00000000,False
389020,자람테크놀로지,KOSDAQ,전기·전자,15650,-4.63132236,5.94023324,-1.38626339,29.22740525,-28.37528604,1.74927114,-25.82938389,4.81049563,11.02405248,1964673328.50000000,905511510.00000000,False
023530,롯데쇼핑,KOSPI,유통,97400,-1.41700405,33.01749271,-4.03940887,13.22886297,-13.26803206,8.09037901,-38.51010101,2.40524781,10.98760933,15789052727.50000000,6651174950.00000000,False
487580,폴레드,KOSDAQ,전기·전자,2710,-1.27504554,35.13119534,-7.35042735,5.24781341,-12.15559157,10.13119534,-18.00302572,9.11078717,10.96209913,581558036.70000005,569066525.00000000,False
257720,실리콘투,KOSDAQ,유통,35700,-5.55555556,3.75364431,-6.78851175,5.90379009,-24.28419936,2.58746356,0.42194093,38.59329446,10.90014577,30569786427.50000000,26535140625.00000000,False
196450,코아시아씨엠,KOSDAQ,의료·정밀기기,3620,-4.73684211,5.72157434,-7.06033376,5.53935860,-8.35443038,17.34693878,-19.46607341,8.56413994,10.88556851,50379711.55000000,44241865.00000000,False
075580,세진중공업,KOSPI,운송장비·부품,9310,-5.19348269,4.62827988,-4.70829069,10.27696793,-10.13513514,13.70262391,-17.82877317,9.18367347,10.86370262,1072040765.00000000,1311398900.00000000,False
082740,한화엔진,KOSPI,기계·장비,41150,-9.16114790,1.09329446,-16.61600811,0.76530612,-10.34858388,13.30174927,-3.40375587,25.91107872,10.84183673,41158526937.50000000,65754519950.00000000,False
071050,한국금융지주,KOSPI,기타금융,169000,-2.87356322,16.32653061,-4.57368718,10.89650146,-11.47197486,10.96938776,-24.04494382,5.61224490,10.41180758,29416897977.50000000,38897827050.00000000,False
900120,씨엑스아이,KOSDAQ,금융,4690,-3.99181167,9.18367347,-9.80769231,3.13411079,-9.80769231,14.24927114,-11.42587347,13.77551020,10.31341108,9396673.75000000,11889495.00000000,False
456040,OCI,KOSPI,화학,71100,-1.79558011,27.36880466,-5.95238095,7.39795918,-13.08068460,8.38192420,-17.22933644,9.51166181,10.21137026,2149226275.00000000,1729789400.00000000,False
068050,팬엔터테인먼트,KOSDAQ,오락·문화,1023,-0.87209302,41.21720117,-12.93617021,1.60349854,-14.46488294,6.74198251,-10.96605744,14.43148688,10.18586006,33419743.00000000,69595085.00000000,False
138360,앤로보틱스,KOSDAQ,기계·장비,1321,0.76277651,77.33236152,-15.53708440,0.98396501,-23.06348282,2.91545190,-27.01657459,4.37317784,10.06924198,1032081188.95000005,1348484439.00000000,False
007070,GS리테일,KOSPI,유통,21550,-3.57941834,11.47959184,-4.22222222,12.28134111,-14.14342629,7.06997085,-13.80000000,11.98979592,10.05830904,4003660510.00000000,2053360200.00000000,False
335870,윙스풋,KOSDAQ,유통,3875,0.38860104,71.68367347,-13.40782123,1.42128280,-23.41897233,2.73323615,-22.42242242,6.48688047,9.98542274,24654254.30000000,19392465.00000000,False
000880,한화,KOSPI,화학,110400,-6.51989839,2.40524781,-11.75059952,2.00437318,-20.57553957,3.38921283,0.39740640,38.44752187,9.88702624,13127168491.60000038,15453122850.00000000,False
032830,삼성생명,KOSPI,보험,270000,-3.05206463,14.86880466,-4.59363958,10.75072886,-13.46153846,7.85349854,-17.17791411,9.54810496,9.76311953,83037772939.75000000,91172661250.00000000,False
105840,우진,KOSPI,의료·정밀기기,12360,-3.88802488,9.62099125,-9.05077263,3.60787172,-10.23965142,13.44752187,-14.40443213,11.33381924,9.69023324,6636024500.75000000,3037210450.00000000,False
453860,에이에스텍,KOSDAQ,화학,7050,-0.84388186,41.72740525,-7.72251309,5.02915452,-13.91941392,7.21574344,-30.26706231,3.60787172,9.28935860,112951985.25000000,55422620.00000000,False
109740,디에스케이,KOSDAQ,기계·장비,3855,-3.50438048,11.91690962,-4.22360248,12.24489796,-13.46801347,7.79883382,-22.82282282,6.19533528,9.22376093,87217432.15000001,62657735.00000000,False
007680,대원,KOSDAQ,건설,2925,-2.17391304,23.23250729,-5.33980583,8.74635569,-13.07578009,8.41836735,-30.43995244,3.57142857,9.02879009,24729395.00000000,17503980.00000000,False
072770,멤레이비티,KOSDAQ,IT 서비스,612,0.00000000,61.20626822,-11.56069364,2.07725948,-31.08108108,1.27551020,-19.79030144,8.23615160,8.90123907,85565720.59999999,0.00000000,False
012450,한화에어로스페이스,KOSPI,운송장비·부품,904000,-7.66087845,1.56705539,-10.40634291,2.62390671,-12.99326275,8.60058309,-5.14165792,22.19387755,8.82288630,149279138745.89999390,302735631500.00000000,False
019210,와이지-원,KOSDAQ,금속,12130,-2.49196141,19.64285714,-4.03481013,13.30174927,-15.11546536,6.30466472,-45.36036036,1.56705539,8.79008746,6158751440.50000000,4734492150.00000000,False
017960,한국카본,KOSPI,금속,19260,-5.12315271,4.81049563,-4.17910448,12.50000000,-14.77876106,6.52332362,-17.16129032,9.58454810,8.75728863,3365695290.50000000,4668502910.00000000,False
208860,다산디엠씨,KOSDAQ,IT 서비스,9140,-2.66240682,18.03935860,-5.38302277,8.67346939,-29.85418266,1.31195335,-6.92464358,19.13265306,8.75728863,16808214.00000000,17707870.00000000,False
290660,다이나믹솔루션,KOSDAQ,의료·정밀기기,1241,-4.46497306,6.77842566,-5.55555556,8.41836735,-27.21407625,1.89504373,-5.19480519,22.04810496,8.37099125,822260033.60000002,615668925.00000000,False
318060,그래피,KOSDAQ,화학,14880,-7.28971963,1.78571429,-4.06189555,13.15597668,-17.05685619,4.99271137,-15.16533637,10.75072886,8.27259475,832622320.25000000,1809658995.00000000,False
006805,미래에셋증권우,KOSPI,증권,10560,-3.38517841,12.60932945,-6.21669627,6.81486880,-12.51035626,9.40233236,-23.47826087,5.90379009,8.24708455,317244050.00000000,305273365.00000000,False
001770,SHD,KOSPI,금속,3925,0.00000000,61.20626822,-8.18713450,4.59183673,-73.09801234,0.18221574,-38.47962382,2.44169096,8.05940233,793034998.89999998,0.00000000,False
0039P0,매드업,KOSDAQ,일반서비스,7690,-3.51317440,11.84402332,-9.42285041,3.35276968,-17.66595289,4.70116618,-6.56136087,19.60641399,7.99198251,20979353255.00000000,3299252870.00000000,False
077970,STX엔진,KOSPI,기계·장비,20800,-5.88235294,3.09766764,-6.30630631,6.63265306,-12.78825996,8.96501458,-15.95959596,10.38629738,7.96282799,3324603331.25000000,4254847625.00000000,False
042660,한화오션,KOSPI,운송장비·부품,71800,-3.10391363,14.46793003,-8.88324873,3.86297376,-17.75486827,4.62827988,-8.65139949,17.01895044,7.86078717,55591461270.00000000,66293923800.00000000,False
210120,빅텐츠,KOSDAQ,오락·문화,1552,-18.27277514,0.25510204,-12.71091114,1.63994169,-9.50437318,14.90524781,-22.04922150,6.74198251,7.82798834,534296914.05000001,4950033563.00000000,False
001380,SG글로벌,KOSPI,운송장비·부품,1016,-8.05429864,1.31195335,-3.23809524,16.87317784,-21.05672106,3.27988338,-22.32415902,6.52332362,7.80976676,113540241.90000001,333862255.00000000,False
000270,기아,KOSPI,운송장비·부품,107000,-2.10430009,24.12536443,-5.80985915,7.72594752,-16.66666667,5.10204082,-26.10497238,4.66472303,7.70408163,89373090927.50000000,138954295800.00000000,False
153890,져스텍,KOSDAQ,전기·전자,8590,-0.57870370,46.75655977,-7.73361976,4.91982507,-26.07573150,2.11370262,-31.33493205,3.42565598,7.68221574,3926480437.50000000,1004143150.00000000,False
002787,진흥기업2우B,KOSPI,건설,9970,0.40281974,71.90233236,-15.65143824,0.94752187,-64.39285714,0.32798834,-72.83378747,0.32798834,7.67128280,38913379.00000000,11323410.00000000,False
259960,크래프톤,KOSPI,IT 서비스,186600,-6.70000000,2.22303207,-4.55242967,11.00583090,-14.40366972,6.77842566,-21.76100629,6.92419825,7.62026239,15716275728.10000038,33311049500.00000000,False
298040,효성중공업,KOSPI,전기·전자,2514000,-4.00916380,9.03790087,-9.79547901,3.17055394,-15.21079258,6.12244898,-9.24187726,16.47230321,7.59839650,110708846400.00000000,161633697500.00000000,False
006800,미래에셋증권,KOSPI,증권,29400,-3.60655738,11.33381924,-4.70016207,10.31341108,-15.27377522,6.01311953,-26.95652174,4.44606414,7.52186589,32370590937.50000000,46845678275.00000000,False
255220,SG,KOSDAQ,비금속,1043,-3.87096774,9.73032070,-6.37342908,6.48688047,-13.15570358,8.30903790,-25.23297491,5.02915452,7.24854227,2258759224.65000010,2084181804.00000000,False
267250,HD현대,KOSPI,기타금융,180800,-4.08488064,8.74635569,-11.15479115,2.22303207,-25.74948665,2.29591837,-4.54065470,23.50583090,7.16107872,38180790695.34999847,59513626350.00000000,False
207940,삼성바이오로직스,KOSPI,제약,1220000,-4.53834116,6.41399417,-11.80306347,1.96793003,-16.13477554,5.43002915,-7.21022209,18.62244898,7.12827988,59152693883.40000153,100630130500.00000000,False
009540,HD한국조선해양,KOSPI,기타금융,291500,-2.99500832,15.16034985,-10.71975498,2.47813411,-17.06970128,4.95626822,-10.99236641,14.35860058,7.11370262,56856451964.80000305,102454276455.00000000,False
020400,대동금속,KOSDAQ,금속,2450,-4.29687500,7.72594752,-7.02087287,5.61224490,-15.07798960,6.37755102,-18.60465116,8.89212828,6.78571429,37049316.75000000,42600885.00000000,False
312610,에이에프더블류,KOSDAQ,금속,37,0.00000000,61.20626822,-11.90476190,1.93148688,-87.06293706,0.10932945,-91.08433735,0.10932945,6.76567055,206486878.59999999,0.00000000,False
012330,현대모비스,KOSPI,운송장비·부품,360000,-3.09555855,14.54081633,-6.37191157,6.52332362,-16.66666667,5.10204082,-22.58064516,6.41399417,6.73469388,105726438125.89999390,169608146500.00000000,False
028260,삼성물산,KOSPI,유통,320000,-4.61997019,6.04956268,-6.56934307,6.30466472,-16.66666667,5.10204082,-15.45574637,10.64139942,6.66545190,115821395223.50000000,175812965500.00000000,False
338840,와이바이오로직스,KOSDAQ,일반서비스,7660,-6.47130647,2.47813411,-5.19801980,9.18367347,-14.79421580,6.48688047,-26.62835249,4.51895044,6.50145773,216213250.50000000,405329290.00000000,False
006260,LS,KOSPI,기타금융,268500,-3.41726619,12.31778426,-13.38709677,1.45772595,-15.16587678,6.19533528,-14.35406699,11.51603499,6.45043732,39258699850.00000000,53590978250.00000000,False
091590,남화토건,KOSDAQ,건설,5450,-0.90909091,40.32434402,-10.06600660,2.84256560,-26.15176152,2.07725948,-38.55693348,2.36880466,6.18986880,2218369711.75000000,520248120.00000000,False
228340,동양파일,KOSDAQ,비금속,3160,-2.46913580,19.95262391,-8.53835022,4.22740525,-26.68213457,2.04081633,-16.18037135,10.16763848,6.11333819,6184841365.69999981,413302209.00000000,False
005380,현대차,KOSPI,운송장비·부품,324500,-3.56612184,11.55247813,-6.48414986,6.37755102,-17.43002545,4.81049563,-27.16049383,4.30029155,5.85276968,170851558187.50000000,223549891500.00000000,False
001525,동양우,KOSPI,비금속,7200,-4.00000000,9.12900875,-10.00000000,2.91545190,-18.64406780,4.19096210,-14.38763377,11.37026239,5.73797376,37929413.50000000,5390300.00000000,False
036890,진성티이씨,KOSDAQ,기계·장비,10640,-4.91510277,5.39358601,-8.03802939,4.77405248,-17.26283048,4.88338192,-18.27956989,9.03790087,5.73250729,751447973.25000000,1277257125.00000000,False
064350,현대로템,KOSPI,운송장비·부품,104800,-2.87303058,16.36297376,-7.42049470,5.17492711,-17.61006289,4.73760933,-34.74470735,3.02478134,5.68877551,40979123992.50000000,68586985600.00000000,False
329180,HD현대중공업,KOSPI,운송장비·부품,384500,-3.75469337,10.56851312,-11.50747986,2.11370262,-14.36525612,6.85131195,-24.16173570,5.50291545,5.53206997,123028429400.00000000,134997623750.00000000,False
060900,에이전트AI,KOSDAQ,전기·가스·수도,1750,-3.04709141,14.97813411,-4.26695842,12.06268222,-51.18549512,0.54664723,-61.06785317,0.76530612,5.48833819,342959437.50000000,200042854.00000000,False
239340,이스트에이드,KOSDAQ,IT 서비스,2200,-9.27835052,1.02040816,-13.72549020,1.34839650,-12.69841270,9.11078717,-25.42372881,4.95626822,5.14212828,37380958.00000000,50662915.00000000,False
198440,강동씨앤엘,KOSDAQ,비금속,1382,-2.33215548,21.39212828,-12.08651399,1.89504373,-29.84771574,1.34839650,-20.52903968,7.83527697,4.81413994,4503806881.35000038,780531717.00000000,False
071970,HD현대마린엔진,KOSPI,기계·장비,42800,-4.46428571,6.83309038,-12.11498973,1.85860058,-16.40625000,5.32069971,-21.46788991,7.10641399,4.79045190,9314568126.25000000,11522436925.00000000,False
267260,HD현대일렉트릭,KOSPI,전기·전자,607000,-3.65079365,11.11516035,-8.99550225,3.71720117,-20.44560944,3.49854227,-25.52147239,4.91982507,4.61005831,84065607406.60000610,99307680000.00000000,False
267270,HD건설기계,KOSPI,기계·장비,107100,-5.80474934,3.24344023,-13.69863014,1.38483965,-23.50000000,2.69679300,-11.63366337,13.59329446,4.53717201,35616446385.00000000,57752456650.00000000,False
011155,CJ씨푸드1우,KOSPI,음식료·담배,5260,-3.30882353,13.04664723,-10.08547009,2.80612245,-18.32298137,4.33673469,-36.39661427,2.80612245,4.44241983,8572171.50000000,14539030.00000000,False
222040,코스맥스엔비티,KOSDAQ,음식료·담배,6130,-2.23285486,22.63119534,-17.05006766,0.72886297,-28.80371661,1.63994169,-22.69861286,6.34110787,4.40597668,1762520962.75000000,631211395.00000000,False
141080,리가켐바이오,KOSDAQ,일반서비스,74000,-6.80100756,2.00437318,-7.73067332,4.95626822,-19.82665222,3.75364431,-37.39424704,2.62390671,3.71355685,17520946445.00000000,29127261950.00000000,False
004170,신세계,KOSPI,유통,305500,-3.93081761,9.51166181,-9.34718101,3.38921283,-22.95081967,2.95189504,-49.58745875,1.12973761,3.37463557,25347859547.59999847,20213195500.00000000,False
084680,이월드,KOSPI,기타제조,2160,-4.42477876,7.06997085,-18.79699248,0.58309038,-17.08253359,4.91982507,-37.93103448,2.51457726,3.35276968,65211926.50000000,132516225.00000000,False
002990,금호건설,KOSPI,건설,11030,-3.07557118,14.65014577,-10.54339011,2.55102041,-31.53320919,1.20262391,-36.27960716,2.87900875,3.28717201,24500665063.25000000,8650992225.00000000,False
394420,리센스메디컬,KOSDAQ,의료·정밀기기,7870,-5.97371565,2.98833819,-10.05714286,2.87900875,-18.94953656,4.11807580,-42.13235294,1.89504373,3.18877551,778111918.00000000,1159770350.00000000,False
048550,SMCC,KOSDAQ,일반서비스,903,-7.85714286,1.42128280,-10.77075099,2.40524781,-18.28054299,4.37317784,-43.77334994,1.71282799,2.95553936,476019976.89999998,2143355738.00000000,False
210980,SK디앤디,KOSPI,부동산,2980,-3.24675325,13.37463557,-16.05633803,0.87463557,-25.21957340,2.40524781,-61.03046947,0.80174927,2.72230321,1197077436.79999995,265761752.00000000,False
377220,프롬바이오,KOSDAQ,음식료·담배,1873,-3.94871795,9.40233236,-10.80952381,2.36880466,-36.18398637,0.83819242,-31.26605505,3.46209913,2.67857143,146102312.40000001,58205287.00000000,False
002785,진흥기업우B,KOSPI,건설,6620,-3.21637427,13.66618076,-10.54054054,2.58746356,-50.15060241,0.58309038,-66.29327902,0.51020408,2.47813411,22642708.00000000,4391130.00000000,False
290690,아리바이오홀딩스,KOSDAQ,전기·전자,3005,-5.35433071,4.30029155,-11.22599705,2.15014577,-28.53745541,1.71282799,-34.31693989,3.06122449,2.37244898,3547157366.44999981,2533395771.00000000,False
397030,에이프릴바이오,KOSDAQ,일반서비스,14460,-6.58914729,2.33236152,-28.41584158,0.18221574,-20.46204620,3.46209913,-45.63909774,1.53061224,1.97886297,4934127142.00000000,5739778620.00000000,False
365660,레몬헬스케어,KOSDAQ,IT 서비스,3485,-5.04087193,4.91982507,-16.02409639,0.91107872,-24.97308934,2.51457726,-64.61928934,0.69241983,1.90962099,3964895039.30000019,1013615519.00000000,False
054410,케이피티유,KOSDAQ,유통,2410,-19.39799331,0.21865889,-24.21383648,0.29154519,-29.42898975,1.38483965,-24.09448819,5.53935860,1.77113703,32892800.25000000,56623118.00000000,False
418620,E8,KOSDAQ,IT 서비스,406,-26.84684685,0.07288630,-30.00000000,0.14577259,-27.88632327,1.85860058,-40.29411765,2.11370262,1.21720117,1048771434.79999995,1418468148.00000000,False
006740,블루산업개발,KOSPI,종이·목재,3530,-20.58492688,0.18221574,-26.07329843,0.21865889,-32.50478011,1.09329446,-31.45631068,3.38921283,1.19897959,84195151.25000000,931348698.00000000,False
087010,펩트론,KOSDAQ,제약,91500,-5.57275542,3.68075802,-30.52391800,0.10932945,-42.88389513,0.76530612,-42.56120527,1.82215743,1.07142857,27052104035.00000000,56611232950.00000000,False
439960,코스모로보틱스,KOSDAQ,의료·정밀기기,6480,-7.95454545,1.38483965,-13.82978723,1.31195335,-48.61221253,0.61953353,-46.92874693,1.45772595,1.07142857,22535414681.25000000,9313293625.00000000,False
475830,오름테라퓨틱,KOSDAQ,제약,18930,-6.28712871,2.76967930,-14.53724605,1.20262391,-65.00924214,0.29154519,-59.11447084,0.83819242,0.92201166,14560257638.75000000,6874363970.00000000,False
009190,대양금속,KOSPI,금속,610,-6.72782875,2.15014577,-21.08667529,0.40087464,-52.85935085,0.51020408,-70.95238095,0.40087464,0.61953353,1525905280.04999995,2679347162.00000000,False
005110,한창,KOSPI,유통,52,-10.34482759,0.47376093,-95.85326954,0.03644315,-95.85326954,0.07288630,-95.85326954,0.07288630,0.10204082,123980203.80000000,232754854.00000000,False
005030,부산주공,KOSPI,운송장비·부품,18,-28.00000000,0.03644315,-59.09090909,0.07288630,-96.29629630,0.03644315,-96.29629630,0.03644315,0.04737609,241169891.09999999,393989971.00000000,False
